date,kind,contract_month,fut_contract,prev_date,F_prev_close,t_fprev,F_open,t_fopen,gap_pct,group,basis_prev,S_est,K,t_entry,trade_px,entry_2t,ssp,payoff,pnl,pnl_1t,pnl_4t,status,fut_foreign_oi_chg,fut_foreign_oi_chg_data_date,fut_trust_oi_chg,fut_trust_oi_chg_data_date,fut_dealer_oi_chg,fut_dealer_oi_chg_data_date,opt_foreign_dir,opt_foreign_dir_data_date,opt_dealer_dir,opt_dealer_dir_data_date,spot_foreign_net,spot_foreign_net_data_date,spot_trust_net,spot_trust_net_data_date,spot_dealer_net,spot_dealer_net_data_date
2017-05-17,M,201705,201705,2017-05-16,10022.0,2017-05-16 13:44:59,9993.0,2017-05-17 08:45:00,-0.2893634005188585,gap_down,-6.489999999999782,9999.49,9900.0,2017-05-17 08:45:01,91.0,93.0,10000.0,100.0,5.707,6.708,3.705,ok,,,,,,,,,,,747005409,2017-05-16,2508493081,2017-05-16,120154781,2017-05-16
2017-05-24,W,201705W4,201706,2017-05-23,9994.0,2017-05-23 13:45:00,10007.0,2017-05-24 08:45:00,0.1300780468280968,gap_up,-7.8400000000001455,10014.84,9900.0,2017-05-24 08:45:02,115.0,117.0,10046.0,146.0,27.68208,28.68308,25.68008,ok,,,,,,,,,,,2974682157,2017-05-23,254270450,2017-05-23,2802701250,2017-05-23
2017-05-31,W,201705W5,201706,2017-05-26,10093.0,2017-05-26 13:44:59,10085.0,2017-05-31 08:45:00,-0.0792628554443673,gap_down,-7.950000000000728,10092.95,10000.0,2017-05-31 08:45:01,87.0,89.0,10038.0,38.0,-52.28976,-51.28876,-54.29176,ok,,,,,,,,,,,1633913357,2017-05-26,-797434979,2017-05-26,-439336292,2017-05-26
2017-06-07,W,201706W1,201706,2017-06-06,10185.0,2017-06-06 13:45:00,10180.0,2017-06-07 08:45:00,-0.0490918016691212,gap_down,-14.180000000000293,10194.18,10100.0,2017-06-07 08:45:01,88.0,90.0,10203.0,103.0,11.70594,12.70694,9.70394,ok,,,,,,,,,,,902747752,2017-06-06,-435727950,2017-06-06,-1065736393,2017-06-06
2017-06-14,W,201706W2,201706,2017-06-13,10137.0,2017-06-13 13:44:59,10161.0,2017-06-14 08:45:00,0.2367564368156259,gap_up,-3.149999999999636,10164.15,10050.0,2017-06-14 08:45:14,107.0,109.0,10049.0,0.0,-109.609,-108.608,-111.611,ok,,,,,,,,,,,-8384513876,2017-06-13,-269840443,2017-06-13,217071864,2017-06-13
2017-06-21,M,201706,201706,2017-06-20,10322.0,2017-06-20 13:45:00,10273.0,2017-06-21 08:45:00,-0.4747142026739004,gap_down,1.5400000000008731,10271.46,10150.0,2017-06-21 08:45:01,124.0,126.0,10369.0,219.0,91.66662,92.66762,89.66462,ok,,,,,,,,,,,1403470112,2017-06-20,275770597,2017-06-20,-346583829,2017-06-20
2017-06-28,W,201706W4,201707,2017-06-27,10368.0,2017-06-27 13:45:00,10303.0,2017-06-28 08:45:00,-0.626929012345679,gap_down,-138.0599999999995,10441.06,10350.0,2017-06-28 08:45:06,92.0,94.0,10401.0,51.0,-44.30202,-43.30102,-46.30402,ok,,,,,,,,,,,109749434,2017-06-27,-462307660,2017-06-27,2878443678,2017-06-27
2017-07-05,W,201707W1,201707,2017-07-04,10217.0,2017-07-04 13:45:00,10215.0,2017-07-05 08:45:00,-0.0195752177742977,gap_down,-131.78000000000063,10346.78,10250.0,2017-07-05 08:45:44,89.0,91.0,10390.0,140.0,47.7012,48.7022,45.6992,ok,,,,,,,,,,,-4395780455,2017-07-04,-545152923,2017-07-04,-144690248,2017-07-04
2017-07-12,W,201707W2,201707,2017-07-11,10342.0,2017-07-11 13:45:00,10346.0,2017-07-12 08:45:00,0.038677238445175,gap_up,-62.56999999999971,10408.57,10300.0,2017-07-12 08:45:01,111.0,113.0,10427.0,127.0,12.67846,13.67946,10.67646,ok,,,,,,,,,,,11195477696,2017-07-11,-174825005,2017-07-11,1741909542,2017-07-11
2017-07-19,M,201707,201707,2017-07-18,10462.0,2017-07-18 13:44:59,10479.0,2017-07-19 08:45:00,0.1624928311986236,gap_up,-20.26000000000022,10499.26,10400.0,2017-07-19 08:45:02,80.0,82.0,10500.0,100.0,16.708,17.709,14.706,ok,,,,,,,,,,,1070346457,2017-07-18,-769700780,2017-07-18,-942323604,2017-07-18
2017-07-26,W,201707W4,201708,2017-07-25,10363.0,2017-07-25 13:45:00,10386.0,2017-07-26 08:45:00,0.2219434526681463,gap_up,-96.14999999999964,10482.15,10400.0,2017-07-26 08:45:03,79.0,81.0,10422.0,22.0,-60.289440000000006,-59.28844,-62.29144,ok,,,,,,,,,,,458267334,2017-07-25,-375403220,2017-07-25,776091311,2017-07-25
2017-08-02,W,201708W1,201708,2017-08-01,10367.0,2017-08-01 13:45:00,10420.0,2017-08-02 08:45:00,0.5112375807851838,gap_up,-52.29000000000087,10472.29,10350.0,2017-08-02 08:45:04,120.0,122.0,10500.0,150.0,26.668,27.669,24.666,ok,,,,,,,,,,,287983808,2017-08-01,-617515230,2017-08-01,2294198163,2017-08-01
2017-08-09,W,201708W2,201708,2017-08-08,10526.0,2017-08-08 13:45:00,10466.0,2017-08-09 08:45:00,-0.5700171005130154,gap_down,-44.96999999999935,10510.97,10400.0,2017-08-09 08:46:02,117.0,119.0,10468.0,68.0,-52.32836,-51.32736,-54.33036,ok,,,,,,,,,,,-683359280,2017-08-08,67965604,2017-08-08,-1643279219,2017-08-08
2017-08-16,M,201708,201708,2017-08-15,10309.0,2017-08-15 13:45:00,10277.0,2017-08-16 08:45:00,-0.3104083810262877,gap_down,-15.159999999999854,10292.16,10200.0,2017-08-16 08:45:02,83.0,85.0,10254.0,54.0,-32.29008,-31.28908,-34.292080000000006,ok,,,,,,,,,,,1995899628,2017-08-15,301147024,2017-08-15,-642627792,2017-08-15
2017-08-23,W,201708W4,201709,2017-08-22,10350.0,2017-08-22 13:45:00,10401.0,2017-08-23 08:45:00,0.4927536231884057,gap_up,-42.06999999999971,10443.07,10350.0,2017-08-23 08:45:03,85.0,87.0,10393.0,43.0,-45.29486,-44.29386,-47.29686,ok,,,,,,,,,,,3948838164,2017-08-22,461844410,2017-08-22,1599548788,2017-08-22
2017-08-30,W,201708W5,201709,2017-08-29,10463.0,2017-08-29 13:45:00,10508.0,2017-08-30 08:45:00,0.4300869731434579,gap_up,-30.56999999999971,10538.57,10450.0,2017-08-30 08:45:02,86.0,88.0,10557.0,107.0,17.70086,18.70186,15.69886,ok,,,,,,,,,,,-4219207271,2017-08-29,-120081729,2017-08-29,-1105579191,2017-08-29
2017-09-06,W,201709W1,201709,2017-09-05,10582.0,2017-09-05 13:45:00,10540.0,2017-09-06 08:45:00,-0.3969003969003968,gap_down,-40.84000000000015,10580.84,10500.0,2017-09-06 08:45:04,70.0,72.0,10550.0,50.0,-23.283,-22.282,-25.285,ok,,,,,,,,,,,-315002317,2017-09-05,-447423837,2017-09-05,455054831,2017-09-05
2017-09-13,W,201709W2,201709,2017-09-12,10590.0,2017-09-12 13:45:00,10595.0,2017-09-13 08:45:00,0.0472143531633616,gap_up,-23.350000000000364,10618.35,10500.0,2017-09-13 08:45:26,112.0,114.0,10543.0,43.0,-72.32486,-71.32386,-74.32686,ok,,,,,,,,,,,-3165664165,2017-09-12,-118925724,2017-09-12,337832181,2017-09-12
2017-09-20,M,201709,201709,2017-09-19,10580.0,2017-09-19 13:45:00,10572.0,2017-09-20 08:45:00,-0.0756143667296786,gap_down,-3.139999999999418,10575.14,10450.0,2017-09-20 08:45:01,124.0,126.0,10510.0,60.0,-67.3362,-66.3352,-69.3382,ok,,,,,,,,,,,-6021784843,2017-09-19,155981675,2017-09-19,-2583212879,2017-09-19
2017-09-27,W,201709W4,201710,2017-09-26,10264.0,2017-09-26 13:45:00,10300.0,2017-09-27 08:45:00,0.3507404520654715,gap_up,7.979999999999563,10292.02,10200.0,2017-09-27 08:45:01,106.0,108.0,10335.0,135.0,25.6853,26.6863,23.6833,ok,,,,,,,,,,,-8192954380,2017-09-26,1314809514,2017-09-26,-407719630,2017-09-26
2017-10-05,W,201710W1,201710,2017-10-03,10462.0,2017-10-03 13:44:59,10460.0,2017-10-05 08:45:00,-0.0191168036704263,gap_down,-10.350000000000364,10470.35,10350.0,2017-10-05 08:45:57,119.0,121.0,10522.0,172.0,49.66856,50.66956,47.66656,ok,,,,,,,,,,,-3872375383,2017-10-03,162122109,2017-10-03,-48549756,2017-10-03
2017-10-11,W,201710W2,201710,2017-10-06,10524.0,2017-10-06 13:45:00,10556.0,2017-10-11 08:45:00,0.3040668947168377,gap_up,-16.80999999999949,10572.81,10450.0,2017-10-11 08:45:26,120.0,122.0,10641.0,191.0,67.66518,68.66618000000001,65.66318000000001,ok,,,,,,,,,,,3027192550,2017-10-06,-23733723,2017-10-06,-301429534,2017-10-06
2017-10-18,M,201710,201710,2017-10-17,10724.0,2017-10-17 13:45:00,10745.0,2017-10-18 08:45:00,0.1958224543080939,gap_up,-0.1499999999996362,10745.15,10650.0,2017-10-18 08:45:09,93.0,95.0,10728.0,78.0,-18.30956,-17.30856,-20.31156,ok,,,,,,,,,,,338916629,2017-10-17,201607839,2017-10-17,-1856772691,2017-10-17
2017-10-25,W,201710W4,201711,2017-10-24,10744.0,2017-10-24 13:45:00,10769.0,2017-10-25 08:45:00,0.2326880119136262,gap_up,1.2199999999993452,10767.78,10650.0,2017-10-25 08:45:24,126.0,128.0,10749.0,99.0,-30.34298,-29.34198,-32.34498,ok,,,,,,,,,,,761661799,2017-10-24,-210468900,2017-10-24,1887514365,2017-10-24
2017-11-01,W,201711W1,201711,2017-10-31,10783.0,2017-10-31 13:45:00,10820.0,2017-11-01 08:45:00,0.3431327088936288,gap_up,-10.799999999999272,10830.8,10700.0,2017-11-01 08:45:14,135.0,137.0,10800.0,100.0,-38.353,-37.352,-40.355,ok,,,,,,,,,,,-1444310031,2017-10-31,-141602329,2017-10-31,2479948317,2017-10-31
2017-11-08,W,201711W2,201711,2017-11-07,10825.0,2017-11-07 13:45:00,10810.0,2017-11-08 08:45:00,-0.138568129330254,gap_down,-23.340000000000146,10833.34,10750.0,2017-11-08 08:45:11,73.0,75.0,10816.0,66.0,-10.29132,-9.29032,-12.29332,ok,,,,,,,,,,,554238299,2017-11-07,-271954712,2017-11-07,1554762294,2017-11-07
2017-11-15,M,201711,201711,2017-11-14,10684.0,2017-11-14 13:45:00,10645.0,2017-11-15 08:45:00,-0.3650318232871584,gap_down,-2.180000000000291,10647.18,10550.0,2017-11-15 08:45:21,97.0,99.0,10638.0,88.0,-12.31176,-11.31076,-14.313759999999998,ok,,,,,,,,,,,741998008,2017-11-14,-98495506,2017-11-14,-51374044,2017-11-14
2017-11-22,W,201711W4,201712,2017-11-21,10788.0,2017-11-21 13:45:00,10825.0,2017-11-22 08:45:00,0.342973674453096,gap_up,1.7600000000002185,10823.24,10700.0,2017-11-22 08:45:03,126.0,128.0,10817.0,117.0,-12.34434,-11.34334,-14.34634,ok,,,,,,,,,,,7656612221,2017-11-21,-227175003,2017-11-21,4527394856,2017-11-21
2017-11-29,W,201711W5,201712,2017-11-28,10708.0,2017-11-28 13:45:00,10747.0,2017-11-29 08:45:00,0.3642136720209189,gap_up,1.930000000000291,10745.07,10650.0,2017-11-29 08:45:05,100.0,102.0,10709.0,59.0,-44.31618,-43.31518,-46.31818,ok,,,,,,,,,,,-8589640498,2017-11-28,-1461527255,2017-11-28,-341294431,2017-11-28
2017-12-06,W,201712W1,201712,2017-12-05,10573.0,2017-12-05 13:45:00,10540.0,2017-12-06 08:45:00,-0.3121157665752388,gap_down,-1.850000000000364,10541.85,10450.0,2017-12-06 08:45:46,102.0,104.0,10393.0,0.0,-104.604,-103.603,-106.606,ok,,,,,,,,,,,-568247428,2017-12-05,-1356887237,2017-12-05,-2125257358,2017-12-05
2017-12-13,W,201712W2,201712,2017-12-12,10432.0,2017-12-12 13:44:59,10433.0,2017-12-13 08:45:00,0.0095858895705521,gap_up,-14.280000000000657,10447.28,10350.0,2017-12-13 08:45:01,95.0,97.0,10462.0,112.0,13.69376,14.69476,11.69176,ok,,,,,,,,,,,-4910990223,2017-12-12,497385830,2017-12-12,-1481897107,2017-12-12
2017-12-20,M,201712,201712,2017-12-19,10459.0,2017-12-19 13:45:00,10457.0,2017-12-20 08:45:00,-0.0191222870255282,gap_down,-9.340000000000146,10466.34,10350.0,2017-12-20 08:45:33,119.0,121.0,10497.0,147.0,24.66906,25.67006,22.66706,ok,,,,,,,,,,,-5323157962,2017-12-19,771833227,2017-12-19,830527660,2017-12-19
2017-12-27,W,201712W4,201801,2017-12-26,10416.0,2017-12-26 13:44:59,10398.0,2017-12-27 08:45:00,-0.1728110599078341,gap_down,0.0900000000001455,10397.91,10300.0,2017-12-27 08:45:49,109.0,111.0,10479.0,179.0,66.67942,67.68042,64.67742,ok,,,,,,,,,,,-2518725396,2017-12-26,-631996086,2017-12-26,-3244529010,2017-12-26
2018-01-03,W,201801W1,201801,2018-01-02,10709.0,2018-01-02 13:45:00,10748.0,2018-01-03 08:45:00,0.3641796619665701,gap_up,-11.729999999999563,10759.73,10650.0,2018-01-03 08:45:01,97.0,99.0,10792.0,142.0,41.68516,42.68616,39.68316,ok,,,,,,,,,,,8648245117,2018-01-02,-74245611,2018-01-02,2977531355,2018-01-02
2018-01-10,W,201801W2,201801,2018-01-09,10881.0,2018-01-09 13:45:00,10885.0,2018-01-10 08:45:00,0.0367613270839077,gap_up,-28.88999999999941,10913.89,10800.0,2018-01-10 08:45:01,106.0,108.0,10825.0,25.0,-84.3245,-83.3235,-86.3265,ok,,,,,,,,,,,-1121448341,2018-01-09,476122297,2018-01-09,232345291,2018-01-09
2018-01-17,M,201801,201801,2018-01-16,10983.0,2018-01-16 13:45:00,10955.0,2018-01-17 08:45:00,-0.2549394518801784,gap_down,-5.110000000000582,10960.11,10850.0,2018-01-17 08:45:07,99.0,101.0,11020.0,170.0,67.6786,68.67960000000001,65.67660000000001,ok,,,,,,,,,,,3680450416,2018-01-16,466621457,2018-01-16,2062263661,2018-01-16
2018-01-24,W,201801W4,201802,2018-01-23,11225.0,2018-01-23 13:44:59,11199.0,2018-01-24 08:45:00,-0.2316258351893095,gap_down,-26.110000000000586,11225.11,11100.0,2018-01-24 08:45:20,110.0,112.0,11129.0,29.0,-84.33457999999999,-83.33358,-86.33658,ok,,,,,,,,,,,5162810185,2018-01-23,-343119387,2018-01-23,365688241,2018-01-23
2018-01-31,W,201801W5,201802,2018-01-30,11064.0,2018-01-30 13:45:00,11050.0,2018-01-31 08:45:00,-0.1265365148228489,gap_down,0.2199999999993451,11049.78,10950.0,2018-01-31 08:45:25,111.0,113.0,11139.0,189.0,74.66422,75.66522,72.66222,ok,,,,,,,,,,,-2646366968,2018-01-30,127700459,2018-01-30,-2037498730,2018-01-30
2018-02-07,W,201802W1,201802,2018-02-06,10399.0,2018-02-06 13:44:59,10600.0,2018-02-07 08:45:00,1.9328781613616692,gap_up,-28.0,10628.0,10500.0,2018-02-07 08:45:01,125.0,127.0,10579.0,79.0,-49.33858,-48.33758,-51.34058,ok,,,,,,,,,,,-31335752999,2018-02-06,-832247782,2018-02-06,-2269216788,2018-02-06
2018-02-21,M,201802,201802,2018-02-12,10410.0,2018-02-12 13:45:00,10630.0,2018-02-21 08:45:00,2.1133525456292026,gap_up,-11.090000000000146,10641.09,10550.0,2018-02-21 08:45:03,86.0,88.0,10705.0,155.0,65.6979,66.6989,63.6959,ok,,,,,,,,,,,-19377018634,2018-02-12,293698282,2018-02-12,-781962645,2018-02-12
2018-03-01,W,201802W4,201803,2018-02-27,10791.0,2018-02-27 13:45:00,10604.0,2018-03-01 08:45:00,-1.7329255861365953,gap_down,-23.469999999999345,10627.47,10500.0,2018-03-01 08:47:28,101.0,103.0,10797.0,297.0,192.68106,193.68206,190.67906,ok,,,,,,,,,,,-2091886051,2018-02-27,528322846,2018-02-27,-2162357411,2018-02-27
2018-03-07,W,201803W1,201803,2018-03-06,10787.0,2018-03-06 13:44:59,10712.0,2018-03-07 08:45:00,-0.6952813571892092,gap_down,-12.340000000000146,10724.34,10600.0,2018-03-07 08:45:09,126.0,128.0,10761.0,161.0,31.65678,32.657779999999995,29.65478,ok,,,,,,,,,,,3731379898,2018-03-06,-237592236,2018-03-06,-680832019,2018-03-06
2018-03-14,W,201803W2,201803,2018-03-13,11100.0,2018-03-13 13:45:00,11048.0,2018-03-14 08:45:00,-0.4684684684684684,gap_down,-1.6299999999991996,11049.63,10950.0,2018-03-14 08:45:01,101.0,103.0,11044.0,94.0,-10.32388,-9.32288,-12.32588,ok,,,,,,,,,,,7684719574,2018-03-13,-175829824,2018-03-13,-286637591,2018-03-13
2018-03-21,M,201803,201803,2018-03-20,11012.0,2018-03-20 13:44:59,11030.0,2018-03-21 08:45:00,0.1634580457682528,gap_up,5.159999999999855,11024.84,10900.0,2018-03-21 08:45:02,133.0,135.0,11045.0,145.0,8.6441,9.6451,6.642099999999999,ok,,,,,,,,,,,171970438,2018-03-20,-631479458,2018-03-20,-168970112,2018-03-20
2018-03-28,W,201803W4,201804,2018-03-27,10989.0,2018-03-27 13:45:00,10879.0,2018-03-28 08:45:00,-1.001001001001001,gap_down,-12.790000000000871,10891.79,10800.0,2018-03-28 08:45:20,111.0,113.0,10862.0,62.0,-52.33024,-51.32924,-54.33224,ok,,,,,,,,,,,2542341524,2018-03-27,-314013815,2018-03-27,-1069858448,2018-03-27
2018-04-09,W,201804W1,201804,2018-04-03,10784.0,2018-04-03 13:44:59,10838.0,2018-04-09 08:45:00,0.5007418397626113,gap_up,-33.530000000000655,10871.53,10750.0,2018-04-09 08:45:03,120.0,122.0,10896.0,146.0,22.66008,23.66108,20.65808,ok,,,,,,,,,,,-8902878731,2018-04-03,-764200900,2018-04-03,-989144960,2018-04-03
2018-04-11,W,201804W2,201804,2018-04-10,10949.0,2018-04-10 13:44:59,10959.0,2018-04-11 08:45:00,0.0913325417846378,gap_up,8.819999999999709,10950.18,10850.0,2018-04-11 08:45:05,126.0,128.0,10975.0,125.0,-4.3475,-3.3465,-6.3495,ok,,,,,,,,,,,1748196307,2018-04-10,-105715333,2018-04-10,917778594,2018-04-10
2018-04-18,M,201804,201804,2018-04-17,10806.0,2018-04-17 13:45:00,10849.0,2018-04-18 08:45:00,0.3979270775495095,gap_up,1.5499999999992724,10847.45,10750.0,2018-04-18 08:45:02,105.0,107.0,10846.0,96.0,-12.32392,-11.32292,-14.32592,ok,,,,,,,,,,,-9211440799,2018-04-17,-117807810,2018-04-17,-3054808437,2018-04-17
2018-04-25,W,201804W4,201805,2018-04-24,10583.0,2018-04-24 13:45:00,10487.0,2018-04-25 08:45:00,-0.9071151847302276,gap_down,19.5,10467.5,10350.0,2018-04-25 08:47:57,147.0,149.0,10566.0,216.0,65.63968,66.64068,63.63768,ok,,,,,,,,,,,-7762549178,2018-04-24,-233006878,2018-04-24,1507630831,2018-04-24
2018-05-02,W,201805W1,201805,2018-04-30,10655.0,2018-04-30 13:44:59,10631.0,2018-05-02 08:45:00,-0.2252463632097606,gap_down,-13.8799999999992,10644.88,10550.0,2018-05-02 08:45:01,89.0,91.0,10611.0,61.0,-31.30322,-30.30222,-33.305220000000006,ok,,,,,,,,,,,-5460637,2018-04-30,784379900,2018-04-30,2195000802,2018-04-30
2018-05-09,W,201805W2,201805,2018-05-08,10669.0,2018-05-08 13:45:00,10685.0,2018-05-09 08:45:00,0.1499671946761646,gap_up,-31.3799999999992,10716.38,10600.0,2018-05-09 08:45:04,97.0,99.0,10722.0,122.0,21.68656,22.68756,19.68456,ok,,,,,,,,,,,-346776313,2018-05-08,156676315,2018-05-08,1179822941,2018-05-08
2018-05-16,M,201805,201805,2018-05-15,10869.0,2018-05-15 13:44:59,10845.0,2018-05-16 08:45:00,-0.2208114821970742,gap_down,-6.729999999999563,10851.73,10750.0,2018-05-16 08:45:03,95.0,97.0,10872.0,122.0,23.68556,24.68656,21.68356,ok,,,,,,,,,,,-913035019,2018-05-15,-161999718,2018-05-15,-993362645,2018-05-15
2018-05-23,W,201805W4,201806,2018-05-22,10922.0,2018-05-22 13:44:59,10933.0,2018-05-23 08:45:00,0.1007141549166819,gap_up,-21.729999999999563,10954.73,10850.0,2018-05-23 08:45:18,105.0,107.0,10919.0,69.0,-39.32538,-38.324380000000005,-41.327380000000005,ok,,,,,,,,,,,-1115365696,2018-05-22,440498748,2018-05-22,-1172186847,2018-05-22
2018-05-30,W,201805W5,201806,2018-05-29,10928.0,2018-05-29 13:44:59,10833.0,2018-05-30 08:45:00,-0.8693265007320644,gap_down,-32.1200000000008,10865.12,10750.0,2018-05-30 08:45:01,115.0,117.0,10835.0,85.0,-33.3337,-32.3327,-35.3357,ok,,,,,,,,,,,-5517425133,2018-05-29,108587670,2018-05-29,-1699356795,2018-05-29
2018-06-06,W,201806W1,201806,2018-06-05,11069.0,2018-06-05 13:44:59,11095.0,2018-06-06 08:45:00,0.23489023398681,gap_up,-31.110000000000586,11126.11,11000.0,2018-06-06 08:45:01,115.0,117.0,11200.0,200.0,81.65899999999999,82.66,79.657,ok,,2018-06-05,,2018-06-05,,2018-06-05,100799.0,2018-06-05,41142.0,2018-06-05,2300398038,2018-06-05,2774110,2018-06-05,884832596,2018-06-05
2018-06-13,W,201806W2,201806,2018-06-12,11141.0,2018-06-12 13:45:00,11152.0,2018-06-13 08:45:00,0.098734404452024,gap_up,-8.790000000000873,11160.79,11050.0,2018-06-13 08:45:09,114.0,116.0,11169.0,119.0,1.6606199999999998,2.66162,-0.34138,ok,-193.0,2018-06-12,-101.0,2018-06-12,371.0,2018-06-12,31921.0,2018-06-12,45482.0,2018-06-12,-3455224245,2018-06-12,289084752,2018-06-12,385076346,2018-06-12
2018-06-20,M,201806,201806,2018-06-19,10874.0,2018-06-19 13:44:59,10904.0,2018-06-20 08:45:00,0.2758874379253265,gap_up,-16.19000000000051,10920.19,10800.0,2018-06-20 08:45:01,107.0,109.0,10936.0,136.0,25.67228,26.67328,23.67028,ok,-5768.0,2018-06-19,-903.0,2018-06-19,3284.0,2018-06-19,36953.0,2018-06-19,-87361.0,2018-06-19,-21355634596,2018-06-19,431976598,2018-06-19,-1663642007,2018-06-19
2018-06-27,W,201806W4,201807,2018-06-26,10592.0,2018-06-26 13:44:59,10585.0,2018-06-27 08:45:00,-0.0660876132930513,gap_down,-159.17000000000007,10744.17,10650.0,2018-06-27 08:45:15,102.0,104.0,10728.0,78.0,-27.31856,-26.31756,-29.32056,ok,-1602.0,2018-06-26,-24.0,2018-06-26,190.0,2018-06-26,-18314.0,2018-06-26,-46132.0,2018-06-26,-6172327272,2018-06-26,-219147389,2018-06-26,-324046621,2018-06-26
2018-07-04,W,201807W1,201807,2018-07-03,10622.0,2018-07-03 13:44:59,10598.0,2018-07-04 08:45:00,-0.2259461495010356,gap_down,-126.71999999999936,10724.72,10600.0,2018-07-04 08:45:32,117.0,119.0,10729.0,129.0,8.66642,9.66742,6.66442,ok,-3274.0,2018-07-03,-166.0,2018-07-03,931.0,2018-07-03,-16287.0,2018-07-03,21773.0,2018-07-03,-8228639334,2018-07-03,-321601495,2018-07-03,-1880063614,2018-07-03
2018-07-11,W,201807W2,201807,2018-07-10,10709.0,2018-07-10 13:44:59,10608.0,2018-07-11 08:45:00,-0.9431319450929124,gap_down,-47.88999999999942,10655.89,10550.0,2018-07-11 08:45:04,104.0,106.0,10655.0,105.0,-2.3191,-1.3181,-4.3211,ok,2207.0,2018-07-10,232.0,2018-07-10,398.0,2018-07-10,-21957.0,2018-07-10,72264.0,2018-07-10,2275654763,2018-07-10,1183675800,2018-07-10,800852623,2018-07-10
2018-07-18,M,201807,201807,2018-07-17,10768.0,2018-07-17 13:44:59,10829.0,2018-07-18 08:45:00,0.5664933135215453,gap_up,-6.989999999999782,10835.99,10750.0,2018-07-18 08:45:01,80.0,82.0,10844.0,94.0,10.70112,11.70212,8.69912,ok,-1859.0,2018-07-17,-518.0,2018-07-17,-2278.0,2018-07-17,-34070.0,2018-07-17,83746.0,2018-07-17,1262039433,2018-07-17,-148040399,2018-07-17,-1257354707,2018-07-17
2018-07-25,W,201807W4,201808,2018-07-24,10871.0,2018-07-24 13:44:59,10860.0,2018-07-25 08:45:00,-0.101186643363076,gap_down,-118.38999999999942,10978.39,10850.0,2018-07-25 08:45:45,116.0,118.0,10970.0,120.0,0.6626000000000001,1.6636,-1.3394,ok,-2544.0,2018-07-24,37.0,2018-07-24,1702.0,2018-07-24,-65050.0,2018-07-24,128380.0,2018-07-24,267074395,2018-07-24,462556905,2018-07-24,3989429295,2018-07-24
2018-08-01,W,201808W1,201808,2018-07-31,10989.0,2018-07-31 13:44:59,11034.0,2018-08-01 08:45:00,0.4095004095004095,gap_up,-67.51000000000022,11101.51,11000.0,2018-08-01 08:45:05,78.0,80.0,11085.0,85.0,3.6983,4.6993,1.6963,ok,1816.0,2018-07-31,-32.0,2018-07-31,-276.0,2018-07-31,-88722.0,2018-07-31,274884.0,2018-07-31,-14789667,2018-07-31,-1564347085,2018-07-31,30306338,2018-07-31
2018-08-08,W,201808W2,201808,2018-08-07,10968.0,2018-08-07 13:44:59,11000.0,2018-08-08 08:45:00,0.2917578409919766,gap_up,-21.44000000000051,11021.44,10900.0,2018-08-08 08:45:04,122.0,124.0,11056.0,156.0,30.65488,31.655880000000003,28.65288,ok,257.0,2018-08-07,-257.0,2018-08-07,-700.0,2018-08-07,-91305.0,2018-08-07,222877.0,2018-08-07,-2013091955,2018-08-07,-261711135,2018-08-07,207567932,2018-08-07
2018-08-15,M,201808,201808,2018-08-14,10820.0,2018-08-14 13:44:59,10835.0,2018-08-15 08:45:00,0.1386321626617375,gap_up,-12.229999999999563,10847.23,10750.0,2018-08-15 08:45:01,88.0,90.0,10737.0,0.0,-90.59,-89.589,-92.592,ok,-575.0,2018-08-14,535.0,2018-08-14,351.0,2018-08-14,-37968.0,2018-08-14,18036.0,2018-08-14,-437685292,2018-08-14,-205448215,2018-08-14,-420984768,2018-08-14
2018-08-22,W,201808W4,201809,2018-08-21,10767.0,2018-08-21 13:44:59,10752.0,2018-08-22 08:45:00,-0.139314572304263,gap_down,-23.200000000000728,10775.2,10650.0,2018-08-22 08:45:07,137.0,139.0,10791.0,141.0,0.64518,1.6461800000000002,-1.35682,ok,370.0,2018-08-21,438.0,2018-08-21,295.0,2018-08-21,23265.0,2018-08-21,36614.0,2018-08-21,6130993965,2018-08-21,687940257,2018-08-21,1904733503,2018-08-21
2018-08-29,W,201808W5,201809,2018-08-28,10954.0,2018-08-28 13:44:59,10977.0,2018-08-29 08:45:00,0.2099689611100967,gap_up,-37.54999999999927,11014.55,10900.0,2018-08-29 08:45:03,94.0,96.0,11061.0,161.0,63.68278,64.68378,61.68078,ok,4279.0,2018-08-28,-135.0,2018-08-28,40.0,2018-08-28,19496.0,2018-08-28,161941.0,2018-08-28,8106417297,2018-08-28,1235387534,2018-08-28,102781743,2018-08-28
2018-09-05,W,201809W1,201809,2018-09-04,11002.0,2018-09-04 13:44:59,10973.0,2018-09-05 08:45:00,-0.2635884384657335,gap_down,-23.3799999999992,10996.38,10900.0,2018-09-05 08:45:18,97.0,99.0,11000.0,100.0,-0.3189999999999999,0.6820000000000002,-2.321,ok,-409.0,2018-09-04,328.0,2018-09-04,108.0,2018-09-04,49229.0,2018-09-04,114338.0,2018-09-04,3618764278,2018-09-04,-1000523287,2018-09-04,875723050,2018-09-04
2018-09-12,W,201809W2,201809,2018-09-11,10740.0,2018-09-11 13:44:59,10762.0,2018-09-12 08:45:00,0.2048417132216015,gap_up,-10.299999999999272,10772.3,10650.0,2018-09-12 08:45:31,122.0,124.0,10724.0,74.0,-51.33848,-50.33748,-53.34048,ok,-5105.0,2018-09-11,462.0,2018-09-11,1354.0,2018-09-11,-41463.0,2018-09-11,-66142.0,2018-09-11,1178339838,2018-09-11,-291666681,2018-09-11,6390486,2018-09-11
2018-09-19,M,201809,201809,2018-09-18,10781.0,2018-09-18 13:44:59,10836.0,2018-09-19 08:45:00,0.5101567572581394,gap_up,19.79000000000088,10816.21,10700.0,2018-09-19 08:45:01,139.0,141.0,10872.0,172.0,29.64156,30.64256,27.63956,ok,1922.0,2018-09-18,-343.0,2018-09-18,-3285.0,2018-09-18,-7327.0,2018-09-18,-96820.0,2018-09-18,1766283332,2018-09-18,-91962299,2018-09-18,-718017289,2018-09-18
2018-09-26,W,201809W4,201810,2018-09-25,10981.0,2018-09-25 13:44:59,10963.0,2018-09-26 08:45:00,-0.1639194973135415,gap_down,3.149999999999636,10959.85,10850.0,2018-09-26 08:46:18,118.0,120.0,10962.0,112.0,-9.339239999999998,-8.338239999999999,-11.34124,ok,3578.0,2018-09-25,24.0,2018-09-25,-211.0,2018-09-25,-9295.0,2018-09-25,8754.0,2018-09-25,4771636490,2018-09-25,558821927,2018-09-25,1140617386,2018-09-25
2018-10-03,W,201810W1,201810,2018-10-02,10879.0,2018-10-02 13:44:59,10880.0,2018-10-03 08:45:00,0.0091920213254894,gap_up,-41.6299999999992,10921.63,10800.0,2018-10-03 08:45:05,109.0,111.0,10852.0,52.0,-60.32804,-59.32704,-62.33004,ok,-14613.0,2018-10-02,-478.0,2018-10-02,-679.0,2018-10-02,-12796.0,2018-10-02,16800.0,2018-10-02,-12267868564,2018-10-02,-63239381,2018-10-02,-1418420940,2018-10-02
2018-10-11,W,201810W2,201810,2018-10-09,10460.0,2018-10-09 13:44:59,10026.0,2018-10-11 08:45:00,-4.149139579349905,gap_down,4.170000000000073,10021.83,9900.0,2018-10-11 08:49:08,116.0,118.0,9819.0,0.0,-118.618,-117.617,-120.62,ok,-521.0,2018-10-09,738.0,2018-10-09,648.0,2018-10-09,-102908.0,2018-10-09,-264803.0,2018-10-09,-5721460300,2018-10-09,267232667,2018-10-09,13999253,2018-10-09
2018-10-17,M,201810,201810,2018-10-16,9951.0,2018-10-16 13:44:59,10082.0,2018-10-17 08:45:00,1.3164506079790976,gap_up,-20.100000000000364,10102.1,10000.0,2018-10-17 08:45:01,99.0,101.0,9994.0,0.0,-101.601,-100.6,-103.603,ok,855.0,2018-10-16,111.0,2018-10-16,284.0,2018-10-16,-114833.0,2018-10-16,-375366.0,2018-10-16,-9600954883,2018-10-16,-392939515,2018-10-16,-1044101205,2018-10-16
2018-10-24,W,201810W4,201811,2018-10-23,9728.0,2018-10-23 13:44:59,9753.0,2018-10-24 08:45:00,0.2569901315789474,gap_up,-45.20000000000073,9798.2,9700.0,2018-10-24 08:45:01,100.0,102.0,9774.0,74.0,-29.29748,-28.29648,-31.29948,ok,625.0,2018-10-23,-1106.0,2018-10-23,170.0,2018-10-23,-96693.0,2018-10-23,-3275.0,2018-10-23,-13206524943,2018-10-23,-736554533,2018-10-23,-2412528202,2018-10-23
2018-10-31,W,201810W5,201811,2018-10-30,9524.0,2018-10-30 13:44:59,9595.0,2018-10-31 08:45:00,0.745485090298194,gap_up,0.8899999999994179,9594.11,9500.0,2018-10-31 08:45:01,115.0,117.0,9733.0,233.0,114.68834,115.68934,112.68634,ok,-964.0,2018-10-30,649.0,2018-10-30,-946.0,2018-10-30,19249.0,2018-10-30,18013.0,2018-10-30,1096802380,2018-10-30,-13382187,2018-10-30,-498179670,2018-10-30
2018-11-07,W,201811W1,201811,2018-11-06,9774.0,2018-11-06 13:44:59,9785.0,2018-11-07 08:45:00,0.1125434827092285,gap_up,-55.95000000000073,9840.95,9750.0,2018-11-07 08:45:03,92.0,94.0,9889.0,139.0,43.70822,44.70922,41.70622,ok,-801.0,2018-11-06,-468.0,2018-11-06,-114.0,2018-11-06,213483.0,2018-11-06,-86910.0,2018-11-06,-4425090462,2018-11-06,-460328518,2018-11-06,-2101086650,2018-11-06
2018-11-14,W,201811W2,201811,2018-11-13,9728.0,2018-11-13 13:44:59,9768.0,2018-11-14 08:45:00,0.4111842105263157,gap_up,-26.840000000000146,9794.84,9700.0,2018-11-14 08:45:03,95.0,97.0,9788.0,88.0,-10.29276,-9.29176,-12.29476,ok,2338.0,2018-11-13,-785.0,2018-11-13,-455.0,2018-11-13,176870.0,2018-11-13,-45337.0,2018-11-13,2216335511,2018-11-13,-315616685,2018-11-13,533016121,2018-11-13
2018-11-21,M,201811,201811,2018-11-20,9732.0,2018-11-20 13:44:59,9661.0,2018-11-21 08:45:00,-0.7295519934237567,gap_down,-1.9899999999997813,9662.99,9550.0,2018-11-21 08:45:01,121.0,123.0,9743.0,193.0,68.68213999999999,69.68314,66.68014,ok,333.0,2018-11-20,-474.0,2018-11-20,75.0,2018-11-20,136715.0,2018-11-20,-46859.0,2018-11-20,-7029305973,2018-11-20,106018454,2018-11-20,-788219732,2018-11-20
2018-11-28,W,201811W4,201812,2018-11-27,9741.0,2018-11-27 13:44:59,9780.0,2018-11-28 08:45:00,0.4003695719125347,gap_up,-31.6200000000008,9811.62,9700.0,2018-11-28 08:45:06,100.0,102.0,9874.0,174.0,70.70052,71.70152,68.69852,ok,-7300.0,2018-11-27,62.0,2018-11-27,3828.0,2018-11-27,227713.0,2018-11-27,-222066.0,2018-11-27,-4275483002,2018-11-27,-279652815,2018-11-27,17154662,2018-11-27
2018-12-05,W,201812W1,201812,2018-12-04,10042.0,2018-12-04 13:44:59,9900.0,2018-12-05 08:45:00,-1.414060944035053,gap_down,-44.54000000000087,9944.54,9850.0,2018-12-05 08:45:01,87.0,89.0,9904.0,54.0,-36.28708,-35.28608,-38.28908,ok,-4350.0,2018-12-04,-1209.0,2018-12-04,2300.0,2018-12-04,179071.0,2018-12-04,-116802.0,2018-12-04,-3728502673,2018-12-04,773679488,2018-12-04,-877364521,2018-12-04
2018-12-12,W,201812W2,201812,2018-12-11,9687.0,2018-12-11 13:45:00,9759.0,2018-12-12 08:45:00,0.7432641684732115,gap_up,-24.04000000000088,9783.04,9700.0,2018-12-12 08:45:01,84.0,86.0,9829.0,129.0,41.71742,42.71842,39.71542,ok,-1442.0,2018-12-11,913.0,2018-12-11,2255.0,2018-12-11,-28234.0,2018-12-11,43582.0,2018-12-11,-5105963779,2018-12-11,215432310,2018-12-11,197339940,2018-12-11
2018-12-19,M,201812,201812,2018-12-18,9718.0,2018-12-18 13:44:59,9758.0,2018-12-19 08:45:00,0.4116073266104136,gap_up,-6.819999999999709,9764.82,9650.0,2018-12-19 08:45:01,103.0,105.0,9768.0,118.0,11.69964,12.70064,9.69764,ok,-1500.0,2018-12-18,-1212.0,2018-12-18,91.0,2018-12-18,10374.0,2018-12-18,-95141.0,2018-12-18,-5659547177,2018-12-18,-132672560,2018-12-18,-2415993067,2018-12-18
2018-12-26,W,201812W4,201901,2018-12-25,9477.0,2018-12-25 13:44:59,9523.0,2018-12-26 08:45:00,0.4853856705708558,gap_up,-51.09000000000015,9574.09,9500.0,2018-12-26 08:45:01,58.0,60.0,9489.0,0.0,-60.56,-59.559,-62.562,ok,-579.0,2018-12-25,-1644.0,2018-12-25,1200.0,2018-12-25,24540.0,2018-12-25,-105185.0,2018-12-25,-4970378444,2018-12-25,-461253220,2018-12-25,-1744637066,2018-12-25
2019-01-02,W,201901W1,201901,2018-12-28,9671.0,2018-12-28 13:44:59,9760.0,2019-01-02 08:45:00,0.9202771171543792,gap_up,-49.409999999999854,9809.41,9700.0,2019-01-02 08:45:01,74.0,76.0,9550.0,0.0,-76.576,-75.575,-78.578,ok,942.0,2018-12-28,53.0,2018-12-28,-940.0,2018-12-28,186504.0,2018-12-28,3484.0,2018-12-28,3382977292,2018-12-28,533161950,2018-12-28,-34006090,2018-12-28
2019-01-09,W,201901W2,201901,2019-01-08,9561.0,2019-01-08 13:44:59,9608.0,2019-01-09 08:45:00,0.491580378621483,gap_up,3.399999999999636,9604.6,9500.0,2019-01-09 08:45:09,120.0,122.0,9735.0,235.0,111.6833,112.6843,109.6813,ok,-2188.0,2019-01-08,2077.0,2019-01-08,-2474.0,2019-01-08,87225.0,2019-01-08,79274.0,2019-01-08,-953535515,2019-01-08,309232983,2019-01-08,521264599,2019-01-08
2019-01-16,M,201901,201901,2019-01-15,9793.0,2019-01-15 13:45:00,9781.0,2019-01-16 08:45:00,-0.1225365056673133,gap_down,-12.040000000000871,9793.04,9700.0,2019-01-16 08:45:03,88.0,90.0,9784.0,84.0,-7.28568,-6.284680000000001,-9.28768,ok,8817.0,2019-01-15,376.0,2019-01-15,-1911.0,2019-01-15,237773.0,2019-01-15,119536.0,2019-01-15,9109080612,2019-01-15,374210075,2019-01-15,1593938583,2019-01-15
2019-01-23,W,201901W4,201902,2019-01-22,9847.0,2019-01-22 13:44:59,9830.0,2019-01-23 08:45:00,-0.1726414136285163,gap_down,-47.659999999999854,9877.66,9800.0,2019-01-23 08:45:01,58.0,60.0,9837.0,37.0,-24.25674,-23.25574,-26.25874,ok,720.0,2019-01-22,-413.0,2019-01-22,1011.0,2019-01-22,145887.0,2019-01-22,110543.0,2019-01-22,1125837377,2019-01-22,-68624098,2019-01-22,-1507581597,2019-01-22
2019-01-30,W,201901W5,201902,2019-01-29,9923.0,2019-01-29 13:44:59,9925.0,2019-01-30 08:45:00,0.0201551950015116,gap_up,-21.590000000000146,9946.59,9850.0,2019-01-30 08:45:01,96.0,98.0,9930.0,80.0,-19.2966,-18.2956,-21.2986,ok,-6779.0,2019-01-29,-1027.0,2019-01-29,2100.0,2019-01-29,126632.0,2019-01-29,17715.0,2019-01-29,-1754874365,2019-01-29,-457269813,2019-01-29,-822233551,2019-01-29
2019-02-11,W,201902W1,201902,2019-01-30,9926.0,2019-01-30 13:44:59,10010.0,2019-02-11 08:45:00,0.846262341325811,gap_up,-9.260000000000218,10019.26,9900.0,2019-02-11 08:45:16,111.0,113.0,10020.0,120.0,5.6866,6.6876,3.6846,ok,-1787.0,2019-01-30,-45.0,2019-01-30,-142.0,2019-01-30,134054.0,2019-01-30,-1350.0,2019-01-30,813376602,2019-01-30,243960325,2019-01-30,402553549,2019-01-30
2019-02-13,W,201902W2,201902,2019-02-12,10084.0,2019-02-12 13:45:00,10125.0,2019-02-13 08:45:00,0.4065846886156287,gap_up,-13.739999999999782,10138.74,10050.0,2019-02-13 08:45:01,83.0,85.0,10100.0,50.0,-36.287,-35.286,-38.289,ok,5086.0,2019-02-12,248.0,2019-02-12,1099.0,2019-02-12,182424.0,2019-02-12,47817.0,2019-02-12,9221739639,2019-02-12,-7173776,2019-02-12,2160478211,2019-02-12
2019-02-20,M,201902,201902,2019-02-19,10142.0,2019-02-19 13:45:00,10183.0,2019-02-20 08:45:00,0.4042595148885821,gap_up,-9.260000000000218,10192.26,10100.0,2019-02-20 08:45:01,81.0,83.0,10256.0,156.0,71.71188000000001,72.71288000000001,69.70988000000001,ok,1033.0,2019-02-19,3.0,2019-02-19,727.0,2019-02-19,225770.0,2019-02-19,18171.0,2019-02-19,1454505771,2019-02-19,534301822,2019-02-19,1830095263,2019-02-19
2019-02-27,W,201902W4,201903,2019-02-26,10355.0,2019-02-26 13:44:59,10375.0,2019-02-27 08:45:00,0.1931434089811685,gap_up,-22.549999999999272,10397.55,10300.0,2019-02-27 08:45:01,96.0,98.0,10376.0,76.0,-23.30552,-22.30452,-25.30752,ok,996.0,2019-02-26,-414.0,2019-02-26,415.0,2019-02-26,263129.0,2019-02-26,75876.0,2019-02-26,4831292203,2019-02-26,-352567923,2019-02-26,-433577842,2019-02-26
2019-03-06,W,201903W1,201903,2019-03-05,10274.0,2019-03-05 13:44:59,10283.0,2019-03-06 08:45:00,0.0875997664006229,gap_up,-24.26000000000022,10307.26,10200.0,2019-03-06 08:45:03,111.0,113.0,10340.0,140.0,25.6802,26.6812,23.6782,ok,1625.0,2019-03-05,-615.0,2019-03-05,-847.0,2019-03-05,192277.0,2019-03-05,22691.0,2019-03-05,-7027523946,2019-03-05,-351216326,2019-03-05,-1434674966,2019-03-05
2019-03-13,W,201903W2,201903,2019-03-12,10348.0,2019-03-12 13:45:00,10325.0,2019-03-13 08:45:00,-0.2222651720139157,gap_down,6.670000000000073,10318.33,10200.0,2019-03-13 08:45:20,135.0,137.0,10365.0,165.0,26.6557,27.6567,24.6537,ok,1463.0,2019-03-12,793.0,2019-03-12,-117.0,2019-03-12,235602.0,2019-03-12,80637.0,2019-03-12,3077687578,2019-03-12,779224430,2019-03-12,825174494,2019-03-12
2019-03-20,M,201903,201903,2019-03-19,10501.0,2019-03-19 13:44:59,10493.0,2019-03-20 08:45:00,-0.0761832206456527,gap_down,-7.319999999999709,10500.32,10400.0,2019-03-20 08:45:20,99.0,101.0,10545.0,145.0,42.6881,43.6891,40.6861,ok,1309.0,2019-03-19,-517.0,2019-03-19,-661.0,2019-03-19,325569.0,2019-03-19,59560.0,2019-03-19,-224613005,2019-03-19,147771270,2019-03-19,645255756,2019-03-19
2019-03-27,W,201903W4,201904,2019-03-26,10522.0,2019-03-26 13:44:59,10506.0,2019-03-27 08:45:00,-0.1520623455616803,gap_down,-38.20000000000073,10544.2,10450.0,2019-03-27 08:45:03,95.0,97.0,10541.0,91.0,-7.307819999999999,-6.30682,-9.30982,ok,1381.0,2019-03-26,333.0,2019-03-26,390.0,2019-03-26,145267.0,2019-03-26,141771.0,2019-03-26,-167786961,2019-03-26,-188435374,2019-03-26,-1644388729,2019-03-26
2019-04-03,W,201904W1,201904,2019-04-02,10676.0,2019-04-02 13:44:59,10688.0,2019-04-03 08:45:00,0.1124016485575121,gap_up,-10.299999999999272,10698.3,10600.0,2019-04-03 08:45:01,103.0,105.0,10724.0,124.0,17.68052,18.68152,15.67852,ok,1441.0,2019-04-02,166.0,2019-04-02,-522.0,2019-04-02,328496.0,2019-04-02,185109.0,2019-04-02,8002038046,2019-04-02,88600012,2019-04-02,1265423875,2019-04-02
2019-04-10,W,201904W2,201904,2019-04-09,10843.0,2019-04-09 13:44:59,10820.0,2019-04-10 08:45:00,-0.2121184174121553,gap_down,-9.600000000000364,10829.6,10700.0,2019-04-10 08:45:08,131.0,133.0,10866.0,166.0,31.64968,32.65068,29.64768,ok,4347.0,2019-04-09,270.0,2019-04-09,262.0,2019-04-09,440489.0,2019-04-09,259320.0,2019-04-09,5162837785,2019-04-09,-143447394,2019-04-09,3114611673,2019-04-09
2019-04-17,M,201904,201904,2019-04-16,10931.0,2019-04-16 13:44:59,10954.0,2019-04-17 08:45:00,0.2104107583935596,gap_up,-4.850000000000364,10958.85,10850.0,2019-04-17 08:45:01,105.0,107.0,11005.0,155.0,46.6729,47.6739,44.6709,ok,-894.0,2019-04-16,-20.0,2019-04-16,2004.0,2019-04-16,476152.0,2019-04-16,167517.0,2019-04-16,5676237019,2019-04-16,-290310370,2019-04-16,2164286145,2019-04-16
2019-04-24,W,201904W4,201905,2019-04-23,11024.0,2019-04-23 13:44:59,11050.0,2019-04-24 08:45:00,0.2358490566037736,gap_up,-13.680000000000293,11063.68,10950.0,2019-04-24 08:45:16,115.0,117.0,11002.0,52.0,-66.33704,-65.33604,-68.33904,ok,1523.0,2019-04-23,-11.0,2019-04-23,-661.0,2019-04-23,215379.0,2019-04-23,184718.0,2019-04-23,3425385385,2019-04-23,-961035721,2019-04-23,-148781059,2019-04-23
2019-05-02,W,201905W1,201905,2019-04-30,10952.0,2019-04-30 13:45:00,10947.0,2019-05-02 08:45:00,-0.045653761869978,gap_down,-19.729999999999563,10966.73,10850.0,2019-05-02 08:45:28,108.0,110.0,10999.0,149.0,37.67002,38.67102,35.66802,ok,1306.0,2019-04-30,-6.0,2019-04-30,2542.0,2019-04-30,119222.0,2019-04-30,128874.0,2019-04-30,104700093,2019-04-30,16586189,2019-04-30,482158495,2019-04-30
2019-05-08,W,201905W2,201905,2019-05-07,10970.0,2019-05-07 13:44:59,10849.0,2019-05-08 08:45:00,-1.1030082041932543,gap_down,-20.13999999999941,10869.14,10750.0,2019-05-08 08:46:16,145.0,147.0,10935.0,185.0,36.6343,37.6353,34.6323,ok,6941.0,2019-05-07,552.0,2019-05-07,-2121.0,2019-05-07,100500.0,2019-05-07,210401.0,2019-05-07,160249004,2019-05-07,442342162,2019-05-07,-366618091,2019-05-07
2019-05-15,M,201905,201905,2019-05-14,10532.0,2019-05-14 13:44:59,10539.0,2019-05-15 08:45:00,0.0664641093809343,gap_up,8.75,10530.25,10400.0,2019-05-15 08:45:13,142.0,144.0,10580.0,180.0,34.644400000000005,35.6454,32.6424,ok,1661.0,2019-05-14,146.0,2019-05-14,-1508.0,2019-05-14,-340744.0,2019-05-14,190799.0,2019-05-14,-9337273218,2019-05-14,-634069036,2019-05-14,5841774360,2019-05-14
2019-05-22,W,201905W4,201906,2019-05-21,10487.0,2019-05-21 13:44:59,10471.0,2019-05-22 08:45:00,-0.1525698483837131,gap_down,22.5,10448.5,10350.0,2019-05-22 08:45:33,125.0,127.0,10474.0,124.0,-4.33648,-3.33548,-6.33848,ok,-1661.0,2019-05-21,167.0,2019-05-21,307.0,2019-05-21,151384.0,2019-05-21,-45472.0,2019-05-21,-7178679627,2019-05-21,437580460,2019-05-21,3218914362,2019-05-21
2019-05-29,W,201905W5,201906,2019-05-28,10340.0,2019-05-28 13:44:59,10220.0,2019-05-29 08:45:00,-1.160541586073501,gap_down,11.69000000000051,10208.31,10100.0,2019-05-29 08:47:24,141.0,143.0,10290.0,190.0,45.6512,46.65219999999999,43.64919999999999,ok,-1424.0,2019-05-28,49.0,2019-05-28,144.0,2019-05-28,156879.0,2019-05-28,-144949.0,2019-05-28,-5635242459,2019-05-28,127029497,2019-05-28,1546799349,2019-05-28
2019-06-05,W,201906W1,201906,2019-06-04,10416.0,2019-06-04 13:44:59,10495.0,2019-06-05 08:45:00,0.7584485407066052,gap_up,-17.1200000000008,10512.12,10400.0,2019-06-05 08:45:06,111.0,113.0,10461.0,61.0,-53.32222,-52.32122,-55.32422,ok,-2589.0,2019-06-04,-1535.0,2019-06-04,469.0,2019-06-04,170783.0,2019-06-04,-99532.0,2019-06-04,-5845365676,2019-06-04,75346470,2019-06-04,-1294503941,2019-06-04
2019-06-12,W,201906W2,201906,2019-06-11,10592.0,2019-06-11 13:44:59,10587.0,2019-06-12 08:45:00,-0.0472054380664652,gap_down,-19.76000000000022,10606.76,10500.0,2019-06-12 08:45:17,101.0,103.0,10620.0,120.0,15.684599999999998,16.6856,13.6826,ok,-126.0,2019-06-11,1572.0,2019-06-11,980.0,2019-06-11,203551.0,2019-06-11,-42563.0,2019-06-11,3481481206,2019-06-11,1024279050,2019-06-11,2915235588,2019-06-11
2019-06-19,M,201906,201906,2019-06-18,10553.0,2019-06-18 13:44:59,10680.0,2019-06-19 08:45:00,1.203449256135696,gap_up,-17.73999999999978,10697.74,10600.0,2019-06-19 08:45:01,85.0,87.0,10770.0,170.0,81.6976,82.6986,79.6956,ok,-1391.0,2019-06-18,-462.0,2019-06-18,-238.0,2019-06-18,169276.0,2019-06-18,-143214.0,2019-06-18,1537423115,2019-06-18,-67059712,2019-06-18,-458580861,2019-06-18
2019-06-26,W,201906W4,201907,2019-06-25,10540.0,2019-06-25 13:44:59,10525.0,2019-06-26 08:45:00,-0.1423149905123339,gap_down,-160.71999999999937,10685.72,10600.0,2019-06-26 08:45:01,76.0,78.0,10665.0,65.0,-14.2913,-13.2903,-16.2933,ok,-3.0,2019-06-25,-538.0,2019-06-25,-1137.0,2019-06-25,33558.0,2019-06-25,-32379.0,2019-06-25,-1999119600,2019-06-25,287912130,2019-06-25,-459215047,2019-06-25
2019-07-03,W,201907W1,201907,2019-07-02,10749.0,2019-07-02 13:44:59,10733.0,2019-07-03 08:45:00,-0.1488510559121778,gap_down,-118.1200000000008,10851.12,10750.0,2019-07-03 08:45:04,85.0,87.0,10729.0,0.0,-87.587,-86.586,-89.589,ok,-2137.0,2019-07-02,1316.0,2019-07-02,-454.0,2019-07-02,121786.0,2019-07-02,-44265.0,2019-07-02,-4964904801,2019-07-02,379616780,2019-07-02,1352153892,2019-07-02
2019-07-10,W,201907W2,201907,2019-07-09,10650.0,2019-07-09 13:44:59,10699.0,2019-07-10 08:45:00,0.460093896713615,gap_up,-57.780000000000655,10756.78,10650.0,2019-07-10 08:45:02,100.0,102.0,10792.0,142.0,38.68216,39.68316,36.68016,ok,-1810.0,2019-07-09,1.0,2019-07-09,-613.0,2019-07-09,16571.0,2019-07-09,-24188.0,2019-07-09,-3239829387,2019-07-09,-441084137,2019-07-09,-715203288,2019-07-09
2019-07-17,M,201907,201907,2019-07-16,10876.0,2019-07-16 13:44:59,10837.0,2019-07-17 08:45:00,-0.3585877160720853,gap_down,-6.049999999999272,10843.05,10750.0,2019-07-17 08:45:11,91.0,93.0,10831.0,81.0,-13.30962,-12.30862,-15.31162,ok,-5342.0,2019-07-16,1801.0,2019-07-16,279.0,2019-07-16,94755.0,2019-07-16,-40077.0,2019-07-16,-464666196,2019-07-16,-91752761,2019-07-16,-609957070,2019-07-16
2019-07-24,W,201907W4,201908,2019-07-23,10803.0,2019-07-23 13:45:00,10817.0,2019-07-24 08:45:00,0.1295936313986855,gap_up,-148.26000000000022,10965.26,10850.0,2019-07-24 08:45:15,110.0,112.0,10923.0,73.0,-40.33046,-39.32946,-42.33246,ok,-970.0,2019-07-23,-17.0,2019-07-23,108.0,2019-07-23,136579.0,2019-07-23,57965.0,2019-07-23,-50658653,2019-07-23,287288666,2019-07-23,-1369962345,2019-07-23
2019-07-31,W,201907W5,201908,2019-07-30,10752.0,2019-07-30 13:45:00,10721.0,2019-07-31 08:45:00,-0.2883184523809524,gap_down,-72.89999999999964,10793.9,10700.0,2019-07-31 08:45:05,97.0,99.0,10814.0,114.0,13.68472,14.68572,11.682720000000002,ok,-4032.0,2019-07-30,1.0,2019-07-30,-1822.0,2019-07-30,41381.0,2019-07-30,49888.0,2019-07-30,2609423210,2019-07-30,-590438855,2019-07-30,193731837,2019-07-30
2019-08-07,W,201908W1,201908,2019-08-06,10331.0,2019-08-06 13:44:59,10330.0,2019-08-07 08:45:00,-0.009679605072113,gap_down,-48.75,10378.75,10250.0,2019-08-07 08:46:02,134.0,136.0,10383.0,133.0,-4.34366,-3.3426599999999995,-6.34566,ok,-170.0,2019-08-06,323.0,2019-08-06,1380.0,2019-08-06,-332574.0,2019-08-06,-2934.0,2019-08-06,-5800026921,2019-08-06,-748134420,2019-08-06,3426932446,2019-08-06
2019-08-14,W,201908W2,201908,2019-08-13,10342.0,2019-08-13 13:45:00,10457.0,2019-08-14 08:45:00,1.1119706052987817,gap_up,-14.659999999999854,10471.66,10350.0,2019-08-14 08:45:12,124.0,126.0,10444.0,94.0,-33.33488,-32.33388,-35.33688,ok,2131.0,2019-08-13,-69.0,2019-08-13,-2295.0,2019-08-13,-209770.0,2019-08-13,50808.0,2019-08-13,-7582680506,2019-08-13,235084467,2019-08-13,-672508856,2019-08-13
2019-08-21,M,201908,201908,2019-08-20,10527.0,2019-08-20 13:44:59,10514.0,2019-08-21 08:45:00,-0.1234919730217535,gap_down,-4.5,10518.5,10400.0,2019-08-21 08:45:01,113.0,115.0,10528.0,128.0,11.67444,12.675439999999998,9.672439999999998,ok,3141.0,2019-08-20,253.0,2019-08-20,-2564.0,2019-08-20,-195020.0,2019-08-20,328336.0,2019-08-20,-3342281755,2019-08-20,105310900,2019-08-20,425802196,2019-08-20
2019-08-28,W,201908W4,201909,2019-08-27,10364.0,2019-08-27 13:44:59,10390.0,2019-08-28 08:45:00,0.2508683905827866,gap_up,-30.229999999999563,10420.23,10300.0,2019-08-28 08:45:07,113.0,115.0,10426.0,126.0,9.67648,10.67748,7.674479999999999,ok,3763.0,2019-08-27,26.0,2019-08-27,105.0,2019-08-27,-171506.0,2019-08-27,168045.0,2019-08-27,-8481630918,2019-08-27,718368226,2019-08-27,63253573,2019-08-27
2019-09-04,W,201909W1,201909,2019-09-03,10543.0,2019-09-03 13:44:59,10563.0,2019-09-04 08:45:00,0.1896993265673907,gap_up,-12.209999999999129,10575.21,10450.0,2019-09-04 08:45:19,124.0,126.0,10657.0,207.0,79.66086,80.66186,77.65886,ok,-3051.0,2019-09-03,-212.0,2019-09-03,-390.0,2019-09-03,-76901.0,2019-09-03,177329.0,2019-09-03,-7190625831,2019-09-03,-305849830,2019-09-03,444494495,2019-09-03
2019-09-11,W,201909W2,201909,2019-09-10,10743.0,2019-09-10 13:44:59,10795.0,2019-09-11 08:45:00,0.4840361165410034,gap_up,-9.579999999999927,10804.58,10700.0,2019-09-11 08:45:01,98.0,100.0,10753.0,53.0,-48.31506,-47.31406,-50.31706,ok,-2278.0,2019-09-10,-1012.0,2019-09-10,110.0,2019-09-10,52033.0,2019-09-10,133733.0,2019-09-10,2272120451,2019-09-10,-629807401,2019-09-10,-553303702,2019-09-10
2019-09-18,M,201909,201909,2019-09-17,10863.0,2019-09-17 13:44:59,10912.0,2019-09-18 08:45:00,0.4510724477584461,gap_up,-10.5,10922.5,10800.0,2019-09-18 08:45:01,110.0,112.0,10960.0,160.0,46.6688,47.6698,44.6668,ok,-5040.0,2019-09-17,-2.0,2019-09-17,-210.0,2019-09-17,277102.0,2019-09-17,1031.0,2019-09-17,5334542597,2019-09-17,128816605,2019-09-17,-1578013279,2019-09-17
2019-09-25,W,201909W4,201910,2019-09-24,10908.0,2019-09-24 13:44:59,10865.0,2019-09-25 08:45:00,-0.3942060872753942,gap_down,-15.010000000000218,10880.01,10750.0,2019-09-25 08:48:22,134.0,136.0,10841.0,91.0,-46.35282,-45.35182,-48.35482,ok,498.0,2019-09-24,-812.0,2019-09-24,-2.0,2019-09-24,230489.0,2019-09-24,-1366.0,2019-09-24,2166237982,2019-09-24,-908085183,2019-09-24,203557095,2019-09-24
2019-10-02,W,201910W1,201910,2019-10-01,10954.0,2019-10-01 13:44:59,10916.0,2019-10-02 08:45:00,-0.3469052400949425,gap_down,-7.649999999999636,10923.65,10800.0,2019-10-02 08:45:36,125.0,127.0,10953.0,153.0,24.65394,25.65494,22.65194,ok,4611.0,2019-10-01,687.0,2019-10-01,-1139.0,2019-10-01,240767.0,2019-10-01,36541.0,2019-10-01,13954303323,2019-10-01,118782408,2019-10-01,-1490707761,2019-10-01
2019-10-09,W,201910W2,201910,2019-10-08,11001.0,2019-10-08 13:44:59,10963.0,2019-10-09 08:45:00,-0.3454231433506045,gap_down,-20.30999999999949,10983.31,10850.0,2019-10-09 08:45:03,119.0,121.0,10911.0,61.0,-61.339220000000005,-60.33822,-63.34122,ok,5900.0,2019-10-08,52.0,2019-10-08,-2449.0,2019-10-08,204714.0,2019-10-08,59482.0,2019-10-08,10147137847,2019-10-08,-212865499,2019-10-08,-478319818,2019-10-08
2019-10-16,M,201910,201910,2019-10-15,11108.0,2019-10-15 13:44:59,11158.0,2019-10-16 08:45:00,0.4501260352898811,gap_up,-8.799999999999272,11166.8,11050.0,2019-10-16 08:45:12,113.0,115.0,11146.0,96.0,-20.33792,-19.33692,-22.33992,ok,-444.0,2019-10-15,-415.0,2019-10-15,1030.0,2019-10-15,209209.0,2019-10-15,62212.0,2019-10-15,4934607840,2019-10-15,284133441,2019-10-15,-1184332821,2019-10-15
2019-10-23,W,201910W4,201911,2019-10-22,11242.0,2019-10-22 13:45:00,11225.0,2019-10-23 08:45:00,-0.1512186443693293,gap_down,-32.25,11257.25,11150.0,2019-10-23 08:45:10,98.0,100.0,11217.0,67.0,-34.32434,-33.323339999999995,-36.32634,ok,1664.0,2019-10-22,-357.0,2019-10-22,1318.0,2019-10-22,296397.0,2019-10-22,6026.0,2019-10-22,13821217412,2019-10-22,-421308335,2019-10-22,-354885007,2019-10-22
2019-10-30,W,201910W5,201911,2019-10-29,11326.0,2019-10-29 13:45:00,11312.0,2019-10-30 08:45:00,-0.1236093943139678,gap_down,-6.8700000000008,11318.87,11200.0,2019-10-30 08:45:24,117.0,119.0,11368.0,168.0,47.65364,48.65464,45.65164,ok,-130.0,2019-10-29,-6.0,2019-10-29,-1354.0,2019-10-29,334371.0,2019-10-29,20731.0,2019-10-29,6411175421,2019-10-29,-509825768,2019-10-29,-1715723298,2019-10-29
2019-11-06,W,201911W1,201911,2019-11-05,11645.0,2019-11-05 13:44:59,11644.0,2019-11-06 08:45:00,-0.008587376556462,gap_down,-8.030000000000655,11652.03,11550.0,2019-11-06 08:45:02,98.0,100.0,11655.0,105.0,3.6669,4.6679,1.6649,ok,-4712.0,2019-11-05,1729.0,2019-11-05,340.0,2019-11-05,707714.0,2019-11-05,68342.0,2019-11-05,13156654265,2019-11-05,80744358,2019-11-05,3762366402,2019-11-05
2019-11-13,W,201911W2,201911,2019-11-12,11523.0,2019-11-12 13:44:59,11463.0,2019-11-13 08:45:00,-0.5206977349648528,gap_down,1.6299999999991996,11461.37,11350.0,2019-11-13 08:45:05,120.0,122.0,11476.0,126.0,2.64848,3.64948,0.6464799999999998,ok,-2102.0,2019-11-12,1621.0,2019-11-12,2287.0,2019-11-12,459528.0,2019-11-12,-19891.0,2019-11-12,4686952442,2019-11-12,-149705417,2019-11-12,325792974,2019-11-12
2019-11-20,M,201911,201911,2019-11-19,11644.0,2019-11-19 13:44:59,11621.0,2019-11-20 08:45:00,-0.1975266231535555,gap_down,-5.399999999999636,11626.4,11500.0,2019-11-20 08:45:26,126.0,128.0,11608.0,108.0,-21.36016,-20.35916,-23.36216,ok,-1164.0,2019-11-19,341.0,2019-11-19,791.0,2019-11-19,602559.0,2019-11-19,7149.0,2019-11-19,11017324622,2019-11-19,362072859,2019-11-19,914245439,2019-11-19
2019-11-27,W,201911W4,201912,2019-11-26,11618.0,2019-11-26 13:45:00,11613.0,2019-11-27 08:45:00,-0.0430366672404889,gap_down,36.18000000000029,11576.82,11450.0,2019-11-27 08:46:02,166.0,168.0,11641.0,191.0,21.59918,22.60018,19.59718,ok,4262.0,2019-11-26,172.0,2019-11-26,-1127.0,2019-11-26,332631.0,2019-11-26,-67084.0,2019-11-26,373695993,2019-11-26,152812190,2019-11-26,345960149,2019-11-26
2019-12-04,W,201912W1,201912,2019-12-03,11524.0,2019-12-03 13:44:59,11492.0,2019-12-04 08:45:00,-0.2776813606386671,gap_down,-19.579999999999927,11511.58,11400.0,2019-12-04 08:45:01,100.0,102.0,11474.0,74.0,-29.33148,-28.33048,-31.33348,ok,4756.0,2019-12-03,0.0,2019-12-03,-572.0,2019-12-03,305667.0,2019-12-03,-105398.0,2019-12-03,4573111968,2019-12-03,146903812,2019-12-03,1852137740,2019-12-03
2019-12-11,W,201912W2,201912,2019-12-10,11625.0,2019-12-10 13:44:59,11600.0,2019-12-11 08:45:00,-0.2150537634408602,gap_down,-2.840000000000145,11602.84,11500.0,2019-12-11 08:45:07,97.0,99.0,11680.0,180.0,79.6674,80.6684,77.6654,ok,-8497.0,2019-12-10,-211.0,2019-12-10,2765.0,2019-12-10,349110.0,2019-12-10,-189354.0,2019-12-10,-2732490100,2019-12-10,-151113250,2019-12-10,315456663,2019-12-10
2019-12-18,M,201912,201912,2019-12-17,12100.0,2019-12-17 13:45:00,12077.0,2019-12-18 08:45:00,-0.1900826446280991,gap_down,-11.010000000000218,12088.01,11950.0,2019-12-18 08:45:14,122.0,124.0,12119.0,169.0,43.63362,44.634620000000005,41.631620000000005,ok,-4624.0,2019-12-17,-1058.0,2019-12-17,2520.0,2019-12-17,855260.0,2019-12-17,-489003.0,2019-12-17,10879604475,2019-12-17,180148563,2019-12-17,2476091098,2019-12-17
2019-12-25,W,201912W4,202001,2019-12-24,11983.0,2019-12-24 13:44:59,11989.0,2019-12-25 08:45:00,0.0500709338229158,gap_up,13.6200000000008,11975.38,11850.0,2019-12-25 08:45:11,127.0,129.0,12016.0,166.0,35.630680000000005,36.63168,33.62868,ok,-3575.0,2019-12-24,-111.0,2019-12-24,23.0,2019-12-24,394120.0,2019-12-24,-268646.0,2019-12-24,707335065,2019-12-24,-740541582,2019-12-24,-67438646,2019-12-24
2020-01-02,W,202001W1,202001,2019-12-31,11995.0,2019-12-31 13:45:00,12044.0,2020-01-02 08:45:00,0.4085035431429762,gap_up,4.860000000000582,12039.14,11900.0,2020-01-02 08:45:03,147.0,149.0,12102.0,202.0,51.60896,52.60996,49.60696,ok,-1248.0,2019-12-31,-446.0,2019-12-31,-691.0,2019-12-31,373505.0,2019-12-31,-313209.0,2019-12-31,-9430384487,2019-12-31,91580756,2019-12-31,-260519107,2019-12-31
2020-01-08,W,202001W2,202001,2020-01-07,11871.0,2020-01-07 13:44:59,11728.0,2020-01-08 08:45:00,-1.204616291803555,gap_down,6.680000000000291,11721.32,11600.0,2020-01-08 08:47:27,141.0,143.0,11840.0,240.0,95.6202,96.6212,93.6182,ok,-2913.0,2020-01-07,171.0,2020-01-07,-205.0,2020-01-07,275991.0,2020-01-07,-267742.0,2020-01-07,-9820883110,2020-01-07,-1219425340,2020-01-07,-1940075035,2020-01-07
2020-01-15,M,202001,202001,2020-01-14,12181.0,2020-01-14 13:44:59,12159.0,2020-01-15 08:45:00,-0.180609145390362,gap_down,-2.8099999999994907,12161.81,12050.0,2020-01-15 08:45:16,111.0,113.0,12063.0,13.0,-101.35426,-100.35326,-103.35626,ok,-2514.0,2020-01-14,280.0,2020-01-14,-1242.0,2020-01-14,343112.0,2020-01-14,-233376.0,2020-01-14,4101323281,2020-01-14,662910768,2020-01-14,584395575,2020-01-14
2020-01-30,W,202001W4,202002,2020-01-20,12111.0,2020-01-20 13:44:59,11770.0,2020-01-30 08:45:00,-2.815622161671208,gap_down,-7.709999999999127,11777.71,11650.0,,,,11436.0,0.0,,,,no_fill,-593.0,2020-01-20,518.0,2020-01-20,925.0,2020-01-20,306548.0,2020-01-20,-227589.0,2020-01-20,5478963282,2020-01-20,-249146776,2020-01-20,1205358524,2020-01-20
2020-02-05,W,202002W1,202002,2020-02-04,11534.0,2020-02-04 13:44:59,11603.0,2020-02-05 08:45:00,0.5982313161088955,gap_up,-28.92000000000008,11631.92,11500.0,2020-02-05 08:45:08,124.0,126.0,11560.0,60.0,-67.3572,-66.3562,-69.3592,ok,1562.0,2020-02-04,2480.0,2020-02-04,1461.0,2020-02-04,101237.0,2020-02-04,-22036.0,2020-02-04,-4030035127,2020-02-04,116470317,2020-02-04,-2830721124,2020-02-04
2020-02-12,W,202002W2,202002,2020-02-11,11666.0,2020-02-11 13:44:59,11663.0,2020-02-12 08:45:00,-0.0257157551860106,gap_down,-3.040000000000873,11666.04,11550.0,2020-02-12 08:45:16,128.0,130.0,11793.0,243.0,111.63414,112.63514,109.63214,ok,-1019.0,2020-02-11,631.0,2020-02-11,-199.0,2020-02-11,228486.0,2020-02-11,-83978.0,2020-02-11,-684367691,2020-02-11,724760027,2020-02-11,1294215566,2020-02-11
2020-02-19,M,202002,202002,2020-02-18,11640.0,2020-02-18 13:44:59,11678.0,2020-02-19 08:45:00,0.3264604810996563,gap_up,-11.979999999999563,11689.98,11550.0,2020-02-19 08:45:01,132.0,134.0,11760.0,210.0,74.6308,75.6318,72.6288,ok,-5188.0,2020-02-18,828.0,2020-02-18,952.0,2020-02-18,199152.0,2020-02-18,-156033.0,2020-02-18,-21212332709,2020-02-18,-391502140,2020-02-18,-1097668285,2020-02-18
2020-02-26,W,202002W4,202003,2020-02-25,11542.0,2020-02-25 13:44:59,11383.0,2020-02-26 08:45:00,-1.3775775428868482,gap_down,-2.2299999999995634,11385.23,11250.0,2020-02-26 08:46:18,181.0,183.0,11433.0,183.0,-1.41166,-0.41066,-3.41366,ok,698.0,2020-02-25,156.0,2020-02-25,848.0,2020-02-25,146591.0,2020-02-25,-41983.0,2020-02-25,-11670682927,2020-02-25,-455995034,2020-02-25,603084609,2020-02-25
2020-03-04,W,202003W1,202003,2020-03-03,11324.0,2020-03-03 13:44:59,11348.0,2020-03-04 08:45:00,0.2119392440833628,gap_up,-18.719999999999345,11366.72,11250.0,2020-03-04 08:45:10,119.0,121.0,11379.0,129.0,6.65142,7.652420000000001,4.64942,ok,4340.0,2020-03-03,-157.0,2020-03-03,-1300.0,2020-03-03,-367151.0,2020-03-03,441722.0,2020-03-03,-13537260049,2020-03-03,843227200,2020-03-03,-2115639656,2020-03-03
2020-03-11,W,202003W2,202003,2020-03-10,10984.0,2020-03-10 13:44:59,10979.0,2020-03-11 08:45:00,-0.0455207574654042,gap_down,-26.54000000000088,11005.54,10900.0,2020-03-11 08:45:13,104.0,106.0,10907.0,7.0,-100.32414,-99.32314,-102.32614,ok,-9857.0,2020-03-10,-343.0,2020-03-10,3782.0,2020-03-10,-1132639.0,2020-03-10,976354.0,2020-03-10,-8619548631,2020-03-10,-201393939,2020-03-10,747882065,2020-03-10
2020-03-18,M,202003,202003,2020-03-17,9363.0,2020-03-17 13:44:59,9366.0,2020-03-18 08:45:00,0.0320410124959948,gap_up,-23.6299999999992,9389.63,9300.0,2020-03-18 08:45:03,135.0,137.0,9264.0,0.0,-137.637,-136.636,-139.639,ok,3977.0,2020-03-17,-1157.0,2020-03-17,-2312.0,2020-03-17,-7559431.0,2020-03-17,6941264.0,2020-03-17,-23044764786,2020-03-17,-615318717,2020-03-17,1640994919,2020-03-17
2020-03-25,W,202003W4,202004,2020-03-24,9193.0,2020-03-24 13:44:59,9410.0,2020-03-25 08:45:00,2.3604916784509955,gap_up,-121.6200000000008,9531.62,9450.0,2020-03-25 08:45:01,120.0,122.0,9625.0,175.0,51.6855,52.6865,49.6835,ok,-4301.0,2020-03-24,3307.0,2020-03-24,36.0,2020-03-24,-4345596.0,2020-03-24,4635279.0,2020-03-24,5258141378,2020-03-24,29031248,2020-03-24,-2139610626,2020-03-24
2020-04-01,W,202004W1,202004,2020-03-31,9596.0,2020-03-31 13:45:00,9588.0,2020-04-01 08:45:00,-0.0833680700291788,gap_down,-125.05999999999948,9713.06,9600.0,2020-04-01 08:45:08,92.0,94.0,9684.0,84.0,-11.28768,-10.28668,-13.28968,ok,941.0,2020-03-31,-18.0,2020-03-31,-768.0,2020-03-31,-2203103.0,2020-03-31,2536976.0,2020-03-31,-5812101391,2020-03-31,1661556282,2020-03-31,-2480582345,2020-03-31
2020-04-08,W,202004W2,202004,2020-04-07,9997.0,2020-04-07 13:44:59,9950.0,2020-04-08 08:45:00,-0.4701410423126938,gap_down,-18.38999999999941,9968.39,9850.0,2020-04-08 08:45:22,131.0,133.0,10131.0,281.0,146.66438,147.66538,144.66238,ok,-292.0,2020-04-07,2014.0,2020-04-07,-571.0,2020-04-07,-1732952.0,2020-04-07,1995048.0,2020-04-07,3386987052,2020-04-07,1983114900,2020-04-07,981845564,2020-04-07
2020-04-15,M,202004,202004,2020-04-14,10346.0,2020-04-14 13:44:59,10347.0,2020-04-15 08:45:00,0.00966557123526,gap_up,-0.9400000000005092,10347.94,10250.0,2020-04-15 08:45:01,110.0,112.0,10451.0,201.0,87.67898000000001,88.67998,85.67698,ok,-4056.0,2020-04-14,530.0,2020-04-14,2078.0,2020-04-14,-1391974.0,2020-04-14,1630765.0,2020-04-14,15122019154,2020-04-14,1910070904,2020-04-14,1523271727,2020-04-14
2020-04-22,W,202004W4,202005,2020-04-21,10198.0,2020-04-21 13:45:00,10145.0,2020-04-22 08:45:00,-0.5197097470092175,gap_down,-95.42000000000009,10240.42,10150.0,2020-04-22 08:45:03,85.0,87.0,10285.0,135.0,46.7073,47.7083,44.7053,ok,8637.0,2020-04-21,-2818.0,2020-04-21,-738.0,2020-04-21,-1032667.0,2020-04-21,1172979.0,2020-04-21,-24246362876,2020-04-21,-897041750,2020-04-21,-4063864025,2020-04-21
2020-04-29,W,202004W5,202005,2020-04-28,10582.0,2020-04-28 13:44:59,10655.0,2020-04-29 08:45:00,0.6898506898506899,gap_up,-32.05999999999949,10687.06,10600.0,2020-04-29 08:45:01,86.0,88.0,10764.0,164.0,74.69672,75.69771999999999,72.69471999999999,ok,1269.0,2020-04-28,-72.0,2020-04-28,-205.0,2020-04-28,-737806.0,2020-04-28,927170.0,2020-04-28,-1657659442,2020-04-28,2084579030,2020-04-28,1977842207,2020-04-28
2020-05-06,W,202005W1,202005,2020-05-05,10725.0,2020-05-05 13:44:59,10658.0,2020-05-06 08:45:00,-0.6247086247086248,gap_down,-57.61000000000058,10715.61,10600.0,2020-05-06 08:45:25,132.0,134.0,10757.0,157.0,21.65086,22.65186,19.64886,ok,-525.0,2020-05-05,-1216.0,2020-05-05,219.0,2020-05-05,-718820.0,2020-05-05,904466.0,2020-05-05,-12387308620,2020-05-05,-48493288,2020-05-05,-1853854975,2020-05-05
2020-05-13,W,202005W2,202005,2020-05-12,10865.0,2020-05-12 13:45:00,10783.0,2020-05-13 08:45:00,-0.7547169811320755,gap_down,-13.469999999999343,10796.47,10700.0,2020-05-13 08:45:07,125.0,127.0,10924.0,224.0,95.65452,96.65552,93.65252,ok,1665.0,2020-05-12,-1118.0,2020-05-12,48.0,2020-05-12,-641715.0,2020-05-12,727759.0,2020-05-12,-25092913281,2020-05-12,401774018,2020-05-12,-1048014964,2020-05-12
2020-05-20,M,202005,202005,2020-05-19,,,,,,,16.55999999999949,,,,,,10887.0,,,,,skip_no_day_session_opt,1473.0,2020-05-19,1837.0,2020-05-19,-1143.0,2020-05-19,-676182.0,2020-05-19,776324.0,2020-05-19,4649677197,2020-05-19,1006378700,2020-05-19,1255242283,2020-05-19
2020-05-27,W,202005W4,202006,2020-05-26,10984.0,2020-05-26 13:45:00,10962.0,2020-05-27 08:45:00,-0.2002913328477786,gap_down,-15.209999999999129,10977.21,10850.0,2020-05-27 08:45:41,146.0,148.0,11010.0,160.0,10.6318,11.6328,8.6298,ok,1477.0,2020-05-26,1077.0,2020-05-26,-210.0,2020-05-26,-391700.0,2020-05-26,587953.0,2020-05-26,14169884700,2020-05-26,1263035370,2020-05-26,1511490458,2020-05-26
2020-06-03,W,202006W1,202006,2020-06-02,11106.0,2020-06-02 13:44:59,11250.0,2020-06-03 08:45:00,1.2965964343598055,gap_up,-26.93000000000029,11276.93,11150.0,2020-06-03 08:45:03,102.0,104.0,11321.0,171.0,65.66958,66.67058,63.66758000000001,ok,699.0,2020-06-02,214.0,2020-06-02,387.0,2020-06-02,-303379.0,2020-06-02,494609.0,2020-06-02,1728257798,2020-06-02,1540872316,2020-06-02,1379554193,2020-06-02
2020-06-10,W,202006W2,202006,2020-06-09,11609.0,2020-06-09 13:45:00,11634.0,2020-06-10 08:45:00,0.2153501593591179,gap_up,-28.110000000000586,11662.11,11550.0,2020-06-10 08:45:08,107.0,109.0,11714.0,164.0,53.65672,54.657720000000005,51.654720000000005,ok,1914.0,2020-06-09,-1033.0,2020-06-09,432.0,2020-06-09,101081.0,2020-06-09,111052.0,2020-06-09,6822457604,2020-06-09,262393684,2020-06-09,108420709,2020-06-09
2020-06-17,M,202006,202006,2020-06-16,,,,,,,5.360000000000582,,,,,,11520.0,,,,,skip_no_day_session_opt,-1391.0,2020-06-16,1184.0,2020-06-16,-963.0,2020-06-16,23655.0,2020-06-16,121242.0,2020-06-16,18352782961,2020-06-16,718730266,2020-06-16,804772010,2020-06-16
2020-06-24,W,202006W4,202007,2020-06-23,11455.0,2020-06-23 13:45:00,11541.0,2020-06-24 08:45:00,0.7507638585770405,gap_up,-152.36000000000058,11693.36,11600.0,2020-06-24 08:45:01,88.0,90.0,11652.0,52.0,-39.323040000000006,-38.32204,-41.32504,ok,588.0,2020-06-23,158.0,2020-06-23,-60.0,2020-06-23,-122849.0,2020-06-23,192576.0,2020-06-23,3810223208,2020-06-23,-223487472,2020-06-23,-198306783,2020-06-23
2020-07-01,W,202007W1,202007,2020-06-30,11469.0,2020-06-30 13:45:00,11482.0,2020-07-01 08:45:00,0.1133490278141075,gap_up,-139.23999999999978,11621.24,11500.0,2020-07-01 08:45:04,108.0,110.0,11702.0,202.0,90.65596,91.65696,88.65396000000001,ok,-844.0,2020-06-30,1009.0,2020-06-30,207.0,2020-06-30,-93009.0,2020-06-30,130860.0,2020-06-30,6838905409,2020-06-30,-933913189,2020-06-30,1609068460,2020-06-30
2020-07-08,W,202007W2,202007,2020-07-07,12027.0,2020-07-07 13:45:00,12041.0,2020-07-08 08:45:00,0.1164047559657437,gap_up,-48.96999999999935,12089.97,11950.0,2020-07-08 08:45:16,138.0,140.0,12180.0,230.0,88.6164,89.6174,86.6144,ok,53.0,2020-07-07,9.0,2020-07-07,481.0,2020-07-07,-159099.0,2020-07-07,308498.0,2020-07-07,4572952047,2020-07-07,-786655820,2020-07-07,1208610230,2020-07-07
2020-07-15,M,202007,202007,2020-07-14,12188.0,2020-07-14 13:44:59,12305.0,2020-07-15 08:45:00,0.9599606170003282,gap_up,-21.01000000000022,12326.01,12200.0,2020-07-15 08:45:01,113.0,115.0,12220.0,20.0,-96.3594,-95.3584,-98.3614,ok,-2393.0,2020-07-14,-47.0,2020-07-14,658.0,2020-07-14,-273775.0,2020-07-14,266415.0,2020-07-14,-4732200604,2020-07-14,692982383,2020-07-14,510216710,2020-07-14
2020-07-22,W,202007W4,202008,2020-07-21,,,,,,,-126.54999999999929,,,,,,12451.0,,,,,skip_no_day_session_opt,-382.0,2020-07-21,879.0,2020-07-21,8.0,2020-07-21,151.0,2020-07-21,61080.0,2020-07-21,12640568658,2020-07-21,2138832800,2020-07-21,1233200663,2020-07-21
2020-07-29,W,202007W5,202008,2020-07-28,,,,,,,-130.72999999999956,,,,,,12530.0,,,,,skip_no_day_session_opt,-3189.0,2020-07-28,-810.0,2020-07-28,-705.0,2020-07-28,-171344.0,2020-07-28,219908.0,2020-07-28,-7303868396,2020-07-28,-558624390,2020-07-28,-3613481610,2020-07-28
2020-08-05,W,202008W1,202008,2020-08-04,,,,,,,-97.92000000000009,,,,,,12793.0,,,,,skip_no_day_session_opt,6203.0,2020-08-04,1070.0,2020-08-04,-288.0,2020-08-04,-216102.0,2020-08-04,216810.0,2020-08-04,5606282147,2020-08-04,802046786,2020-08-04,1264133229,2020-08-04
2020-08-12,W,202008W2,202008,2020-08-11,,,,,,,-30.19000000000051,,,,,,12659.0,,,,,skip_no_day_session_opt,-1196.0,2020-08-11,-579.0,2020-08-11,-866.0,2020-08-11,-294439.0,2020-08-11,345443.0,2020-08-11,-4971255621,2020-08-11,-622835340,2020-08-11,-38374688,2020-08-11
2020-08-19,M,202008,202008,2020-08-18,,,,,,,1.860000000000582,,,,,,12807.0,,,,,skip_no_day_session_opt,-3347.0,2020-08-18,-254.0,2020-08-18,878.0,2020-08-18,-371403.0,2020-08-18,346708.0,2020-08-18,-2995480165,2020-08-18,-13251998,2020-08-18,-2096098887,2020-08-18
2020-08-26,W,202008W4,202009,2020-08-25,,,,,,,-34.25,,,,,,12799.0,,,,,skip_no_day_session_opt,256.0,2020-08-25,745.0,2020-08-25,-1073.0,2020-08-25,83492.0,2020-08-25,90145.0,2020-08-25,3465353333,2020-08-25,1130856910,2020-08-25,778518560,2020-08-25
2020-09-02,W,202009W1,202009,2020-09-01,,,,,,,-14.280000000000657,,,,,,12668.0,,,,,skip_no_day_session_opt,765.0,2020-09-01,353.0,2020-09-01,196.0,2020-09-01,55438.0,2020-09-01,9176.0,2020-09-01,3832254716,2020-09-01,494576687,2020-09-01,877368087,2020-09-01
2020-09-09,W,202009W2,202009,2020-09-08,,,,,,,1.440000000000509,,,,,,12592.0,,,,,skip_no_day_session_opt,2068.0,2020-09-08,-39.0,2020-09-08,222.0,2020-09-08,73781.0,2020-09-08,100479.0,2020-09-08,4103079322,2020-09-08,210538050,2020-09-08,-3463094981,2020-09-08
2020-09-16,M,202009,202009,2020-09-15,12840.0,2020-09-15 13:44:59,12945.0,2020-09-16 08:45:00,0.8177570093457943,gap_up,-4.649999999999636,12949.65,12800.0,2020-09-16 08:45:01,141.0,143.0,12969.0,169.0,24.59762,25.59862,22.59562,ok,-378.0,2020-09-15,606.0,2020-09-15,269.0,2020-09-15,74592.0,2020-09-15,41898.0,2020-09-15,5858563983,2020-09-15,-105019711,2020-09-15,-91365893,2020-09-15
2020-09-23,W,202009W4,202010,2020-09-22,,,,,,,-142.51000000000022,,,,,,12577.0,,,,,skip_no_day_session_opt,-1137.0,2020-09-22,-1663.0,2020-09-22,805.0,2020-09-22,-1967.0,2020-09-22,-71112.0,2020-09-22,-9409005186,2020-09-22,-1319937578,2020-09-22,-6390085115,2020-09-22
2020-09-30,W,202009W5,202010,2020-09-29,12421.0,2020-09-29 13:44:59,12456.0,2020-09-30 08:45:00,0.2817808550036229,gap_up,-41.72999999999956,12497.73,12350.0,2020-09-30 08:45:18,136.0,138.0,12529.0,179.0,39.61142,40.61242,37.60942,ok,1888.0,2020-09-29,390.0,2020-09-29,-932.0,2020-09-29,-41171.0,2020-09-29,129477.0,2020-09-29,-1875869985,2020-09-29,287677920,2020-09-29,388156374,2020-09-29
2020-10-07,W,202010W1,202010,2020-10-06,12675.0,2020-10-06 13:44:59,12620.0,2020-10-07 08:45:00,-0.4339250493096647,gap_down,-40.22999999999956,12660.23,12550.0,2020-10-07 08:45:03,108.0,110.0,12759.0,209.0,97.63482,98.63582,95.63282,ok,202.0,2020-10-06,1211.0,2020-10-06,-458.0,2020-10-06,-37318.0,2020-10-06,139026.0,2020-10-06,9368690807,2020-10-06,404425583,2020-10-06,1436324440,2020-10-06
2020-10-14,W,202010W2,202010,2020-10-13,12919.0,2020-10-13 13:44:59,12940.0,2020-10-14 08:45:00,0.1625512810589054,gap_up,-27.1299999999992,12967.13,12850.0,2020-10-14 08:45:12,111.0,113.0,12900.0,50.0,-64.371,-63.370000000000005,-66.37299999999999,ok,1941.0,2020-10-13,-617.0,2020-10-13,681.0,2020-10-13,-99346.0,2020-10-13,178947.0,2020-10-13,1479449402,2020-10-13,-615843804,2020-10-13,1687744123,2020-10-13
2020-10-21,M,202010,202010,2020-10-20,12856.0,2020-10-20 13:44:59,12906.0,2020-10-21 08:45:00,0.3889234598630989,gap_up,-6.3700000000008,12912.37,12800.0,2020-10-21 08:45:03,106.0,108.0,12860.0,60.0,-49.3652,-48.3642,-51.3672,ok,-2385.0,2020-10-20,-81.0,2020-10-20,1478.0,2020-10-20,-102162.0,2020-10-20,122367.0,2020-10-20,-2017304982,2020-10-20,360509232,2020-10-20,-1186884169,2020-10-20
2020-10-28,W,202010W4,202011,2020-10-27,12807.0,2020-10-27 13:44:59,12780.0,2020-10-28 08:45:00,-0.2108222066057624,gap_down,-62.01000000000022,12842.01,12700.0,2020-10-28 08:45:01,143.0,145.0,12771.0,71.0,-75.40042,-74.39942,-77.40242,ok,-2995.0,2020-10-27,-2281.0,2020-10-27,1256.0,2020-10-27,-68711.0,2020-10-27,178687.0,2020-10-27,-4749981646,2020-10-27,-1270758232,2020-10-27,-2032903348,2020-10-27
2020-11-04,W,202011W1,202011,2020-11-03,12685.0,2020-11-03 13:44:59,12770.0,2020-11-04 08:45:00,0.6700827749310209,gap_up,-50.01000000000022,12820.01,12700.0,2020-11-04 08:45:06,136.0,138.0,12865.0,165.0,25.6047,26.6057,23.6027,ok,3882.0,2020-11-03,1920.0,2020-11-03,-1153.0,2020-11-03,-71094.0,2020-11-03,122621.0,2020-11-03,14519340813,2020-11-03,681342150,2020-11-03,1184545485,2020-11-03
2020-11-11,W,202011W2,202011,2020-11-10,13071.0,2020-11-10 13:44:59,13101.0,2020-11-11 08:45:00,0.2295157218269451,gap_up,-5.719999999999345,13106.72,13000.0,2020-11-11 08:45:01,114.0,116.0,13249.0,249.0,131.61901999999998,132.62001999999998,129.61702,ok,-418.0,2020-11-10,-180.0,2020-11-10,372.0,2020-11-10,-32924.0,2020-11-10,184934.0,2020-11-10,-3291600779,2020-11-10,526399500,2020-11-10,-776544502,2020-11-10
2020-11-18,M,202011,202011,2020-11-17,13625.0,2020-11-17 13:44:59,13632.0,2020-11-18 08:45:00,0.0513761467889908,gap_up,21.98999999999978,13610.01,13450.0,2020-11-18 08:46:28,185.0,187.0,13756.0,306.0,117.53788,118.53888,115.53588,ok,-3281.0,2020-11-17,1437.0,2020-11-17,2009.0,2020-11-17,242864.0,2020-11-17,55683.0,2020-11-17,15099256833,2020-11-17,-52403896,2020-11-17,-108183108,2020-11-17
2020-11-25,W,202011W4,202012,2020-11-24,13804.0,2020-11-24 13:44:59,13886.0,2020-11-25 08:45:00,0.5940307157345697,gap_up,-12.1299999999992,13898.13,13750.0,2020-11-25 08:45:12,152.0,154.0,13753.0,3.0,-152.42906,-151.42806,-154.43106,ok,544.0,2020-11-24,361.0,2020-11-24,-889.0,2020-11-24,131130.0,2020-11-24,-28365.0,2020-11-24,-4776705746,2020-11-24,-531374439,2020-11-24,181216805,2020-11-24
2020-12-02,W,202012W1,202012,2020-12-01,13877.0,2020-12-01 13:45:00,13932.0,2020-12-02 08:45:00,0.3963392664120487,gap_up,-16.670000000000073,13948.67,13800.0,2020-12-02 08:45:12,145.0,147.0,13981.0,181.0,32.57338,33.57438,30.57138,ok,-3469.0,2020-12-01,1563.0,2020-12-01,-464.0,2020-12-01,152607.0,2020-12-01,-67070.0,2020-12-01,489596790,2020-12-01,-579443231,2020-12-01,541945162,2020-12-01
2020-12-09,W,202012W2,202012,2020-12-08,14342.0,2020-12-08 13:45:00,14372.0,2020-12-09 08:45:00,0.209175847162181,gap_up,-24.39999999999964,14396.4,14250.0,2020-12-09 08:45:05,137.0,139.0,14398.0,148.0,7.573040000000001,8.57404,5.57104,ok,-846.0,2020-12-08,796.0,2020-12-08,-210.0,2020-12-08,309622.0,2020-12-08,-374148.0,2020-12-08,4193509462,2020-12-08,2501906168,2020-12-08,-894597992,2020-12-08
2020-12-16,M,202012,202012,2020-12-15,14085.0,2020-12-15 13:44:59,14198.0,2020-12-16 08:45:00,0.8022719204827831,gap_up,-7.520000000000437,14205.52,14050.0,2020-12-16 08:45:01,148.0,150.0,14323.0,273.0,121.56354,122.56454,119.56154,ok,4281.0,2020-12-15,-171.0,2020-12-15,42.0,2020-12-15,156958.0,2020-12-15,-259241.0,2020-12-15,-16520278470,2020-12-15,-197337325,2020-12-15,-4162784145,2020-12-15
2020-12-23,W,202012W4,202101,2020-12-22,,,,,,,-105.45999999999913,,,,,,14234.0,,,,,skip_no_day_session_opt,-1149.0,2020-12-22,-948.0,2020-12-22,-257.0,2020-12-22,-138181.0,2020-12-22,41763.0,2020-12-22,-9986882802,2020-12-22,-492961174,2020-12-22,-1346577519,2020-12-22
2020-12-30,W,202012W5,202101,2020-12-29,14459.0,2020-12-29 13:45:00,14451.0,2020-12-30 08:45:00,-0.0553288609170758,gap_down,-34.04999999999927,14485.05,14350.0,2020-12-30 08:45:48,141.0,143.0,14652.0,302.0,157.56396,158.56496,155.56196,ok,-224.0,2020-12-29,15.0,2020-12-29,767.0,2020-12-29,-83880.0,2020-12-29,-57825.0,2020-12-29,-1256508512,2020-12-29,-767399344,2020-12-29,-3421292969,2020-12-29
2021-01-06,W,202101W1,202101,2021-01-05,,,,,,,-48.030000000000655,,,,,,14934.0,,,,,skip_no_day_session_opt,-705.0,2021-01-05,-74.0,2021-01-05,661.0,2021-01-05,38160.0,2021-01-05,-168539.0,2021-01-05,2654131011,2021-01-05,551869956,2021-01-05,774711039,2021-01-05
2021-01-13,W,202101W2,202101,2021-01-12,15493.0,2021-01-12 13:45:00,15557.0,2021-01-13 08:45:00,0.4130897824824114,gap_up,-20.700000000000728,15577.7,15400.0,2021-01-13 08:45:07,179.0,181.0,15760.0,360.0,177.50379999999998,178.5048,175.5018,ok,-357.0,2021-01-12,-81.0,2021-01-12,-581.0,2021-01-12,399289.0,2021-01-12,-645496.0,2021-01-12,-6431413430,2021-01-12,3581716694,2021-01-12,-3677089082,2021-01-12
2021-01-20,M,202101,202101,2021-01-19,15888.0,2021-01-19 13:44:59,15899.0,2021-01-20 08:45:00,0.0692346424974823,gap_up,30.6299999999992,15868.37,15700.0,2021-01-20 08:45:26,193.0,195.0,15766.0,66.0,-130.51032,-129.50932,-132.51232000000002,ok,-1999.0,2021-01-19,973.0,2021-01-19,-57.0,2021-01-19,771018.0,2021-01-19,-1144653.0,2021-01-19,6621592823,2021-01-19,812799155,2021-01-19,2643774801,2021-01-19
2021-01-27,W,202101W4,202102,2021-01-26,15626.0,2021-01-26 13:44:59,15725.0,2021-01-27 08:45:00,0.6335594521950596,gap_up,-20.850000000000364,15745.85,15600.0,2021-01-27 08:45:19,180.0,182.0,15749.0,149.0,-34.49698,-33.49598,-36.49898,ok,1619.0,2021-01-26,-1234.0,2021-01-26,-847.0,2021-01-26,-1444.0,2021-01-26,-313640.0,2021-01-26,-28856981467,2021-01-26,493214580,2021-01-26,-6754489895,2021-01-26
2021-02-03,W,202102W1,202102,2021-02-02,15755.0,2021-02-02 13:45:00,15864.0,2021-02-03 08:45:00,0.6918438590923517,gap_up,-29.049999999999272,15893.05,15750.0,2021-02-03 08:45:01,148.0,150.0,15767.0,17.0,-134.46534,-133.46434,-136.46733999999998,ok,769.0,2021-02-02,1674.0,2021-02-02,-210.0,2021-02-02,82967.0,2021-02-02,39166.0,2021-02-02,9291005290,2021-02-02,783733756,2021-02-02,-281799987,2021-02-02
2021-02-17,M,202102,202102,2021-02-05,15804.0,2021-02-05 13:44:59,16261.0,2021-02-17 08:45:00,2.891672994178689,gap_up,0.6000000000003638,16260.4,16100.0,2021-02-17 08:45:01,170.0,172.0,16326.0,226.0,52.50148,53.50248,50.49948,ok,-1772.0,2021-02-05,386.0,2021-02-05,185.0,2021-02-05,-11402.0,2021-02-05,-151627.0,2021-02-05,-5625328575,2021-02-05,611193500,2021-02-05,2832191235,2021-02-05
2021-02-24,W,202102W4,202103,2021-02-23,,,,,,,-13.400000000001455,,,,,,16235.0,,,,,skip_no_day_session_opt,-1605.0,2021-02-23,225.0,2021-02-23,-403.0,2021-02-23,-353732.0,2021-02-23,131318.0,2021-02-23,4251709014,2021-02-23,725190798,2021-02-23,-1190289798,2021-02-23
2021-03-03,W,202103W1,202103,2021-03-02,15907.0,2021-03-02 13:45:00,16000.0,2021-03-03 08:45:00,0.5846482680580877,gap_up,-67.8799999999992,16067.88,15900.0,2021-03-03 08:45:08,141.0,143.0,16183.0,283.0,138.53334,139.53434,136.53134,ok,4682.0,2021-03-02,-243.0,2021-03-02,-224.0,2021-03-02,-476691.0,2021-03-02,362538.0,2021-03-02,-6783497364,2021-03-02,225521611,2021-03-02,-5467156812,2021-03-02
2021-03-10,W,202103W2,202103,2021-03-09,15822.0,2021-03-09 13:44:59,15977.0,2021-03-10 08:45:00,0.9796485905700922,gap_up,-35.090000000000146,16012.09,15850.0,2021-03-10 08:45:01,165.0,167.0,15877.0,27.0,-141.48454,-140.48354,-143.48654000000002,ok,-3731.0,2021-03-09,354.0,2021-03-09,501.0,2021-03-09,-359907.0,2021-03-09,280887.0,2021-03-09,-3086876259,2021-03-09,1165454772,2021-03-09,-204304135,2021-03-09
2021-03-17,M,202103,202103,2021-03-16,16305.0,2021-03-16 13:44:59,16304.0,2021-03-17 08:45:00,-0.0061330880098129,gap_down,-14.159999999999854,16318.16,16150.0,2021-03-17 08:45:58,162.0,164.0,16177.0,27.0,-138.48754,-137.48654000000002,-140.48954,ok,3404.0,2021-03-16,218.0,2021-03-16,-1477.0,2021-03-16,-475402.0,2021-03-16,430867.0,2021-03-16,-1161892191,2021-03-16,682438097,2021-03-16,844762052,2021-03-16
2021-03-24,W,202103W4,202104,2021-03-23,16120.0,2021-03-23 13:45:00,16019.0,2021-03-24 08:45:00,-0.6265508684863524,gap_down,-68.59000000000015,16087.59,15950.0,2021-03-24 08:45:20,140.0,142.0,16029.0,79.0,-64.46258,-63.46158,-66.46458000000001,ok,-1024.0,2021-03-23,586.0,2021-03-23,1108.0,2021-03-23,87588.0,2021-03-23,-73361.0,2021-03-23,-5380017891,2021-03-23,475269720,2021-03-23,-3088849871,2021-03-23
2021-03-31,W,202103W5,202104,2021-03-30,16519.0,2021-03-30 13:44:59,16540.0,2021-03-31 08:45:00,0.1271263393667897,gap_up,-32.900000000001455,16572.9,16400.0,2021-03-31 08:45:23,161.0,163.0,16444.0,44.0,-120.49188,-119.49088,-122.49388,ok,976.0,2021-03-30,267.0,2021-03-30,-276.0,2021-03-30,88201.0,2021-03-30,69625.0,2021-03-30,11220534957,2021-03-30,2261188934,2021-03-30,4379735503,2021-03-30
2021-04-07,W,202104W1,202104,2021-04-06,16731.0,2021-04-06 13:45:00,16777.0,2021-04-07 08:45:00,0.274938736477198,gap_up,1.1300000000010186,16775.87,16600.0,2021-04-07 08:46:00,185.0,187.0,16793.0,193.0,4.47714,5.47814,2.47514,ok,695.0,2021-04-06,706.0,2021-04-06,-467.0,2021-04-06,-13441.0,2021-04-06,-26232.0,2021-04-06,14450714092,2021-04-06,-264329385,2021-04-06,4163199639,2021-04-06
2021-04-14,W,202104W2,202104,2021-04-13,16795.0,2021-04-13 13:45:00,16860.0,2021-04-14 08:45:00,0.3870199464126228,gap_up,-5.909999999999855,16865.91,16700.0,2021-04-14 08:45:39,179.0,181.0,16816.0,116.0,-66.51732,-65.51632000000001,-68.51932000000001,ok,566.0,2021-04-13,-566.0,2021-04-13,691.0,2021-04-13,-60409.0,2021-04-13,-124228.0,2021-04-13,-1752357794,2021-04-13,-1624116124,2021-04-13,-767973701,2021-04-13
2021-04-21,M,202104,202104,2021-04-20,17319.0,2021-04-20 13:45:00,17225.0,2021-04-21 08:45:00,-0.5427565101911196,gap_down,-10.86999999999898,17235.87,17050.0,2021-04-21 08:45:03,177.0,179.0,17232.0,182.0,1.4763599999999997,2.47736,-0.5256400000000001,ok,-4297.0,2021-04-20,6.0,2021-04-20,1214.0,2021-04-20,-52889.0,2021-04-20,-186732.0,2021-04-20,-1586708361,2021-04-20,-6155311,2021-04-20,843109548,2021-04-20
2021-04-28,W,202104W4,202105,2021-04-27,17571.0,2021-04-27 13:44:59,17548.0,2021-04-28 08:45:00,-0.1308975015650788,gap_down,-41.900000000001455,17589.9,17400.0,2021-04-28 08:46:11,171.0,173.0,17544.0,144.0,-30.52388,-29.52288,-32.52588,ok,-965.0,2021-04-27,13.0,2021-04-27,850.0,2021-04-27,56977.0,2021-04-27,-88959.0,2021-04-27,3048711148,2021-04-27,-1400362414,2021-04-27,-1497523622,2021-04-27
2021-05-05,W,202105W1,202105,2021-05-04,,,,,,,8.220000000001164,,,,,,16892.0,,,,,skip_no_day_session_opt,-3113.0,2021-05-04,-738.0,2021-05-04,-52.0,2021-05-04,-5231.0,2021-05-04,-372577.0,2021-05-04,88845109,2021-05-04,-2073091682,2021-05-04,-6093691909,2021-05-04
2021-05-12,W,202105W2,202105,2021-05-11,16556.0,2021-05-11 13:44:59,16503.0,2021-05-12 08:45:00,-0.3201256342111621,gap_down,-65.13000000000102,16568.13,16400.0,2021-05-12 08:45:39,180.0,182.0,15901.0,0.0,-182.682,-181.681,-184.684,ok,5001.0,2021-05-11,-2459.0,2021-05-11,134.0,2021-05-11,25082.0,2021-05-11,-503319.0,2021-05-11,-42423134418,2021-05-11,1518689796,2021-05-11,-13792773069,2021-05-11
2021-05-19,M,202105,202105,2021-05-18,16147.0,2021-05-18 13:44:59,16122.0,2021-05-19 08:45:00,-0.1548275221403356,gap_down,15.020000000000437,16106.98,15950.0,2021-05-19 08:45:48,209.0,211.0,16137.0,187.0,-25.53374,-24.53274,-27.53574,ok,-4698.0,2021-05-18,3025.0,2021-05-18,-138.0,2021-05-18,182600.0,2021-05-18,-137417.0,2021-05-18,22134308469,2021-05-18,1287331670,2021-05-18,6410833578,2021-05-18
2021-05-26,W,202105W4,202106,2021-05-25,16585.0,2021-05-25 13:45:00,16616.0,2021-05-26 08:45:00,0.1869158878504673,gap_up,-12.669999999998254,16628.67,16450.0,2021-05-26 08:45:21,200.0,202.0,16636.0,186.0,-17.534719999999997,-16.53372,-19.53672,ok,1326.0,2021-05-25,927.0,2021-05-25,-1393.0,2021-05-25,-410.0,2021-05-25,18317.0,2021-05-25,-1184015725,2021-05-25,1389845624,2021-05-25,4494358290,2021-05-25
2021-06-02,W,202106W1,202106,2021-06-01,17130.0,2021-06-01 13:44:59,17171.0,2021-06-02 08:45:00,0.2393461762988908,gap_up,-28.38000000000102,17199.38,17050.0,2021-06-02 08:45:04,158.0,160.0,17178.0,128.0,-33.50355999999999,-32.50256,-35.50556,ok,-525.0,2021-06-01,1029.0,2021-06-01,331.0,2021-06-01,-80987.0,2021-06-01,-4231.0,2021-06-01,2022800862,2021-06-01,744951234,2021-06-01,1477758142,2021-06-01
2021-06-09,W,202106W2,202106,2021-06-08,17090.0,2021-06-08 13:44:59,16997.0,2021-06-09 08:45:00,-0.5441778818022236,gap_down,-11.209999999999129,17008.21,16850.0,2021-06-09 08:46:01,205.0,207.0,16947.0,97.0,-111.54594,-110.54494,-113.54794,ok,-841.0,2021-06-08,52.0,2021-06-08,-476.0,2021-06-08,-107215.0,2021-06-08,-139924.0,2021-06-08,-6174764978,2021-06-08,1435640170,2021-06-08,-690318761,2021-06-08
2021-06-16,M,202106,202106,2021-06-15,17398.0,2021-06-15 13:44:59,17324.0,2021-06-16 08:45:00,-0.425336245545465,gap_down,20.709999999999127,17303.29,17150.0,2021-06-16 08:45:49,201.0,203.0,17346.0,196.0,-8.54992,-7.54892,-10.55192,ok,-2150.0,2021-06-15,663.0,2021-06-15,-909.0,2021-06-15,-179078.0,2021-06-15,-28345.0,2021-06-15,14285546665,2021-06-15,-1452510995,2021-06-15,1720371648,2021-06-15
2021-06-23,W,202106W4,202107,2021-06-22,17028.0,2021-06-22 13:44:59,17100.0,2021-06-23 08:45:00,0.4228329809725158,gap_up,-79.54999999999927,17179.55,17000.0,2021-06-23 08:45:49,192.0,194.0,17347.0,347.0,151.45906000000002,152.46006,149.45706,ok,402.0,2021-06-22,-64.0,2021-06-22,-1638.0,2021-06-22,56443.0,2021-06-22,-136415.0,2021-06-22,-10788215856,2021-06-22,278446152,2021-06-22,-1225650901,2021-06-22
2021-06-30,W,202106W5,202107,2021-06-29,17529.0,2021-06-29 13:44:59,17610.0,2021-06-30 08:45:00,0.462091391408523,gap_up,-79.18999999999869,17689.19,17500.0,2021-06-30 08:45:06,173.0,175.0,17776.0,276.0,99.46948,100.47048,97.46748,ok,732.0,2021-06-29,-35.0,2021-06-29,1074.0,2021-06-29,-117778.0,2021-06-29,-134451.0,2021-06-29,-14334288786,2021-06-29,80105703,2021-06-29,259668460,2021-06-29
2021-07-07,W,202107W1,202107,2021-07-06,17878.0,2021-07-06 13:44:59,17821.0,2021-07-07 08:45:00,-0.3188276093522765,gap_down,-15.069999999999707,17836.07,17650.0,2021-07-07 08:46:32,212.0,214.0,17799.0,149.0,-66.56998,-65.56898,-68.57198,ok,-933.0,2021-07-06,-79.0,2021-07-06,455.0,2021-07-06,-303310.0,2021-07-06,45401.0,2021-07-06,119632366,2021-07-06,-293440639,2021-07-06,-3108530098,2021-07-06
2021-07-14,W,202107W2,202107,2021-07-13,17869.0,2021-07-13 13:44:59,17846.0,2021-07-14 08:45:00,-0.1287145335497229,gap_down,11.479999999999563,17834.52,17650.0,2021-07-14 08:46:24,220.0,222.0,17796.0,146.0,-77.57791999999999,-76.57692,-79.57992,ok,1044.0,2021-07-13,2.0,2021-07-13,-1927.0,2021-07-13,-302934.0,2021-07-13,29728.0,2021-07-13,23164457975,2021-07-13,557783657,2021-07-13,2141963292,2021-07-13
2021-07-21,M,202107,202107,2021-07-20,17558.0,2021-07-20 13:44:59,17655.0,2021-07-21 08:45:00,0.5524547214944754,gap_up,11.2599999999984,17643.74,17450.0,2021-07-21 08:45:01,218.0,220.0,17431.0,0.0,-220.72,-219.719,-222.722,ok,-2572.0,2021-07-20,-845.0,2021-07-20,203.0,2021-07-20,-240684.0,2021-07-20,-118006.0,2021-07-20,-25571806597,2021-07-20,-1433341258,2021-07-20,-8376758557,2021-07-20
2021-07-28,W,202107W4,202108,2021-07-27,17173.0,2021-07-27 13:45:00,17062.0,2021-07-28 08:45:00,-0.6463634775519711,gap_down,-92.86999999999898,17154.87,17000.0,2021-07-28 08:45:14,209.0,211.0,17074.0,74.0,-138.55248,-137.55148,-140.55447999999998,ok,-303.0,2021-07-27,-64.0,2021-07-27,-1787.0,2021-07-27,-108317.0,2021-07-27,-57421.0,2021-07-27,-3565491500,2021-07-27,-958672948,2021-07-27,-101503315,2021-07-27
2021-08-04,W,202108W1,202108,2021-08-03,17484.0,2021-08-03 13:45:00,17491.0,2021-08-04 08:45:00,0.0400366048959048,gap_up,-58.7599999999984,17549.76,17350.0,2021-08-04 08:45:20,221.0,223.0,17601.0,251.0,26.42498,27.42598,24.42298,ok,1266.0,2021-08-03,-34.0,2021-08-03,677.0,2021-08-03,-163440.0,2021-08-03,-140315.0,2021-08-03,939099728,2021-08-03,-410884819,2021-08-03,1007987263,2021-08-03
2021-08-11,W,202108W2,202108,2021-08-10,17299.0,2021-08-10 13:44:59,17217.0,2021-08-11 08:45:00,-0.4740158390658419,gap_down,-40.63999999999942,17257.64,17100.0,2021-08-11 08:45:05,173.0,175.0,17170.0,70.0,-106.5184,-105.5174,-108.5204,ok,-1574.0,2021-08-10,-511.0,2021-08-10,-62.0,2021-08-10,-139196.0,2021-08-10,-111617.0,2021-08-10,-6415486630,2021-08-10,428470371,2021-08-10,-3138034192,2021-08-10
2021-08-18,M,202108,202108,2021-08-17,16580.0,2021-08-17 13:45:00,16440.0,2021-08-18 08:45:00,-0.8443908323281062,gap_down,-38.36000000000058,16478.36,16300.0,2021-08-18 08:45:10,175.0,177.0,16785.0,485.0,306.4873,307.48830000000004,304.48530000000005,ok,948.0,2021-08-17,-204.0,2021-08-17,-827.0,2021-08-17,-134929.0,2021-08-17,157674.0,2021-08-17,-8733907481,2021-08-17,1393535523,2021-08-17,-5815970202,2021-08-17
2021-08-25,W,202108W4,202109,2021-08-24,16784.0,2021-08-24 13:44:59,16794.0,2021-08-25 08:45:00,0.0595805529075309,gap_up,-52.72999999999956,16846.73,16700.0,2021-08-25 08:45:26,153.0,155.0,17010.0,310.0,153.5048,154.5058,151.50279999999998,ok,1041.0,2021-08-24,251.0,2021-08-24,-774.0,2021-08-24,-166634.0,2021-08-24,207681.0,2021-08-24,-11270348511,2021-08-24,961498924,2021-08-24,953491454,2021-08-24
2021-09-01,W,202109W1,202109,2021-08-31,17457.0,2021-08-31 13:44:59,17408.0,2021-09-01 08:45:00,-0.2806896946783525,gap_down,-53.29000000000087,17461.29,17300.0,2021-09-01 08:45:30,151.0,153.0,17484.0,184.0,29.49732,30.49832,27.49532,ok,134.0,2021-08-31,587.0,2021-08-31,-1006.0,2021-08-31,-442060.0,2021-08-31,243625.0,2021-08-31,25050225709,2021-08-31,40664734,2021-08-31,1315969606,2021-08-31
2021-09-08,W,202109W2,202109,2021-09-07,17422.0,2021-09-07 13:44:59,17395.0,2021-09-08 08:45:00,-0.1549764665365629,gap_down,-14.86999999999898,17409.87,17250.0,2021-09-08 08:45:33,173.0,175.0,17192.0,0.0,-175.675,-174.674,-177.677,ok,716.0,2021-09-07,-785.0,2021-09-07,-4.0,2021-09-07,-467230.0,2021-09-07,250480.0,2021-09-07,6690800894,2021-09-07,-1488392384,2021-09-07,-2157689142,2021-09-07
2021-09-15,M,202109,202109,2021-09-14,17461.0,2021-09-14 13:44:59,17403.0,2021-09-15 08:45:00,-0.3321688334001489,gap_down,24.099999999998545,17378.9,17200.0,2021-09-15 08:46:20,214.0,216.0,17382.0,182.0,-35.56364,-34.56264,-37.56564,ok,35.0,2021-09-14,115.0,2021-09-14,-1014.0,2021-09-14,-416223.0,2021-09-14,235243.0,2021-09-14,6542960194,2021-09-14,751046520,2021-09-14,-705347826,2021-09-14
2021-09-22,W,202109W4,202110,2021-09-17,17298.0,2021-09-17 13:44:59,16835.0,2021-09-22 08:45:00,-2.6766100127182333,gap_down,42.20999999999913,16792.79,16600.0,2021-09-22 08:48:42,315.0,317.0,16916.0,316.0,-2.65532,-1.65432,-4.65732,ok,1384.0,2021-09-17,74.0,2021-09-17,-1127.0,2021-09-17,-110176.0,2021-09-17,145168.0,2021-09-17,1622490261,2021-09-17,1208765871,2021-09-17,556338234,2021-09-17
2021-09-29,W,202109W5,202110,2021-09-28,17170.0,2021-09-28 13:44:59,16926.0,2021-09-29 08:45:00,-1.421083284799068,gap_down,-35.43999999999869,16961.44,16800.0,2021-09-29 08:45:20,164.0,166.0,16823.0,23.0,-144.50246,-143.50145999999998,-146.50446,ok,880.0,2021-09-28,-864.0,2021-09-28,-92.0,2021-09-28,-114643.0,2021-09-28,23532.0,2021-09-28,-13955318242,2021-09-28,-402543864,2021-09-28,-1041141508,2021-09-28
2021-10-06,W,202110W1,202110,2021-10-05,16398.0,2021-10-05 13:45:00,16470.0,2021-10-06 08:45:00,0.4390779363336992,gap_up,-54.75,16524.75,16350.0,2021-10-06 08:45:09,145.0,147.0,16364.0,14.0,-134.47428,-133.47328,-136.47628,ok,-5972.0,2021-10-05,426.0,2021-10-05,1248.0,2021-10-05,-241559.0,2021-10-05,112415.0,2021-10-05,-16339704507,2021-10-05,3120952876,2021-10-05,631331330,2021-10-05
2021-10-13,W,202110W2,202110,2021-10-12,16418.0,2021-10-12 13:44:59,16520.0,2021-10-13 08:45:00,0.6212693385308807,gap_up,-23.840000000000146,16543.84,16400.0,2021-10-13 08:45:01,155.0,157.0,16370.0,0.0,-157.657,-156.656,-159.659,ok,5510.0,2021-10-12,-568.0,2021-10-12,-708.0,2021-10-12,-125311.0,2021-10-12,121500.0,2021-10-12,-16824017137,2021-10-12,730527870,2021-10-12,-1486338224,2021-10-12
2021-10-20,M,202110,202110,2021-10-19,16902.0,2021-10-19 13:45:00,16973.0,2021-10-20 08:45:00,0.4200686309312507,gap_up,10.330000000001746,16962.67,16800.0,2021-10-20 08:45:07,183.0,185.0,16882.0,82.0,-104.52264,-103.52164,-106.52464,ok,796.0,2021-10-19,735.0,2021-10-19,-1594.0,2021-10-19,-44147.0,2021-10-19,243558.0,2021-10-19,11074441768,2021-10-19,1614875177,2021-10-19,3859408774,2021-10-19
2021-10-27,W,202110W4,202111,2021-10-26,17048.0,2021-10-26 13:44:59,16944.0,2021-10-27 08:45:00,-0.6100422336931018,gap_down,-3.340000000000145,16947.34,16800.0,2021-10-27 08:45:17,165.0,167.0,17059.0,259.0,90.49182,91.49282,88.48982000000001,ok,-2037.0,2021-10-26,356.0,2021-10-26,-1108.0,2021-10-26,-7462.0,2021-10-26,12499.0,2021-10-26,6728540315,2021-10-26,338629249,2021-10-26,1185937953,2021-10-26
2021-11-03,W,202111W1,202111,2021-11-02,17047.0,2021-11-02 13:44:59,17081.0,2021-11-03 08:45:00,0.1994485833284449,gap_up,-40.97000000000117,17121.97,16950.0,2021-11-03 08:45:20,146.0,148.0,17113.0,163.0,13.50974,14.51074,11.50774,ok,-359.0,2021-11-02,-156.0,2021-11-02,-852.0,2021-11-02,-14105.0,2021-11-02,-106596.0,2021-11-02,1971219302,2021-11-02,-457879161,2021-11-02,-1339744948,2021-11-02
2021-11-10,W,202111W2,202111,2021-11-09,17555.0,2021-11-09 13:44:59,17550.0,2021-11-10 08:45:00,-0.0284819139846197,gap_down,10.639999999999418,17539.36,17350.0,2021-11-10 08:46:24,206.0,208.0,17554.0,204.0,-5.55908,-4.55808,-7.56108,ok,3873.0,2021-11-09,270.0,2021-11-09,-859.0,2021-11-09,-72761.0,2021-11-09,82417.0,2021-11-09,19459090002,2021-11-09,651400939,2021-11-09,369239097,2021-11-09
2021-11-17,M,202111,202111,2021-11-16,17701.0,2021-11-16 13:44:59,17711.0,2021-11-17 08:45:00,0.0564939833907688,gap_up,-7.130000000001019,17718.13,17550.0,2021-11-17 08:45:51,181.0,183.0,17723.0,173.0,-11.53746,-10.53646,-13.53946,ok,516.0,2021-11-16,64.0,2021-11-16,-1973.0,2021-11-16,-130110.0,2021-11-16,58993.0,2021-11-16,7490574255,2021-11-16,2716836942,2021-11-16,-1286088038,2021-11-16
2021-11-24,W,202111W4,202112,2021-11-23,17659.0,2021-11-23 13:44:59,17604.0,2021-11-24 08:45:00,-0.3114559148309644,gap_down,-4.119999999998981,17608.12,17450.0,2021-11-24 08:46:00,167.0,169.0,17650.0,200.0,29.478,30.479,27.476,ok,-51.0,2021-11-23,-470.0,2021-11-23,590.0,2021-11-23,-75269.0,2021-11-23,-84314.0,2021-11-23,-12810269685,2021-11-23,-484690874,2021-11-23,-2913564062,2021-11-23
2021-12-01,W,202112W1,202112,2021-11-30,17327.0,2021-11-30 13:45:00,17350.0,2021-12-01 08:45:00,0.1327408091418018,gap_up,-87.7599999999984,17437.76,17250.0,2021-12-01 08:45:06,124.0,126.0,17615.0,365.0,237.5217,238.5227,235.5197,ok,-3314.0,2021-11-30,53.0,2021-11-30,1780.0,2021-11-30,-103510.0,2021-11-30,-99059.0,2021-11-30,-16683500914,2021-11-30,665290643,2021-11-30,-2308330549,2021-11-30
2021-12-08,W,202112W2,202112,2021-12-07,17795.0,2021-12-07 13:44:59,17945.0,2021-12-08 08:45:00,0.8429334082607475,gap_up,-20.919999999998254,17965.92,17800.0,2021-12-08 08:45:09,151.0,153.0,17881.0,81.0,-73.51062,-72.50962,-75.51262,ok,-2188.0,2021-12-07,1353.0,2021-12-07,953.0,2021-12-07,-104212.0,2021-12-07,-67698.0,2021-12-07,179032123,2021-12-07,2088921020,2021-12-07,-84831093,2021-12-07
2021-12-15,M,202112,202112,2021-12-14,17605.0,2021-12-14 13:44:59,17588.0,2021-12-15 08:45:00,-0.0965634762851462,gap_down,0.6300000000010186,17587.37,17400.0,2021-12-15 08:45:31,182.0,184.0,17629.0,229.0,43.46342,44.46442,41.46142,ok,-778.0,2021-12-14,-272.0,2021-12-14,-98.0,2021-12-14,-93121.0,2021-12-14,-30235.0,2021-12-14,-12729225589,2021-12-14,2155697384,2021-12-14,-4666056250,2021-12-14
2021-12-22,W,202112W4,202201,2021-12-21,17796.0,2021-12-21 13:44:59,17847.0,2021-12-22 08:45:00,0.2865812542144302,gap_up,14.729999999999563,17832.27,17650.0,2021-12-22 08:45:47,199.0,201.0,17816.0,166.0,-36.55732,-35.55632,-38.55932,ok,1229.0,2021-12-21,513.0,2021-12-21,-688.0,2021-12-21,-73997.0,2021-12-21,35013.0,2021-12-21,10562568056,2021-12-21,3778587190,2021-12-21,1148075205,2021-12-21
2021-12-29,W,202112W5,202201,2021-12-28,18207.0,2021-12-28 13:45:00,18195.0,2021-12-29 08:45:00,-0.0659087164277475,gap_down,-5.81000000000131,18200.81,18000.0,2021-12-29 08:45:13,219.0,221.0,18271.0,271.0,48.41358,49.41458,46.41158,ok,867.0,2021-12-28,250.0,2021-12-28,-659.0,2021-12-28,-64393.0,2021-12-28,52257.0,2021-12-28,21554772236,2021-12-28,544942435,2021-12-28,1727155365,2021-12-28
2022-01-05,W,202201W1,202201,2022-01-04,18516.0,2022-01-04 13:44:59,18480.0,2022-01-05 08:45:00,-0.1944264419961114,gap_down,-11.349999999998545,18491.35,18300.0,2022-01-05 08:46:00,210.0,212.0,18466.0,166.0,-47.581320000000005,-46.58032,-49.58332,ok,472.0,2022-01-04,548.0,2022-01-04,675.0,2022-01-04,32467.0,2022-01-04,49485.0,2022-01-04,25706979961,2022-01-04,194971291,2022-01-04,1683554665,2022-01-04
2022-01-12,W,202201W2,202201,2022-01-11,18280.0,2022-01-11 13:44:59,18403.0,2022-01-12 08:45:00,0.6728665207877462,gap_up,-41.20999999999913,18444.21,18250.0,2022-01-12 08:45:01,159.0,161.0,18317.0,67.0,-95.52734,-94.52634,-97.52934,ok,-2886.0,2022-01-11,-35.0,2022-01-11,778.0,2022-01-11,-157473.0,2022-01-11,-34147.0,2022-01-11,2228698810,2022-01-11,852853116,2022-01-11,-3371361996,2022-01-11
2022-01-19,M,202201,202201,2022-01-18,18349.0,2022-01-18 13:44:59,18261.0,2022-01-19 08:45:00,-0.4795901684015478,gap_down,12.360000000000582,18248.64,18050.0,,,,18217.0,167.0,,,,no_fill,1431.0,2022-01-18,-402.0,2022-01-18,1258.0,2022-01-18,-158487.0,2022-01-18,-386.0,2022-01-18,-6864637705,2022-01-18,1130207857,2022-01-18,-3546041743,2022-01-18
2022-01-26,W,202201W4,202202,2022-01-25,17678.0,2022-01-25 13:44:59,17683.0,2022-01-26 08:45:00,0.0282837425048082,gap_up,-31.11999999999898,17714.12,17550.0,2022-01-26 08:46:23,152.0,154.0,17712.0,162.0,6.49176,7.49276,4.48976,ok,-5587.0,2022-01-25,-615.0,2022-01-25,1054.0,2022-01-25,-107669.0,2022-01-25,-79993.0,2022-01-25,-47344752332,2022-01-25,4313329812,2022-01-25,-9842974410,2022-01-25
2022-02-07,W,202202W1,202202,2022-01-26,17625.0,2022-01-26 13:44:58,17797.0,2022-02-07 08:45:00,0.975886524822695,gap_up,-45.400000000001455,17842.4,17650.0,2022-02-07 08:45:05,200.0,202.0,17882.0,232.0,28.44036,29.44136,26.43836,ok,947.0,2022-01-26,442.0,2022-01-26,-626.0,2022-01-26,-41790.0,2022-01-26,-107376.0,2022-01-26,-15106669013,2022-01-26,1732530481,2022-01-26,-4759118312,2022-01-26
2022-02-09,W,202202W2,202202,2022-02-08,17942.0,2022-02-08 13:44:59,18068.0,2022-02-09 08:45:00,0.7022628469512875,gap_up,-3.5600000000013097,18071.56,17900.0,2022-02-09 08:45:07,164.0,166.0,18146.0,246.0,78.47108,79.47207999999999,76.46907999999999,ok,726.0,2022-02-08,369.0,2022-02-08,-514.0,2022-02-08,64362.0,2022-02-08,-64584.0,2022-02-08,-2537861585,2022-02-08,4260829616,2022-02-08,-1195159258,2022-02-08
2022-02-16,M,202202,202202,2022-02-15,17953.0,2022-02-15 13:44:59,18184.0,2022-02-16 08:45:00,1.2866930318052694,gap_up,-2.8100000000013097,18186.81,18000.0,2022-02-16 08:45:03,199.0,201.0,18206.0,206.0,3.43488,4.43588,1.4328799999999997,ok,4754.0,2022-02-15,-208.0,2022-02-15,-2526.0,2022-02-15,-145523.0,2022-02-15,91007.0,2022-02-15,-16236332088,2022-02-15,1988983119,2022-02-15,-3996747003,2022-02-15
2022-02-23,W,202202W4,202203,2022-02-22,17878.0,2022-02-22 13:44:59,17954.0,2022-02-23 08:45:00,0.4251034791363687,gap_up,-64.29000000000087,18018.29,17850.0,2022-02-23 08:45:31,142.0,144.0,18077.0,227.0,81.49445999999999,82.49546,79.49246,ok,-319.0,2022-02-22,-966.0,2022-02-22,588.0,2022-02-22,-286489.0,2022-02-22,110019.0,2022-02-22,-38663878489,2022-02-22,3951367350,2022-02-22,-9391171898,2022-02-22
2022-03-02,W,202203W1,202203,2022-03-01,17911.0,2022-03-01 13:44:59,17788.0,2022-03-02 08:45:00,-0.6867288258612025,gap_down,-4.25,17792.25,17600.0,2022-03-02 08:46:07,229.0,231.0,17897.0,297.0,64.41106,65.41206,62.40906,ok,2279.0,2022-03-01,644.0,2022-03-01,-1102.0,2022-03-01,-248367.0,2022-03-01,342716.0,2022-03-01,6331902089,2022-03-01,3604784535,2022-03-01,5093159347,2022-03-01
2022-03-09,W,202203W2,202203,2022-03-08,16702.0,2022-03-08 13:44:59,16890.0,2022-03-09 08:45:00,1.1256136989582086,gap_up,-89.25,16979.25,16800.0,2022-03-09 08:45:14,151.0,153.0,17026.0,226.0,71.50648,72.50748,69.50448,ok,3613.0,2022-03-08,-2431.0,2022-03-08,-243.0,2022-03-08,-1014092.0,2022-03-08,514150.0,2022-03-08,-46119068234,2022-03-08,4682772840,2022-03-08,-12163752666,2022-03-08
2022-03-16,M,202203,202203,2022-03-15,16882.0,2022-03-15 13:45:00,17080.0,2022-03-16 08:45:00,1.1728468190972634,gap_up,-27.06000000000131,17107.06,16950.0,2022-03-16 08:45:01,144.0,146.0,16937.0,0.0,-146.646,-145.645,-148.648,ok,-3168.0,2022-03-15,-820.0,2022-03-15,549.0,2022-03-15,-644646.0,2022-03-15,609166.0,2022-03-15,-53831032424,2022-03-15,1665485125,2022-03-15,-6691417776,2022-03-15
2022-03-23,W,202203W4,202204,2022-03-22,17520.0,2022-03-22 13:44:59,17644.0,2022-03-23 08:45:00,0.7077625570776256,gap_up,-39.70999999999913,17683.71,17500.0,2022-03-23 08:45:03,160.0,162.0,17706.0,206.0,42.48388,43.48488,40.48188,ok,1399.0,2022-03-22,-58.0,2022-03-22,-369.0,2022-03-22,-332887.0,2022-03-22,637525.0,2022-03-22,-354204030,2022-03-22,1723064856,2022-03-22,207599435,2022-03-22
2022-03-30,W,202203W5,202204,2022-03-29,17545.0,2022-03-29 13:44:59,17671.0,2022-03-30 08:45:00,0.7181533200341977,gap_up,-11.659999999999854,17682.66,17500.0,2022-03-30 08:45:12,190.0,192.0,17759.0,259.0,65.45282,66.45382,63.45082,ok,3119.0,2022-03-29,170.0,2022-03-29,-382.0,2022-03-29,-307043.0,2022-03-29,573906.0,2022-03-29,-8311779544,2022-03-29,1340263805,2022-03-29,-244039276,2022-03-29
2022-04-06,W,202204W1,202204,2022-04-01,17554.0,2022-04-01 13:44:59,17439.0,2022-04-06 08:45:00,-0.6551213398655578,gap_down,-70.59000000000015,17509.59,17350.0,2022-04-06 08:46:17,96.0,98.0,17513.0,163.0,63.55174,64.55274,61.54974,ok,2984.0,2022-04-01,-281.0,2022-04-01,-565.0,2022-04-01,-276709.0,2022-04-01,542021.0,2022-04-01,-10781004405,2022-04-01,966450630,2022-04-01,-134363894,2022-04-01
2022-04-13,W,202204W2,202204,2022-04-12,16999.0,2022-04-12 13:44:59,17080.0,2022-04-13 08:45:00,0.4764986175657392,gap_up,7.0900000000001455,17072.91,16900.0,2022-04-13 08:45:12,192.0,194.0,17311.0,411.0,215.45978,216.46078,213.45778,ok,-1440.0,2022-04-12,-91.0,2022-04-12,331.0,2022-04-12,-542649.0,2022-04-12,521214.0,2022-04-12,-10172870254,2022-04-12,-44737545,2022-04-12,-2897865346,2022-04-12
2022-04-20,M,202204,202204,2022-04-19,17000.0,2022-04-19 13:44:59,17071.0,2022-04-20 08:45:00,0.4176470588235294,gap_up,23.599999999998545,17047.4,16900.0,2022-04-20 08:45:01,180.0,182.0,17125.0,225.0,41.4755,42.4765,39.4735,ok,-302.0,2022-04-19,305.0,2022-04-19,76.0,2022-04-19,-489858.0,2022-04-19,489972.0,2022-04-19,2125026537,2022-04-19,849494795,2022-04-19,715406048,2022-04-19
2022-04-27,W,202204W4,202205,2022-04-26,16586.0,2022-04-26 13:44:59,16221.0,2022-04-27 08:45:00,-2.200651151573616,gap_down,-69.79000000000087,16290.79,16150.0,2022-04-27 08:47:43,160.0,162.0,16304.0,154.0,-9.48808,-8.487079999999999,-11.49008,ok,-1015.0,2022-04-26,-510.0,2022-04-26,315.0,2022-04-26,-458561.0,2022-04-26,328497.0,2022-04-26,-14398723155,2022-04-26,1099068700,2022-04-26,-4928651393,2022-04-26
2022-05-04,W,202205W1,202205,2022-05-03,16470.0,2022-05-03 13:44:59,16505.0,2022-05-04 08:45:00,0.2125075895567698,gap_up,-24.90000000000145,16529.9,16350.0,2022-05-04 08:45:50,185.0,187.0,16541.0,191.0,2.48218,3.48318,0.4801799999999999,ok,-4202.0,2022-05-03,277.0,2022-05-03,1604.0,2022-05-03,-503415.0,2022-05-03,477780.0,2022-05-03,441251717,2022-05-03,1605653361,2022-05-03,-1398772837,2022-05-03
2022-05-11,W,202205W2,202205,2022-05-10,16039.0,2022-05-10 13:44:59,15989.0,2022-05-11 08:45:00,-0.3117401334247771,gap_down,-39.70000000000073,16028.7,15850.0,2022-05-11 08:48:57,160.0,162.0,16028.0,178.0,14.51744,15.518439999999998,12.51544,ok,-4721.0,2022-05-10,-854.0,2022-05-10,1596.0,2022-05-10,-779887.0,2022-05-10,506082.0,2022-05-10,-1610732552,2022-05-10,220392318,2022-05-10,1055184159,2022-05-10
2022-05-18,M,202205,202205,2022-05-17,16075.0,2022-05-17 13:45:00,16180.0,2022-05-18 08:45:00,0.6531881804043546,gap_up,19.90999999999985,16160.09,16000.0,2022-05-18 08:45:01,185.0,187.0,16302.0,302.0,113.48696,114.48796,111.48496,ok,2631.0,2022-05-17,336.0,2022-05-17,-1100.0,2022-05-17,-596343.0,2022-05-17,696777.0,2022-05-17,-858260781,2022-05-17,-335658679,2022-05-17,1428714164,2022-05-17
2022-05-25,W,202205W4,202206,2022-05-24,15926.0,2022-05-24 13:45:00,15996.0,2022-05-25 08:45:00,0.4395328393821424,gap_up,-26.6299999999992,16022.63,15850.0,2022-05-25 08:45:11,186.0,188.0,16155.0,305.0,115.4889,116.4899,113.4869,ok,976.0,2022-05-24,-722.0,2022-05-24,-880.0,2022-05-24,-456332.0,2022-05-24,618761.0,2022-05-24,-7833935851,2022-05-24,1767192053,2022-05-24,-3185813736,2022-05-24
2022-06-01,W,202206W1,202206,2022-05-31,16682.0,2022-05-31 13:45:00,16647.0,2022-06-01 08:45:00,-0.2098069775806258,gap_down,-124.77000000000044,16771.77,16600.0,2022-06-01 08:45:01,99.0,101.0,16717.0,117.0,14.56466,15.565659999999998,12.56266,ok,999.0,2022-05-31,3011.0,2022-05-31,-1759.0,2022-05-31,-267069.0,2022-05-31,684280.0,2022-05-31,23257740213,2022-05-31,1368166313,2022-05-31,-1022631570,2022-05-31
2022-06-08,W,202206W2,202206,2022-06-07,16462.0,2022-06-07 13:44:59,16560.0,2022-06-08 08:45:00,0.5953104118576115,gap_up,-51.88000000000102,16611.88,16450.0,2022-06-08 08:45:12,143.0,145.0,16659.0,209.0,62.52182,63.52282,60.51982,ok,-1911.0,2022-06-07,-411.0,2022-06-07,-69.0,2022-06-07,-327448.0,2022-06-07,378115.0,2022-06-07,-15921612560,2022-06-07,1656445518,2022-06-07,2048035613,2022-06-07
2022-06-15,M,202206,202206,2022-06-14,16055.0,2022-06-14 13:44:59,16052.0,2022-06-15 08:45:00,-0.0186857676736219,gap_down,-1.3700000000008004,16053.37,15900.0,2022-06-15 08:45:09,156.0,158.0,16061.0,161.0,1.52078,2.52178,-0.4812200000000001,ok,-2717.0,2022-06-14,-231.0,2022-06-14,714.0,2022-06-14,-355423.0,2022-06-14,236000.0,2022-06-14,-23692289661,2022-06-14,-1877162666,2022-06-14,1793683646,2022-06-14
2022-06-22,W,202206W4,202207,2022-06-21,15334.0,2022-06-21 13:44:59,15316.0,2022-06-22 08:45:00,-0.1173862005999739,gap_down,-373.6399999999994,15689.64,15550.0,2022-06-22 08:45:54,135.0,137.0,15388.0,0.0,-137.637,-136.636,-139.639,ok,-4211.0,2022-06-21,3335.0,2022-06-21,-1803.0,2022-06-21,-391538.0,2022-06-21,163488.0,2022-06-21,18079196119,2022-06-21,143459672,2022-06-21,8040560996,2022-06-21
2022-06-29,W,202206W5,202207,2022-06-28,15192.0,2022-06-28 13:44:59,15020.0,2022-06-29 08:45:00,-1.1321748288572933,gap_down,-260.9200000000001,15280.92,15150.0,2022-06-29 08:45:18,124.0,126.0,15261.0,111.0,-16.43122,-15.43022,-18.43322,ok,-876.0,2022-06-28,547.0,2022-06-28,-690.0,2022-06-28,-482704.0,2022-06-28,41040.0,2022-06-28,-9976289763,2022-06-28,1055842586,2022-06-28,5642997045,2022-06-28
2022-07-06,W,202207W1,202207,2022-07-05,14231.0,2022-07-05 13:45:00,14213.0,2022-07-06 08:45:00,-0.1264844353875342,gap_down,-116.20000000000071,14329.2,14200.0,2022-07-06 08:45:01,140.0,142.0,14015.0,0.0,-142.642,-141.641,-144.644,ok,-1021.0,2022-07-05,-1337.0,2022-07-05,-9.0,2022-07-05,-904475.0,2022-07-05,127018.0,2022-07-05,-72568537,2022-07-05,2001012578,2022-07-05,4434418580,2022-07-05
2022-07-13,W,202207W2,202207,2022-07-12,13914.0,2022-07-12 13:45:00,14240.0,2022-07-13 08:45:00,2.342963921230416,gap_up,-42.6200000000008,14282.62,14150.0,2022-07-13 08:45:05,155.0,157.0,14384.0,234.0,75.55532000000001,76.55632,73.55332,ok,4800.0,2022-07-12,-2148.0,2022-07-12,-233.0,2022-07-12,-1133721.0,2022-07-12,439164.0,2022-07-12,-9679357448,2022-07-12,491807964,2022-07-12,-4768071731,2022-07-12
2022-07-20,M,202207,202207,2022-07-19,14678.0,2022-07-19 13:44:59,14845.0,2022-07-20 08:45:00,1.137757187627742,gap_up,-14.079999999999927,14859.08,14700.0,2022-07-20 08:45:01,155.0,157.0,14713.0,13.0,-145.45126000000002,-144.45026,-147.45326,ok,2778.0,2022-07-19,-167.0,2022-07-19,-1928.0,2022-07-19,-388784.0,2022-07-19,198051.0,2022-07-19,-2243730479,2022-07-19,85205420,2022-07-19,296848995,2022-07-19
2022-07-27,W,202207W4,202208,2022-07-26,14705.0,2022-07-26 13:44:59,14670.0,2022-07-27 08:45:00,-0.2380142808568514,gap_down,-99.78000000000064,14769.78,14600.0,2022-07-27 08:45:02,184.0,186.0,14887.0,287.0,99.51626,100.51726,97.51426,ok,-1165.0,2022-07-26,-354.0,2022-07-26,-780.0,2022-07-26,-210876.0,2022-07-26,97112.0,2022-07-26,-2675972255,2022-07-26,1019737998,2022-07-26,-2638843768,2022-07-26
2022-08-03,W,202208W1,202208,2022-08-02,14643.0,2022-08-02 13:44:59,14627.0,2022-08-03 08:45:00,-0.1092672266612033,gap_down,-94.22999999999956,14721.23,14550.0,2022-08-03 08:45:24,156.0,158.0,14707.0,157.0,-2.45214,-1.45114,-4.454140000000001,ok,2220.0,2022-08-02,-588.0,2022-08-02,-1395.0,2022-08-02,-329235.0,2022-08-02,210585.0,2022-08-02,-19674553747,2022-08-02,1346390865,2022-08-02,-2134628699,2022-08-02
2022-08-10,W,202208W2,202208,2022-08-09,15016.0,2022-08-09 13:44:59,14874.0,2022-08-10 08:45:00,-0.9456579648375066,gap_down,-42.280000000000655,14916.28,14750.0,2022-08-10 08:45:07,150.0,152.0,14945.0,195.0,41.5491,42.55009999999999,39.54709999999999,ok,3181.0,2022-08-09,-93.0,2022-08-09,-1034.0,2022-08-09,-158071.0,2022-08-09,243615.0,2022-08-09,-3948430082,2022-08-09,1240294614,2022-08-09,1502663327,2022-08-09
2022-08-17,M,202208,202208,2022-08-16,15422.0,2022-08-16 13:45:00,15404.0,2022-08-17 08:45:00,-0.1167163791985475,gap_down,-15.569999999999707,15419.57,15250.0,2022-08-17 08:46:33,166.0,168.0,15452.0,202.0,32.52296,33.523959999999995,30.52096,ok,263.0,2022-08-16,622.0,2022-08-16,-1194.0,2022-08-16,71852.0,2022-08-16,183607.0,2022-08-16,-5637068892,2022-08-16,4112241985,2022-08-16,-1792653626,2022-08-16
2022-08-24,W,202208W4,202209,2022-08-23,15028.0,2022-08-23 13:44:59,15080.0,2022-08-24 08:45:00,0.3460207612456747,gap_up,-57.88999999999942,15137.89,15000.0,2022-08-24 08:45:05,138.0,140.0,15097.0,97.0,-44.44194,-43.440940000000005,-46.443940000000005,ok,-3060.0,2022-08-23,-336.0,2022-08-23,661.0,2022-08-23,-337455.0,2022-08-23,287890.0,2022-08-23,-16757080774,2022-08-23,348929652,2022-08-23,-2537908087,2022-08-23
2022-08-31,W,202208W5,202209,2022-08-30,14948.0,2022-08-30 13:44:59,14849.0,2022-08-31 08:45:00,-0.6622959593256623,gap_down,-17.6299999999992,14866.63,14700.0,2022-08-31 08:45:01,200.0,202.0,15078.0,378.0,174.49644,175.49744,172.49444,ok,3405.0,2022-08-30,34.0,2022-08-30,-1076.0,2022-08-30,-355523.0,2022-08-30,318369.0,2022-08-30,-18492733242,2022-08-30,1500983956,2022-08-30,-997043075,2022-08-30
2022-09-07,W,202209W1,202209,2022-09-06,14634.0,2022-09-06 13:44:59,14445.0,2022-09-07 08:45:00,-1.2915129151291511,gap_down,-47.20000000000073,14492.2,14350.0,,,,14416.0,66.0,,,,no_fill,-1025.0,2022-09-06,-147.0,2022-09-06,-46.0,2022-09-06,-438198.0,2022-09-06,457979.0,2022-09-06,-66672251,2022-09-06,910399786,2022-09-06,-1228986067,2022-09-06
2022-09-14,W,202209W2,202209,2022-09-13,14875.0,2022-09-13 13:44:59,14458.0,2022-09-14 08:45:00,-2.803361344537815,gap_down,-24.40999999999985,14482.41,14350.0,2022-09-14 08:45:04,158.0,160.0,14667.0,317.0,155.54666,156.54766,153.54466,ok,2689.0,2022-09-13,138.0,2022-09-13,-887.0,2022-09-13,-499866.0,2022-09-13,748253.0,2022-09-13,8483361132,2022-09-13,1428437540,2022-09-13,1396569963,2022-09-13
2022-09-21,M,202209,202209,2022-09-20,14561.0,2022-09-20 13:44:59,14476.0,2022-09-21 08:45:00,-0.5837511159947806,gap_down,2.700000000000728,14473.3,14350.0,2022-09-21 08:45:18,147.0,149.0,14402.0,52.0,-98.43704,-97.43604,-100.43904,ok,4418.0,2022-09-20,177.0,2022-09-20,-817.0,2022-09-20,-643517.0,2022-09-20,754440.0,2022-09-20,3244212152,2022-09-20,885819278,2022-09-20,1083349717,2022-09-20
2022-09-28,W,202209W4,202210,2022-09-27,13818.0,2022-09-27 13:44:59,13796.0,2022-09-28 08:45:00,-0.1592126212187002,gap_down,-16.590000000000146,13812.59,13650.0,2022-09-28 08:45:54,172.0,174.0,13502.0,0.0,-174.674,-173.673,-176.676,ok,-738.0,2022-09-27,114.0,2022-09-27,389.0,2022-09-27,-539381.0,2022-09-27,415388.0,2022-09-27,-6341673639,2022-09-27,1759970506,2022-09-27,-188581708,2022-09-27
2022-10-05,W,202210W1,202210,2022-10-04,13597.0,2022-10-04 13:44:59,13740.0,2022-10-05 08:45:00,1.0517025814517909,gap_up,9.479999999999563,13730.52,13600.0,2022-10-05 08:45:05,146.0,148.0,13823.0,223.0,73.57554,74.57654,71.57354,ok,-1127.0,2022-10-04,1232.0,2022-10-04,601.0,2022-10-04,-619412.0,2022-10-04,470721.0,2022-10-04,6173523554,2022-10-04,1338117493,2022-10-04,3429069766,2022-10-04
2022-10-12,W,202210W2,202210,2022-10-11,13091.0,2022-10-11 13:44:59,13049.0,2022-10-12 08:45:00,-0.3208311053395463,gap_down,-7.030000000000655,13056.03,12950.0,,,,13090.0,140.0,,,,no_fill,2203.0,2022-10-11,-1886.0,2022-10-11,111.0,2022-10-11,-688935.0,2022-10-11,434008.0,2022-10-11,-34163873995,2022-10-11,1792934824,2022-10-11,-6166453749,2022-10-11
2022-10-19,M,202210,202210,2022-10-18,13103.0,2022-10-18 13:44:59,13125.0,2022-10-19 08:45:00,0.1679004808059223,gap_up,-4.680000000000291,13129.68,13000.0,2022-10-19 08:45:01,138.0,140.0,12999.0,0.0,-140.64,-139.639,-142.642,ok,3381.0,2022-10-18,-2035.0,2022-10-18,-1480.0,2022-10-18,-491139.0,2022-10-18,530144.0,2022-10-18,-3685265253,2022-10-18,-1937035962,2022-10-18,3211538841,2022-10-18
2022-10-26,W,202210W4,202211,2022-10-25,12682.0,2022-10-25 13:44:59,12722.0,2022-10-26 08:45:00,0.315407664406245,gap_up,31.8799999999992,12690.12,12550.0,2022-10-26 08:45:54,180.0,182.0,12741.0,191.0,7.563179999999999,8.564179999999999,5.56118,ok,479.0,2022-10-25,-768.0,2022-10-25,-1082.0,2022-10-25,-700635.0,2022-10-25,793192.0,2022-10-25,-10340778818,2022-10-25,300781075,2022-10-25,5926387110,2022-10-25
2022-11-02,W,202211W1,202211,2022-11-01,13031.0,2022-11-01 13:44:59,13033.0,2022-11-02 08:45:00,0.0153480162688972,gap_up,-3.209999999999127,13036.21,12900.0,2022-11-02 08:45:01,135.0,137.0,13087.0,187.0,48.60126,49.60226,46.59926,ok,-2692.0,2022-11-01,259.0,2022-11-01,-98.0,2022-11-01,-488623.0,2022-11-01,512496.0,2022-11-01,-995918137,2022-11-01,322907113,2022-11-01,2363156121,2022-11-01
2022-11-09,W,202211W2,202211,2022-11-08,13334.0,2022-11-08 13:44:59,13467.0,2022-11-09 08:45:00,0.9974501274936252,gap_up,-13.760000000000218,13480.76,13350.0,2022-11-09 08:45:09,100.0,102.0,13615.0,265.0,161.6257,162.6267,159.6237,ok,107.0,2022-11-08,491.0,2022-11-08,-1549.0,2022-11-08,-385567.0,2022-11-08,404916.0,2022-11-08,9000255037,2022-11-08,1418664787,2022-11-08,-847441360,2022-11-08
2022-11-16,M,202211,202211,2022-11-15,14530.0,2022-11-15 13:44:59,14620.0,2022-11-16 08:45:00,0.6194081211286993,gap_up,2.6900000000005093,14617.31,14450.0,2022-11-16 08:46:20,182.0,184.0,14499.0,49.0,-136.47398,-135.47298,-138.47598000000002,ok,-2799.0,2022-11-15,-368.0,2022-11-15,4000.0,2022-11-15,636864.0,2022-11-15,-451897.0,2022-11-15,34799715143,2022-11-15,1069738015,2022-11-15,-6197555538,2022-11-15
2022-11-23,W,202211W4,202212,2022-11-22,14505.0,2022-11-22 13:44:59,14615.0,2022-11-23 08:45:00,0.7583591864874182,gap_up,-48.20000000000073,14663.2,14500.0,2022-11-23 08:45:04,143.0,145.0,14621.0,121.0,-25.43742,-24.43642,-27.43942,ok,-685.0,2022-11-22,575.0,2022-11-22,12.0,2022-11-22,471863.0,2022-11-22,-217126.0,2022-11-22,583783830,2022-11-22,-931470880,2022-11-22,-1079782234,2022-11-22
2022-11-30,W,202211W5,202212,2022-11-29,14658.0,2022-11-29 13:44:59,14640.0,2022-11-30 08:45:00,-0.1227998362668849,gap_down,-46.63999999999942,14686.64,14550.0,2022-11-30 08:45:01,143.0,145.0,14831.0,281.0,134.55838,135.55938,132.55638000000002,ok,1978.0,2022-11-29,201.0,2022-11-29,-1145.0,2022-11-29,571051.0,2022-11-29,-341828.0,2022-11-29,8343219127,2022-11-29,-991409765,2022-11-29,1678263663,2022-11-29
2022-12-07,W,202212W1,202212,2022-12-06,14675.0,2022-12-06 13:44:59,14603.0,2022-12-07 08:45:00,-0.4906303236797274,gap_down,-39.8799999999992,14642.88,14500.0,2022-12-07 08:47:12,188.0,190.0,14669.0,169.0,-22.48338,-21.48238,-24.48538,ok,-1484.0,2022-12-06,-618.0,2022-12-06,-461.0,2022-12-06,547164.0,2022-12-06,-481400.0,2022-12-06,-13141497280,2022-12-06,59856061,2022-12-06,-4132067682,2022-12-06
2022-12-14,W,202212W2,202212,2022-12-13,14519.0,2022-12-13 13:44:59,14609.0,2022-12-14 08:45:00,0.6198774020249328,gap_up,0.0400000000008731,14608.96,14450.0,2022-12-14 08:46:21,195.0,197.0,14725.0,275.0,76.5085,77.5095,74.5065,ok,-4052.0,2022-12-13,-116.0,2022-12-13,1046.0,2022-12-13,442022.0,2022-12-13,-342178.0,2022-12-13,-10248855336,2022-12-13,337191415,2022-12-13,-2324805722,2022-12-13
2022-12-21,M,202212,202212,2022-12-20,14154.0,2022-12-20 13:45:00,14210.0,2022-12-21 08:45:00,0.3956478733926805,gap_up,-31.03000000000065,14241.03,14100.0,2022-12-21 08:45:03,126.0,128.0,14219.0,119.0,-10.41238,-9.41138,-12.41438,ok,692.0,2022-12-20,-1262.0,2022-12-20,122.0,2022-12-20,282022.0,2022-12-20,-186998.0,2022-12-20,-10766915960,2022-12-20,-454748708,2022-12-20,-6662511420,2022-12-20
2022-12-28,W,202212W4,202301,2022-12-27,14303.0,2022-12-27 13:44:59,14190.0,2022-12-28 08:45:00,-0.7900440467034888,gap_down,-26.43000000000029,14216.43,14050.0,2022-12-28 08:47:48,163.0,165.0,14130.0,80.0,-86.44760000000001,-85.4466,-88.4496,ok,127.0,2022-12-27,441.0,2022-12-27,-128.0,2022-12-27,263957.0,2022-12-27,-176342.0,2022-12-27,3680650069,2022-12-27,1174635780,2022-12-27,-464482798,2022-12-27
