date,slot,fut_open,fut_pre,o2e_pct
2017-05-17,09:00,9993.0,9998.0,0.0500350245171699
2017-05-17,09:30,9993.0,10001.0,0.08005603922744964
2017-05-17,10:00,9993.0,9997.0,0.04002801961373592
2017-05-17,10:30,9993.0,9998.0,0.0500350245171699
2017-05-17,11:00,9993.0,9992.0,-0.01000700490343398
2017-05-17,11:30,9993.0,9983.0,-0.1000700490343287
2017-05-17,12:00,9993.0,9979.0,-0.14009806864805352
2017-05-17,12:30,9993.0,9977.0,-0.16011207845492148
2017-05-17,13:00,9993.0,9994.0,0.01000700490343398
2017-05-24,09:00,10007.0,10002.0,-0.049965024482856446
2017-05-24,09:30,10007.0,10010.0,0.029979014689707206
2017-05-24,10:00,10007.0,10009.0,0.019986009793138138
2017-05-24,10:30,10007.0,10017.0,0.09993004896571289
2017-05-24,11:00,10007.0,10025.0,0.17987408813830985
2017-05-24,11:30,10007.0,10026.0,0.18986709303487892
2017-05-24,12:00,10007.0,10027.0,0.199860097931448
2017-05-24,12:30,10007.0,10024.0,0.16988108324174078
2017-05-24,13:00,10007.0,10025.0,0.17987408813830985
2017-05-31,09:00,10085.0,10090.0,0.04957858205254517
2017-05-31,09:30,10085.0,10095.0,0.09915716410511255
2017-05-31,10:00,10085.0,10091.0,0.05949429846305865
2017-05-31,10:30,10085.0,10060.0,-0.24789291026277027
2017-05-31,11:00,10085.0,10063.0,-0.21814576103122985
2017-05-31,11:30,10085.0,10056.0,-0.28755577590481307
2017-05-31,12:00,10085.0,10041.0,-0.4362915220624708
2017-05-31,12:30,10085.0,10043.0,-0.41646008924144384
2017-05-31,13:00,10085.0,10046.0,-0.3867129400099145
2017-06-07,09:00,10180.0,10189.0,0.08840864440078366
2017-06-07,09:30,10180.0,10217.0,0.3634577603143452
2017-06-07,10:00,10180.0,10210.0,0.29469548133596035
2017-06-07,10:30,10180.0,10201.0,0.2062868369351767
2017-06-07,11:00,10180.0,10168.0,-0.11787819253438192
2017-06-07,11:30,10180.0,10183.0,0.029469548133587153
2017-06-07,12:00,10180.0,10189.0,0.08840864440078366
2017-06-07,12:30,10180.0,10190.0,0.09823182711199419
2017-06-07,13:00,10180.0,10195.0,0.14734774066798018
2017-06-14,09:00,10161.0,10152.0,-0.08857395925597755
2017-06-14,09:30,10161.0,10133.0,-0.2755634287963771
2017-06-14,10:00,10161.0,10117.0,-0.43302824525145445
2017-06-14,10:30,10161.0,10061.0,-0.9841551028442086
2017-06-14,11:00,10161.0,10054.0,-1.0530459600432973
2017-06-14,11:30,10161.0,10055.0,-1.043204409014864
2017-06-14,12:00,10161.0,10054.0,-1.0530459600432973
2017-06-14,12:30,10161.0,10051.0,-1.0825706131286306
2017-06-14,13:00,10161.0,10042.0,-1.1711445723846081
2017-06-21,09:00,10273.0,10297.0,0.2336221162269947
2017-06-21,09:30,10273.0,10296.0,0.2238878613842088
2017-06-21,10:00,10273.0,10315.0,0.4088387033972518
2017-06-21,10:30,10273.0,10324.0,0.4964469969823915
2017-06-21,11:00,10273.0,10300.0,0.2628248807553746
2017-06-21,11:30,10273.0,10307.0,0.33096466465492025
2017-06-21,12:00,10273.0,10312.0,0.3796359388688719
2017-06-21,12:30,10273.0,10322.0,0.4769784872967975
2017-06-21,13:00,10273.0,10345.0,0.7008663486810063
2017-06-28,09:00,10303.0,10320.0,0.16500048529555222
2017-06-28,09:30,10303.0,10326.0,0.2232359506939785
2017-06-28,10:00,10303.0,10318.0,0.1455886634960768
2017-06-28,10:30,10303.0,10273.0,-0.2911773269921425
2017-06-28,11:00,10303.0,10265.0,-0.3688246141900442
2017-06-28,11:30,10303.0,10288.0,-0.1455886634960657
2017-06-28,12:00,10303.0,10279.0,-0.2329418615937051
2017-06-28,12:30,10303.0,10272.0,-0.3008832378918802
2017-06-28,13:00,10303.0,10274.0,-0.2814714160924048
2017-07-05,09:00,10215.0,10240.0,0.24473813020069457
2017-07-05,09:30,10215.0,10234.0,0.18600097895251633
2017-07-05,10:00,10215.0,10180.0,-0.34263338228095463
2017-07-05,10:30,10215.0,10233.0,0.17621145374449032
2017-07-05,11:00,10215.0,10245.0,0.2936857562408246
2017-07-05,11:30,10215.0,10263.0,0.4698972099853149
2017-07-05,12:00,10215.0,10258.0,0.4209495839451849
2017-07-05,12:30,10215.0,10265.0,0.48947626040136694
2017-07-05,13:00,10215.0,10269.0,0.528634361233471
2017-07-12,09:00,10346.0,10338.0,-0.0773245698820757
2017-07-12,09:30,10346.0,10358.0,0.11598685482312465
2017-07-12,10:00,10346.0,10343.0,-0.028996713705775612
2017-07-12,10:30,10346.0,10355.0,0.08699014111734904
2017-07-12,11:00,10346.0,10357.0,0.10632128358785131
2017-07-12,11:30,10346.0,10360.0,0.13531799729364913
2017-07-12,12:00,10346.0,10348.0,0.019331142470524476
2017-07-12,12:30,10346.0,10354.0,0.0773245698820757
2017-07-12,13:00,10346.0,10354.0,0.0773245698820757
2017-07-19,09:00,10479.0,10477.0,-0.01908579062888105
2017-07-19,09:30,10479.0,10491.0,0.1145147437732641
2017-07-19,10:00,10479.0,10525.0,0.4389731844641753
2017-07-19,10:30,10479.0,10535.0,0.5344021376085584
2017-07-19,11:00,10479.0,10535.0,0.5344021376085584
2017-07-19,11:30,10479.0,10536.0,0.5439450329229878
2017-07-19,12:00,10479.0,10524.0,0.4294302891497237
2017-07-19,12:30,10479.0,10499.0,0.1908579062887661
2017-07-19,13:00,10479.0,10498.0,0.18131501097433667
2017-07-26,09:00,10386.0,10382.0,-0.03851338340072896
2017-07-26,09:30,10386.0,10416.0,0.2888503755054783
2017-07-26,10:00,10386.0,10364.0,-0.2118236087040204
2017-07-26,10:30,10386.0,10349.0,-0.35624879645677066
2017-07-26,11:00,10386.0,10353.0,-0.3177354130560417
2017-07-26,11:30,10386.0,10352.0,-0.3273637589062184
2017-07-26,12:00,10386.0,10352.0,-0.3273637589062184
2017-07-26,12:30,10386.0,10344.0,-0.4043905257076874
2017-07-26,13:00,10386.0,10342.0,-0.4236472174080519
2017-08-02,09:00,10420.0,10428.0,0.07677543186179747
2017-08-02,09:30,10420.0,10436.0,0.15355086372361715
2017-08-02,10:00,10420.0,10443.0,0.22072936660268994
2017-08-02,10:30,10420.0,10446.0,0.249520153550864
2017-08-02,11:00,10420.0,10449.0,0.27831094049903804
2017-08-02,11:30,10420.0,10455.0,0.33589251439538614
2017-08-02,12:00,10420.0,10463.0,0.4126679462572058
2017-08-02,12:30,10420.0,10460.0,0.38387715930903177
2017-08-02,13:00,10420.0,10451.0,0.2975047984644874
2017-08-09,09:00,10466.0,10462.0,-0.03821899484043323
2017-08-09,09:30,10466.0,10485.0,0.18154022549206061
2017-08-09,10:00,10466.0,10483.0,0.16243072807184955
2017-08-09,10:30,10466.0,10462.0,-0.03821899484043323
2017-08-09,11:00,10466.0,10453.0,-0.12421173323141632
2017-08-09,11:30,10466.0,10448.0,-0.17198547678196618
2017-08-09,12:00,10466.0,10449.0,-0.16243072807184955
2017-08-09,12:30,10466.0,10455.0,-0.10510223581119416
2017-08-09,13:00,10466.0,10460.0,-0.057328492260655395
2017-08-16,09:00,10277.0,10277.0,0.0
2017-08-16,09:30,10277.0,10297.0,0.1946093217865208
2017-08-16,10:00,10277.0,10312.0,0.3405663131264003
2017-08-16,10:30,10277.0,10302.0,0.2432616522331399
2017-08-16,11:00,10277.0,10305.0,0.27245305050112023
2017-08-16,11:30,10277.0,10305.0,0.27245305050112023
2017-08-16,12:00,10277.0,10312.0,0.3405663131264003
2017-08-16,12:30,10277.0,10268.0,-0.08757419480392992
2017-08-16,13:00,10277.0,10270.0,-0.06811326262528006
2017-08-23,09:00,10401.0,10389.0,-0.11537352177675153
2017-08-23,09:30,10401.0,10386.0,-0.1442169022209394
2017-08-23,10:00,10401.0,10372.0,-0.2788193442938125
2017-08-23,10:30,10401.0,10374.0,-0.25959042399769094
2017-08-23,11:00,10401.0,10375.0,-0.24997596384962462
2017-08-23,11:30,10401.0,10371.0,-0.2884338044418788
2017-08-23,12:00,10401.0,10374.0,-0.25959042399769094
2017-08-23,12:30,10401.0,10378.0,-0.22113258340543673
2017-08-23,13:00,10401.0,10367.0,-0.32689164503413304
2017-08-30,09:00,10508.0,10517.0,0.08564902931100793
2017-08-30,09:30,10508.0,10539.0,0.295013323182336
2017-08-30,10:00,10508.0,10501.0,-0.06661591168632963
2017-08-30,10:30,10508.0,10505.0,-0.02854967643699524
2017-08-30,11:00,10508.0,10508.0,0.0
2017-08-30,11:30,10508.0,10525.0,0.1617814998096767
2017-08-30,12:00,10508.0,10525.0,0.1617814998096767
2017-08-30,12:30,10508.0,10519.0,0.10468214693566402
2017-08-30,13:00,10508.0,10533.0,0.2379139703083455
2017-09-06,09:00,10540.0,10545.0,0.04743833017077925
2017-09-06,09:30,10540.0,10558.0,0.17077798861480087
2017-09-06,10:00,10540.0,10550.0,0.0948766603415585
2017-09-06,10:30,10540.0,10562.0,0.20872865275143315
2017-09-06,11:00,10540.0,10521.0,-0.18026565464895894
2017-09-06,11:30,10540.0,10504.0,-0.34155597722960174
2017-09-06,12:00,10540.0,10516.0,-0.2277039848197382
2017-09-06,12:30,10540.0,10518.0,-0.20872865275142205
2017-09-06,13:00,10540.0,10518.0,-0.20872865275142205
2017-09-13,09:00,10595.0,10580.0,-0.14157621519584884
2017-09-13,09:30,10595.0,10566.0,-0.2737140160453011
2017-09-13,10:00,10595.0,10535.0,-0.5663048607833843
2017-09-13,10:30,10595.0,10533.0,-0.5851816894761663
2017-09-13,11:00,10595.0,10530.0,-0.6134969325153339
2017-09-13,11:30,10595.0,10535.0,-0.5663048607833843
2017-09-13,12:00,10595.0,10547.0,-0.4530438886267141
2017-09-13,12:30,10595.0,10539.0,-0.5285512033978312
2017-09-13,13:00,10595.0,10527.0,-0.6418121755545014
2017-09-20,09:00,10572.0,10556.0,-0.1513431706394286
2017-09-20,09:30,10572.0,10529.0,-0.40673477109345324
2017-09-20,10:00,10572.0,10541.0,-0.2932273931138818
2017-09-20,10:30,10572.0,10548.0,-0.2270147559591429
2017-09-20,11:00,10572.0,10542.0,-0.2837684449489175
2017-09-20,11:30,10572.0,10535.0,-0.3499810821036675
2017-09-20,12:00,10572.0,10512.0,-0.5675368898978461
2017-09-20,12:30,10572.0,10503.0,-0.6526674233825247
2017-09-20,13:00,10572.0,10497.0,-0.7094211123722993
2017-09-27,09:00,10300.0,10305.0,0.04854368932039055
2017-09-27,09:30,10300.0,10313.0,0.12621359223301543
2017-09-27,10:00,10300.0,10331.0,0.3009708737863992
2017-09-27,10:30,10300.0,10335.0,0.33980582524271163
2017-09-27,11:00,10300.0,10333.0,0.3203883495145554
2017-09-27,11:30,10300.0,10332.0,0.3106796116504773
2017-09-27,12:00,10300.0,10330.0,0.2912621359223211
2017-09-27,12:30,10300.0,10320.0,0.1941747572815622
2017-09-27,13:00,10300.0,10322.0,0.2135922330097184
2017-10-05,09:00,10460.0,10448.0,-0.11472275334607485
2017-10-05,09:30,10460.0,10494.0,0.32504780114723797
2017-10-05,10:00,10460.0,10500.0,0.3824091778202643
2017-10-05,10:30,10460.0,10511.0,0.48757170172084585
2017-10-05,11:00,10460.0,10512.0,0.49713193116633914
2017-10-05,11:30,10460.0,10513.0,0.5066921606118546
2017-10-05,12:00,10460.0,10514.0,0.5162523900573701
2017-10-05,12:30,10460.0,10516.0,0.5353728489483789
2017-10-05,13:00,10460.0,10510.0,0.47801147227533036
2017-10-11,09:00,10556.0,10582.0,0.24630541871921707
2017-10-11,09:30,10556.0,10625.0,0.6536566881394368
2017-10-11,10:00,10556.0,10639.0,0.786282682834405
2017-10-11,10:30,10556.0,10637.0,0.7673361121637079
2017-10-11,11:00,10556.0,10631.0,0.7104964001515723
2017-10-11,11:30,10556.0,10584.0,0.2652519893899141
2017-10-11,12:00,10556.0,10607.0,0.4831375521030745
2017-10-11,12:30,10556.0,10618.0,0.5873436907919638
2017-10-11,13:00,10556.0,10624.0,0.6441834028040994
2017-10-18,09:00,10745.0,10768.0,0.2140530479292746
2017-10-18,09:30,10745.0,10750.0,0.04653327128896212
2017-10-18,10:00,10745.0,10711.0,-0.31642624476501124
2017-10-18,10:30,10745.0,10728.0,-0.15821312238250007
2017-10-18,11:00,10745.0,10705.0,-0.37226617031177467
2017-10-18,11:30,10745.0,10692.0,-0.4932526756631028
2017-10-18,12:00,10745.0,10703.0,-0.3908794788273662
2017-10-18,12:30,10745.0,10708.0,-0.34434620753839296
2017-10-18,13:00,10745.0,10706.0,-0.36295951605397336
2017-10-25,09:00,10769.0,10758.0,-0.10214504596527396
2017-10-25,09:30,10769.0,10776.0,0.06500139288698747
2017-10-25,10:00,10769.0,10737.0,-0.2971492246262475
2017-10-25,10:30,10769.0,10746.0,-0.21357600520011122
2017-10-25,11:00,10769.0,10740.0,-0.2692914848175354
2017-10-25,11:30,10769.0,10744.0,-0.2321478317392489
2017-10-25,12:00,10769.0,10742.0,-0.2507196582783866
2017-10-25,12:30,10769.0,10740.0,-0.2692914848175354
2017-10-25,13:00,10769.0,10742.0,-0.2507196582783866
2017-11-01,09:00,10820.0,10823.0,0.027726432532348966
2017-11-01,09:30,10820.0,10790.0,-0.27726432532347856
2017-11-01,10:00,10820.0,10811.0,-0.0831792975970469
2017-11-01,10:30,10820.0,10805.0,-0.13863216266173373
2017-11-01,11:00,10820.0,10794.0,-0.24029574861368364
2017-11-01,11:30,10820.0,10797.0,-0.21256931608133467
2017-11-01,12:00,10820.0,10780.0,-0.3696857670979714
2017-11-01,12:30,10820.0,10781.0,-0.36044362292051435
2017-11-01,13:00,10820.0,10790.0,-0.27726432532347856
2017-11-08,09:00,10810.0,10808.0,-0.01850138760407516
2017-11-08,09:30,10810.0,10808.0,-0.01850138760407516
2017-11-08,10:00,10810.0,10811.0,0.00925069380204313
2017-11-08,10:30,10810.0,10821.0,0.10175763182238562
2017-11-08,11:00,10810.0,10814.0,0.03700277520815032
2017-11-08,11:30,10810.0,10809.0,-0.009250693802032028
2017-11-08,12:00,10810.0,10811.0,0.00925069380204313
2017-11-08,12:30,10810.0,10808.0,-0.01850138760407516
2017-11-08,13:00,10810.0,10807.0,-0.027752081406107187
2017-11-15,09:00,10645.0,10648.0,0.028182245185526256
2017-11-15,09:30,10645.0,10649.0,0.03757632691403501
2017-11-15,10:00,10645.0,10647.0,0.018788163457017504
2017-11-15,10:30,10645.0,10636.0,-0.08454673555660097
2017-11-15,11:00,10645.0,10629.0,-0.15030530765617334
2017-11-15,11:30,10645.0,10622.0,-0.2160638797557568
2017-11-15,12:00,10645.0,10606.0,-0.36636918741193014
2017-11-15,12:30,10645.0,10622.0,-0.2160638797557568
2017-11-15,13:00,10645.0,10624.0,-0.1972757162987282
2017-11-22,09:00,10825.0,10827.0,0.018475750577362504
2017-11-22,09:30,10825.0,10823.0,-0.018475750577362504
2017-11-22,10:00,10825.0,10842.0,0.1570438799076257
2017-11-22,10:30,10825.0,10863.0,0.3510392609699764
2017-11-22,11:00,10825.0,10860.0,0.32332563510393264
2017-11-22,11:30,10825.0,10852.0,0.24942263279446042
2017-11-22,12:00,10825.0,10859.0,0.3140877598152514
2017-11-22,12:30,10825.0,10847.0,0.20323325635103195
2017-11-22,13:00,10825.0,10826.0,0.009237875288681252
2017-11-29,09:00,10747.0,10737.0,-0.09304922303898788
2017-11-29,09:30,10747.0,10753.0,0.05582953382339273
2017-11-29,10:00,10747.0,10726.0,-0.19540336838187455
2017-11-29,10:30,10747.0,10734.0,-0.12096398995068425
2017-11-29,11:00,10747.0,10725.0,-0.20470829068577334
2017-11-29,11:30,10747.0,10716.0,-0.28845259142086244
2017-11-29,12:00,10747.0,10725.0,-0.20470829068577334
2017-11-29,12:30,10747.0,10720.0,-0.2512329022052673
2017-11-29,13:00,10747.0,10714.0,-0.30706243602866
2017-12-06,09:00,10540.0,10545.0,0.04743833017077925
2017-12-06,09:30,10540.0,10525.0,-0.14231499051233776
2017-12-06,10:00,10540.0,10530.0,-0.0948766603415585
2017-12-06,10:30,10540.0,10487.0,-0.5028462998102445
2017-12-06,11:00,10540.0,10462.0,-0.7400379506641408
2017-12-06,11:30,10540.0,10471.0,-0.6546489563567404
2017-12-06,12:00,10540.0,10437.0,-0.977229601518026
2017-12-06,12:30,10540.0,10395.0,-1.375711574952565
2017-12-06,13:00,10540.0,10394.0,-1.385199240986712
2017-12-13,09:00,10433.0,10426.0,-0.06709479536087803
2017-12-13,09:30,10433.0,10456.0,0.2204543276143056
2017-12-13,10:00,10433.0,10434.0,0.009584970765841305
2017-12-13,10:30,10433.0,10453.0,0.1916994153167817
2017-12-13,11:00,10433.0,10463.0,0.28754912297517254
2017-12-13,11:30,10433.0,10451.0,0.17252947378509909
2017-12-13,12:00,10433.0,10451.0,0.17252947378509909
2017-12-13,12:30,10433.0,10452.0,0.1821144445509404
2017-12-13,13:00,10433.0,10440.0,0.06709479536086693
2017-12-20,09:00,10457.0,10475.0,0.1721334990915091
2017-12-20,09:30,10457.0,10475.0,0.1721334990915091
2017-12-20,10:00,10457.0,10484.0,0.25820024863727475
2017-12-20,10:30,10457.0,10483.0,0.24863727646553535
2017-12-20,11:00,10457.0,10491.0,0.3251410538395394
2017-12-20,11:30,10457.0,10492.0,0.3347040260112788
2017-12-20,12:00,10457.0,10500.0,0.41120780338528284
2017-12-20,12:30,10457.0,10500.0,0.41120780338528284
2017-12-20,13:00,10457.0,10484.0,0.25820024863727475
2017-12-27,09:00,10398.0,10400.0,0.01923446816696206
2017-12-27,09:30,10398.0,10458.0,0.577034045008662
2017-12-27,10:00,10398.0,10441.0,0.41354106558952886
2017-12-27,10:30,10398.0,10457.0,0.5674168109251809
2017-12-27,11:00,10398.0,10456.0,0.5577995768416999
2017-12-27,11:30,10398.0,10464.0,0.6347374495095259
2017-12-27,12:00,10398.0,10479.0,0.7789959607616748
2017-12-27,12:30,10398.0,10463.0,0.6251202154260449
2017-12-27,13:00,10398.0,10467.0,0.6635891517599468
2018-01-03,09:00,10748.0,10748.0,0.0
2018-01-03,09:30,10748.0,10783.0,0.32564197990323507
2018-01-03,10:00,10748.0,10782.0,0.31633792333456423
2018-01-03,10:30,10748.0,10786.0,0.3535541496092254
2018-01-03,11:00,10748.0,10779.0,0.2884257536285739
2018-01-03,11:30,10748.0,10784.0,0.3349460364719059
2018-01-03,12:00,10748.0,10787.0,0.3628582061778962
2018-01-03,12:30,10748.0,10786.0,0.3535541496092254
2018-01-03,13:00,10748.0,10784.0,0.3349460364719059
2018-01-10,09:00,10885.0,10893.0,0.0734956361966077
2018-01-10,09:30,10885.0,10874.0,-0.10105649977032449
2018-01-10,10:00,10885.0,10864.0,-0.19292604501607302
2018-01-10,10:30,10885.0,10869.0,-0.1469912723932043
2018-01-10,11:00,10885.0,10838.0,-0.43178686265502586
2018-01-10,11:30,10885.0,10824.0,-0.5604042259990782
2018-01-10,12:00,10885.0,10835.0,-0.45934772622875375
2018-01-10,12:30,10885.0,10831.0,-0.4960955443270576
2018-01-10,13:00,10885.0,10821.0,-0.5879650895728061
2018-01-17,09:00,10955.0,10954.0,-0.009128251939749532
2018-01-17,09:30,10955.0,10965.0,0.09128251939753973
2018-01-17,10:00,10955.0,10961.0,0.0547695116385194
2018-01-17,10:30,10955.0,10983.0,0.2555910543130979
2018-01-17,11:00,10955.0,10991.0,0.3286170698311164
2018-01-17,11:30,10955.0,10979.0,0.2190780465540776
2018-01-17,12:00,10955.0,10975.0,0.18256503879507946
2018-01-17,12:30,10955.0,10973.0,0.1643085349155582
2018-01-17,13:00,10955.0,11009.0,0.4929256047466968
2018-01-24,09:00,11199.0,11179.0,-0.17858737387266288
2018-01-24,09:30,11199.0,11142.0,-0.5089740155371003
2018-01-24,10:00,11199.0,11132.0,-0.5982677024734318
2018-01-24,10:30,11199.0,11122.0,-0.6875613894097632
2018-01-24,11:00,11199.0,11105.0,-0.8393606572015377
2018-01-24,11:30,11199.0,11129.0,-0.6250558085543312
2018-01-24,12:00,11199.0,11130.0,-0.616126439860698
2018-01-24,12:30,11199.0,11104.0,-0.8482900258951709
2018-01-24,13:00,11199.0,11115.0,-0.7500669702652063
2018-01-31,09:00,11050.0,11050.0,0.0
2018-01-31,09:30,11050.0,11051.0,0.009049773755664958
2018-01-31,10:00,11050.0,11070.0,0.18099547511312153
2018-01-31,10:30,11050.0,11061.0,0.09954751131222572
2018-01-31,11:00,11050.0,11074.0,0.21719457013573695
2018-01-31,11:30,11050.0,11099.0,0.44343891402713886
2018-01-31,12:00,11050.0,11114.0,0.57918552036198
2018-01-31,12:30,11050.0,11111.0,0.5520361990950295
2018-01-31,13:00,11050.0,11119.0,0.6244343891402604
2018-02-07,09:00,10600.0,10591.0,-0.08490566037735459
2018-02-07,09:30,10600.0,10582.0,-0.16981132075472027
2018-02-07,10:00,10600.0,10623.0,0.21698113207546665
2018-02-07,10:30,10600.0,10627.0,0.25471698113208596
2018-02-07,11:00,10600.0,10571.0,-0.2735849056603734
2018-02-07,11:30,10600.0,10564.0,-0.33962264150942945
2018-02-07,12:00,10600.0,10582.0,-0.16981132075472027
2018-02-07,12:30,10600.0,10581.0,-0.17924528301886955
2018-02-07,13:00,10600.0,10566.0,-0.3207547169811309
2018-02-21,09:00,10630.0,10633.0,0.02822201317027595
2018-02-21,09:30,10630.0,10617.0,-0.12229539040451431
2018-02-21,10:00,10630.0,10646.0,0.15051740357479026
2018-02-21,10:30,10630.0,10679.0,0.4609595484477813
2018-02-21,11:00,10630.0,10694.0,0.6020696142991611
2018-02-21,11:30,10630.0,10692.0,0.5832549388522956
2018-02-21,12:00,10630.0,10687.0,0.5362182502351764
2018-02-21,12:30,10630.0,10688.0,0.5456255879586092
2018-02-21,13:00,10630.0,10705.0,0.7055503292568099
2018-03-01,09:00,10604.0,10671.0,0.6318370426254161
2018-03-01,09:30,10604.0,10689.0,0.8015843078083673
2018-03-01,10:00,10604.0,10726.0,1.1505092417955387
2018-03-01,10:30,10604.0,10740.0,1.2825348924933921
2018-03-01,11:00,10604.0,10760.0,1.4711429649189034
2018-03-01,11:30,10604.0,10760.0,1.4711429649189034
2018-03-01,12:00,10604.0,10759.0,1.4617125612976345
2018-03-01,12:30,10604.0,10758.0,1.4522821576763434
2018-03-01,13:00,10604.0,10772.0,1.5843078083741968
2018-03-07,09:00,10712.0,10723.0,0.1026885735623706
2018-03-07,09:30,10712.0,10769.0,0.5321135175504033
2018-03-07,10:00,10712.0,10812.0,0.933532486930555
2018-03-07,10:30,10712.0,10774.0,0.5787901418969454
2018-03-07,11:00,10712.0,10777.0,0.6067961165048485
2018-03-07,11:30,10712.0,10757.0,0.4200896191187464
2018-03-07,12:00,10712.0,10746.0,0.3174010455563758
2018-03-07,12:30,10712.0,10731.0,0.17737117251679368
2018-03-07,13:00,10712.0,10745.0,0.3080657206870896
2018-03-14,09:00,11048.0,11048.0,0.0
2018-03-14,09:30,11048.0,11051.0,0.027154236060833448
2018-03-14,10:00,11048.0,11041.0,-0.0633598841419225
2018-03-14,10:30,11048.0,11055.0,0.0633598841419225
2018-03-14,11:00,11048.0,11027.0,-0.19007965242577862
2018-03-14,11:30,11048.0,11012.0,-0.32585083272990145
2018-03-14,12:00,11048.0,11020.0,-0.25343953656770113
2018-03-14,12:30,11048.0,11022.0,-0.2353367125271566
2018-03-14,13:00,11048.0,11035.0,-0.1176683562635783
2018-03-21,09:00,11030.0,11040.0,0.09066183136898776
2018-03-21,09:30,11030.0,11064.0,0.3082502266545717
2018-03-21,10:00,11030.0,11017.0,-0.11786038077968852
2018-03-21,10:30,11030.0,11034.0,0.036264732547608425
2018-03-21,11:00,11030.0,11046.0,0.1450589301903893
2018-03-21,11:30,11030.0,11045.0,0.13599274705349274
2018-03-21,12:00,11030.0,11039.0,0.0815956482320912
2018-03-21,12:30,11030.0,11039.0,0.0815956482320912
2018-03-21,13:00,11030.0,11053.0,0.20852221214868738
2018-03-28,09:00,10879.0,10889.0,0.09192021325490352
2018-03-28,09:30,10879.0,10872.0,-0.06434414927842802
2018-03-28,10:00,10879.0,10902.0,0.21141649048626032
2018-03-28,10:30,10879.0,10881.0,0.018384042650976262
2018-03-28,11:00,10879.0,10871.0,-0.07353617060391615
2018-03-28,11:30,10879.0,10857.0,-0.2022244691607722
2018-03-28,12:00,10879.0,10845.0,-0.31252872506664087
2018-03-28,12:30,10879.0,10860.0,-0.1746484051842967
2018-03-28,13:00,10879.0,10852.0,-0.24818457578821285
2018-04-09,09:00,10838.0,10889.0,0.4705665251891533
2018-04-09,09:30,10838.0,10850.0,0.11072153533862039
2018-04-09,10:00,10838.0,10836.0,-0.018453589223099698
2018-04-09,10:30,10838.0,10833.0,-0.04613397305776035
2018-04-09,11:00,10838.0,10843.0,0.046133973057749245
2018-04-09,11:30,10838.0,10880.0,0.3875253736851825
2018-04-09,12:00,10838.0,10894.0,0.5167004982469026
2018-04-09,12:30,10838.0,10892.0,0.49824690902380286
2018-04-09,13:00,10838.0,10897.0,0.5443808820815743
2018-04-11,09:00,10959.0,10971.0,0.10949904188337634
2018-04-11,09:30,10959.0,10993.0,0.31024728533626256
2018-04-11,10:00,10959.0,10970.0,0.10037412172643201
2018-04-11,10:30,10959.0,10965.0,0.05474952094168817
2018-04-11,11:00,10959.0,10978.0,0.17337348298203104
2018-04-11,11:30,10959.0,10980.0,0.1916233232959197
2018-04-11,12:00,10959.0,10970.0,0.10037412172643201
2018-04-11,12:30,10959.0,10969.0,0.09124920156948768
2018-04-11,13:00,10959.0,10972.0,0.11862396204034287
2018-04-18,09:00,10849.0,10849.0,0.0
2018-04-18,09:30,10849.0,10895.0,0.4240022121854592
2018-04-18,10:00,10849.0,10875.0,0.2396534242787407
2018-04-18,10:30,10849.0,10846.0,-0.027652318186011104
2018-04-18,11:00,10849.0,10842.0,-0.06452207576734814
2018-04-18,11:30,10849.0,10826.0,-0.2120011060927296
2018-04-18,12:00,10849.0,10819.0,-0.27652318186007774
2018-04-18,12:30,10849.0,10829.0,-0.1843487879067185
2018-04-18,13:00,10849.0,10839.0,-0.09217439395335925
2018-04-25,09:00,10487.0,10491.0,0.038142462095924756
2018-04-25,09:30,10487.0,10510.0,0.21931915705157845
2018-04-25,10:00,10487.0,10503.0,0.15256984838372123
2018-04-25,10:30,10487.0,10494.0,0.06674930866787943
2018-04-25,11:00,10487.0,10520.0,0.31467531229141255
2018-04-25,11:30,10487.0,10543.0,0.533994469342991
2018-04-25,12:00,10487.0,10524.0,0.3528177743873373
2018-04-25,12:30,10487.0,10546.0,0.5626013159149457
2018-04-25,13:00,10487.0,10554.0,0.6388862401067952
2018-05-02,09:00,10631.0,10660.0,0.27278713197254056
2018-05-02,09:30,10631.0,10655.0,0.22575486783933396
2018-05-02,10:00,10631.0,10639.0,0.07525162261310392
2018-05-02,10:30,10631.0,10654.0,0.21634841501270152
2018-05-02,11:00,10631.0,10655.0,0.22575486783933396
2018-05-02,11:30,10631.0,10646.0,0.1410967923995754
2018-05-02,12:00,10631.0,10648.0,0.15990969805286248
2018-05-02,12:30,10631.0,10642.0,0.10347098109302344
2018-05-02,13:00,10631.0,10616.0,-0.1410967923995865
2018-05-09,09:00,10685.0,10680.0,-0.04679457182966695
2018-05-09,09:30,10685.0,10713.0,0.2620496022461394
2018-05-09,10:00,10685.0,10687.0,0.01871782873186234
2018-05-09,10:30,10685.0,10700.0,0.14038371548901196
2018-05-09,11:00,10685.0,10707.0,0.20589611605053015
2018-05-09,11:30,10685.0,10714.0,0.27140851661207055
2018-05-09,12:00,10685.0,10713.0,0.2620496022461394
2018-05-09,12:30,10685.0,10702.0,0.1591015442208743
2018-05-09,13:00,10685.0,10706.0,0.19653720168459898
2018-05-16,09:00,10845.0,10860.0,0.13831258644536604
2018-05-16,09:30,10845.0,10902.0,0.5255878284923909
2018-05-16,10:00,10845.0,10875.0,0.2766251728907321
2018-05-16,10:30,10845.0,10885.0,0.36883356385430943
2018-05-16,11:00,10845.0,10882.0,0.3411710465652362
2018-05-16,11:30,10845.0,10882.0,0.3411710465652362
2018-05-16,12:00,10845.0,10890.0,0.4149377593360981
2018-05-16,12:30,10845.0,10895.0,0.4610419548178868
2018-05-16,13:00,10845.0,10881.0,0.3319502074688785
2018-05-23,09:00,10933.0,10964.0,0.2835452300375074
2018-05-23,09:30,10933.0,10918.0,-0.13719930485686094
2018-05-23,10:00,10933.0,10912.0,-0.19207902679959643
2018-05-23,10:30,10933.0,10903.0,-0.2743986097137108
2018-05-23,11:00,10933.0,10888.0,-0.4115979145705717
2018-05-23,11:30,10933.0,10864.0,-0.6311168023415359
2018-05-23,12:00,10933.0,10858.0,-0.6859965242842825
2018-05-23,12:30,10933.0,10876.0,-0.5213573584560538
2018-05-23,13:00,10933.0,10890.0,-0.3933046739229895
2018-05-30,09:00,10833.0,10845.0,0.11077263915812985
2018-05-30,09:30,10833.0,10822.0,-0.10154158589494866
2018-05-30,10:00,10833.0,10816.0,-0.15692790547401358
2018-05-30,10:30,10833.0,10775.0,-0.5354010892642869
2018-05-30,11:00,10833.0,10777.0,-0.5169389827379356
2018-05-30,11:30,10833.0,10786.0,-0.4338595033693382
2018-05-30,12:00,10833.0,10791.0,-0.38770423705344337
2018-05-30,12:30,10833.0,10793.0,-0.3692421305270921
2018-05-30,13:00,10833.0,10799.0,-0.31385581094802717
2018-06-06,09:00,11095.0,11101.0,0.0540784136998651
2018-06-06,09:30,11095.0,11118.0,0.2073005858494792
2018-06-06,10:00,11095.0,11126.0,0.27940513744930673
2018-06-06,10:30,11095.0,11145.0,0.45065344749888325
2018-06-06,11:00,11095.0,11167.0,0.6489409643983812
2018-06-06,11:30,11095.0,11170.0,0.6759801712483027
2018-06-06,12:00,11095.0,11183.0,0.7931500675980141
2018-06-06,12:30,11095.0,11188.0,0.838215412347898
2018-06-06,13:00,11095.0,11194.0,0.8922938260477631
2018-06-13,09:00,11152.0,11146.0,-0.053802008608316854
2018-06-13,09:30,11152.0,11125.0,-0.24210903873744805
2018-06-13,10:00,11152.0,11117.0,-0.31384505021521125
2018-06-13,10:30,11152.0,11126.0,-0.23314203730272487
2018-06-13,11:00,11152.0,11149.0,-0.026901004304158427
2018-06-13,11:30,11152.0,11139.0,-0.11657101865136799
2018-06-13,12:00,11152.0,11146.0,-0.053802008608316854
2018-06-13,12:30,11152.0,11141.0,-0.09863701578192163
2018-06-13,13:00,11152.0,11145.0,-0.06276901004304003
2018-06-20,09:00,10904.0,10899.0,-0.04585473220836134
2018-06-20,09:30,10904.0,10851.0,-0.4860601614086524
2018-06-20,10:00,10904.0,10886.0,-0.16507703595011192
2018-06-20,10:30,10904.0,10899.0,-0.04585473220836134
2018-06-20,11:00,10904.0,10864.0,-0.3668378576669129
2018-06-20,11:30,10904.0,10887.0,-0.15590608950843965
2018-06-20,12:00,10904.0,10904.0,0.0
2018-06-20,12:30,10904.0,10932.0,0.2567865003668457
2018-06-20,13:00,10904.0,10914.0,0.09170946441672267
2018-06-27,09:00,10585.0,10600.0,0.14170996693434468
2018-06-27,09:30,10585.0,10592.0,0.06613131790269566
2018-06-27,10:00,10585.0,10583.0,-0.018894662257906703
2018-06-27,10:30,10585.0,10602.0,0.16060462919225138
2018-06-27,11:00,10585.0,10587.0,0.018894662257906703
2018-06-27,11:30,10585.0,10579.0,-0.05668398677373121
2018-06-27,12:00,10585.0,10560.0,-0.2361832782239004
2018-06-27,12:30,10585.0,10560.0,-0.2361832782239004
2018-06-27,13:00,10585.0,10575.0,-0.09447331128955572
2018-07-04,09:00,10598.0,10610.0,0.11322891111531508
2018-07-04,09:30,10598.0,10631.0,0.3113795055670776
2018-07-04,10:00,10598.0,10607.0,0.08492168333646966
2018-07-04,10:30,10598.0,10601.0,0.02830722777882322
2018-07-04,11:00,10598.0,10616.0,0.16984336667296152
2018-07-04,11:30,10598.0,10596.0,-0.018871485185889547
2018-07-04,12:00,10598.0,10607.0,0.08492168333646966
2018-07-04,12:30,10598.0,10600.0,0.018871485185889547
2018-07-04,13:00,10598.0,10607.0,0.08492168333646966
2018-07-11,09:00,10608.0,10614.0,0.05656108597285048
2018-07-11,09:30,10608.0,10596.0,-0.11312217194570096
2018-07-11,10:00,10608.0,10616.0,0.07541478129713397
2018-07-11,10:30,10608.0,10649.0,0.3865007541478116
2018-07-11,11:00,10608.0,10640.0,0.3016591251885359
2018-07-11,11:30,10608.0,10637.0,0.27337858220211064
2018-07-11,12:00,10608.0,10644.0,0.33936651583710287
2018-07-11,12:30,10608.0,10632.0,0.2262443438914019
2018-07-11,13:00,10608.0,10625.0,0.1602564102564097
2018-07-18,09:00,10829.0,10835.0,0.0554067780958567
2018-07-18,09:30,10829.0,10822.0,-0.06464124111182912
2018-07-18,10:00,10829.0,10827.0,-0.018468926031955935
2018-07-18,10:30,10829.0,10858.0,0.2677994274632889
2018-07-18,11:00,10829.0,10860.0,0.2862683534952337
2018-07-18,11:30,10829.0,10829.0,0.0
2018-07-18,12:00,10829.0,10826.0,-0.02770338904792835
2018-07-18,12:30,10829.0,10799.0,-0.2770338904792724
2018-07-18,13:00,10829.0,10808.0,-0.19392372333548735
2018-07-25,09:00,10860.0,10856.0,-0.036832412523024605
2018-07-25,09:30,10860.0,10871.0,0.10128913443829823
2018-07-25,10:00,10860.0,10881.0,0.1933701657458542
2018-07-25,10:30,10860.0,10879.0,0.17495395948434744
2018-07-25,11:00,10860.0,10883.0,0.21178637200736095
2018-07-25,11:30,10860.0,10882.0,0.20257826887661867
2018-07-25,12:00,10860.0,10872.0,0.11049723756906271
2018-07-25,12:30,10860.0,10871.0,0.10128913443829823
2018-07-25,13:00,10860.0,10876.0,0.14732965009207621
2018-08-01,09:00,11034.0,11027.0,-0.06344027551205
2018-08-01,09:30,11034.0,11015.0,-0.17219503353271826
2018-08-01,10:00,11034.0,11038.0,0.036251586006885717
2018-08-01,10:30,11034.0,11033.0,-0.009062896501721429
2018-08-01,11:00,11034.0,11031.0,-0.027188689505164287
2018-08-01,11:30,11034.0,11035.0,0.009062896501732531
2018-08-01,12:00,11034.0,11038.0,0.036251586006885717
2018-08-01,12:30,11034.0,11045.0,0.09969186151894682
2018-08-01,13:00,11034.0,11049.0,0.13594344752583254
2018-08-08,09:00,11000.0,11013.0,0.11818181818181728
2018-08-08,09:30,11000.0,11050.0,0.454545454545463
2018-08-08,10:00,11000.0,11052.0,0.4727272727272691
2018-08-08,10:30,11000.0,11054.0,0.4909090909090974
2018-08-08,11:00,11000.0,11060.0,0.5454545454545379
2018-08-08,11:30,11000.0,11062.0,0.5636363636363662
2018-08-08,12:00,11000.0,11062.0,0.5636363636363662
2018-08-08,12:30,11000.0,11057.0,0.5181818181818176
2018-08-08,13:00,11000.0,11050.0,0.454545454545463
2018-08-15,09:00,10835.0,10818.0,-0.15689893862482762
2018-08-15,09:30,10835.0,10766.0,-0.6368251038301853
2018-08-15,10:00,10835.0,10767.0,-0.6275957544993105
2018-08-15,10:30,10835.0,10732.0,-0.9506229810798295
2018-08-15,11:00,10835.0,10704.0,-1.209044762344258
2018-08-15,11:30,10835.0,10724.0,-1.0244577757268059
2018-08-15,12:00,10835.0,10722.0,-1.0429164743885555
2018-08-15,12:30,10835.0,10709.0,-1.162898015689895
2018-08-15,13:00,10835.0,10729.0,-0.9783110290724539
2018-08-22,09:00,10752.0,10763.0,0.10230654761904656
2018-08-22,09:30,10752.0,10776.0,0.22321428571427937
2018-08-22,10:00,10752.0,10749.0,-0.027901785714290472
2018-08-22,10:30,10752.0,10778.0,0.24181547619046562
2018-08-22,11:00,10752.0,10769.0,0.1581101190476275
2018-08-22,11:30,10752.0,10776.0,0.22321428571427937
2018-08-22,12:00,10752.0,10792.0,0.37202380952381375
2018-08-22,12:30,10752.0,10783.0,0.28831845238095344
2018-08-22,13:00,10752.0,10773.0,0.1953125
2018-08-29,09:00,10977.0,10988.0,0.10020952901521607
2018-08-29,09:30,10977.0,10997.0,0.18219914366401913
2018-08-29,10:00,10977.0,11022.0,0.4099480732440597
2018-08-29,10:30,10977.0,11031.0,0.49193768789286274
2018-08-29,11:00,10977.0,11040.0,0.573927302541688
2018-08-29,11:30,10977.0,11039.0,0.5648173453584704
2018-08-29,12:00,10977.0,11041.0,0.5830372597248834
2018-08-29,12:30,10977.0,11042.0,0.5921472169080788
2018-08-29,13:00,10977.0,11032.0,0.5010476450760581
2018-09-05,09:00,10973.0,10986.0,0.11847261459947411
2018-09-05,09:30,10973.0,11008.0,0.31896473161396877
2018-09-05,10:00,10973.0,10985.0,0.10935933655336072
2018-09-05,10:30,10973.0,11002.0,0.2642850633372884
2018-09-05,11:00,10973.0,10985.0,0.10935933655336072
2018-09-05,11:30,10973.0,10976.0,0.02733983413834018
2018-09-05,12:00,10973.0,10990.0,0.1549257267839277
2018-09-05,12:30,10973.0,10983.0,0.09113278046113393
2018-09-05,13:00,10973.0,10977.0,0.03645311218445357
2018-09-12,09:00,10762.0,10758.0,-0.03716781267422142
2018-09-12,09:30,10762.0,10726.0,-0.334510314068015
2018-09-12,10:00,10762.0,10713.0,-0.45530570525924574
2018-09-12,10:30,10762.0,10719.0,-0.3995539862479136
2018-09-12,11:00,10762.0,10727.0,-0.32521836089945966
2018-09-12,11:30,10762.0,10706.0,-0.5203493774391332
2018-09-12,12:00,10762.0,10702.0,-0.5575171901133658
2018-09-12,12:30,10762.0,10689.0,-0.6783125813045854
2018-09-12,13:00,10762.0,10710.0,-0.4831815647649118
2018-09-19,09:00,10836.0,10831.0,-0.04614248800295373
2018-09-19,09:30,10836.0,10825.0,-0.10151347360649599
2018-09-19,10:00,10836.0,10840.0,0.0369139904023541
2018-09-19,10:30,10836.0,10857.0,0.19379844961240345
2018-09-19,11:00,10836.0,10852.0,0.14765596160946082
2018-09-19,11:30,10836.0,10849.0,0.11997046880767304
2018-09-19,12:00,10836.0,10857.0,0.19379844961240345
2018-09-19,12:30,10836.0,10856.0,0.18456995201181492
2018-09-19,13:00,10836.0,10860.0,0.22148394241416902
2018-09-26,09:00,10963.0,10961.0,-0.018243181610877457
2018-09-26,09:30,10963.0,10981.0,0.1641886344978527
2018-09-26,10:00,10963.0,10963.0,0.0
2018-09-26,10:30,10963.0,10967.0,0.036486363221754914
2018-09-26,11:00,10963.0,10981.0,0.1641886344978527
2018-09-26,11:30,10963.0,10964.0,0.009121590805438728
2018-09-26,12:00,10963.0,10970.0,0.0638511356380489
2018-09-26,12:30,10963.0,10962.0,-0.009121590805438728
2018-09-26,13:00,10963.0,10964.0,0.009121590805438728
2018-10-03,09:00,10880.0,10888.0,0.07352941176470562
2018-10-03,09:30,10880.0,10881.0,0.009191176470579876
2018-10-03,10:00,10880.0,10888.0,0.07352941176470562
2018-10-03,10:30,10880.0,10906.0,0.23897058823529882
2018-10-03,11:00,10880.0,10890.0,0.09191176470588758
2018-10-03,11:30,10880.0,10884.0,0.03676470588236391
2018-10-03,12:00,10880.0,10863.0,-0.15625000000000222
2018-10-03,12:30,10880.0,10850.0,-0.27573529411765163
2018-10-03,13:00,10880.0,10854.0,-0.23897058823529882
2018-10-11,09:00,10026.0,9990.0,-0.35906642728904536
2018-10-11,09:30,10026.0,9906.0,-1.1968880909634994
2018-10-11,10:00,10026.0,9861.0,-1.645721125074806
2018-10-11,10:30,10026.0,9847.0,-1.7853580690205484
2018-10-11,11:00,10026.0,9808.0,-2.1743466985836846
2018-10-11,11:30,10026.0,9754.0,-2.7129463395172526
2018-10-11,12:00,10026.0,9766.0,-2.5932575304209005
2018-10-11,12:30,10026.0,9758.0,-2.6730500698184723
2018-10-11,13:00,10026.0,9777.0,-2.483542788749249
2018-10-17,09:00,10082.0,10093.0,0.1091053362427985
2018-10-17,09:30,10082.0,10082.0,0.0
2018-10-17,10:00,10082.0,10067.0,-0.1487800039674636
2018-10-17,10:30,10082.0,10088.0,0.059512001586981
2018-10-17,11:00,10082.0,10076.0,-0.0595120015869921
2018-10-17,11:30,10082.0,10057.0,-0.2479666732791097
2018-10-17,12:00,10082.0,10041.0,-0.4066653441777479
2018-10-17,12:30,10082.0,10001.0,-0.8034120214243212
2018-10-17,13:00,10082.0,10012.0,-0.6943066851815116
2018-10-24,09:00,9753.0,9758.0,0.05126627704297171
2018-10-24,09:30,9753.0,9662.0,-0.9330462421818897
2018-10-24,10:00,9753.0,9675.0,-0.7997539218701943
2018-10-24,10:30,9753.0,9684.0,-0.7074746231928608
2018-10-24,11:00,9753.0,9696.0,-0.5844355582897531
2018-10-24,11:30,9753.0,9760.0,0.07177278786014707
2018-10-24,12:00,9753.0,9762.0,0.09227929867732243
2018-10-24,12:30,9753.0,9777.0,0.24607812980621535
2018-10-24,13:00,9753.0,9768.0,0.15379883112889292
2018-10-31,09:00,9595.0,9604.0,0.09379885356957107
2018-10-31,09:30,9595.0,9669.0,0.7712350182386585
2018-10-31,10:00,9595.0,9684.0,0.9275664408546103
2018-10-31,10:30,9595.0,9703.0,1.1255862428348085
2018-10-31,11:00,9595.0,9683.0,0.9171443460135542
2018-10-31,11:30,9595.0,9690.0,0.990099009900991
2018-10-31,12:00,9595.0,9692.0,1.0109431995831253
2018-10-31,12:30,9595.0,9691.0,1.000521104742047
2018-10-31,13:00,9595.0,9700.0,1.094319958311618
2018-11-07,09:00,9785.0,9811.0,0.2657128257536945
2018-11-07,09:30,9785.0,9841.0,0.5723045477772137
2018-11-07,10:00,9785.0,9834.0,0.5007664793050592
2018-11-07,10:30,9785.0,9862.0,0.786918753193655
2018-11-07,11:00,9785.0,9853.0,0.6949412365866214
2018-11-07,11:30,9785.0,9873.0,0.8993357179356121
2018-11-07,12:00,9785.0,9877.0,0.9402146142054146
2018-11-07,12:30,9785.0,9866.0,0.8277976494634576
2018-11-07,13:00,9785.0,9872.0,0.8891159938681614
2018-11-14,09:00,9768.0,9783.0,0.15356265356265553
2018-11-14,09:30,9768.0,9773.0,0.051187551187559244
2018-11-14,10:00,9768.0,9757.0,-0.11261261261261701
2018-11-14,10:30,9768.0,9746.0,-0.22522522522522292
2018-11-14,11:00,9768.0,9764.0,-0.04095004095003851
2018-11-14,11:30,9768.0,9779.0,0.11261261261261701
2018-11-14,12:00,9768.0,9777.0,0.09213759213759776
2018-11-14,12:30,9768.0,9775.0,0.0716625716625785
2018-11-14,13:00,9768.0,9761.0,-0.0716625716625674
2018-11-21,09:00,9661.0,9652.0,-0.09315805817202705
2018-11-21,09:30,9661.0,9674.0,0.13456163958183165
2018-11-21,10:00,9661.0,9686.0,0.25877238381120105
2018-11-21,10:30,9661.0,9709.0,0.4968429769174998
2018-11-21,11:00,9661.0,9721.0,0.6210537211468692
2018-11-21,11:30,9661.0,9728.0,0.6935099886140161
2018-11-21,12:00,9661.0,9717.0,0.5796501397370868
2018-11-21,12:30,9661.0,9721.0,0.6210537211468692
2018-11-21,13:00,9661.0,9756.0,0.9833350584825595
2018-11-28,09:00,9780.0,9765.0,-0.15337423312883347
2018-11-28,09:30,9780.0,9742.0,-0.38854805725971886
2018-11-28,10:00,9780.0,9738.0,-0.4294478527607337
2018-11-28,10:30,9780.0,9779.0,-0.010224948875259265
2018-11-28,11:00,9780.0,9832.0,0.531697341513282
2018-11-28,11:30,9780.0,9826.0,0.4703476482617486
2018-11-28,12:00,9780.0,9827.0,0.48057259713700784
2018-11-28,12:30,9780.0,9825.0,0.4601226993865115
2018-11-28,13:00,9780.0,9849.0,0.7055214723926451
2018-12-05,09:00,9900.0,9901.0,0.010101010101015717
2018-12-05,09:30,9900.0,9903.0,0.030303030303024947
2018-12-05,10:00,9900.0,9934.0,0.34343434343433454
2018-12-05,10:30,9900.0,9915.0,0.15151515151514694
2018-12-05,11:00,9900.0,9914.0,0.14141414141413122
2018-12-05,11:30,9900.0,9916.0,0.16161616161616266
2018-12-05,12:00,9900.0,9897.0,-0.030303030303024947
2018-12-05,12:30,9900.0,9875.0,-0.2525252525252486
2018-12-05,13:00,9900.0,9886.0,-0.14141414141414232
2018-12-12,09:00,9759.0,9769.0,0.10246951531920345
2018-12-12,09:30,9759.0,9738.0,-0.21518598217030727
2018-12-12,10:00,9759.0,9771.0,0.12296341838302638
2018-12-12,10:30,9759.0,9773.0,0.1434573214468715
2018-12-12,11:00,9759.0,9768.0,0.09222256378726978
2018-12-12,11:30,9759.0,9774.0,0.15370427297878297
2018-12-12,12:00,9759.0,9776.0,0.1741981760426281
2018-12-12,12:30,9759.0,9792.0,0.33814940055334475
2018-12-12,13:00,9759.0,9803.0,0.45086586740443746
2018-12-19,09:00,9758.0,9751.0,-0.0717360114777632
2018-12-19,09:30,9758.0,9746.0,-0.12297601967616867
2018-12-19,10:00,9758.0,9759.0,0.010248001639689974
2018-12-19,10:30,9758.0,9759.0,0.010248001639689974
2018-12-19,11:00,9758.0,9757.0,-0.010248001639678872
2018-12-19,11:30,9758.0,9759.0,0.010248001639689974
2018-12-19,12:00,9758.0,9768.0,0.10248001639681092
2018-12-19,12:30,9758.0,9764.0,0.06148800983807323
2018-12-19,13:00,9758.0,9769.0,0.1127280180364787
2018-12-26,09:00,9523.0,9526.0,0.031502677727601736
2018-12-26,09:30,9523.0,9544.0,0.22051874409325656
2018-12-26,10:00,9523.0,9526.0,0.031502677727601736
2018-12-26,10:30,9523.0,9511.0,-0.12601071091042915
2018-12-26,11:00,9523.0,9502.0,-0.22051874409324546
2018-12-26,11:30,9523.0,9514.0,-0.09450803318281631
2018-12-26,12:00,9523.0,9510.0,-0.1365116034863001
2018-12-26,12:30,9523.0,9489.0,-0.35703034757954555
2018-12-26,13:00,9523.0,9466.0,-0.5985508768245329
2019-01-02,09:00,9760.0,9736.0,-0.24590163934425924
2019-01-02,09:30,9760.0,9695.0,-0.6659836065573743
2019-01-02,10:00,9760.0,9588.0,-1.7622950819672134
2019-01-02,10:30,9760.0,9576.0,-1.885245901639343
2019-01-02,11:00,9760.0,9565.0,-1.997950819672134
2019-01-02,11:30,9760.0,9538.0,-2.2745901639344313
2019-01-02,12:00,9760.0,9543.0,-2.223360655737705
2019-01-02,12:30,9760.0,9521.0,-2.448770491803276
2019-01-02,13:00,9760.0,9527.0,-2.387295081967211
2019-01-09,09:00,9608.0,9615.0,0.0728559533721862
2019-01-09,09:30,9608.0,9661.0,0.5516236469608637
2019-01-09,10:00,9608.0,9707.0,1.0303913405495413
2019-01-09,10:30,9608.0,9718.0,1.1448792672772656
2019-01-09,11:00,9608.0,9735.0,1.3218151540383083
2019-01-09,11:30,9608.0,9727.0,1.238551207327232
2019-01-09,12:00,9608.0,9742.0,1.3946711074104945
2019-01-09,12:30,9608.0,9747.0,1.4467110741049227
2019-01-09,13:00,9608.0,9740.0,1.3738551207327143
2019-01-16,09:00,9781.0,9778.0,-0.030671710459051482
2019-01-16,09:30,9781.0,9771.0,-0.10223903486351604
2019-01-16,10:00,9781.0,9787.0,0.061343420918102964
2019-01-16,10:30,9781.0,9801.0,0.20447806972703209
2019-01-16,11:00,9781.0,9784.0,0.030671710459051482
2019-01-16,11:30,9781.0,9784.0,0.030671710459051482
2019-01-16,12:00,9781.0,9779.0,-0.020447806972700988
2019-01-16,12:30,9781.0,9778.0,-0.030671710459051482
2019-01-16,13:00,9781.0,9796.0,0.1533585522952574
2019-01-23,09:00,9830.0,9824.0,-0.06103763987792554
2019-01-23,09:30,9830.0,9833.0,0.03051881993896277
2019-01-23,10:00,9830.0,9843.0,0.13224821973549794
2019-01-23,10:30,9830.0,9841.0,0.11190233977620423
2019-01-23,11:00,9830.0,9828.0,-0.020345879959304813
2019-01-23,11:30,9830.0,9826.0,-0.04069175991862073
2019-01-23,12:00,9830.0,9819.0,-0.11190233977619313
2019-01-23,12:30,9830.0,9824.0,-0.06103763987792554
2019-01-23,13:00,9830.0,9820.0,-0.10172939979654627
2019-01-30,09:00,9925.0,9912.0,-0.13098236775818117
2019-01-30,09:30,9925.0,9899.0,-0.26196473551637345
2019-01-30,10:00,9925.0,9909.0,-0.16120906801007084
2019-01-30,10:30,9925.0,9920.0,-0.05037783375314575
2019-01-30,11:00,9925.0,9917.0,-0.08060453400503542
2019-01-30,11:30,9925.0,9952.0,0.27204030226699594
2019-01-30,12:00,9925.0,9948.0,0.23173803526448378
2019-01-30,12:30,9925.0,9929.0,0.04030226700251216
2019-01-30,13:00,9925.0,9924.0,-0.010075566750633591
2019-02-11,09:00,10010.0,10034.0,0.23976023976024496
2019-02-11,09:30,10010.0,9985.0,-0.24975024975024684
2019-02-11,10:00,10010.0,9989.0,-0.20979020979020602
2019-02-11,10:30,10010.0,9986.0,-0.23976023976024496
2019-02-11,11:00,10010.0,10025.0,0.14985014985013922
2019-02-11,11:30,10010.0,10018.0,0.07992007992008165
2019-02-11,12:00,10010.0,10013.0,0.029970029970027845
2019-02-11,12:30,10010.0,10012.0,0.019980019980025965
2019-02-11,13:00,10010.0,10007.0,-0.029970029970027845
2019-02-13,09:00,10125.0,10113.0,-0.1185185185185178
2019-02-13,09:30,10125.0,10071.0,-0.5333333333333301
2019-02-13,10:00,10125.0,10090.0,-0.34567901234567877
2019-02-13,10:30,10125.0,10063.0,-0.6123456790123494
2019-02-13,11:00,10125.0,10061.0,-0.6320987654320986
2019-02-13,11:30,10125.0,10082.0,-0.42469135802468694
2019-02-13,12:00,10125.0,10077.0,-0.4740740740740712
2019-02-13,12:30,10125.0,10077.0,-0.4740740740740712
2019-02-13,13:00,10125.0,10081.0,-0.4345679012345727
2019-02-20,09:00,10183.0,10199.0,0.15712461946382206
2019-02-20,09:30,10183.0,10236.0,0.5204753019738773
2019-02-20,10:00,10183.0,10252.0,0.6775999214376993
2019-02-20,10:30,10183.0,10246.0,0.618678189138766
2019-02-20,11:00,10183.0,10227.0,0.43209270352548845
2019-02-20,11:30,10183.0,10226.0,0.42227241480898847
2019-02-20,12:00,10183.0,10224.0,0.4026318373760107
2019-02-20,12:30,10183.0,10234.0,0.5008347245408995
2019-02-20,13:00,10183.0,10251.0,0.6677796327211993
2019-02-27,09:00,10375.0,10377.0,0.01927710843372399
2019-02-27,09:30,10375.0,10337.0,-0.3662650602409667
2019-02-27,10:00,10375.0,10356.0,-0.1831325301204778
2019-02-27,10:30,10375.0,10363.0,-0.11566265060241054
2019-02-27,11:00,10375.0,10355.0,-0.1927710843373509
2019-02-27,11:30,10375.0,10346.0,-0.27951807228915326
2019-02-27,12:00,10375.0,10349.0,-0.2506024096385562
2019-02-27,12:30,10375.0,10352.0,-0.221686746987948
2019-02-27,13:00,10375.0,10364.0,-0.10602409638553745
2019-03-06,09:00,10283.0,10302.0,0.18477098123115265
2019-03-06,09:30,10283.0,10302.0,0.18477098123115265
2019-03-06,10:00,10283.0,10309.0,0.25284450063212116
2019-03-06,10:30,10283.0,10321.0,0.3695419624623275
2019-03-06,11:00,10283.0,10312.0,0.28201886608967275
2019-03-06,11:30,10283.0,10324.0,0.3987163279198569
2019-03-06,12:00,10283.0,10320.0,0.3598171739764622
2019-03-06,12:30,10283.0,10320.0,0.3598171739764622
2019-03-06,13:00,10283.0,10314.0,0.301468443061359
2019-03-13,09:00,10325.0,10328.0,0.029055690072632423
2019-03-13,09:30,10325.0,10329.0,0.038740920096858034
2019-03-13,10:00,10325.0,10327.0,0.019370460048429017
2019-03-13,10:30,10325.0,10311.0,-0.1355932203389809
2019-03-13,11:00,10325.0,10328.0,0.029055690072632423
2019-03-13,11:30,10325.0,10339.0,0.1355932203389809
2019-03-13,12:00,10325.0,10342.0,0.16464891041161334
2019-03-13,12:30,10325.0,10353.0,0.2711864406779618
2019-03-13,13:00,10325.0,10347.0,0.21307506053269698
2019-03-20,09:00,10493.0,10509.0,0.15248260745259756
2019-03-20,09:30,10493.0,10523.0,0.2859048889735982
2019-03-20,10:00,10493.0,10504.0,0.10483179262366082
2019-03-20,10:30,10493.0,10510.0,0.1620127704183849
2019-03-20,11:00,10493.0,10529.0,0.3430858667683223
2019-03-20,11:30,10493.0,10513.0,0.19060325931572475
2019-03-20,12:00,10493.0,10525.0,0.3049652149051729
2019-03-20,12:30,10493.0,10520.0,0.2573144000762362
2019-03-20,13:00,10493.0,10532.0,0.37167635566568435
2019-03-27,09:00,10506.0,10495.0,-0.10470207500475892
2019-03-27,09:30,10506.0,10496.0,-0.09518370454978387
2019-03-27,10:00,10506.0,10501.0,-0.04759185227488638
2019-03-27,10:30,10506.0,10504.0,-0.019036740909961214
2019-03-27,11:00,10506.0,10518.0,0.11422044545974508
2019-03-27,11:30,10506.0,10517.0,0.10470207500477002
2019-03-27,12:00,10506.0,10526.0,0.19036740909956773
2019-03-27,12:30,10506.0,10532.0,0.24747763182944027
2019-03-27,13:00,10506.0,10521.0,0.14277555682467025
2019-04-03,09:00,10688.0,10712.0,0.22455089820359042
2019-04-03,09:30,10688.0,10687.0,-0.009356287425155152
2019-04-03,10:00,10688.0,10684.0,-0.037425149700598404
2019-04-03,10:30,10688.0,10694.0,0.05613772455090871
2019-04-03,11:00,10688.0,10684.0,-0.037425149700598404
2019-04-03,11:30,10688.0,10689.0,0.009356287425155152
2019-04-03,12:00,10688.0,10698.0,0.09356287425150711
2019-04-03,12:30,10688.0,10695.0,0.06549401197604166
2019-04-03,13:00,10688.0,10707.0,0.17776946107783687
2019-04-10,09:00,10820.0,10822.0,0.01848428835489191
2019-04-10,09:30,10820.0,10832.0,0.11090573012939586
2019-04-10,10:00,10820.0,10824.0,0.03696857670980602
2019-04-10,10:30,10820.0,10826.0,0.05545286506469793
2019-04-10,11:00,10820.0,10825.0,0.046210720887240875
2019-04-10,11:30,10820.0,10830.0,0.09242144177448175
2019-04-10,12:00,10820.0,10835.0,0.13863216266174483
2019-04-10,12:30,10820.0,10842.0,0.2033271719038776
2019-04-10,13:00,10820.0,10855.0,0.32347504621073053
2019-04-17,09:00,10954.0,10963.0,0.08216176739090919
2019-04-17,09:30,10954.0,10964.0,0.0912908526565559
2019-04-17,10:00,10954.0,10984.0,0.2738725579696899
2019-04-17,10:30,10954.0,10981.0,0.24648530217272757
2019-04-17,11:00,10954.0,10990.0,0.32864706956363676
2019-04-17,11:30,10954.0,10989.0,0.31951798429796785
2019-04-17,12:00,10954.0,10999.0,0.41080883695454595
2019-04-17,12:30,10954.0,10983.0,0.2647434727040432
2019-04-17,13:00,10954.0,10989.0,0.31951798429796785
2019-04-24,09:00,11050.0,11052.0,0.018099547511307712
2019-04-24,09:30,11050.0,11043.0,-0.0633484162895881
2019-04-24,10:00,11050.0,11027.0,-0.2081447963800942
2019-04-24,10:30,11050.0,11009.0,-0.3710407239818969
2019-04-24,11:00,11050.0,11011.0,-0.3529411764705892
2019-04-24,11:30,11050.0,11002.0,-0.4343891402714961
2019-04-24,12:00,11050.0,10991.0,-0.5339366515837107
2019-04-24,12:30,11050.0,10982.0,-0.6153846153846176
2019-04-24,13:00,11050.0,10979.0,-0.6425339366515792
2019-05-02,09:00,10947.0,10972.0,0.22837307024756726
2019-05-02,09:30,10947.0,11026.0,0.7216589019822806
2019-05-02,10:00,10947.0,10992.0,0.4110715264455944
2019-05-02,10:30,10947.0,10969.0,0.20096830181783876
2019-05-02,11:00,10947.0,10977.0,0.27404768429706294
2019-05-02,11:30,10947.0,10983.0,0.32885722115647553
2019-05-02,12:00,10947.0,10978.0,0.28318260710697984
2019-05-02,12:30,10947.0,10978.0,0.28318260710697984
2019-05-02,13:00,10947.0,10985.0,0.34712706677628713
2019-05-08,09:00,10849.0,10876.0,0.24887086367406663
2019-05-08,09:30,10849.0,10906.0,0.5253940455341555
2019-05-08,10:00,10849.0,10907.0,0.5346114849294814
2019-05-08,10:30,10849.0,10922.0,0.6728730758595258
2019-05-08,11:00,10849.0,10933.0,0.7742649092082221
2019-05-08,11:30,10849.0,10930.0,0.7466125910222221
2019-05-08,12:00,10849.0,10917.0,0.6267858788828518
2019-05-08,12:30,10849.0,10916.0,0.6175684394875036
2019-05-08,13:00,10849.0,10914.0,0.5991335606968295
2019-05-15,09:00,10539.0,10533.0,-0.0569313976658159
2019-05-15,09:30,10539.0,10559.0,0.18977132555271226
2019-05-15,10:00,10539.0,10579.0,0.3795426511054245
2019-05-15,10:30,10539.0,10582.0,0.4080083499383269
2019-05-15,11:00,10539.0,10590.0,0.48391688015940737
2019-05-15,11:30,10539.0,10592.0,0.502894012714683
2019-05-15,12:00,10539.0,10599.0,0.5693139766581368
2019-05-15,12:30,10539.0,10602.0,0.5977796754910392
2019-05-15,13:00,10539.0,10599.0,0.5693139766581368
2019-05-22,09:00,10471.0,10464.0,-0.06685130360042368
2019-05-22,09:30,10471.0,10498.0,0.2578550281730596
2019-05-22,10:00,10471.0,10494.0,0.2196542832585191
2019-05-22,10:30,10471.0,10492.0,0.20055391080127105
2019-05-22,11:00,10471.0,10495.0,0.22920446948715423
2019-05-22,11:30,10471.0,10488.0,0.16235316588673054
2019-05-22,12:00,10471.0,10500.0,0.27695540063030766
2019-05-22,12:30,10471.0,10496.0,0.23875465571578935
2019-05-22,13:00,10471.0,10490.0,0.1814535383440008
2019-05-29,09:00,10220.0,10241.0,0.205479452054802
2019-05-29,09:30,10220.0,10272.0,0.5088062622309097
2019-05-29,10:00,10220.0,10266.0,0.45009784735812186
2019-05-29,10:30,10220.0,10287.0,0.6555772994129239
2019-05-29,11:00,10220.0,10285.0,0.6360078277886538
2019-05-29,11:30,10220.0,10281.0,0.5968688845401138
2019-05-29,12:00,10220.0,10279.0,0.5772994129158437
2019-05-29,12:30,10220.0,10280.0,0.5870841487279899
2019-05-29,13:00,10220.0,10282.0,0.6066536203522599
2019-06-05,09:00,10495.0,10496.0,0.009528346831833012
2019-06-05,09:30,10495.0,10484.0,-0.10481181515007432
2019-06-05,10:00,10495.0,10470.0,-0.23820867079561436
2019-06-05,10:30,10495.0,10476.0,-0.1810385898046718
2019-06-05,11:00,10495.0,10470.0,-0.23820867079561436
2019-06-05,11:30,10495.0,10456.0,-0.3716055264411655
2019-06-05,12:00,10495.0,10468.0,-0.2572653644592693
2019-06-05,12:30,10495.0,10456.0,-0.3716055264411655
2019-06-05,13:00,10495.0,10446.0,-0.4668889947594068
2019-06-12,09:00,10587.0,10584.0,-0.028336639274584297
2019-06-12,09:30,10587.0,10589.0,0.018891092849715463
2019-06-12,10:00,10587.0,10584.0,-0.028336639274584297
2019-06-12,10:30,10587.0,10573.0,-0.13223764994805265
2019-06-12,11:00,10587.0,10570.0,-0.16057428922263695
2019-06-12,11:30,10587.0,10587.0,0.0
2019-06-12,12:00,10587.0,10594.0,0.06611882497402632
2019-06-12,12:30,10587.0,10589.0,0.018891092849715463
2019-06-12,13:00,10587.0,10603.0,0.1511287427977681
2019-06-19,09:00,10680.0,10682.0,0.01872659176029856
2019-06-19,09:30,10680.0,10707.0,0.2528089887640528
2019-06-19,10:00,10680.0,10701.0,0.1966292134831571
2019-06-19,10:30,10680.0,10706.0,0.2434456928839035
2019-06-19,11:00,10680.0,10705.0,0.23408239700375422
2019-06-19,11:30,10680.0,10705.0,0.23408239700375422
2019-06-19,12:00,10680.0,10717.0,0.3464419475655456
2019-06-19,12:30,10680.0,10715.0,0.327715355805247
2019-06-19,13:00,10680.0,10775.0,0.8895131086142261
2019-06-26,09:00,10525.0,10519.0,-0.057007125890740085
2019-06-26,09:30,10525.0,10513.0,-0.11401425178146907
2019-06-26,10:00,10525.0,10508.0,-0.16152019002375617
2019-06-26,10:30,10525.0,10521.0,-0.03800475059382302
2019-06-26,11:00,10525.0,10519.0,-0.057007125890740085
2019-06-26,11:30,10525.0,10513.0,-0.11401425178146907
2019-06-26,12:00,10525.0,10503.0,-0.20902612826603217
2019-06-26,12:30,10525.0,10509.0,-0.1520190023752921
2019-06-26,13:00,10525.0,10511.0,-0.13301662707838613
2019-07-03,09:00,10733.0,10694.0,-0.3633653219044075
2019-07-03,09:30,10733.0,10692.0,-0.3819994409764327
2019-07-03,10:00,10733.0,10681.0,-0.48448709587254335
2019-07-03,10:30,10733.0,10656.0,-0.717413584272808
2019-07-03,11:00,10733.0,10639.0,-0.8758035963849831
2019-07-03,11:30,10733.0,10645.0,-0.8199012391689187
2019-07-03,12:00,10733.0,10647.0,-0.8012671200968935
2019-07-03,12:30,10733.0,10631.0,-0.9503400726730615
2019-07-03,13:00,10733.0,10636.0,-0.9037547749930153
2019-07-10,09:00,10699.0,10714.0,0.1402000186933261
2019-07-10,09:30,10699.0,10719.0,0.18693335825779034
2019-07-10,10:00,10699.0,10692.0,-0.06542667539022329
2019-07-10,10:30,10699.0,10714.0,0.1402000186933261
2019-07-10,11:00,10699.0,10725.0,0.2430133657351119
2019-07-10,11:30,10699.0,10733.0,0.3177867090382369
2019-07-10,12:00,10699.0,10728.0,0.2710533694737727
2019-07-10,12:30,10699.0,10732.0,0.3084400411253352
2019-07-10,13:00,10699.0,10727.0,0.26170670156089315
2019-07-17,09:00,10837.0,10845.0,0.07382116821998963
2019-07-17,09:30,10837.0,10841.0,0.036910584109994815
2019-07-17,10:00,10837.0,10851.0,0.12918704438498185
2019-07-17,10:30,10837.0,10845.0,0.07382116821998963
2019-07-17,11:00,10837.0,10833.0,-0.036910584109994815
2019-07-17,11:30,10837.0,10823.0,-0.12918704438498185
2019-07-17,12:00,10837.0,10823.0,-0.12918704438498185
2019-07-17,12:30,10837.0,10822.0,-0.13841469041248056
2019-07-17,13:00,10837.0,10851.0,0.12918704438498185
2019-07-24,09:00,10817.0,10827.0,0.0924470740501171
2019-07-24,09:30,10817.0,10815.0,-0.018489414810018978
2019-07-24,10:00,10817.0,10812.0,-0.04622353702505855
2019-07-24,10:30,10817.0,10807.0,-0.09244707405010599
2019-07-24,11:00,10817.0,10815.0,-0.018489414810018978
2019-07-24,11:30,10817.0,10809.0,-0.07395765924008701
2019-07-24,12:00,10817.0,10811.0,-0.05546824443006804
2019-07-24,12:30,10817.0,10808.0,-0.0832023666450965
2019-07-24,13:00,10817.0,10810.0,-0.06471295183507753
2019-07-31,09:00,10721.0,10729.0,0.07461990485961856
2019-07-31,09:30,10721.0,10723.0,0.01865497621491574
2019-07-31,10:00,10721.0,10716.0,-0.04663744053726715
2019-07-31,10:30,10721.0,10677.0,-0.41040947672791317
2019-07-31,11:00,10721.0,10700.0,-0.19587725025650427
2019-07-31,11:30,10721.0,10723.0,0.01865497621491574
2019-07-31,12:00,10721.0,10722.0,0.009327488107446769
2019-07-31,12:30,10721.0,10737.0,0.14923980971923712
2019-07-31,13:00,10721.0,10736.0,0.13991232161179035
2019-08-07,09:00,10330.0,10351.0,0.2032913843175166
2019-08-07,09:30,10330.0,10340.0,0.09680542110357404
2019-08-07,10:00,10330.0,10345.0,0.14520813165537216
2019-08-07,10:30,10330.0,10314.0,-0.15488867376572957
2019-08-07,11:00,10330.0,10330.0,0.0
2019-08-07,11:30,10330.0,10317.0,-0.12584704743465736
2019-08-07,12:00,10330.0,10335.0,0.04840271055179812
2019-08-07,12:30,10330.0,10336.0,0.058083252662144425
2019-08-07,13:00,10330.0,10320.0,-0.09680542110358514
2019-08-14,09:00,10457.0,10460.0,0.02868891651526262
2019-08-14,09:30,10457.0,10474.0,0.1625705269197697
2019-08-14,10:00,10457.0,10484.0,0.25820024863727475
2019-08-14,10:30,10457.0,10453.0,-0.03825188868700202
2019-08-14,11:00,10457.0,10469.0,0.11475566606100607
2019-08-14,11:30,10457.0,10460.0,0.02868891651526262
2019-08-14,12:00,10457.0,10447.0,-0.09562972171750506
2019-08-14,12:30,10457.0,10445.0,-0.11475566606101717
2019-08-14,13:00,10457.0,10445.0,-0.11475566606101717
2019-08-21,09:00,10514.0,10520.0,0.05706676811869649
2019-08-21,09:30,10514.0,10525.0,0.10462240821762503
2019-08-21,10:00,10514.0,10519.0,0.04755564009890634
2019-08-21,10:30,10514.0,10526.0,0.11413353623739297
2019-08-21,11:00,10514.0,10529.0,0.14266692029674122
2019-08-21,11:30,10514.0,10532.0,0.17120030435608946
2019-08-21,12:00,10514.0,10537.0,0.218755944455018
2019-08-21,12:30,10514.0,10537.0,0.218755944455018
2019-08-21,13:00,10514.0,10539.0,0.2377782004945761
2019-08-28,09:00,10390.0,10400.0,0.09624639076035724
2019-08-28,09:30,10390.0,10432.0,0.40423484119345154
2019-08-28,10:00,10390.0,10410.0,0.19249278152069227
2019-08-28,10:30,10390.0,10407.0,0.16361886429259176
2019-08-28,11:00,10390.0,10405.0,0.14436958614052475
2019-08-28,11:30,10390.0,10407.0,0.16361886429259176
2019-08-28,12:00,10390.0,10411.0,0.20211742059672577
2019-08-28,12:30,10390.0,10409.0,0.18286814244465877
2019-08-28,13:00,10390.0,10409.0,0.18286814244465877
2019-09-04,09:00,10563.0,10571.0,0.07573605983148823
2019-09-04,09:30,10563.0,10599.0,0.34081226924169705
2019-09-04,10:00,10563.0,10626.0,0.5964214711729587
2019-09-04,10:30,10563.0,10628.0,0.6153554861308308
2019-09-04,11:00,10563.0,10625.0,0.5869544636940338
2019-09-04,11:30,10563.0,10623.0,0.5680204487361618
2019-09-04,12:00,10563.0,10623.0,0.5680204487361618
2019-09-04,12:30,10563.0,10627.0,0.6058884786519059
2019-09-04,13:00,10563.0,10643.0,0.7573605983148823
2019-09-11,09:00,10795.0,10794.0,-0.009263547938864747
2019-09-11,09:30,10795.0,10787.0,-0.07410838351088467
2019-09-11,10:00,10795.0,10762.0,-0.3056970819824034
2019-09-11,10:30,10795.0,10763.0,-0.29643353404353867
2019-09-11,11:00,10795.0,10758.0,-0.3427512737378402
2019-09-11,11:30,10795.0,10772.0,-0.21306160259378926
2019-09-11,12:00,10795.0,10773.0,-0.2037980546549356
2019-09-11,12:30,10795.0,10768.0,-0.25011579434923714
2019-09-11,13:00,10795.0,10768.0,-0.25011579434923714
2019-09-18,09:00,10912.0,10899.0,-0.11913489736070648
2019-09-18,09:30,10912.0,10900.0,-0.10997067448680342
2019-09-18,10:00,10912.0,10917.0,0.0458211143695042
2019-09-18,10:30,10912.0,10913.0,0.009164222873891958
2019-09-18,11:00,10912.0,10933.0,0.19244868035190876
2019-09-18,11:30,10912.0,10941.0,0.26576246334311104
2019-09-18,12:00,10912.0,10939.0,0.24743401759530492
2019-09-18,12:30,10912.0,10936.0,0.21994134897360684
2019-09-18,13:00,10912.0,10953.0,0.37573313782990336
2019-09-25,09:00,10865.0,10863.0,-0.01840773124712758
2019-09-25,09:30,10865.0,10857.0,-0.07363092498849921
2019-09-25,10:00,10865.0,10820.0,-0.4141739530602817
2019-09-25,10:30,10865.0,10818.0,-0.4325816843074093
2019-09-25,11:00,10865.0,10840.0,-0.23009664058905033
2019-09-25,11:30,10865.0,10835.0,-0.2761159687068582
2019-09-25,12:00,10865.0,10838.0,-0.2485043718361668
2019-09-25,12:30,10865.0,10828.0,-0.3405430280717936
2019-09-25,13:00,10865.0,10828.0,-0.3405430280717936
2019-10-02,09:00,10916.0,10921.0,0.045804323928178015
2019-10-02,09:30,10916.0,10935.0,0.17405643092707201
2019-10-02,10:00,10916.0,10940.0,0.21986075485525003
2019-10-02,10:30,10916.0,10937.0,0.1923781604983521
2019-10-02,11:00,10916.0,10941.0,0.22902161964089007
2019-10-02,11:30,10916.0,10938.0,0.20153902528399215
2019-10-02,12:00,10916.0,10934.0,0.16489556614145418
2019-10-02,12:30,10916.0,10932.0,0.1465738365701741
2019-10-02,13:00,10916.0,10927.0,0.10076951264199607
2019-10-09,09:00,10963.0,10948.0,-0.13682386208154762
2019-10-09,09:30,10963.0,10953.0,-0.09121590805436508
2019-10-09,10:00,10963.0,10947.0,-0.14594545288698635
2019-10-09,10:30,10963.0,10950.0,-0.11858068047067016
2019-10-09,11:00,10963.0,10943.0,-0.18243181610873016
2019-10-09,11:30,10963.0,10940.0,-0.20979658852503524
2019-10-09,12:00,10963.0,10937.0,-0.23716136094135143
2019-10-09,12:30,10963.0,10935.0,-0.2554045425522178
2019-10-09,13:00,10963.0,10922.0,-0.37398522302289905
2019-10-16,09:00,11158.0,11167.0,0.08065961641872121
2019-10-16,09:30,11158.0,11145.0,-0.11650833482702572
2019-10-16,10:00,11158.0,11143.0,-0.13443269403118352
2019-10-16,10:30,11158.0,11147.0,-0.09858397562286791
2019-10-16,11:00,11158.0,11163.0,0.04481089801040561
2019-10-16,11:30,11158.0,11138.0,-0.17924359204158913
2019-10-16,12:00,11158.0,11147.0,-0.09858397562286791
2019-10-16,12:30,11158.0,11155.0,-0.026886538806236704
2019-10-16,13:00,11158.0,11163.0,0.04481089801040561
2019-10-23,09:00,11225.0,11238.0,0.11581291759465984
2019-10-23,09:30,11225.0,11240.0,0.13363028953230494
2019-10-23,10:00,11225.0,11232.0,0.062360801781746744
2019-10-23,10:30,11225.0,11231.0,0.05345211581291309
2019-10-23,11:00,11225.0,11208.0,-0.15144766146992783
2019-10-23,11:30,11225.0,11198.0,-0.24053452115813112
2019-10-23,12:00,11225.0,11204.0,-0.18708240534520693
2019-10-23,12:30,11225.0,11192.0,-0.2939866369710442
2019-10-23,13:00,11225.0,11201.0,-0.21380846325167457
2019-10-30,09:00,11312.0,11313.0,0.008840169731261227
2019-10-30,09:30,11312.0,11311.0,-0.008840169731261227
2019-10-30,10:00,11312.0,11308.0,-0.035360678925033806
2019-10-30,10:30,11312.0,11311.0,-0.008840169731261227
2019-10-30,11:00,11312.0,11312.0,0.0
2019-10-30,11:30,11312.0,11318.0,0.05304101838754516
2019-10-30,12:00,11312.0,11334.0,0.1944837340877026
2019-10-30,12:30,11312.0,11333.0,0.18564356435644136
2019-10-30,13:00,11312.0,11335.0,0.2033239038189638
2019-11-06,09:00,11644.0,11642.0,-0.01717622810031294
2019-11-06,09:30,11644.0,11634.0,-0.0858811405015425
2019-11-06,10:00,11644.0,11650.0,0.051528684300916616
2019-11-06,10:30,11644.0,11622.0,-0.18893850910339793
2019-11-06,11:00,11644.0,11614.0,-0.2576434215046386
2019-11-06,11:30,11644.0,11626.0,-0.15458605290278316
2019-11-06,12:00,11644.0,11639.0,-0.04294057025077125
2019-11-06,12:30,11644.0,11642.0,-0.01717622810031294
2019-11-06,13:00,11644.0,11659.0,0.12882171075232485
2019-11-13,09:00,11463.0,11453.0,-0.08723719794120344
2019-11-13,09:30,11463.0,11492.0,0.25298787402947553
2019-11-13,10:00,11463.0,11442.0,-0.18319811567651945
2019-11-13,10:30,11463.0,11447.0,-0.13957951670592328
2019-11-13,11:00,11463.0,11469.0,0.05234231876471984
2019-11-13,11:30,11463.0,11468.0,0.04361859897059617
2019-11-13,12:00,11463.0,11462.0,-0.008723719794123674
2019-11-13,12:30,11463.0,11460.0,-0.02617115938235992
2019-11-13,13:00,11463.0,11463.0,0.0
2019-11-20,09:00,11621.0,11638.0,0.14628689441529286
2019-11-20,09:30,11621.0,11603.0,-0.15489200585147023
2019-11-20,10:00,11621.0,11610.0,-0.09465622579812871
2019-11-20,10:30,11621.0,11625.0,0.034420445744776096
2019-11-20,11:00,11621.0,11613.0,-0.06884089148954109
2019-11-20,11:30,11621.0,11612.0,-0.07744600292574066
2019-11-20,12:00,11621.0,11596.0,-0.21512778590482284
2019-11-20,12:30,11621.0,11610.0,-0.09465622579812871
2019-11-20,13:00,11621.0,11612.0,-0.07744600292574066
2019-11-27,09:00,11613.0,11619.0,0.051666236114700226
2019-11-27,09:30,11613.0,11616.0,0.025833118057350113
2019-11-27,10:00,11613.0,11615.0,0.017222078704892674
2019-11-27,10:30,11613.0,11618.0,0.04305519676224279
2019-11-27,11:00,11613.0,11617.0,0.03444415740980755
2019-11-27,11:30,11613.0,11629.0,0.137776629639208
2019-11-27,12:00,11613.0,11630.0,0.14638766899164324
2019-11-27,12:30,11613.0,11632.0,0.1636097476965359
2019-11-27,13:00,11613.0,11636.0,0.19805390510634346
2019-12-04,09:00,11492.0,11487.0,-0.04350852767142088
2019-12-04,09:30,11492.0,11483.0,-0.07831534980856647
2019-12-04,10:00,11492.0,11488.0,-0.034806822137134485
2019-12-04,10:30,11492.0,11491.0,-0.008701705534286397
2019-12-04,11:00,11492.0,11465.0,-0.2349460494256883
2019-12-04,11:30,11492.0,11460.0,-0.2784545770971092
2019-12-04,12:00,11492.0,11464.0,-0.2436477549599747
2019-12-04,12:30,11492.0,11477.0,-0.13052558301427375
2019-12-04,13:00,11492.0,11482.0,-0.08701705534284176
2019-12-11,09:00,11600.0,11614.0,0.12068965517242347
2019-12-11,09:30,11600.0,11619.0,0.16379310344827314
2019-12-11,10:00,11600.0,11637.0,0.31896551724137634
2019-12-11,10:30,11600.0,11653.0,0.4568965517241397
2019-12-11,11:00,11600.0,11664.0,0.5517241379310311
2019-12-11,11:30,11600.0,11668.0,0.5862068965517331
2019-12-11,12:00,11600.0,11672.0,0.6206896551724128
2019-12-11,12:30,11600.0,11689.0,0.7672413793103461
2019-12-11,13:00,11600.0,11686.0,0.7413793103448363
2019-12-18,09:00,12077.0,12070.0,-0.057961414258511645
2019-12-18,09:30,12077.0,12087.0,0.08280202036929918
2019-12-18,10:00,12077.0,12088.0,0.09108222240623576
2019-12-18,10:30,12077.0,12096.0,0.15732383870166178
2019-12-18,11:00,12077.0,12080.0,0.024840606110787533
2019-12-18,11:30,12077.0,12092.0,0.12420303055393767
2019-12-18,12:00,12077.0,12109.0,0.2649664651817485
2019-12-18,12:30,12077.0,12125.0,0.39744969777262273
2019-12-18,13:00,12077.0,12123.0,0.3808892936987718
2019-12-25,09:00,11989.0,11987.0,-0.016681958461928215
2019-12-25,09:30,11989.0,11998.0,0.07506881307866031
2019-12-25,10:00,11989.0,11994.0,0.04170489615480388
2019-12-25,10:30,11989.0,11993.0,0.03336391692385643
2019-12-25,11:00,11989.0,12000.0,0.09175077154057742
2019-12-25,11:30,11989.0,11996.0,0.058386854616720996
2019-12-25,12:00,11989.0,11994.0,0.04170489615480388
2019-12-25,12:30,11989.0,11999.0,0.08340979230960777
2019-12-25,13:00,11989.0,12010.0,0.1751605638501852
2020-01-02,09:00,12044.0,12055.0,0.09133178346063531
2020-01-02,09:30,12044.0,12034.0,-0.08302889405512603
2020-01-02,10:00,12044.0,12060.0,0.13284623048821498
2020-01-02,10:30,12044.0,12089.0,0.3736300232480838
2020-01-02,11:00,12044.0,12103.0,0.48987047492528024
2020-01-02,11:30,12044.0,12103.0,0.48987047492528024
2020-01-02,12:00,12044.0,12110.0,0.5479907007638563
2020-01-02,12:30,12044.0,12115.0,0.5895051477914359
2020-01-02,13:00,12044.0,12108.0,0.5313849219528377
2020-01-08,09:00,11728.0,11776.0,0.4092769440654953
2020-01-08,09:30,11728.0,11797.0,0.5883356070941259
2020-01-08,10:00,11728.0,11801.0,0.6224420190996005
2020-01-08,10:30,11728.0,11848.0,1.023192360163705
2020-01-08,11:00,11728.0,11877.0,1.2704638472032848
2020-01-08,11:30,11728.0,11868.0,1.1937244201909891
2020-01-08,12:00,11728.0,11866.0,1.176671214188274
2020-01-08,12:30,11728.0,11847.0,1.0146657571623363
2020-01-08,13:00,11728.0,11833.0,0.8952933151432418
2020-01-15,09:00,12159.0,12164.0,0.04112180277984212
2020-01-15,09:30,12159.0,12144.0,-0.12336540833950416
2020-01-15,10:00,12159.0,12151.0,-0.06579488444773407
2020-01-15,10:30,12159.0,12104.0,-0.4523398305781745
2020-01-15,11:00,12159.0,12112.0,-0.38654494613044044
2020-01-15,11:30,12159.0,12115.0,-0.3618718644625374
2020-01-15,12:00,12159.0,12112.0,-0.38654494613044044
2020-01-15,12:30,12159.0,12120.0,-0.32075006168270637
2020-01-15,13:00,12159.0,12087.0,-0.5921539600296066
2020-01-30,09:00,11770.0,11761.0,-0.07646559048428703
2020-01-30,09:30,11770.0,11640.0,-1.1045029736618472
2020-01-30,10:00,11770.0,11619.0,-1.282922684791843
2020-01-30,10:30,11770.0,11532.0,-2.022090059473236
2020-01-30,11:00,11770.0,11514.0,-2.175021240441799
2020-01-30,11:30,11770.0,11527.0,-2.0645709430756165
2020-01-30,12:00,11770.0,11458.0,-2.6508071367884467
2020-01-30,12:30,11770.0,11433.0,-2.863211554800338
2020-01-30,13:00,11770.0,11412.0,-3.0416312659303335
2020-02-05,09:00,11603.0,11575.0,-0.2413169008015137
2020-02-05,09:30,11603.0,11529.0,-0.6377660949754338
2020-02-05,10:00,11603.0,11575.0,-0.2413169008015137
2020-02-05,10:30,11603.0,11601.0,-0.017236921485819234
2020-02-05,11:00,11603.0,11566.0,-0.3188830474877169
2020-02-05,11:30,11603.0,11585.0,-0.15513229337240642
2020-02-05,12:00,11603.0,11587.0,-0.13789537188657608
2020-02-05,12:30,11603.0,11548.0,-0.4740153408601233
2020-02-05,13:00,11603.0,11546.0,-0.49125226234594255
2020-02-12,09:00,11663.0,11682.0,0.16290834262195908
2020-02-12,09:30,11663.0,11709.0,0.39440967161108453
2020-02-12,10:00,11663.0,11736.0,0.6259110006001878
2020-02-12,10:30,11663.0,11753.0,0.7716710966303664
2020-02-12,11:00,11663.0,11743.0,0.6859298636714417
2020-02-12,11:30,11663.0,11758.0,0.8145417131098398
2020-02-12,12:00,11663.0,11759.0,0.82311583640573
2020-02-12,12:30,11663.0,11781.0,1.011746548915382
2020-02-12,13:00,11663.0,11785.0,1.046043042098943
2020-02-19,09:00,11678.0,11668.0,-0.08563110121596607
2020-02-19,09:30,11678.0,11648.0,-0.2568933036478871
2020-02-19,10:00,11678.0,11697.0,0.16269909231032553
2020-02-19,10:30,11678.0,11776.0,0.8391847919164253
2020-02-19,11:00,11678.0,11750.0,0.6165439287549201
2020-02-19,11:30,11678.0,11771.0,0.7963692413084367
2020-02-19,12:00,11678.0,11771.0,0.7963692413084367
2020-02-19,12:30,11678.0,11797.0,1.0190101044699418
2020-02-19,13:00,11678.0,11766.0,0.7535536907004703
2020-02-26,09:00,11383.0,11386.0,0.0263550909250565
2020-02-26,09:30,11383.0,11416.0,0.28990600017571033
2020-02-26,10:00,11383.0,11422.0,0.34261618202582333
2020-02-26,10:30,11383.0,11461.0,0.6852323640516467
2020-02-26,11:00,11383.0,11456.0,0.6413072125098784
2020-02-26,11:30,11383.0,11460.0,0.6764473337433019
2020-02-26,12:00,11383.0,11452.0,0.606167091276455
2020-02-26,12:30,11383.0,11429.0,0.4041113941843033
2020-02-26,13:00,11383.0,11420.0,0.3250461214091116
2020-03-04,09:00,11348.0,11355.0,0.0616848783926649
2020-03-04,09:30,11348.0,11325.0,-0.20267888614733387
2020-03-04,10:00,11348.0,11308.0,-0.3524850193866724
2020-03-04,10:30,11348.0,11318.0,-0.26436376454000987
2020-03-04,11:00,11348.0,11337.0,-0.09693338033133214
2020-03-04,11:30,11348.0,11350.0,0.017624250969339172
2020-03-04,12:00,11348.0,11351.0,0.02643637645400876
2020-03-04,12:30,11348.0,11342.0,-0.052872752908006415
2020-03-04,13:00,11348.0,11362.0,0.1233697567853298
2020-03-11,09:00,10979.0,10978.0,-0.009108297659166098
2020-03-11,09:30,10979.0,10957.0,-0.20038254850168746
2020-03-11,10:00,10979.0,10966.0,-0.11840786956918148
2020-03-11,10:30,10979.0,10990.0,0.10019127425084928
2020-03-11,11:00,10979.0,10971.0,-0.07286638127333989
2020-03-11,11:30,10979.0,10957.0,-0.20038254850168746
2020-03-11,12:00,10979.0,10946.0,-0.30057382275252564
2020-03-11,12:30,10979.0,10939.0,-0.36433190636669943
2020-03-11,13:00,10979.0,10877.0,-0.9290463612350863
2020-03-18,09:00,9366.0,9408.0,0.4484304932735439
2020-03-18,09:30,9366.0,9354.0,-0.12812299807815064
2020-03-18,10:00,9366.0,9452.0,0.9182148195601147
2020-03-18,10:30,9366.0,9392.0,0.27759982916932824
2020-03-18,11:00,9366.0,9410.0,0.46978432628657085
2020-03-18,11:30,9366.0,9420.0,0.5765534913517056
2020-03-18,12:00,9366.0,9366.0,0.0
2020-03-18,12:30,9366.0,9291.0,-0.8007687379884665
2020-03-18,13:00,9366.0,9236.0,-1.3879991458466745
2020-03-25,09:00,9410.0,9449.0,0.41445270988309524
2020-03-25,09:30,9410.0,9536.0,1.3390010626992632
2020-03-25,10:00,9410.0,9581.0,1.8172157279489953
2020-03-25,10:30,9410.0,9525.0,1.222104144527103
2020-03-25,11:00,9410.0,9558.0,1.5727948990435614
2020-03-25,11:30,9410.0,9540.0,1.381509032943673
2020-03-25,12:00,9410.0,9570.0,1.7003188097768351
2020-03-25,12:30,9410.0,9505.0,1.0095642933049875
2020-03-25,13:00,9410.0,9479.0,0.7332624867162574
2020-04-01,09:00,9588.0,9631.0,0.4484772632457279
2020-04-01,09:30,9588.0,9588.0,0.0
2020-04-01,10:00,9588.0,9626.0,0.39632874426365206
2020-04-01,10:30,9588.0,9621.0,0.3441802252815984
2020-04-01,11:00,9588.0,9611.0,0.23988318731749114
2020-04-01,11:30,9588.0,9599.0,0.11472674176054021
2020-04-01,12:00,9588.0,9578.0,-0.10429703796411838
2020-04-01,12:30,9588.0,9578.0,-0.10429703796411838
2020-04-01,13:00,9588.0,9599.0,0.11472674176054021
2020-04-08,09:00,9950.0,9978.0,0.2814070351758735
2020-04-08,09:30,9950.0,10076.0,1.266331658291464
2020-04-08,10:00,9950.0,10007.0,0.5728643216080354
2020-04-08,10:30,9950.0,10052.0,1.0251256281406995
2020-04-08,11:00,9950.0,10034.0,0.8442211055276427
2020-04-08,11:30,9950.0,10054.0,1.0452261306532762
2020-04-08,12:00,9950.0,10070.0,1.2060301507537785
2020-04-08,12:30,9950.0,10087.0,1.376884422110547
2020-04-08,13:00,9950.0,10119.0,1.6984924623115516
2020-04-15,09:00,10347.0,10371.0,0.23195129022905991
2020-04-15,09:30,10347.0,10387.0,0.38658548371508505
2020-04-15,10:00,10347.0,10428.0,0.7828356045230578
2020-04-15,10:30,10347.0,10451.0,1.00512225765923
2020-04-15,11:00,10347.0,10409.0,0.5992074997583918
2020-04-15,11:30,10347.0,10421.0,0.7151831448729107
2020-04-15,12:00,10347.0,10418.0,0.6861892335942699
2020-04-15,12:30,10347.0,10448.0,0.9761283463805892
2020-04-15,13:00,10347.0,10452.0,1.0147868947520955
2020-04-22,09:00,10145.0,10135.0,-0.09857072449482862
2020-04-22,09:30,10145.0,10141.0,-0.03942828979792701
2020-04-22,10:00,10145.0,10117.0,-0.27599802858551126
2020-04-22,10:30,10145.0,10111.0,-0.33514046328240177
2020-04-22,11:00,10145.0,10172.0,0.2661409561360184
2020-04-22,11:30,10145.0,10191.0,0.453425332676205
2020-04-22,12:00,10145.0,10189.0,0.4337111877772193
2020-04-22,12:30,10145.0,10180.0,0.3449975357318946
2020-04-22,13:00,10145.0,10172.0,0.2661409561360184
2020-04-29,09:00,10655.0,10650.0,-0.0469263256686947
2020-04-29,09:30,10655.0,10727.0,0.6757390896292792
2020-04-29,10:00,10655.0,10707.0,0.4880337869544782
2020-04-29,10:30,10655.0,10751.0,0.9009854528390537
2020-04-29,11:00,10655.0,10748.0,0.8728296574378236
2020-04-29,11:30,10655.0,10746.0,0.8540591271703368
2020-04-29,12:00,10655.0,10758.0,0.966682308775213
2020-04-29,12:30,10655.0,10747.0,0.8634443923040802
2020-04-29,13:00,10655.0,10753.0,0.9197559831065183
2020-05-06,09:00,10658.0,10688.0,0.28147870144492604
2020-05-06,09:30,10658.0,10707.0,0.45974854569337253
2020-05-06,10:00,10658.0,10748.0,0.8444361043347781
2020-05-06,10:30,10658.0,10742.0,0.7881403640457973
2020-05-06,11:00,10658.0,10738.0,0.7506098705198028
2020-05-06,11:30,10658.0,10752.0,0.8819665978607727
2020-05-06,12:00,10658.0,10720.0,0.5817226496528383
2020-05-06,12:30,10658.0,10713.0,0.5160442859823533
2020-05-06,13:00,10658.0,10704.0,0.43160067554888215
2020-05-13,09:00,10783.0,10819.0,0.3338588518964958
2020-05-13,09:30,10783.0,10847.0,0.5935268478160172
2020-05-13,10:00,10783.0,10833.0,0.4636928498562565
2020-05-13,10:30,10783.0,10892.0,1.0108504126866258
2020-05-13,11:00,10783.0,10875.0,0.8531948437355164
2020-05-13,11:30,10783.0,10881.0,0.9088379857182582
2020-05-13,12:00,10783.0,10882.0,0.9181118427153745
2020-05-13,12:30,10783.0,10913.0,1.2056014096262668
2020-05-13,13:00,10783.0,10914.0,1.214875266623383
2020-05-27,09:00,10962.0,11001.0,0.3557744937055185
2020-05-27,09:30,10962.0,10987.0,0.22806057288815573
2020-05-27,10:00,10962.0,10991.0,0.2645502645502562
2020-05-27,10:30,10962.0,10953.0,-0.08210180623974273
2020-05-27,11:00,10962.0,10991.0,0.2645502645502562
2020-05-27,11:30,10962.0,10993.0,0.28279511038131755
2020-05-27,12:00,10962.0,10993.0,0.28279511038131755
2020-05-27,12:30,10962.0,10996.0,0.31016237912788736
2020-05-27,13:00,10962.0,10985.0,0.2098157270571166
2020-06-03,09:00,11250.0,11233.0,-0.15111111111111297
2020-06-03,09:30,11250.0,11228.0,-0.19555555555555992
2020-06-03,10:00,11250.0,11232.0,-0.16000000000000458
2020-06-03,10:30,11250.0,11225.0,-0.22222222222222365
2020-06-03,11:00,11250.0,11248.0,-0.01777777777778322
2020-06-03,11:30,11250.0,11276.0,0.23111111111111526
2020-06-03,12:00,11250.0,11276.0,0.23111111111111526
2020-06-03,12:30,11250.0,11282.0,0.2844444444444427
2020-06-03,13:00,11250.0,11288.0,0.3377777777777702
2020-06-10,09:00,11634.0,11618.0,-0.1375279353618697
2020-06-10,09:30,11634.0,11655.0,0.18050541516245744
2020-06-10,10:00,11634.0,11704.0,0.6016847172081841
2020-06-10,10:30,11634.0,11719.0,0.7306171566099362
2020-06-10,11:00,11634.0,11707.0,0.6274712050885256
2020-06-10,11:30,11634.0,11678.0,0.37820182224515
2020-06-10,12:00,11634.0,11688.0,0.46415678184630327
2020-06-10,12:30,11634.0,11684.0,0.4297747980058553
2020-06-10,13:00,11634.0,11705.0,0.6102802131682905
2020-06-24,09:00,11541.0,11543.0,0.01732952083874917
2020-06-24,09:30,11541.0,11547.0,0.051988562516247505
2020-06-24,10:00,11541.0,11533.0,-0.06931808335499667
2020-06-24,10:30,11541.0,11542.0,0.008664760419363482
2020-06-24,11:00,11541.0,11514.0,-0.23394853132311377
2020-06-24,11:30,11541.0,11513.0,-0.24261329174248836
2020-06-24,12:00,11541.0,11514.0,-0.23394853132311377
2020-06-24,12:30,11541.0,11527.0,-0.12130664587124418
2020-06-24,13:00,11541.0,11512.0,-0.25127805216186294
2020-07-01,09:00,11482.0,11498.0,0.13934854554955578
2020-07-01,09:30,11482.0,11580.0,0.8535098414910403
2020-07-01,10:00,11482.0,11577.0,0.827381989200493
2020-07-01,10:30,11482.0,11579.0,0.8448005573941764
2020-07-01,11:00,11482.0,11597.0,1.0015676711374377
2020-07-01,11:30,11482.0,11613.0,1.1409162166869935
2020-07-01,12:00,11482.0,11609.0,1.1060790802996046
2020-07-01,12:30,11482.0,11614.0,1.1496255007838352
2020-07-01,13:00,11482.0,11589.0,0.9318933983626598
2020-07-08,09:00,12041.0,12042.0,0.008304958059968115
2020-07-08,09:30,12041.0,12098.0,0.4733826094178273
2020-07-08,10:00,12041.0,12093.0,0.4318578191180089
2020-07-08,10:30,12041.0,12101.0,0.4982974835977094
2020-07-08,11:00,12041.0,12137.0,0.7972759737563395
2020-07-08,11:30,12041.0,12132.0,0.7557511834565211
2020-07-08,12:00,12041.0,12135.0,0.7806660576364033
2020-07-08,12:30,12041.0,12118.0,0.6394817706170564
2020-07-08,13:00,12041.0,12126.0,0.7059214350967569
2020-07-15,09:00,12305.0,12285.0,-0.1625355546525764
2020-07-15,09:30,12305.0,12278.0,-0.2194229987809826
2020-07-15,10:00,12305.0,12288.0,-0.1381552214546944
2020-07-15,10:30,12305.0,12294.0,-0.08939455505891925
2020-07-15,11:00,12305.0,12293.0,-0.09752133279155029
2020-07-15,11:30,12305.0,12251.0,-0.4388459975619652
2020-07-15,12:00,12305.0,12190.0,-0.9345794392523366
2020-07-15,12:30,12305.0,12205.0,-0.8126777732629042
2020-07-15,13:00,12305.0,12230.0,-0.6095083299471726
2020-09-16,09:00,12945.0,12967.0,0.16994978756277312
2020-09-16,09:30,12945.0,12950.0,0.03862495171880198
2020-09-16,10:00,12945.0,12992.0,0.36307454615682744
2020-09-16,10:30,12945.0,12984.0,0.30127462340672206
2020-09-16,11:00,12945.0,12985.0,0.30899961375048246
2020-09-16,11:30,12945.0,13007.0,0.4789494013132556
2020-09-16,12:00,12945.0,13004.0,0.4557744302819522
2020-09-16,12:30,12945.0,13017.0,0.5561993047508595
2020-09-16,13:00,12945.0,12995.0,0.3862495171881086
2020-09-30,09:00,12456.0,12478.0,0.17662170841361569
2020-09-30,09:30,12456.0,12490.0,0.2729608220937596
2020-09-30,10:00,12456.0,12515.0,0.4736673089274168
2020-09-30,10:30,12456.0,12533.0,0.618175979447666
2020-09-30,11:00,12456.0,12517.0,0.4897238278741112
2020-09-30,11:30,12456.0,12473.0,0.1364804110468798
2020-09-30,12:00,12456.0,12477.0,0.1685934489402685
2020-09-30,12:30,12456.0,12478.0,0.17662170841361569
2020-09-30,13:00,12456.0,12493.0,0.29704560051380113
2020-10-07,09:00,12620.0,12626.0,0.04754358161647154
2020-10-07,09:30,12620.0,12658.0,0.3011093502377271
2020-10-07,10:00,12620.0,12674.0,0.4278922345483327
2020-10-07,10:30,12620.0,12685.0,0.5150554675118935
2020-10-07,11:00,12620.0,12689.0,0.5467511885895338
2020-10-07,11:30,12620.0,12716.0,0.7606973058637001
2020-10-07,12:00,12620.0,12728.0,0.8557844690966654
2020-10-07,12:30,12620.0,12745.0,0.9904912836766977
2020-10-07,13:00,12620.0,12743.0,0.9746434231378664
2020-10-14,09:00,12940.0,12919.0,-0.16228748068005672
2020-10-14,09:30,12940.0,12906.0,-0.262751159196295
2020-10-14,10:00,12940.0,12896.0,-0.34003091190107915
2020-10-14,10:30,12940.0,12917.0,-0.17774343122102243
2020-10-14,11:00,12940.0,12904.0,-0.2782071097372496
2020-10-14,11:30,12940.0,12914.0,-0.20092735703245435
2020-10-14,12:00,12940.0,12911.0,-0.22411128284389736
2020-10-14,12:30,12940.0,12908.0,-0.24729520865532928
2020-10-14,13:00,12940.0,12895.0,-0.34775888717155645
2020-10-21,09:00,12906.0,12907.0,0.0077483341081707735
2020-10-21,09:30,12906.0,12930.0,0.18596001859600975
2020-10-21,10:00,12906.0,12935.0,0.2247016891368414
2020-10-21,10:30,12906.0,12929.0,0.17821168448783897
2020-10-21,11:00,12906.0,12898.0,-0.06198667286533288
2020-10-21,11:30,12906.0,12892.0,-0.10847667751433532
2020-10-21,12:00,12906.0,12900.0,-0.04649000464900244
2020-10-21,12:30,12906.0,12897.0,-0.06973500697350365
2020-10-21,13:00,12906.0,12902.0,-0.030993336432671992
2020-10-28,09:00,12780.0,12782.0,0.015649452269173025
2020-10-28,09:30,12780.0,12800.0,0.15649452269170805
2020-10-28,10:00,12780.0,12784.0,0.03129890453834605
2020-10-28,10:30,12780.0,12739.0,-0.3208137715179915
2020-10-28,11:00,12780.0,12762.0,-0.14084507042253502
2020-10-28,11:30,12780.0,12748.0,-0.250391236306724
2020-10-28,12:00,12780.0,12738.0,-0.328638497652578
2020-10-28,12:30,12780.0,12738.0,-0.328638497652578
2020-10-28,13:00,12780.0,12733.0,-0.3677621283255106
2020-11-04,09:00,12770.0,12693.0,-0.6029757243539491
2020-11-04,09:30,12770.0,12671.0,-0.7752545027407964
2020-11-04,10:00,12770.0,12744.0,-0.20360219263899637
2020-11-04,10:30,12770.0,12717.0,-0.41503523884103277
2020-11-04,11:00,12770.0,12728.0,-0.32889584964761465
2020-11-04,11:30,12770.0,12820.0,0.3915426781519127
2020-11-04,12:00,12770.0,12850.0,0.6264682850430692
2020-11-04,12:30,12770.0,12837.0,0.524667188723571
2020-11-04,13:00,12770.0,12842.0,0.5638214565387711
2020-11-11,09:00,13101.0,13083.0,-0.13739409205404396
2020-11-11,09:30,13101.0,13133.0,0.24425616365162384
2020-11-11,10:00,13101.0,13163.0,0.47324631707503784
2020-11-11,10:30,13101.0,13215.0,0.8701625830089377
2020-11-11,11:00,13101.0,13204.0,0.7861995267536726
2020-11-11,11:30,13101.0,13234.0,1.0151896801770866
2020-11-11,12:00,13101.0,13229.0,0.9770246546065176
2020-11-11,12:30,13101.0,13249.0,1.1296847568887936
2020-11-11,13:00,13101.0,13255.0,1.1754827875734675
2020-11-18,09:00,13632.0,13643.0,0.08069248826290121
2020-11-18,09:30,13632.0,13687.0,0.40346244131455045
2020-11-18,10:00,13632.0,13670.0,0.2787558685446001
2020-11-18,10:30,13632.0,13683.0,0.374119718309851
2020-11-18,11:00,13632.0,13694.0,0.45481220657277444
2020-11-18,11:30,13632.0,13732.0,0.7335680751173745
2020-11-18,12:00,13632.0,13757.0,0.9169600938967237
2020-11-18,12:30,13632.0,13754.0,0.8949530516431992
2020-11-18,13:00,13632.0,13736.0,0.762910798122074
2020-11-25,09:00,13886.0,13896.0,0.07201497911566435
2020-11-25,09:30,13886.0,13869.0,-0.12242546449661162
2020-11-25,10:00,13886.0,13850.0,-0.25925392481636056
2020-11-25,10:30,13886.0,13855.0,-0.2232464352585284
2020-11-25,11:00,13886.0,13797.0,-0.6409333141293438
2020-11-25,11:30,13886.0,13757.0,-0.9289932305919679
2020-11-25,12:00,13886.0,13731.0,-1.1162321762926641
2020-11-25,12:30,13886.0,13738.0,-1.0658216909117058
2020-11-25,13:00,13886.0,13733.0,-1.101829180469538
2020-12-02,09:00,13932.0,13930.0,-0.014355440712032763
2020-12-02,09:30,13932.0,13894.0,-0.272753373528567
2020-12-02,10:00,13932.0,13887.0,-0.3229974160206761
2020-12-02,10:30,13932.0,13912.0,-0.14355440712029433
2020-12-02,11:00,13932.0,13954.0,0.1579098478323271
2020-12-02,11:30,13932.0,13969.0,0.26557565317255616
2020-12-02,12:00,13932.0,13940.0,0.05742176284810885
2020-12-02,12:30,13932.0,13961.0,0.2081538903244251
2020-12-02,13:00,13932.0,13973.0,0.2942865345966217
2020-12-09,09:00,14372.0,14343.0,-0.2017812413025344
2020-12-09,09:30,14372.0,14368.0,-0.027831895352070646
2020-12-09,10:00,14372.0,14340.0,-0.22265516281658737
2020-12-09,10:30,14372.0,14363.0,-0.06262176454217006
2020-12-09,11:00,14372.0,14407.0,0.24352908433065146
2020-12-09,11:30,14372.0,14398.0,0.1809073197884814
2020-12-09,12:00,14372.0,14401.0,0.20178124130252328
2020-12-09,12:30,14372.0,14405.0,0.22961313665461613
2020-12-09,13:00,14372.0,14417.0,0.31310882271082807
2020-12-16,09:00,14198.0,14194.0,-0.028172982110152844
2020-12-16,09:30,14198.0,14238.0,0.28172982110157285
2020-12-16,10:00,14198.0,14281.0,0.5845893787857381
2020-12-16,10:30,14198.0,14280.0,0.5775461332581999
2020-12-16,11:00,14198.0,14301.0,0.7254542893365246
2020-12-16,11:30,14198.0,14297.0,0.6972813072263717
2020-12-16,12:00,14198.0,14313.0,0.8099732356670053
2020-12-16,12:30,14198.0,14296.0,0.6902380616988335
2020-12-16,13:00,14198.0,14289.0,0.640935343006066
2020-12-30,09:00,14451.0,14474.0,0.159158535741466
2020-12-30,09:30,14451.0,14472.0,0.14531866306830565
2020-12-30,10:00,14451.0,14539.0,0.6089543976195433
2020-12-30,10:30,14451.0,14543.0,0.6366341429658862
2020-12-30,11:00,14451.0,14564.0,0.7819528060341918
2020-12-30,11:30,14451.0,14559.0,0.7473531243512577
2020-12-30,12:00,14451.0,14572.0,0.8373122967268776
2020-12-30,12:30,14451.0,14571.0,0.8303923603902863
2020-12-30,13:00,14451.0,14590.0,0.9618711507854094
2021-01-13,09:00,15557.0,15576.0,0.12213151635920294
2021-01-13,09:30,15557.0,15646.0,0.5720897345246501
2021-01-13,10:00,15557.0,15676.0,0.7649289708812734
2021-01-13,10:30,15557.0,15746.0,1.2148871890467206
2021-01-13,11:00,15557.0,15730.0,1.1120395963232
2021-01-13,11:30,15557.0,15751.0,1.247027061772843
2021-01-13,12:00,15557.0,15750.0,1.240599087227623
2021-01-13,12:30,15557.0,15755.0,1.272738959953723
2021-01-13,13:00,15557.0,15765.0,1.3370187054059235
2021-01-20,09:00,15899.0,15913.0,0.08805585256934645
2021-01-20,09:30,15899.0,15860.0,-0.24529844644317622
2021-01-20,10:00,15899.0,15904.0,0.031448518774768175
2021-01-20,10:30,15899.0,15920.0,0.13208377885400857
2021-01-20,11:00,15899.0,15854.0,-0.28303666897289137
2021-01-20,11:30,15899.0,15850.0,-0.30819548399270147
2021-01-20,12:00,15899.0,15870.0,-0.18240140889363987
2021-01-20,12:30,15899.0,15865.0,-0.21384992766840805
2021-01-20,13:00,15899.0,15809.0,-0.5660733379457827
2021-01-27,09:00,15725.0,15746.0,0.13354531001590342
2021-01-27,09:30,15725.0,15781.0,0.356120826709061
2021-01-27,10:00,15725.0,15776.0,0.324324324324321
2021-01-27,10:30,15725.0,15700.0,-0.15898251192368873
2021-01-27,11:00,15725.0,15613.0,-0.712241653418122
2021-01-27,11:30,15725.0,15662.0,-0.40063593004769915
2021-01-27,12:00,15725.0,15623.0,-0.6486486486486531
2021-01-27,12:30,15725.0,15633.0,-0.5850556438791732
2021-01-27,13:00,15725.0,15686.0,-0.24801271860095397
2021-02-03,09:00,15864.0,15835.0,-0.18280383257690547
2021-02-03,09:30,15864.0,15749.0,-0.7249117498739244
2021-02-03,10:00,15864.0,15778.0,-0.54210791729703
2021-02-03,10:30,15864.0,15786.0,-0.49167927382753884
2021-02-03,11:00,15864.0,15772.0,-0.5799293998991373
2021-02-03,11:30,15864.0,15794.0,-0.4412506303580477
2021-02-03,12:00,15864.0,15805.0,-0.37191124558749733
2021-02-03,12:30,15864.0,15791.0,-0.46016137165910687
2021-02-03,13:00,15864.0,15754.0,-0.6933938477054924
2021-02-17,09:00,16261.0,16234.0,-0.16604144886538386
2021-02-17,09:30,16261.0,16253.0,-0.04919746633048616
2021-02-17,10:00,16261.0,16281.0,0.12299366582622095
2021-02-17,10:30,16261.0,16327.0,0.4058790972264914
2021-02-17,11:00,16261.0,16381.0,0.7379619949572591
2021-02-17,11:30,16261.0,16406.0,0.8917040772400187
2021-02-17,12:00,16261.0,16420.0,0.9777996433183667
2021-02-17,12:30,16261.0,16372.0,0.6826148453354719
2021-02-17,13:00,16261.0,16357.0,0.5903695959658117
2021-03-03,09:00,16000.0,16015.0,0.09375000000000355
2021-03-03,09:30,16000.0,15889.0,-0.6937500000000041
2021-03-03,10:00,16000.0,15979.0,-0.13125000000000497
2021-03-03,10:30,16000.0,15965.0,-0.2187500000000009
2021-03-03,11:00,16000.0,16072.0,0.44999999999999485
2021-03-03,11:30,16000.0,16109.0,0.681250000000011
2021-03-03,12:00,16000.0,16115.0,0.7187499999999902
2021-03-03,12:30,16000.0,16155.0,0.9687500000000071
2021-03-03,13:00,16000.0,16151.0,0.9437499999999988
2021-03-10,09:00,15977.0,15936.0,-0.25661888965388124
2021-03-10,09:30,15977.0,15889.0,-0.5507917631595416
2021-03-10,10:00,15977.0,15858.0,-0.7448206797271095
2021-03-10,10:30,15977.0,15822.0,-0.9701445828378286
2021-03-10,11:00,15977.0,15873.0,-0.6509357200976451
2021-03-10,11:30,15977.0,15890.0,-0.5445327658509136
2021-03-10,12:00,15977.0,15875.0,-0.638417725480378
2021-03-10,12:30,15977.0,15825.0,-0.9513675909119335
2021-03-10,13:00,15977.0,15844.0,-0.8324466420479459
2021-03-17,09:00,16304.0,16306.0,0.01226692836113763
2021-03-17,09:30,16304.0,16285.0,-0.11653581943081859
2021-03-17,10:00,16304.0,16318.0,0.08586849852796341
2021-03-17,10:30,16304.0,16313.0,0.055201177625119335
2021-03-17,11:00,16304.0,16300.0,-0.02453385672227526
2021-03-17,11:30,16304.0,16286.0,-0.11040235525024977
2021-03-17,12:00,16304.0,16262.0,-0.25760549558390133
2021-03-17,12:30,16304.0,16229.0,-0.46000981354269443
2021-03-17,13:00,16304.0,16177.0,-0.7789499509322839
2021-03-24,09:00,16019.0,15992.0,-0.16854984705662046
2021-03-24,09:30,16019.0,16043.0,0.14982208627254412
2021-03-24,10:00,16019.0,16013.0,-0.03745552156814158
2021-03-24,10:30,16019.0,15996.0,-0.14357949934452607
2021-03-24,11:00,16019.0,15982.0,-0.23097571633684533
2021-03-24,11:30,16019.0,15985.0,-0.2122479555527801
2021-03-24,12:00,16019.0,15992.0,-0.16854984705662046
2021-03-24,12:30,16019.0,15976.0,-0.2684312379049869
2021-03-24,13:00,16019.0,15963.0,-0.3495848679692881
2021-03-31,09:00,16540.0,16506.0,-0.20556227327690468
2021-03-31,09:30,16540.0,16506.0,-0.20556227327690468
2021-03-31,10:00,16540.0,16508.0,-0.19347037484884755
2021-03-31,10:30,16540.0,16459.0,-0.48972188633615854
2021-03-31,11:00,16540.0,16445.0,-0.5743651753325252
2021-03-31,11:30,16540.0,16456.0,-0.5078597339782331
2021-03-31,12:00,16540.0,16434.0,-0.6408706166868172
2021-03-31,12:30,16540.0,16427.0,-0.6831922611850061
2021-03-31,13:00,16540.0,16422.0,-0.7134220072551378
2021-04-07,09:00,16777.0,16762.0,-0.08940811825713935
2021-04-07,09:30,16777.0,16769.0,-0.047684329737140985
2021-04-07,10:00,16777.0,16709.0,-0.40531680276568727
2021-04-07,10:30,16777.0,16709.0,-0.40531680276568727
2021-04-07,11:00,16777.0,16686.0,-0.5424092507599676
2021-04-07,11:30,16777.0,16724.0,-0.3159086845085479
2021-04-07,12:00,16777.0,16745.0,-0.19073731894856394
2021-04-07,12:30,16777.0,16755.0,-0.1311319067771377
2021-04-07,13:00,16777.0,16768.0,-0.05364487095428361
2021-04-14,09:00,16860.0,16856.0,-0.023724792408064133
2021-04-14,09:30,16860.0,16824.0,-0.2135231316725994
2021-04-14,10:00,16860.0,16836.0,-0.1423487544483959
2021-04-14,10:30,16860.0,16736.0,-0.7354685646500547
2021-04-14,11:00,16860.0,16707.0,-0.9074733096085419
2021-04-14,11:30,16860.0,16656.0,-1.2099644128113929
2021-04-14,12:00,16860.0,16732.0,-0.75919335705813
2021-04-14,12:30,16860.0,16745.0,-0.6820877817319104
2021-04-14,13:00,16860.0,16814.0,-0.27283511269275973
2021-04-21,09:00,17225.0,17245.0,0.11611030478955175
2021-04-21,09:30,17225.0,17226.0,0.0058055152394764775
2021-04-21,10:00,17225.0,17161.0,-0.3715529753265612
2021-04-21,10:30,17225.0,17179.0,-0.2670537010159624
2021-04-21,11:00,17225.0,17233.0,0.04644412191581182
2021-04-21,11:30,17225.0,17229.0,0.02322206095790591
2021-04-21,12:00,17225.0,17245.0,0.11611030478955175
2021-04-21,12:30,17225.0,17254.0,0.16835994194484005
2021-04-21,13:00,17225.0,17239.0,0.08127721335269289
2021-04-28,09:00,17548.0,17529.0,-0.10827444723044977
2021-04-28,09:30,17548.0,17544.0,-0.022794620469568372
2021-04-28,10:00,17548.0,17557.0,0.05128789605652884
2021-04-28,10:30,17548.0,17521.0,-0.1538636881695865
2021-04-28,11:00,17548.0,17508.0,-0.22794620469569482
2021-04-28,11:30,17548.0,17538.0,-0.05698655117392093
2021-04-28,12:00,17548.0,17530.0,-0.10257579211305767
2021-04-28,12:30,17548.0,17526.0,-0.12537041258262605
2021-04-28,13:00,17548.0,17505.0,-0.2450421700478711
2021-05-12,09:00,16503.0,16472.0,-0.18784463430890908
2021-05-12,09:30,16503.0,16463.0,-0.24238017330182604
2021-05-12,10:00,16503.0,16315.0,-1.1391868145185668
2021-05-12,10:30,16503.0,16141.0,-2.1935405683815024
2021-05-12,11:00,16503.0,15769.0,-4.447676180088466
2021-05-12,11:30,16503.0,15406.0,-6.647276252802525
2021-05-12,12:00,16503.0,15710.0,-4.805186935708661
2021-05-12,12:30,16503.0,15436.0,-6.46549112282615
2021-05-12,13:00,16503.0,15785.0,-4.350724110767734
2021-05-19,09:00,16122.0,16069.0,-0.3287433320927957
2021-05-19,09:30,16122.0,16086.0,-0.22329735764793357
2021-05-19,10:00,16122.0,16064.0,-0.35975685398833557
2021-05-19,10:30,16122.0,16072.0,-0.31013521895546514
2021-05-19,11:00,16122.0,16061.0,-0.37836496712566614
2021-05-19,11:30,16122.0,16120.0,-0.012405408758220382
2021-05-19,12:00,16122.0,16231.0,0.6760947773229109
2021-05-19,12:30,16122.0,16187.0,0.4031757846421069
2021-05-19,13:00,16122.0,16162.0,0.24810817516436323
2021-05-26,09:00,16616.0,16646.0,0.18054886856042618
2021-05-26,09:30,16616.0,16594.0,-0.13240250361097328
2021-05-26,10:00,16616.0,16570.0,-0.2768415984593209
2021-05-26,10:30,16616.0,16519.0,-0.5837746750120387
2021-05-26,11:00,16616.0,16582.0,-0.20462205103514153
2021-05-26,11:30,16616.0,16597.0,-0.11434761675493954
2021-05-26,12:00,16616.0,16558.0,-0.34906114588348913
2021-05-26,12:30,16616.0,16592.0,-0.1444390948483365
2021-05-26,13:00,16616.0,16589.0,-0.16249398170438134
2021-06-02,09:00,17171.0,17176.0,0.029118863199584233
2021-06-02,09:30,17171.0,17133.0,-0.22130336031681574
2021-06-02,10:00,17171.0,17141.0,-0.1747131791974832
2021-06-02,10:30,17171.0,17146.0,-0.14559431599789896
2021-06-02,11:00,17171.0,17154.0,-0.09900413487857751
2021-06-02,11:30,17171.0,17070.0,-0.5882010366315304
2021-06-02,12:00,17171.0,17083.0,-0.5124919923126248
2021-06-02,12:30,17171.0,17093.0,-0.4542542659134563
2021-06-02,13:00,17171.0,17100.0,-0.41348785743404726
2021-06-09,09:00,16997.0,17024.0,0.158851562040363
2021-06-09,09:30,16997.0,16998.0,0.005883391186678466
2021-06-09,10:00,16997.0,17025.0,0.16473495322704146
2021-06-09,10:30,16997.0,16951.0,-0.27063599458727605
2021-06-09,11:00,16997.0,17007.0,0.058833911866806865
2021-06-09,11:30,16997.0,16971.0,-0.15296817085368453
2021-06-09,12:00,16997.0,16940.0,-0.3353532976407614
2021-06-09,12:30,16997.0,16923.0,-0.4353709478143175
2021-06-09,13:00,16997.0,16921.0,-0.44713773018768554
2021-06-16,09:00,17324.0,17344.0,0.11544677903485567
2021-06-16,09:30,17324.0,17351.0,0.1558531516970607
2021-06-16,10:00,17324.0,17376.0,0.30016162549064695
2021-06-16,10:30,17324.0,17380.0,0.3232509812976181
2021-06-16,11:00,17324.0,17368.0,0.2539829138767047
2021-06-16,11:30,17324.0,17378.0,0.3117063033941436
2021-06-16,12:00,17324.0,17370.0,0.26552759178017915
2021-06-16,12:30,17324.0,17384.0,0.3463403371045892
2021-06-16,13:00,17324.0,17318.0,-0.0346340337104567
2021-06-23,09:00,17100.0,17104.0,0.02339181286550307
2021-06-23,09:30,17100.0,17083.0,-0.09941520467836584
2021-06-23,10:00,17100.0,17193.0,0.543859649122802
2021-06-23,10:30,17100.0,17226.0,0.7368421052631469
2021-06-23,11:00,17100.0,17235.0,0.7894736842105177
2021-06-23,11:30,17100.0,17242.0,0.8304093567251369
2021-06-23,12:00,17100.0,17246.0,0.85380116959064
2021-06-23,12:30,17100.0,17230.0,0.7602339181286499
2021-06-23,13:00,17100.0,17250.0,0.8771929824561431
2021-06-30,09:00,17610.0,17598.0,-0.06814310051107553
2021-06-30,09:30,17610.0,17683.0,0.4145371947756882
2021-06-30,10:00,17610.0,17693.0,0.47132311186826037
2021-06-30,10:30,17610.0,17750.0,0.7950028392958552
2021-06-30,11:00,17610.0,17750.0,0.7950028392958552
2021-06-30,11:30,17610.0,17713.0,0.5848949460533825
2021-06-30,12:00,17610.0,17748.0,0.7836456558773408
2021-06-30,12:30,17610.0,17734.0,0.7041453719477619
2021-06-30,13:00,17610.0,17754.0,0.8177172061328841
2021-07-07,09:00,17821.0,17809.0,-0.06733628864822316
2021-07-07,09:30,17821.0,17847.0,0.14589529207114094
2021-07-07,10:00,17821.0,17868.0,0.26373379720554535
2021-07-07,10:30,17821.0,17900.0,0.4432972336008145
2021-07-07,11:00,17821.0,17866.0,0.25251108243085074
2021-07-07,11:30,17821.0,17845.0,0.13467257729644633
2021-07-07,12:00,17821.0,17867.0,0.25812243981819805
2021-07-07,12:30,17821.0,17843.0,0.12344986252175172
2021-07-07,13:00,17821.0,17782.0,-0.2188429381067225
2021-07-14,09:00,17846.0,17888.0,0.23534685643842312
2021-07-14,09:30,17846.0,17863.0,0.09525944189174851
2021-07-14,10:00,17846.0,17789.0,-0.31939930516642345
2021-07-14,10:30,17846.0,17781.0,-0.36422727782136066
2021-07-14,11:00,17846.0,17844.0,-0.011206993163737078
2021-07-14,11:30,17846.0,17876.0,0.16810489745602286
2021-07-14,12:00,17846.0,17871.0,0.14008741454667462
2021-07-14,12:30,17846.0,17859.0,0.07284545556427435
2021-07-14,13:00,17846.0,17825.0,-0.11767342821921156
2021-07-21,09:00,17655.0,17655.0,0.0
2021-07-21,09:30,17655.0,17606.0,-0.27754177286887227
2021-07-21,10:00,17655.0,17570.0,-0.48145001416028954
2021-07-21,10:30,17655.0,17534.0,-0.6853582554517179
2021-07-21,11:00,17655.0,17487.0,-0.9515717926932843
2021-07-21,11:30,17655.0,17473.0,-1.0308694420843922
2021-07-21,12:00,17655.0,17479.0,-0.9968847352024968
2021-07-21,12:30,17655.0,17410.0,-1.3877088643443836
2021-07-21,13:00,17655.0,17397.0,-1.4613423959218386
2021-07-28,09:00,17062.0,17110.0,0.2813269253311379
2021-07-28,09:30,17062.0,16833.0,-1.3421638729340102
2021-07-28,10:00,17062.0,16816.0,-1.4418004923221206
2021-07-28,10:30,17062.0,16826.0,-1.3831907162114687
2021-07-28,11:00,17062.0,16920.0,-0.8322588207713033
2021-07-28,11:30,17062.0,16978.0,-0.49232211932950243
2021-07-28,12:00,17062.0,16922.0,-0.8205368655491707
2021-07-28,12:30,17062.0,16863.0,-1.1663345446020434
2021-07-28,13:00,17062.0,16919.0,-0.8381197983823752
2021-08-04,09:00,17491.0,17512.0,0.12006174604082265
2021-08-04,09:30,17491.0,17518.0,0.15436510205248943
2021-08-04,10:00,17491.0,17526.0,0.20010291006804515
2021-08-04,10:30,17491.0,17563.0,0.411640272139957
2021-08-04,11:00,17491.0,17556.0,0.37161969012635687
2021-08-04,11:30,17491.0,17545.0,0.30873020410497887
2021-08-04,12:00,17491.0,17559.0,0.38877136813217916
2021-08-04,12:30,17491.0,17562.0,0.40592304613802366
2021-08-04,13:00,17491.0,17568.0,0.44022640214966824
2021-08-11,09:00,17217.0,17230.0,0.07550676656793431
2021-08-11,09:30,17217.0,17226.0,0.0522739153162588
2021-08-11,10:00,17217.0,17243.0,0.15101353313584642
2021-08-11,10:30,17217.0,17277.0,0.34849276877504387
2021-08-11,11:00,17217.0,17238.0,0.12197246907126313
2021-08-11,11:30,17217.0,17156.0,-0.35430098158796275
2021-08-11,12:00,17217.0,17158.0,-0.342684555962125
2021-08-11,12:30,17217.0,17113.0,-0.604054132543419
2021-08-11,13:00,17217.0,17115.0,-0.5924377069175812
2021-08-18,09:00,16440.0,16430.0,-0.06082725060827521
2021-08-18,09:30,16440.0,16461.0,0.12773722627736905
2021-08-18,10:00,16440.0,16447.0,0.042579075425797086
2021-08-18,10:30,16440.0,16550.0,0.6690997566910051
2021-08-18,11:00,16440.0,16608.0,1.0218978102189746
2021-08-18,11:30,16440.0,16682.0,1.4720194647201978
2021-08-18,12:00,16440.0,16670.0,1.3990267639902632
2021-08-18,12:30,16440.0,16762.0,1.9586374695863773
2021-08-18,13:00,16440.0,16757.0,1.9282238442822397
2021-08-25,09:00,16794.0,16829.0,0.2084077646778537
2021-08-25,09:30,16794.0,16851.0,0.33940693104679287
2021-08-25,10:00,16794.0,16867.0,0.4346790520423971
2021-08-25,10:30,16794.0,16865.0,0.4227700369179521
2021-08-25,11:00,16794.0,16893.0,0.5894962486602262
2021-08-25,11:30,16794.0,16935.0,0.8395855662736595
2021-08-25,12:00,16794.0,16930.0,0.8098130284625471
2021-08-25,12:30,16794.0,16929.0,0.8038585209003246
2021-08-25,13:00,16794.0,16948.0,0.9169941645825963
2021-09-01,09:00,17408.0,17374.0,-0.1953125
2021-09-01,09:30,17408.0,17431.0,0.13212316176469674
2021-09-01,10:00,17408.0,17425.0,0.09765625
2021-09-01,10:30,17408.0,17425.0,0.09765625
2021-09-01,11:00,17408.0,17443.0,0.20105698529411242
2021-09-01,11:30,17408.0,17445.0,0.21254595588235947
2021-09-01,12:00,17408.0,17448.0,0.22977941176469674
2021-09-01,12:30,17408.0,17473.0,0.37339154411764053
2021-09-01,13:00,17408.0,17471.0,0.3619025735294157
2021-09-08,09:00,17395.0,17396.0,0.005748778384595532
2021-09-08,09:30,17395.0,17379.0,-0.0919804541534952
2021-09-08,10:00,17395.0,17368.0,-0.15521701638402385
2021-09-08,10:30,17395.0,17331.0,-0.3679218166139697
2021-09-08,11:00,17395.0,17304.0,-0.5231388329979825
2021-09-08,11:30,17395.0,17265.0,-0.7473411899971305
2021-09-08,12:00,17395.0,17228.0,-0.9600459902270764
2021-09-08,12:30,17395.0,17242.0,-0.8795630928427722
2021-09-08,13:00,17395.0,17185.0,-1.2072434607645843
2021-09-15,09:00,17403.0,17396.0,-0.04022295006608223
2021-09-15,09:30,17403.0,17317.0,-0.4941676722404198
2021-09-15,10:00,17403.0,17314.0,-0.5114060794115916
2021-09-15,10:30,17403.0,17347.0,-0.32178360052864674
2021-09-15,11:00,17403.0,17358.0,-0.25857610756766514
2021-09-15,11:30,17403.0,17394.0,-0.05171522151353747
2021-09-15,12:00,17403.0,17368.0,-0.20111475033040005
2021-09-15,12:30,17403.0,17352.0,-0.29305292191001975
2021-09-15,13:00,17403.0,17400.0,-0.017238407171182857
2021-09-22,09:00,16835.0,16855.0,0.11880011880012198
2021-09-22,09:30,16835.0,16927.0,0.5464805464805433
2021-09-22,10:00,16835.0,16857.0,0.13068013068013862
2021-09-22,10:30,16835.0,16834.0,-0.005940005940008319
2021-09-22,11:00,16835.0,16818.0,-0.10098010098009702
2021-09-22,11:30,16835.0,16864.0,0.17226017226017465
2021-09-22,12:00,16835.0,16851.0,0.0950400950400887
2021-09-22,12:30,16835.0,16862.0,0.160380160380158
2021-09-22,13:00,16835.0,16880.0,0.26730026730026335
2021-09-29,09:00,16926.0,16885.0,-0.2422308873921808
2021-09-29,09:30,16926.0,16814.0,-0.6617038875103343
2021-09-29,10:00,16926.0,16834.0,-0.5435424790263488
2021-09-29,10:30,16926.0,16880.0,-0.2717712395131744
2021-09-29,11:00,16926.0,16841.0,-0.5021859860569577
2021-09-29,11:30,16926.0,16832.0,-0.5553586198747462
2021-09-29,12:00,16926.0,16780.0,-0.862578281933124
2021-09-29,12:30,16926.0,16830.0,-0.5671747607231437
2021-09-29,13:00,16926.0,16813.0,-0.6676119579345441
2021-10-06,09:00,16470.0,16471.0,0.006071645415905991
2021-10-06,09:30,16470.0,16367.0,-0.6253794778384947
2021-10-06,10:00,16470.0,16335.0,-0.8196721311475419
2021-10-06,10:30,16470.0,16372.0,-0.5950212507589536
2021-10-06,11:00,16470.0,16313.0,-0.953248330297507
2021-10-06,11:30,16470.0,16315.0,-0.941105039465695
2021-10-06,12:00,16470.0,16343.0,-0.7710989678202829
2021-10-06,12:30,16470.0,16324.0,-0.88646023072253
2021-10-06,13:00,16470.0,16299.0,-1.038251366120213
2021-10-13,09:00,16520.0,16552.0,0.19370460048426796
2021-10-13,09:30,16520.0,16454.0,-0.3995157384987902
2021-10-13,10:00,16520.0,16433.0,-0.526634382566582
2021-10-13,10:30,16520.0,16380.0,-0.8474576271186418
2021-10-13,11:00,16520.0,16379.0,-0.85351089588378
2021-10-13,11:30,16520.0,16396.0,-0.7506053268765078
2021-10-13,12:00,16520.0,16342.0,-1.0774818401937059
2021-10-13,12:30,16520.0,16378.0,-0.8595641646489072
2021-10-13,13:00,16520.0,16382.0,-0.8353510895883764
2021-10-20,09:00,16973.0,16954.0,-0.11194249690684721
2021-10-20,09:30,16973.0,16950.0,-0.1355093383609285
2021-10-20,10:00,16973.0,16914.0,-0.3476109114475934
2021-10-20,10:30,16973.0,16931.0,-0.2474518352677757
2021-10-20,11:00,16973.0,16932.0,-0.24156012490426093
2021-10-20,11:30,16973.0,16924.0,-0.2886938078124124
2021-10-20,12:00,16973.0,16923.0,-0.29458551817592715
2021-10-20,12:30,16973.0,16912.0,-0.359394332174634
2021-10-20,13:00,16973.0,16886.0,-0.5125788016261068
2021-10-27,09:00,16944.0,16976.0,0.18885741265344258
2021-10-27,09:30,16944.0,16988.0,0.2596789423984891
2021-10-27,10:00,16944.0,16982.0,0.22426817752596584
2021-10-27,10:30,16944.0,16982.0,0.22426817752596584
2021-10-27,11:00,16944.0,16969.0,0.14754485363550618
2021-10-27,11:30,16944.0,16965.0,0.12393767705383141
2021-10-27,12:00,16944.0,16986.0,0.2478753541076406
2021-10-27,12:30,16944.0,16995.0,0.3009915014164255
2021-10-27,13:00,16944.0,17045.0,0.5960812086874379
2021-11-03,09:00,17081.0,17078.0,-0.017563374509688146
2021-11-03,09:30,17081.0,17090.0,0.052690123529064437
2021-11-03,10:00,17081.0,17108.0,0.1580703705871933
2021-11-03,10:30,17081.0,17069.0,-0.07025349803875258
2021-11-03,11:00,17081.0,17053.0,-0.16392482875710046
2021-11-03,11:30,17081.0,17088.0,0.04098120718927234
2021-11-03,12:00,17081.0,17091.0,0.058544581698960485
2021-11-03,12:30,17081.0,17092.0,0.06439903986885653
2021-11-03,13:00,17081.0,17099.0,0.10538024705812887
2021-11-10,09:00,17550.0,17556.0,0.03418803418804295
2021-11-10,09:30,17550.0,17561.0,0.06267806267805653
2021-11-10,10:00,17550.0,17563.0,0.07407407407407085
2021-11-10,10:30,17550.0,17553.0,0.017094017094021474
2021-11-10,11:00,17550.0,17513.0,-0.21082621082620934
2021-11-10,11:30,17550.0,17514.0,-0.20512820512820218
2021-11-10,12:00,17550.0,17524.0,-0.1481481481481528
2021-11-10,12:30,17550.0,17547.0,-0.017094017094021474
2021-11-10,13:00,17550.0,17554.0,0.022792022792028632
2021-11-17,09:00,17711.0,17730.0,0.10727796284795144
2021-11-17,09:30,17711.0,17711.0,0.0
2021-11-17,10:00,17711.0,17716.0,0.028231042854720556
2021-11-17,10:30,17711.0,17716.0,0.028231042854720556
2021-11-17,11:00,17711.0,17729.0,0.10163175427699844
2021-11-17,11:30,17711.0,17733.0,0.12421658856078821
2021-11-17,12:00,17711.0,17745.0,0.1919710914121131
2021-11-17,12:30,17711.0,17746.0,0.1976172999830661
2021-11-17,13:00,17711.0,17734.0,0.129862797131719
2021-11-24,09:00,17604.0,17645.0,0.23290161326972036
2021-11-24,09:30,17604.0,17669.0,0.3692342649397773
2021-11-24,10:00,17604.0,17681.0,0.43740059077481686
2021-11-24,10:30,17604.0,17665.0,0.34651215632810484
2021-11-24,11:00,17604.0,17633.0,0.1647352874346808
2021-11-24,11:30,17604.0,17631.0,0.15337423312884457
2021-11-24,12:00,17604.0,17624.0,0.11361054305840668
2021-11-24,12:30,17604.0,17612.0,0.04544421722336711
2021-11-24,13:00,17604.0,17617.0,0.07384685298794658
2021-12-01,09:00,17350.0,17356.0,0.034582132564842105
2021-12-01,09:30,17350.0,17375.0,0.14409221902016434
2021-12-01,10:00,17350.0,17435.0,0.4899135446685854
2021-12-01,10:30,17350.0,17482.0,0.7608069164265041
2021-12-01,11:00,17350.0,17508.0,0.9106628242074866
2021-12-01,11:30,17350.0,17495.0,0.8357348703170064
2021-12-01,12:00,17350.0,17508.0,0.9106628242074866
2021-12-01,12:30,17350.0,17548.0,1.1412103746397673
2021-12-01,13:00,17350.0,17604.0,1.4639769452449602
2021-12-08,09:00,17945.0,17970.0,0.13931457230427213
2021-12-08,09:30,17945.0,17980.0,0.19504040122597655
2021-12-08,10:00,17945.0,17915.0,-0.16717748676511324
2021-12-08,10:30,17945.0,17935.0,-0.05572582892170441
2021-12-08,11:00,17945.0,17931.0,-0.07801616049039062
2021-12-08,11:30,17945.0,17916.0,-0.16160490387294724
2021-12-08,12:00,17945.0,17875.0,-0.390080802451942
2021-12-08,12:30,17945.0,17878.0,-0.3733630537754218
2021-12-08,13:00,17945.0,17900.0,-0.25076623014766986
2021-12-15,09:00,17588.0,17568.0,-0.11371389583807456
2021-12-15,09:30,17588.0,17550.0,-0.216056402092335
2021-12-15,10:00,17588.0,17627.0,0.22174209688423652
2021-12-15,10:30,17588.0,17622.0,0.19331362292471788
2021-12-15,11:00,17588.0,17632.0,0.25017057084375516
2021-12-15,11:30,17588.0,17639.0,0.2899704343870768
2021-12-15,12:00,17588.0,17649.0,0.3468273823061141
2021-12-15,12:30,17588.0,17647.0,0.3354559927223111
2021-12-15,13:00,17588.0,17634.0,0.2615419604275582
2021-12-22,09:00,17847.0,17822.0,-0.14007956519302978
2021-12-22,09:30,17847.0,17815.0,-0.17930184344707722
2021-12-22,10:00,17847.0,17811.0,-0.20171457387796465
2021-12-22,10:30,17847.0,17802.0,-0.2521432173474558
2021-12-22,11:00,17847.0,17792.0,-0.3081750434246633
2021-12-22,11:30,17847.0,17825.0,-0.12327001736986976
2021-12-22,12:00,17847.0,17820.0,-0.1512859304084735
2021-12-22,12:30,17847.0,17804.0,-0.2409368521320121
2021-12-22,13:00,17847.0,17810.0,-0.20731775648568096
2021-12-29,09:00,18195.0,18226.0,0.17037647705413494
2021-12-29,09:30,18195.0,18230.0,0.19236053860951507
2021-12-29,10:00,18195.0,18192.0,-0.016488046166529546
2021-12-29,10:30,18195.0,18211.0,0.08793624622149832
2021-12-29,11:00,18195.0,18230.0,0.19236053860951507
2021-12-29,11:30,18195.0,18223.0,0.1538884308876165
2021-12-29,12:00,18195.0,18238.0,0.23632866172025313
2021-12-29,12:30,18195.0,18253.0,0.31876889255288976
2021-12-29,13:00,18195.0,18280.0,0.4671613080516668
2022-01-05,09:00,18480.0,18529.0,0.26515151515151825
2022-01-05,09:30,18480.0,18531.0,0.2759740259740351
2022-01-05,10:00,18480.0,18498.0,0.09740259740260715
2022-01-05,10:30,18480.0,18514.0,0.18398268398267525
2022-01-05,11:00,18480.0,18493.0,0.07034632034632615
2022-01-05,11:30,18480.0,18452.0,-0.15151515151514694
2022-01-05,12:00,18480.0,18484.0,0.021645021645011475
2022-01-05,12:30,18480.0,18471.0,-0.048701298701303575
2022-01-05,13:00,18480.0,18459.0,-0.1136363636363602
2022-01-12,09:00,18403.0,18381.0,-0.11954572624028881
2022-01-12,09:30,18403.0,18368.0,-0.19018638265499987
2022-01-12,10:00,18403.0,18313.0,-0.4890506982557219
2022-01-12,10:30,18403.0,18303.0,-0.5433896647285774
2022-01-12,11:00,18403.0,18304.0,-0.5379557680812885
2022-01-12,11:30,18403.0,18287.0,-0.630332011085144
2022-01-12,12:00,18403.0,18303.0,-0.5433896647285774
2022-01-12,12:30,18403.0,18310.0,-0.5053523881975774
2022-01-12,13:00,18403.0,18310.0,-0.5053523881975774
2022-01-19,09:00,18261.0,18251.0,-0.05476151360823689
2022-01-19,09:30,18261.0,18328.0,0.36690214117518494
2022-01-19,10:00,18261.0,18311.0,0.27380756804118445
2022-01-19,10:30,18261.0,18309.0,0.2628552653195282
2022-01-19,11:00,18261.0,18289.0,0.1533322381030544
2022-01-19,11:30,18261.0,18248.0,-0.07118996769071018
2022-01-19,12:00,18261.0,18238.0,-0.12595148129894707
2022-01-19,12:30,18261.0,18245.0,-0.08761842177317236
2022-01-19,13:00,18261.0,18234.0,-0.14785608674223738
2022-01-26,09:00,17683.0,17614.0,-0.3902052819091728
2022-01-26,09:30,17683.0,17663.0,-0.11310298026353527
2022-01-26,10:00,17683.0,17704.0,0.11875812927670815
2022-01-26,10:30,17683.0,17721.0,0.21489566250070258
2022-01-26,11:00,17683.0,17716.0,0.1866199174348271
2022-01-26,11:30,17683.0,17705.0,0.12441327828989213
2022-01-26,12:00,17683.0,17732.0,0.27710230164563754
2022-01-26,12:30,17683.0,17689.0,0.03393089407905947
2022-01-26,13:00,17683.0,17680.0,-0.016965447039529735
2022-02-07,09:00,17797.0,17767.0,-0.1685677361353055
2022-02-07,09:30,17797.0,17839.0,0.2359948305894255
2022-02-07,10:00,17797.0,17740.0,-0.3202786986570727
2022-02-07,10:30,17797.0,17740.0,-0.3202786986570727
2022-02-07,11:00,17797.0,17724.0,-0.4101814912625734
2022-02-07,11:30,17797.0,17767.0,-0.1685677361353055
2022-02-07,12:00,17797.0,17791.0,-0.03371354722706554
2022-02-07,12:30,17797.0,17842.0,0.2528516042029638
2022-02-07,13:00,17797.0,17874.0,0.43265718941394304
2022-02-09,09:00,18068.0,18069.0,0.005534646889526762
2022-02-09,09:30,18068.0,18091.0,0.12729687845915993
2022-02-09,10:00,18068.0,18086.0,0.09962364401150392
2022-02-09,10:30,18068.0,18068.0,0.0
2022-02-09,11:00,18068.0,18094.0,0.14390081912774022
2022-02-09,11:30,18068.0,18097.0,0.1605047597963205
2022-02-09,12:00,18068.0,18105.0,0.2047819349125568
2022-02-09,12:30,18068.0,18128.0,0.33207881337171674
2022-02-09,13:00,18068.0,18120.0,0.28780163825548044
2022-02-16,09:00,18184.0,18172.0,-0.06599208095028342
2022-02-16,09:30,18184.0,18179.0,-0.027496700395956974
2022-02-16,10:00,18184.0,18165.0,-0.10448746150462096
2022-02-16,10:30,18184.0,18235.0,0.28046634403871007
2022-02-16,11:00,18184.0,18228.0,0.24197096348437253
2022-02-16,11:30,18184.0,18230.0,0.2529696436427642
2022-02-16,12:00,18184.0,18217.0,0.18147822261329605
2022-02-16,12:30,18184.0,18179.0,-0.027496700395956974
2022-02-16,13:00,18184.0,18167.0,-0.09348878134624039
2022-02-23,09:00,17954.0,17946.0,-0.04455831569566415
2022-02-23,09:30,17954.0,17997.0,0.23950094686420176
2022-02-23,10:00,17954.0,17986.0,0.1782332627826566
2022-02-23,10:30,17954.0,17977.0,0.12810515762504693
2022-02-23,11:00,17954.0,17963.0,0.050128105157631886
2022-02-23,11:30,17954.0,17978.0,0.13367494708700356
2022-02-23,12:00,17954.0,17991.0,0.20608221009246197
2022-02-23,12:30,17954.0,17982.0,0.15595410493483008
2022-02-23,13:00,17954.0,18016.0,0.34532694664142216
2022-03-02,09:00,17788.0,17803.0,0.0843265122554504
2022-03-02,09:30,17788.0,17802.0,0.07870474477176259
2022-03-02,10:00,17788.0,17820.0,0.17989655947829863
2022-03-02,10:30,17788.0,17807.0,0.10681358219024606
2022-03-02,11:00,17788.0,17810.0,0.1236788846413317
2022-03-02,11:30,17788.0,17803.0,0.0843265122554504
2022-03-02,12:00,17788.0,17811.0,0.1293006521250195
2022-03-02,12:30,17788.0,17812.0,0.13492241960872953
2022-03-02,13:00,17788.0,17854.0,0.3710366539239951
2022-03-09,09:00,16890.0,16935.0,0.2664298401420906
2022-03-09,09:30,16890.0,16912.0,0.1302545885139228
2022-03-09,10:00,16890.0,16970.0,0.4736530491415092
2022-03-09,10:30,16890.0,16993.0,0.609828300769677
2022-03-09,11:00,16890.0,16941.0,0.301953818827716
2022-03-09,11:30,16890.0,16921.0,0.1835405565423276
2022-03-09,12:00,16890.0,16928.0,0.2249851983422202
2022-03-09,12:30,16890.0,16989.0,0.5861456483126082
2022-03-09,13:00,16890.0,16977.0,0.5150976909413796
2022-03-16,09:00,17080.0,17064.0,-0.09367681498828606
2022-03-16,09:30,17080.0,16948.0,-0.7728337236533989
2022-03-16,10:00,17080.0,16970.0,-0.6440281030444917
2022-03-16,10:30,17080.0,16954.0,-0.7377049180327888
2022-03-16,11:00,17080.0,16892.0,-1.1007025761124112
2022-03-16,11:30,17080.0,16881.0,-1.1651053864168648
2022-03-16,12:00,17080.0,16879.0,-1.1768149882903978
2022-03-16,12:30,17080.0,16820.0,-1.5222482435597207
2022-03-16,13:00,17080.0,16858.0,-1.2997658079625274
2022-03-23,09:00,17644.0,17654.0,0.05667649059171165
2022-03-23,09:30,17644.0,17662.0,0.10201768306505876
2022-03-23,10:00,17644.0,17700.0,0.3173883473135408
2022-03-23,10:30,17644.0,17695.0,0.2890501020176739
2022-03-23,11:00,17644.0,17721.0,0.436408977556102
2022-03-23,11:30,17644.0,17695.0,0.2890501020176739
2022-03-23,12:00,17644.0,17683.0,0.22103831330764212
2022-03-23,12:30,17644.0,17642.0,-0.01133529811834233
2022-03-23,13:00,17644.0,17666.0,0.12468827930174342
2022-03-30,09:00,17671.0,17703.0,0.18108765774431657
2022-03-30,09:30,17671.0,17738.0,0.3791522834021954
2022-03-30,10:00,17671.0,17721.0,0.2829494652255127
2022-03-30,10:30,17671.0,17709.0,0.21504159357139674
2022-03-30,11:00,17671.0,17666.0,-0.02829494652255571
2022-03-30,11:30,17671.0,17693.0,0.12449776469922735
2022-03-30,12:00,17671.0,17687.0,0.09054382887216939
2022-03-30,12:30,17671.0,17732.0,0.34519834757511525
2022-03-30,13:00,17671.0,17738.0,0.3791522834021954
2022-04-06,09:00,17439.0,17373.0,-0.3784620677791173
2022-04-06,09:30,17439.0,17395.0,-0.2523080451860782
2022-04-06,10:00,17439.0,17381.0,-0.33258787774528287
2022-04-06,10:30,17439.0,17419.0,-0.11468547508458604
2022-04-06,11:00,17439.0,17443.0,0.022937095016906106
2022-04-06,11:30,17439.0,17439.0,0.0
2022-04-06,12:00,17439.0,17432.0,-0.04013991627960234
2022-04-06,12:30,17439.0,17462.0,0.13188829634727117
2022-04-06,13:00,17439.0,17486.0,0.2695108664487744
2022-04-13,09:00,17080.0,17144.0,0.37470725995316645
2022-04-13,09:30,17080.0,17185.0,0.6147540983606481
2022-04-13,10:00,17080.0,17193.0,0.6615925058548022
2022-04-13,10:30,17080.0,17229.0,0.8723653395784625
2022-04-13,11:00,17080.0,17262.0,1.0655737704918122
2022-04-13,11:30,17080.0,17295.0,1.258782201405162
2022-04-13,12:00,17080.0,17281.0,1.1768149882904089
2022-04-13,12:30,17080.0,17279.0,1.1651053864168537
2022-04-13,13:00,17080.0,17288.0,1.2177985948477854
2022-04-20,09:00,17071.0,17080.0,0.05272098881143883
2022-04-20,09:30,17071.0,17051.0,-0.11715775291429864
2022-04-20,10:00,17071.0,17014.0,-0.33389959580575335
2022-04-20,10:30,17071.0,17007.0,-0.3749048093257601
2022-04-20,11:00,17071.0,17058.0,-0.0761525393942919
2022-04-20,11:30,17071.0,17056.0,-0.08786831468572398
2022-04-20,12:00,17071.0,17094.0,0.13473141585145232
2022-04-20,12:30,17071.0,17096.0,0.1464471911428733
2022-04-20,13:00,17071.0,17084.0,0.076152539394303
2022-04-27,09:00,16221.0,16265.0,0.2712533136058237
2022-04-27,09:30,16221.0,16273.0,0.3205720978977977
2022-04-27,10:00,16221.0,16276.0,0.33906664200726855
2022-04-27,10:30,16221.0,16193.0,-0.1726157450218868
2022-04-27,11:00,16221.0,16301.0,0.49318784291967344
2022-04-27,11:30,16221.0,16319.0,0.6041551075765872
2022-04-27,12:00,16221.0,16319.0,0.6041551075765872
2022-04-27,12:30,16221.0,16301.0,0.49318784291967344
2022-04-27,13:00,16221.0,16260.0,0.24042907342334274
2022-05-04,09:00,16505.0,16542.0,0.22417449257801092
2022-05-04,09:30,16505.0,16551.0,0.27870342320508446
2022-05-04,10:00,16505.0,16553.0,0.2908209633444514
2022-05-04,10:30,16505.0,16551.0,0.27870342320508446
2022-05-04,11:00,16505.0,16509.0,0.024235080278711685
2022-05-04,11:30,16505.0,16518.0,0.07876401090578522
2022-05-04,12:00,16505.0,16511.0,0.036352620418056425
2022-05-04,12:30,16505.0,16512.0,0.042411390487728795
2022-05-04,13:00,16505.0,16505.0,0.0
2022-05-11,09:00,15989.0,15958.0,-0.19388329476515143
2022-05-11,09:30,15989.0,15942.0,-0.29395209206329875
2022-05-11,10:00,15989.0,15931.0,-0.36274939020576324
2022-05-11,10:30,15989.0,15982.0,-0.043780098817935986
2022-05-11,11:00,15989.0,15980.0,-0.05628869848020024
2022-05-11,11:30,15989.0,16025.0,0.22515479392082316
2022-05-11,12:00,15989.0,16042.0,0.3314778910501026
2022-05-11,12:30,15989.0,16021.0,0.20013759459629465
2022-05-11,13:00,15989.0,16016.0,0.16886609544062292
2022-05-18,09:00,16180.0,16188.0,0.04944375772559795
2022-05-18,09:30,16180.0,16203.0,0.1421508034610719
2022-05-18,10:00,16180.0,16197.0,0.10506798516687343
2022-05-18,10:30,16180.0,16225.0,0.27812113720642184
2022-05-18,11:00,16180.0,16210.0,0.1854140914709479
2022-05-18,11:30,16180.0,16238.0,0.3584672435104963
2022-05-18,12:00,16180.0,16263.0,0.5129789864029677
2022-05-18,12:30,16180.0,16274.0,0.5809641532756427
2022-05-18,13:00,16180.0,16290.0,0.6798516687268163
2022-05-25,09:00,15996.0,15998.0,0.012503125781448965
2022-05-25,09:30,15996.0,15995.0,-0.0062515628907244825
2022-05-25,10:00,15996.0,16023.0,0.16879219804950552
2022-05-25,10:30,15996.0,16051.0,0.3438359589897466
2022-05-25,11:00,15996.0,16041.0,0.281320330082524
2022-05-25,11:30,15996.0,16042.0,0.2875718929732374
2022-05-25,12:00,15996.0,16106.0,0.6876719179794932
2022-05-25,12:30,15996.0,16119.0,0.7689422355589004
2022-05-25,13:00,15996.0,16128.0,0.8252063015753874
2022-06-01,09:00,16647.0,16630.0,-0.10212050219258195
2022-06-01,09:30,16647.0,16681.0,0.2042410043851639
2022-06-01,10:00,16647.0,16713.0,0.3964678320418136
2022-06-01,10:30,16647.0,16749.0,0.6127230131555139
2022-06-01,11:00,16647.0,16663.0,0.09611341382831373
2022-06-01,11:30,16647.0,16674.0,0.16219138583528636
2022-06-01,12:00,16647.0,16654.0,0.04204961854989975
2022-06-01,12:30,16647.0,16660.0,0.07809214873550907
2022-06-01,13:00,16647.0,16681.0,0.2042410043851639
2022-06-08,09:00,16560.0,16588.0,0.16908212560386993
2022-06-08,09:30,16560.0,16647.0,0.525362318840572
2022-06-08,10:00,16560.0,16663.0,0.6219806763285041
2022-06-08,10:30,16560.0,16677.0,0.706521739130439
2022-06-08,11:00,16560.0,16663.0,0.6219806763285041
2022-06-08,11:30,16560.0,16647.0,0.525362318840572
2022-06-08,12:00,16560.0,16651.0,0.5495169082125662
2022-06-08,12:30,16560.0,16650.0,0.5434782608695565
2022-06-08,13:00,16560.0,16639.0,0.47705314009662825
2022-06-15,09:00,16052.0,16010.0,-0.26164963867431057
2022-06-15,09:30,16052.0,16085.0,0.20558185895838132
2022-06-15,10:00,16052.0,16053.0,0.006229753301778551
2022-06-15,10:30,16052.0,16037.0,-0.09344629952653394
2022-06-15,11:00,16052.0,16033.0,-0.11836531273361484
2022-06-15,11:30,16052.0,16023.0,-0.18066284575131153
2022-06-15,12:00,16052.0,16013.0,-0.24296037876899712
2022-06-15,12:30,16052.0,16008.0,-0.27410914527784547
2022-06-15,13:00,16052.0,16062.0,0.062297533017696693
2022-06-22,09:00,15316.0,15280.0,-0.23504831548707417
2022-06-22,09:30,15316.0,15206.0,-0.7182031862104976
2022-06-22,10:00,15316.0,15173.0,-0.9336641420736536
2022-06-22,10:30,15316.0,15140.0,-1.1491250979367984
2022-06-22,11:00,15316.0,15045.0,-1.7693914860276827
2022-06-22,11:30,15316.0,15072.0,-1.5931052494123743
2022-06-22,12:00,15316.0,15030.0,-1.867328284147296
2022-06-22,12:30,15316.0,14999.0,-2.0697310002611657
2022-06-22,13:00,15316.0,15033.0,-1.8477409245233778
2022-06-29,09:00,15020.0,15018.0,-0.013315579227701768
2022-06-29,09:30,15020.0,15088.0,0.4527296937416825
2022-06-29,10:00,15020.0,15062.0,0.2796271637816261
2022-06-29,10:30,15020.0,15078.0,0.38615179760319585
2022-06-29,11:00,15020.0,15060.0,0.26631158455392434
2022-06-29,11:30,15020.0,15035.0,0.09986684420772995
2022-06-29,12:00,15020.0,15051.0,0.2063914780292997
2022-06-29,12:30,15020.0,15027.0,0.046604527296945086
2022-06-29,13:00,15020.0,15017.0,-0.01997336884154155
2022-07-06,09:00,14213.0,14210.0,-0.021107436853584627
2022-07-06,09:30,14213.0,14114.0,-0.6965454161682927
2022-07-06,10:00,14213.0,14077.0,-0.9568704706958364
2022-07-06,10:30,14213.0,14052.0,-1.1327657778090527
2022-07-06,11:00,14213.0,14011.0,-1.4212340814747093
2022-07-06,11:30,14213.0,13960.0,-1.780060507985648
2022-07-06,12:00,14213.0,14016.0,-1.3860550200520683
2022-07-06,12:30,14213.0,13982.0,-1.6252726377260274
2022-07-06,13:00,14213.0,13919.0,-2.0685288116513045
2022-07-13,09:00,14240.0,14268.0,0.1966292134831571
2022-07-13,09:30,14240.0,14250.0,0.0702247191011196
2022-07-13,10:00,14240.0,14291.0,0.3581460674157322
2022-07-13,10:30,14240.0,14250.0,0.0702247191011196
2022-07-13,11:00,14240.0,14295.0,0.38623595505618
2022-07-13,11:30,14240.0,14339.0,0.6952247191011285
2022-07-13,12:00,14240.0,14328.0,0.6179775280898969
2022-07-13,12:30,14240.0,14314.0,0.5196629213483073
2022-07-13,13:00,14240.0,14320.0,0.561797752808979
2022-07-20,09:00,14845.0,14896.0,0.3435500168406769
2022-07-20,09:30,14845.0,14873.0,0.1886156955203777
2022-07-20,10:00,14845.0,14872.0,0.18187942068035312
2022-07-20,10:30,14845.0,14868.0,0.15493432132029916
2022-07-20,11:00,14845.0,14883.0,0.2559784439205126
2022-07-20,11:30,14845.0,14865.0,0.1347254968002698
2022-07-20,12:00,14845.0,14866.0,0.14146177164027218
2022-07-20,12:30,14845.0,14806.0,-0.2627147187605261
2022-07-20,13:00,14845.0,14800.0,-0.30313236780060704
2022-07-27,09:00,14670.0,14709.0,0.2658486707566521
2022-07-27,09:30,14670.0,14680.0,0.06816632583503957
2022-07-27,10:00,14670.0,14667.0,-0.02044989775050743
2022-07-27,10:30,14670.0,14645.0,-0.1704158145875989
2022-07-27,11:00,14670.0,14663.0,-0.047716428084521034
2022-07-27,11:30,14670.0,14701.0,0.21131561008862487
2022-07-27,12:00,14670.0,14726.0,0.3817314246762127
2022-07-27,12:30,14670.0,14724.0,0.36809815950920033
2022-07-27,13:00,14670.0,14780.0,0.749829584185413
2022-08-03,09:00,14627.0,14673.0,0.3144869077732926
2022-08-03,09:30,14627.0,14645.0,0.12306009434606135
2022-08-03,10:00,14627.0,14672.0,0.3076502358651867
2022-08-03,10:30,14627.0,14676.0,0.33499692349763244
2022-08-03,11:00,14627.0,14670.0,0.2939768920489527
2022-08-03,11:30,14627.0,14682.0,0.37601695494633436
2022-08-03,12:00,14627.0,14657.0,0.205100157243443
2022-08-03,12:30,14627.0,14666.0,0.2666302044164848
2022-08-03,13:00,14627.0,14629.0,0.013673343816233974
2022-08-10,09:00,14874.0,14849.0,-0.1680785262874851
2022-08-10,09:30,14874.0,14899.0,0.1680785262874851
2022-08-10,10:00,14874.0,14907.0,0.22186365469947233
2022-08-10,10:30,14874.0,14915.0,0.27564878311145957
2022-08-10,11:00,14874.0,14900.0,0.17480166733898628
2022-08-10,11:30,14874.0,14903.0,0.1949710904934676
2022-08-10,12:00,14874.0,14932.0,0.38994218098695743
2022-08-10,12:30,14874.0,14890.0,0.10757025682399668
2022-08-10,13:00,14874.0,14913.0,0.2622025010084794
2022-08-17,09:00,15404.0,15424.0,0.12983640612826974
2022-08-17,09:30,15404.0,15442.0,0.2466891716437214
2022-08-17,10:00,15404.0,15447.0,0.27914827317578883
2022-08-17,10:30,15404.0,15406.0,0.012983640612818093
2022-08-17,11:00,15404.0,15424.0,0.12983640612826974
2022-08-17,11:30,15404.0,15439.0,0.22721371072449426
2022-08-17,12:00,15404.0,15429.0,0.16229550766033718
2022-08-17,12:30,15404.0,15437.0,0.21423007011165396
2022-08-17,13:00,15404.0,15440.0,0.2337055310309033
2022-08-24,09:00,15080.0,15101.0,0.13925729442971768
2022-08-24,09:30,15080.0,15093.0,0.08620689655172153
2022-08-24,10:00,15080.0,15061.0,-0.12599469496020754
2022-08-24,10:30,15080.0,15064.0,-0.10610079575597009
2022-08-24,11:00,15080.0,15013.0,-0.4442970822281178
2022-08-24,11:30,15080.0,15025.0,-0.3647214854111458
2022-08-24,12:00,15080.0,15024.0,-0.3713527851458842
2022-08-24,12:30,15080.0,15000.0,-0.5305039787798393
2022-08-24,13:00,15080.0,15054.0,-0.17241379310344307
2022-08-31,09:00,14849.0,14836.0,-0.087547983029157
2022-08-31,09:30,14849.0,14863.0,0.0942824432621725
2022-08-31,10:00,14849.0,14895.0,0.30978517071855727
2022-08-31,10:30,14849.0,14880.0,0.20876826722338038
2022-08-31,11:00,14849.0,14949.0,0.6734460233012385
2022-08-31,11:30,14849.0,15012.0,1.0977170179810036
2022-08-31,12:00,14849.0,15011.0,1.0909825577479992
2022-08-31,12:30,14849.0,15025.0,1.1852650010101717
2022-08-31,13:00,14849.0,15051.0,1.3603609670684857
2022-09-07,09:00,14445.0,14431.0,-0.09691934925579737
2022-09-07,09:30,14445.0,14349.0,-0.6645898234683312
2022-09-07,10:00,14445.0,14376.0,-0.47767393561786164
2022-09-07,10:30,14445.0,14412.0,-0.228452751817243
2022-09-07,11:00,14445.0,14361.0,-0.5815160955347842
2022-09-07,11:30,14445.0,14357.0,-0.6092073381792962
2022-09-07,12:00,14445.0,14362.0,-0.574593284873659
2022-09-07,12:30,14445.0,14343.0,-0.7061266874350935
2022-09-07,13:00,14445.0,14356.0,-0.6161301488404325
2022-09-14,09:00,14458.0,14489.0,0.21441416516807532
2022-09-14,09:30,14458.0,14573.0,0.7954073869138156
2022-09-14,10:00,14458.0,14600.0,0.9821552081892282
2022-09-14,10:30,14458.0,14607.0,1.0305713100013936
2022-09-14,11:00,14458.0,14582.0,0.8576566606723013
2022-09-14,11:30,14458.0,14595.0,0.9475722783234275
2022-09-14,12:00,14458.0,14582.0,0.8576566606723013
2022-09-14,12:30,14458.0,14600.0,0.9821552081892282
2022-09-14,13:00,14458.0,14597.0,0.9614054502697478
2022-09-21,09:00,14476.0,14490.0,0.09671179883945502
2022-09-21,09:30,14476.0,14472.0,-0.027631942525563336
2022-09-21,10:00,14476.0,14486.0,0.06907985631390279
2022-09-21,10:30,14476.0,14489.0,0.08980381320806696
2022-09-21,11:00,14476.0,14482.0,0.04144791378832835
2022-09-21,11:30,14476.0,14479.0,0.020723956894164175
2022-09-21,12:00,14476.0,14478.0,0.013815971262776117
2022-09-21,12:30,14476.0,14445.0,-0.21414755457308532
2022-09-21,13:00,14476.0,14428.0,-0.3315833103067156
2022-09-28,09:00,13796.0,13826.0,0.2174543345897284
2022-09-28,09:30,13796.0,13706.0,-0.6523630037692074
2022-09-28,10:00,13796.0,13613.0,-1.32647144099739
2022-09-28,10:30,13796.0,13543.0,-1.8338648883734376
2022-09-28,11:00,13796.0,13507.0,-2.0948100898811273
2022-09-28,11:30,13796.0,13551.0,-1.7758770658161782
2022-09-28,12:00,13796.0,13544.0,-1.826616410553783
2022-09-28,12:30,13796.0,13528.0,-1.942592055668313
2022-09-28,13:00,13796.0,13523.0,-1.9788344447665973
2022-10-05,09:00,13740.0,13756.0,0.1164483260553073
2022-10-05,09:30,13740.0,13847.0,0.7787481804949037
2022-10-05,10:00,13740.0,13833.0,0.6768558951965042
2022-10-05,10:30,13740.0,13868.0,0.9315866084425029
2022-10-05,11:00,13740.0,13831.0,0.6622998544395964
2022-10-05,11:30,13740.0,13835.0,0.6914119359534121
2022-10-05,12:00,13740.0,13802.0,0.45123726346434356
2022-10-05,12:30,13740.0,13763.0,0.16739446870450703
2022-10-05,13:00,13740.0,13786.0,0.33478893740901405
2022-10-12,09:00,13049.0,13093.0,0.33719058931718227
2022-10-12,09:30,13049.0,13017.0,-0.24522951950340932
2022-10-12,10:00,13049.0,13043.0,-0.04598053490688647
2022-10-12,10:30,13049.0,13013.0,-0.27588320944134104
2022-10-12,11:00,13049.0,13126.0,0.5900835313050745
2022-10-12,11:30,13049.0,13115.0,0.5057858839757845
2022-10-12,12:00,13049.0,13095.0,0.3525174342861481
2022-10-12,12:30,13049.0,13111.0,0.4751321940378528
2022-10-12,13:00,13049.0,13095.0,0.3525174342861481
2022-10-19,09:00,13125.0,13083.0,-0.31999999999999806
2022-10-19,09:30,13125.0,13102.0,-0.17523809523809497
2022-10-19,10:00,13125.0,13121.0,-0.030476190476191878
2022-10-19,10:30,13125.0,13113.0,-0.09142857142857563
2022-10-19,11:00,13125.0,13097.0,-0.21333333333333204
2022-10-19,11:30,13125.0,13053.0,-0.5485714285714316
2022-10-19,12:00,13125.0,13039.0,-0.6552380952380976
2022-10-19,12:30,13125.0,13013.0,-0.8533333333333282
2022-10-19,13:00,13125.0,12992.0,-1.0133333333333328
2022-10-26,09:00,12722.0,12712.0,-0.0786039930828486
2022-10-26,09:30,12722.0,12694.0,-0.22009118063197608
2022-10-26,10:00,12722.0,12701.0,-0.1650683854739876
2022-10-26,10:30,12722.0,12733.0,0.08646439239112791
2022-10-26,11:00,12722.0,12828.0,0.8332023266782063
2022-10-26,11:30,12722.0,12803.0,0.6366923439710792
2022-10-26,12:00,12722.0,12784.0,0.4873447571136724
2022-10-26,12:30,12722.0,12772.0,0.3930199654142541
2022-10-26,13:00,12722.0,12759.0,0.29083477440654537
2022-11-02,09:00,13033.0,13032.0,-0.007672830507177153
2022-11-02,09:30,13033.0,13052.0,0.1457837796362993
2022-11-02,10:00,13033.0,13062.0,0.22251208470804862
2022-11-02,10:30,13033.0,13080.0,0.36062303383719296
2022-11-02,11:00,13033.0,13081.0,0.3682958643443479
2022-11-02,11:30,13033.0,13075.0,0.3222588813013072
2022-11-02,12:00,13033.0,13074.0,0.31458605079413005
2022-11-02,12:30,13033.0,13058.0,0.1918207626793622
2022-11-02,13:00,13033.0,13072.0,0.29924038977979794
2022-11-09,09:00,13467.0,13452.0,-0.11138338159946137
2022-11-09,09:30,13467.0,13486.0,0.14108561669265995
2022-11-09,10:00,13467.0,13522.0,0.40840573253138057
2022-11-09,10:30,13467.0,13575.0,0.8019603475161396
2022-11-09,11:00,13467.0,13554.0,0.6460236132769026
2022-11-09,11:30,13467.0,13591.0,0.9207692878889118
2022-11-09,12:00,13467.0,13583.0,0.8613648177025368
2022-11-09,12:30,13467.0,13586.0,0.8836414940224246
2022-11-09,13:00,13467.0,13605.0,1.0247271107150846
2022-11-16,09:00,14620.0,14609.0,-0.07523939808481428
2022-11-16,09:30,14620.0,14510.0,-0.7523939808481539
2022-11-16,10:00,14620.0,14576.0,-0.3009575923392571
2022-11-16,10:30,14620.0,14636.0,0.10943912448699855
2022-11-16,11:00,14620.0,14572.0,-0.32831737346101786
2022-11-16,11:30,14620.0,14544.0,-0.5198358413132653
2022-11-16,12:00,14620.0,14594.0,-0.1778385772913782
2022-11-16,12:30,14620.0,14552.0,-0.46511627906976605
2022-11-16,13:00,14620.0,14519.0,-0.6908344733242089
2022-11-23,09:00,14615.0,14621.0,0.04105371193978691
2022-11-23,09:30,14615.0,14572.0,-0.2942182689018136
2022-11-23,10:00,14615.0,14583.0,-0.21895313034553388
2022-11-23,10:30,14615.0,14583.0,-0.21895313034553388
2022-11-23,11:00,14615.0,14631.0,0.10947656517277249
2022-11-23,11:30,14615.0,14599.0,-0.10947656517277249
2022-11-23,12:00,14615.0,14611.0,-0.02736914129318757
2022-11-23,12:30,14615.0,14610.0,-0.03421142661649279
2022-11-23,13:00,14615.0,14619.0,0.027369141293198673
2022-11-30,09:00,14640.0,14625.0,-0.10245901639344135
2022-11-30,09:30,14640.0,14671.0,0.2117486338797825
2022-11-30,10:00,14640.0,14709.0,0.4713114754098413
2022-11-30,10:30,14640.0,14680.0,0.2732240437158362
2022-11-30,11:00,14640.0,14729.0,0.6079234972677705
2022-11-30,11:30,14640.0,14781.0,0.9631147540983598
2022-11-30,12:00,14640.0,14770.0,0.8879781420765065
2022-11-30,12:30,14640.0,14791.0,1.0314207650273133
2022-11-30,13:00,14640.0,14804.0,1.1202185792349661
2022-12-07,09:00,14603.0,14645.0,0.28761213449290945
2022-12-07,09:30,14603.0,14727.0,0.8491405875505009
2022-12-07,10:00,14603.0,14764.0,1.1025131822228307
2022-12-07,10:30,14603.0,14695.0,0.6300075326987509
2022-12-07,11:00,14603.0,14634.0,0.21228514688762523
2022-12-07,11:30,14603.0,14635.0,0.21913305485175005
2022-12-07,12:00,14603.0,14674.0,0.48620146545230725
2022-12-07,12:30,14603.0,14651.0,0.328699582277614
2022-12-07,13:00,14603.0,14642.0,0.2670684106005572
2022-12-14,09:00,14609.0,14600.0,-0.061605859401736573
2022-12-14,09:30,14609.0,14696.0,0.5955233075501498
2022-12-14,10:00,14609.0,14681.0,0.4928468752139148
2022-12-14,10:30,14609.0,14667.0,0.39701553836675174
2022-12-14,11:00,14609.0,14668.0,0.4038606338558459
2022-12-14,11:30,14609.0,14699.0,0.6160585940173879
2022-12-14,12:00,14609.0,14716.0,0.7324252173317891
2022-12-14,12:30,14609.0,14694.0,0.5818331165719837
2022-12-14,13:00,14609.0,14716.0,0.7324252173317891
2022-12-21,09:00,14210.0,14227.0,0.11963406052075687
2022-12-21,09:30,14210.0,14264.0,0.3800140745953584
2022-12-21,10:00,14210.0,14240.0,0.2111189303307448
2022-12-21,10:30,14210.0,14238.0,0.19704433497536034
2022-12-21,11:00,14210.0,14258.0,0.337790288529205
2022-12-21,11:30,14210.0,14259.0,0.34482758620688614
2022-12-21,12:00,14210.0,14244.0,0.23926812104151374
2022-12-21,12:30,14210.0,14193.0,-0.11963406052075687
2022-12-21,13:00,14210.0,14217.0,0.04926108374383453
2022-12-28,09:00,14190.0,14159.0,-0.21846370683580307
2022-12-28,09:30,14190.0,14175.0,-0.10570824524313016
2022-12-28,10:00,14190.0,14151.0,-0.274841437632134
2022-12-28,10:30,14190.0,14139.0,-0.3594080338266359
2022-12-28,11:00,14190.0,14085.0,-0.7399577167019
2022-12-28,11:30,14190.0,14092.0,-0.6906272022551119
2022-12-28,12:00,14190.0,14120.0,-0.49330514446793705
2022-12-28,12:30,14190.0,14100.0,-0.6342494714587699
2022-12-28,13:00,14190.0,14100.0,-0.6342494714587699
