cp,level,slot,n,total,mean,median,std,win,mean_1t,mean_4t,avg_prem,ret,t
C,-1.0,08:45,273,933.4035,3.4190604395604396,6.6278,78.86839241532876,0.5457875457875457,4.42006043956044,1.4170604395604398,133.7985347985348,0.027606162749220654,0.7162837734976161
C,-1.0,08:50,276,130.11080000000004,0.4714159420289857,6.18524,77.77971205208719,0.5289855072463768,1.4724159420289857,-1.530584057971014,133.3659420289855,0.010188520427845606,0.10069142222577551
C,-1.0,08:55,276,55.035380000000146,0.1994035507246382,4.193099999999999,76.59453594713464,0.5217391304347826,1.2004035507246373,-1.8025964492753621,131.0036231884058,0.011679237215547911,0.043250351276835124
C,-1.0,09:00,276,-326.9169999999999,-1.1844818840579707,2.6635299999999997,75.92538787779324,0.5072463768115942,-0.18348188405797097,-3.1864818840579714,133.71376811594203,-0.005618889987776658,-0.2591766932859578
C,-1.0,09:05,276,-1393.3459599999999,-5.048354927536232,-1.8333000000000002,74.19571695458635,0.4855072463768116,-4.047354927536232,-7.050354927536232,129.06884057971016,-0.030003631972498505,-1.1303829177961828
C,-1.0,09:10,276,-1556.60814,-5.6398845652173915,-1.83331,74.28159337949684,0.4855072463768116,-4.638884565217391,-7.641884565217391,131.1340579710145,-0.04255926042736352,-1.2613730422877327
C,-1.0,09:15,274,-1675.4950199999998,-6.114945328467153,-4.84569,71.54393926026054,0.45985401459854014,-5.113945328467153,-8.116945328467153,126.86131386861314,-0.042264924567281995,-1.4147998688813048
C,-1.0,09:20,276,-1479.6755999999998,-5.3611434782608685,-4.81208,69.04523721629333,0.4673913043478261,-4.360143478260869,-7.363143478260869,129.1268115942029,-0.03983983149892681,-1.289965945356776
C,-1.0,09:25,276,-1112.56658,-4.031038333333333,-5.82463,68.47720707450264,0.45652173913043476,-3.0300383333333327,-6.033038333333333,129.6014492753623,-0.028002300194340468,-0.9779697695781753
C,-1.0,09:30,275,-1086.5753,-3.951182909090909,-2.5023400000000002,67.72963380223084,0.48363636363636364,-2.950182909090909,-5.95318290909091,128.65818181818182,-0.02777676167455431,-0.9674193149917669
C,-1.0,09:35,276,-1493.9816600000001,-5.412977028985508,-2.33846,67.40627581090956,0.47101449275362317,-4.411977028985508,-7.414977028985508,129.72101449275362,-0.03999449496949618,-1.3341061679340291
C,-1.0,09:40,276,-1697.39806,-6.149992971014493,-2.40763,65.99419472830623,0.4746376811594203,-5.148992971014493,-8.151992971014494,129.81159420289856,-0.041135153999492975,-1.5481870361514012
C,-1.0,09:45,275,-1501.7613199999998,-5.460950254545454,-4.313,65.33859776437485,0.4618181818181818,-4.459950254545454,-7.462950254545454,128.88727272727272,-0.040854060666100415,-1.3860048740591744
C,-1.0,09:50,276,-1313.22968,-4.758078550724638,-4.79917,64.53795474228141,0.4746376811594203,-3.757078550724637,-6.7600785507246375,129.9673913043478,-0.033448747465681904,-1.2248162802467752
C,-1.0,09:55,276,-1231.9292400000002,-4.4635117391304355,-5.91923,62.67704783606444,0.4673913043478261,-3.4625117391304343,-6.465511739130435,130.68478260869566,-0.03616637146582353,-1.183103365737716
C,-1.0,10:00,275,-1036.2797600000001,-3.768290036363637,-1.5165199999999999,63.58919032862957,0.4581818181818182,-2.767290036363636,-5.770290036363636,131.0909090909091,-0.022747211694959323,-0.9827145217027518
C,-1.0,10:05,275,-941.3152,-3.4229643636363636,-1.3286,62.20088836818677,0.4763636363636364,-2.4219643636363637,-5.424964363636364,130.46545454545455,-0.029264801621624034,-0.9125825018558658
C,-1.0,10:10,275,-1017.60378,-3.700377381818182,-5.28752,62.17639892439715,0.4727272727272727,-2.699377381818182,-5.702377381818182,129.57090909090908,-0.02938079537859545,-0.986931019688962
C,-1.0,10:15,276,-1403.94236,-5.08674768115942,-4.419840000000001,58.923290359022154,0.4492753623188406,-4.085747681159421,-7.08874768115942,130.06521739130434,-0.04623048763958271,-1.4341934883645635
C,-1.0,10:20,275,-1388.2705600000002,-5.048256581818182,-6.29054,58.04696749990548,0.4581818181818182,-4.047256581818181,-7.050256581818181,127.78909090909092,-0.04033446908159351,-1.4422090979481625
C,-1.0,10:25,274,-1412.2281,-5.1541171532846715,-3.79107,59.74969399625734,0.46715328467153283,-4.153117153284671,-7.156117153284672,131.17518248175182,-0.03752638721167442,-1.4278871387778813
C,-1.0,10:30,276,-1595.5238200000001,-5.780883405797102,-4.2997700000000005,58.13886256603177,0.4492753623188406,-4.779883405797102,-7.782883405797102,131.3768115942029,-0.04263796441673121,-1.6518941695084788
C,-1.0,10:35,273,-1625.62544,-5.954671941391942,-3.3232399999999997,54.81146731961229,0.45054945054945056,-4.953671941391942,-7.956671941391941,130.85714285714286,-0.04421439990804152,-1.7950135659710627
C,-1.0,10:40,274,-1729.24144,-6.311100145985401,-2.88111,52.447834055742646,0.46715328467153283,-5.310100145985402,-8.313100145985402,130.01459854014598,-0.04616741585136807,-1.9918324129377571
C,-1.0,10:45,275,-1248.00454,-4.538198327272727,-2.3486200000000004,52.401159200583216,0.4727272727272727,-3.537198327272727,-6.540198327272726,131.07636363636362,-0.041869249677910454,-1.4361801633211404
C,-1.0,10:50,275,-1258.9597,-4.5780352727272735,-2.38058,49.61601051181049,0.4690909090909091,-3.5770352727272727,-6.580035272727273,130.42181818181817,-0.043873005028653954,-1.530113477486712
C,-1.0,10:55,275,-982.6746400000001,-3.5733623272727275,-2.3486200000000004,47.75184512397637,0.4509090909090909,-2.5723623272727276,-5.575362327272728,130.49454545454546,-0.03450229102541055,-1.240947030296439
C,-1.0,11:00,273,-700.60844,-2.566331282051282,-3.34962,46.15765789675609,0.4432234432234432,-1.5653312820512826,-4.5683312820512825,130.02564102564102,-0.028801041906199063,-0.9186504186512002
C,-1.0,11:05,273,-478.35924000000006,-1.7522316483516485,-2.28476,45.05957811605178,0.47619047619047616,-0.7512316483516485,-3.7542316483516487,132.64835164835165,-0.021833914899302777,-0.6425186268030942
C,-1.0,11:10,275,-628.8494800000001,-2.286725381818182,-2.6200200000000002,44.53698656626102,0.45454545454545453,-1.2857253818181817,-4.288725381818182,132.62545454545455,-0.023605499965321092,-0.8514507463127867
C,-1.0,11:15,273,-598.3623200000001,-2.1918033699633703,-2.33552,43.7075143047893,0.47985347985347987,-1.19080336996337,-4.19380336996337,134.1978021978022,-0.022539169256292447,-0.8285654225271235
C,-1.0,11:20,270,-643.6807799999999,-2.3840028888888884,-4.38173,43.056047979756,0.45185185185185184,-1.383002888888889,-4.386002888888888,132.8111111111111,-0.03072018218496541,-0.9098179377837033
C,-1.0,11:25,269,-279.49033999999995,-1.0389975464684014,-4.49428,62.44912168492003,0.44609665427509293,-0.0379975464684014,-3.0409975464684016,133.17472118959108,-0.01214140207609363,-0.272875363582077
C,-1.0,11:30,270,-876.99788,-3.248140296296296,-5.2923,44.92196722652275,0.45185185185185184,-2.2471402962962963,-5.250140296296296,133.5037037037037,-0.03518598674998817,-1.1881134020145452
C,-1.0,11:35,269,-845.882,-3.144542750929368,-3.30894,41.63373594716529,0.43866171003717475,-2.1435427509293676,-5.146542750929369,131.86988847583643,-0.03362202228753797,-1.2387630993854513
C,-1.0,11:40,271,-731.9186,-2.7008066420664205,-3.27968,40.92214723717002,0.45387453874538747,-1.6998066420664204,-4.702806642066421,132.78966789667896,-0.028603473623444987,-1.0864749680938535
C,-1.0,11:45,266,-773.07838,-2.9063096992481205,-4.31492,42.39541633534669,0.4473684210526316,-1.9053096992481204,-4.908309699248121,133.35714285714286,-0.029181935690061077,-1.1180566397412908
C,-1.0,11:50,273,-1042.418,-3.818380952380952,-2.3293,39.24863655579775,0.4358974358974359,-2.8173809523809528,-5.820380952380952,134.66300366300365,-0.0352653670274926,-1.6074445624439198
C,-1.0,11:55,269,-1322.6295400000001,-4.916838438661711,-4.34434,39.45131019563431,0.4423791821561338,-3.9158384386617096,-6.91883843866171,133.5539033457249,-0.04409405211085251,-2.044092982354025
C,-1.0,12:00,270,-1232.4214,-4.564523703703704,-4.3233,36.345620964232246,0.44814814814814813,-3.563523703703704,-6.566523703703704,132.14074074074074,-0.04128326389893655,-2.0635987476284052
C,-1.0,12:05,270,-1023.2766,-3.7899133333333332,-2.94177,36.258263544308896,0.44074074074074077,-2.7889133333333334,-5.791913333333333,131.77407407407406,-0.03327275845514193,-1.7175293194497867
C,-1.0,12:10,272,-702.7753,-2.583732720588235,-1.3115299999999999,38.67780625970728,0.4889705882352941,-1.5827327205882353,-4.5857327205882354,131.5808823529412,-0.024996135476546298,-1.1017173873635715
C,-1.0,12:15,265,-744.9655,-2.811190566037736,-2.33744,36.92120041285117,0.45660377358490567,-1.810190566037736,-4.813190566037735,131.1433962264151,-0.02846149482709325,-1.2394739708963416
C,-1.0,12:20,272,-639.0354800000001,-2.349395147058824,-1.9094000000000002,35.254571370720164,0.47058823529411764,-1.3483951470588236,-4.351395147058824,132.84926470588235,-0.024527726891890506,-1.0990693088593
C,-1.0,12:25,270,-511.23152000000005,-1.8934500740740743,-3.81349,34.18797616692609,0.42962962962962964,-0.8924500740740741,-3.8954500740740743,132.0814814814815,-0.020301055569705625,-0.9100439101892394
C,-1.0,12:30,273,-134.61105999999998,-0.49308080586080577,-1.42806,35.38449375306819,0.45787545787545786,0.5079191941391943,-2.495080805860806,132.8131868131868,-0.011836262528147757,-0.23024299932698006
C,-1.0,12:35,271,-142.86939999999998,-0.5271933579335792,-2.3149800000000003,32.64287943791002,0.45018450184501846,0.47380664206642065,-2.529193357933579,133.15867158671585,-0.012603902937186651,-0.2658680280486175
C,-1.0,12:40,273,-63.10528000000001,-0.23115487179487182,-3.3067200000000003,26.761141478484294,0.4468864468864469,0.7698451282051283,-2.2331548717948717,131.12820512820514,-0.009749841998041854,-0.14271832516367353
C,-1.0,12:45,275,168.98544,0.6144925090909091,-0.52132,24.94425787116091,0.4618181818181818,1.6154925090909091,-1.3875074909090908,131.3709090909091,-0.0016324760285778867,0.40851908677043947
C,-1.0,12:50,272,-331.8106,-1.219891911764706,-3.3160299999999996,21.76001768808028,0.41911764705882354,-0.21889191176470607,-3.221891911764706,132.11029411764707,-0.016498289394141025,-0.9245843962337842
C,-1.0,12:55,271,-408.24488,-1.506438671586716,-3.29892,19.73732402075271,0.4354243542435424,-0.5054386715867158,-3.508438671586716,131.27675276752768,-0.01776867844482499,-1.2564575793137662
C,-1.0,13:00,273,-549.56284,-2.013050695970696,-3.3414400000000004,16.512054039727172,0.38095238095238093,-1.0138840293040294,-4.011384029304029,131.0897435897436,-0.02282777909935723,-2.0143500069671254
C,-1.0,13:05,268,-445.98314,-1.6641161940298508,-2.3215500000000002,11.260655188684357,0.30597014925373134,-0.6631161940298507,-3.6661161940298506,127.73134328358209,-0.010975744042091487,-2.419286955026909
C,-1.0,13:10,273,-718.68424,-2.6325430036630038,-2.37742,5.159883363546239,0.2087912087912088,-1.6315430036630036,-4.634543003663004,129.67765567765568,-0.021929290564206467,-8.429793053388183
C,-1.0,13:15,271,-723.36282,-2.6692354981549817,-3.2998000000000003,3.5277690283378327,0.12177121771217712,-1.6682354981549814,-4.6712354981549815,128.74169741697418,-0.022661802960678348,-12.455793346681286
C,-1.0,13:20,269,-823.52134,-3.061417620817844,-3.304,1.4501107487897302,0.011152416356877323,-2.060417620817844,-5.063417620817844,128.13382899628252,-0.025177483960199424,-34.625618988509785
C,-1.0,13:25,275,-889.4618,-3.2344065454545454,-3.33432,0.6481021052503945,0.0,-2.233406545454545,-5.236406545454545,129.6290909090909,-0.026048731734178654,-82.75943592713539
C,-0.5,08:45,276,287.4519200000001,1.0414924637681162,-1.8576,68.42755540977205,0.4891304347826087,1.9645160144927545,-0.8045546376811585,79.19746376811594,0.03896412870582879,0.25285971713524324
C,-0.5,08:50,275,0.480440000000101,0.0017470545454549128,-3.2701000000000002,66.9134239416012,0.49454545454545457,0.911747054545455,-1.8182529454545453,76.63818181818182,0.012847088948752488,0.0004329717472398256
C,-0.5,08:55,275,-135.28967999999983,-0.4919624727272721,-2.28948,66.36902585516015,0.4909090909090909,0.42713752727272764,-2.3301624727272716,77.23272727272727,0.010018409036238619,-0.12292292315188118
C,-0.5,09:00,275,-649.6380199999999,-2.362320072727272,-4.2689,65.92461699453139,0.4727272727272727,-1.4505000727272723,-4.185960072727272,76.26545454545455,-0.017934622973502505,-0.5942339654860164
C,-0.5,09:05,275,-1404.9180999999999,-5.10879309090909,-8.267,63.126801075931375,0.44363636363636366,-4.2260930909090915,-6.874193090909091,73.31818181818181,-0.0535125209196334,-1.3420567433572814
C,-0.5,09:10,275,-1433.11364,-5.211322327272727,-9.28512,63.39377320616668,0.44363636363636366,-4.311878327272726,-7.010210327272727,71.93890909090909,-0.06909562687047685,-1.3632254357975344
C,-0.5,09:15,275,-1711.0694799999999,-6.222070836363636,-8.43446,61.220453669972485,0.41818181818181815,-5.343010836363636,-7.980190836363636,72.39636363636363,-0.05352458576132486,-1.6854068490309724
C,-0.5,09:20,275,-1608.44258,-5.848882109090908,-10.27388,59.97003584084556,0.41454545454545455,-4.982198109090909,-7.582250109090908,70.28254545454546,-0.0784832689357521,-1.6173533271148008
C,-0.5,09:25,275,-1234.5431999999998,-4.489247999999999,-12.74118,59.75959580701824,0.4290909090909091,-3.601088,-6.265568,72.22545454545454,-0.06760887510965523,-1.2457540086896635
C,-0.5,09:30,275,-1210.44074,-4.401602690909091,-8.27514,59.42727629565131,0.43636363636363634,-3.5025226909090907,-6.199762690909091,72.04727272727273,-0.05688235566128637,-1.2282629721524354
C,-0.5,09:35,275,-1516.93942,-5.516143345454545,-5.2540000000000004,57.83740853798428,0.44363636363636366,-4.635263345454545,-7.277903345454545,72.55636363636364,-0.062267211863080874,-1.5815869200530854
C,-0.5,09:40,275,-1681.8839399999997,-6.115941599999999,-6.43074,56.75966727156422,0.44363636363636366,-5.240521599999999,-7.8667815999999995,70.45272727272727,-0.0799515364652757,-1.786857155969271
C,-0.5,09:45,275,-1164.0401,-4.232873090909091,-7.43264,56.08986296722013,0.43636363636363634,-3.3447130909090905,-6.009193090909091,70.86545454545454,-0.07543800444061291,-1.2514606994085473
C,-0.5,09:50,275,-1155.2102399999999,-4.2007645090909085,-8.41226,55.495772241157944,0.43636363636363634,-3.3253445090909093,-5.951604509090909,70.84727272727272,-0.06472281128416824,-1.255263162097529
C,-0.5,09:55,275,-1209.01034,-4.396401236363636,-8.28932,55.020506647141865,0.44,-3.510061236363636,-6.169081236363636,71.50363636363636,-0.055078098307862214,-1.32507079791042
C,-0.5,10:00,275,-1068.9022799999998,-3.886917381818181,-7.29616,55.400275244797434,0.43636363636363634,-3.0096773818181815,-5.641397381818182,69.44,-0.045614742700811235,-1.163482174920431
C,-0.5,10:05,275,-752.9689,-2.738068727272727,-3.42356,53.242722689359184,0.4509090909090909,-1.8626487272727272,-4.488908727272727,70.04,-0.05812766572205545,-0.8528063705112227
C,-0.5,10:10,275,-780.2129199999999,-2.8371378909090907,-7.27492,53.95898959620398,0.44363636363636366,-1.9507978909090902,-4.60981789090909,71.13636363636364,-0.050664131312385105,-0.8719327338282572
C,-0.5,10:15,275,-1346.07334,-4.894812145454545,-7.2843,52.1979450576288,0.41454545454545455,-4.023032145454545,-6.638372145454546,69.90545454545455,-0.06898688324819965,-1.5550665153411618
C,-0.5,10:20,275,-1296.60166,-4.714915127272727,-8.764320000000001,50.96518887613756,0.44,-3.8540551272727277,-6.436635127272727,68.50909090909092,-0.06264036740878207,-1.5341456335557804
C,-0.5,10:25,275,-1180.79136,-4.293786763636364,-6.7513,50.9862574721854,0.43272727272727274,-3.4329267636363636,-6.015506763636364,69.76181818181819,-0.07486159460872854,-1.3965409828859368
C,-0.5,10:30,275,-1207.7413599999998,-4.391786763636363,-5.74306,49.989981850038156,0.4109090909090909,-3.527286763636363,-6.120786763636363,70.03090909090909,-0.07059889494575451,-1.4568827908286144
C,-0.5,10:35,275,-1262.25274,-4.590009963636363,-4.28228,49.2505396842916,0.4254545454545455,-3.7091299636363635,-6.351769963636364,69.84363636363636,-0.06621834209608661,-1.5454999002000902
C,-0.5,10:40,275,-1311.31458,-4.7684166545454545,-4.2488,47.54015412067961,0.44363636363636366,-3.8948166545454543,-6.515616654545455,69.17272727272727,-0.06333266813870672,-1.6633358872862372
C,-0.5,10:45,275,-1326.92572,-4.825184436363636,-4.7493,48.07278997491974,0.43636363636363634,-3.9606844363636364,-6.554184436363636,69.80181818181818,-0.07488572331220801,-1.664489030908113
C,-0.5,10:50,275,-1398.8133999999998,-5.086594181818181,-5.28644,45.322569916671284,0.44727272727272727,-4.218090181818182,-6.823602181818181,69.47054545454546,-0.08418121422034557,-1.8611394271014412
C,-0.5,10:55,275,-1123.20364,-4.0843768727272725,-4.25062,43.67384692606624,0.4218181818181818,-3.219876872727273,-5.813376872727273,69.48727272727272,-0.0807271530749269,-1.5508532614694577
C,-0.5,11:00,275,-1036.05916,-3.7674878545454544,-5.73418,42.71584599515017,0.41454545454545455,-2.8993478545454545,-5.503767854545454,69.35090909090908,-0.06869917224647841,-1.4626122138804203
C,-0.5,11:05,275,-936.4901199999999,-3.405418618181818,-3.23576,41.84157694950571,0.43636363636363634,-2.5390986181818183,-5.138058618181818,69.88181818181818,-0.05659952798906497,-1.3496737735566005
C,-0.5,11:10,275,-751.6129,-2.733137818181818,-4.41538,40.76592217281996,0.44363636363636366,-1.844977818181818,-4.509457818181818,70.26,-0.05923899551500924,-1.1118100805877875
C,-0.5,11:15,275,-822.2229199999999,-2.989901527272727,-3.2710999999999997,40.337130387742754,0.4509090909090909,-2.1050175272727274,-4.759669527272727,72.17236363636364,-0.06735892167907737,-1.2291877769628712
C,-0.5,11:20,275,-1025.6833,-3.7297574545454544,-4.7503,40.652676769011066,0.4290909090909091,-2.845237454545454,-5.498797454545454,71.95272727272727,-0.07216028858015848,-1.5214503716503034
C,-0.5,11:25,275,-896.4539399999999,-3.259832509090909,-6.3684199999999995,51.27724354061804,0.41818181818181815,-2.3825925090909092,-5.014312509090909,71.5109090909091,-0.0849718085325525,-1.0542338633601833
C,-0.5,11:30,275,-1110.9526799999999,-4.039827927272727,-6.2587,41.92070655231621,0.43272727272727274,-3.155307927272727,-5.808867927272727,72.23818181818181,-0.06725550316266173,-1.5980877416321237
C,-0.5,11:35,275,-1244.5368199999998,-4.525588436363636,-4.32192,38.88281944462487,0.43636363636363634,-3.653808436363636,-6.269148436363635,69.66363636363636,-0.08196174932989103,-1.930117081705644
C,-0.5,11:40,275,-897.6078399999999,-3.2640285090909087,-4.2548200000000005,39.69882206114009,0.44,-2.3922485090909085,-5.007588509090909,69.31454545454545,-0.06897032172819867,-1.363460841861411
C,-0.5,11:45,275,-986.82916,-3.588469672727273,-5.28632,37.58674746445297,0.43272727272727274,-2.709409672727273,-5.346589672727273,70.78363636363636,-0.06878891711930808,-1.5832185915077577
C,-0.5,11:50,275,-1178.14482,-4.284162981818182,-4.28752,36.36846346711339,0.4254545454545455,-3.406922981818182,-6.038642981818183,70.6,-0.07638870196944701,-1.9534728438925817
C,-0.5,11:55,275,-1417.69382,-5.155250254545455,-6.2754,35.977843067125704,0.44,-4.2707302545454535,-6.924290254545454,71.01636363636364,-0.08539028503531765,-2.376188973142549
C,-0.5,12:00,275,-1366.58884,-4.969413963636363,-5.29638,33.86244228058138,0.44727272727272727,-4.086713963636364,-6.7348139636363635,70.11090909090909,-0.09190852883538247,-2.433622685683568
C,-0.5,12:05,275,-1169.30958,-4.252034836363637,-3.7494199999999998,33.53629555093592,0.43272727272727274,-3.372610836363636,-6.010882836363637,68.38472727272728,-0.06377339228398873,-2.1025584245462143
C,-0.5,12:10,275,-771.5832,-2.805757090909091,-1.3070599999999999,35.80096877342279,0.4727272727272727,-1.9285170909090912,-4.560237090909091,68.6509090909091,-0.05033976899487244,-1.2996357140945136
C,-0.5,12:15,275,-787.55878,-2.863850109090909,-3.2884399999999996,33.04644932868719,0.44727272727272727,-1.9807861090909091,-4.629978109090909,69.37781818181818,-0.061021145416425164,-1.437116008016565
C,-0.5,12:20,275,-684.3242200000001,-2.4884517090909095,-2.27224,32.84988652852049,0.44727272727272727,-1.6144877090909089,-4.236379709090909,68.65890909090909,-0.05081064612989112,-1.2562083921975862
C,-0.5,12:25,275,-591.42978,-2.150653745454546,-4.2234,31.514094308325085,0.43636363636363634,-1.2894297454545456,-3.873101745454545,66.25854545454546,-0.04735148913526683,-1.1317018121889888
C,-0.5,12:30,275,-138.28479999999996,-0.5028538181818181,-2.25884,33.64752906390945,0.4727272727272727,0.3816661818181818,-2.2718938181818182,69.88,-0.023774260321973224,-0.2478305964368054
C,-0.5,12:35,275,-217.61872000000005,-0.7913408000000002,-3.36262,31.402050964723145,0.45454545454545453,0.06442320000000036,-2.5028688,68.86945454545454,-0.039386289738994766,-0.41789953749328534
C,-0.5,12:40,275,-296.25852,-1.077303709090909,-3.3164,25.97252868356579,0.4581818181818182,-0.20151970909090922,-2.8288717090909095,69.54072727272728,-0.03570197623168654,-0.6878444975158632
C,-0.5,12:45,275,40.50005999999998,0.1472729454545454,-1.76942,24.294533558651278,0.44,1.0157769454545456,-1.5897350545454545,68.66618181818183,0.0019965297723721666,0.10052654451339883
C,-0.5,12:50,275,-271.76224,-0.9882263272727273,-2.28956,20.873770847401524,0.4290909090909091,-0.12518232727272735,-2.714314327272727,68.52909090909091,-0.029370821688614435,-0.7850943558486477
C,-0.5,12:55,275,-452.34299999999996,-1.6448836363636363,-3.2437,19.38386697874325,0.4218181818181818,-0.7763796363636365,-3.3818916363636364,68.43054545454547,-0.04579054839657137,-1.407217107813458
C,-0.5,13:00,275,-565.13008,-2.055018472727273,-3.4272,17.15763440248516,0.38545454545454544,-1.1865144727272727,-3.792026472727273,68.34618181818182,-0.053712990630460075,-1.986207728700163
C,-0.5,13:05,275,-530.99704,-1.9308983272727271,-2.27224,10.650133350759063,0.3490909090909091,-1.0751343272727274,-3.642426327272727,64.92472727272727,-0.03616356934532591,-3.0065657625930418
C,-0.5,13:10,275,-660.32624,-2.401186327272727,-2.41752,5.100303073666769,0.2509090909090909,-1.5312263272727273,-4.141106327272727,65.39454545454545,-0.04002848389473117,-7.807216536222141
C,-0.5,13:15,275,-666.08224,-2.4221172363636363,-2.39994,3.2958532547188004,0.16,-1.5663532363636363,-4.133645236363637,64.50727272727272,-0.04429287518265874,-12.186911021856368
C,-0.5,13:20,274,-740.01034,-2.700767664233577,-2.41269,1.624725526550652,0.021897810218978103,-1.8455337226277373,-4.411235547445256,63.85036496350365,-0.04825865232666356,-27.51582272704809
C,-0.5,13:25,275,-780.09604,-2.8367128727272726,-3.26102,0.7641055770567065,0.0,-1.976944872727273,-4.556248872727273,65.28472727272727,-0.04696605005432703,-61.5642165121204
C,0.0,08:45,276,262.74616000000003,0.9519788405797103,-11.76125,50.703538471959966,0.3804347826086957,1.5188494927536236,-0.18176246376811606,34.52463768115942,0.11360993620849066,0.3119202482692852
C,0.0,08:50,275,23.421140000000094,0.08516778181818216,-10.3098,48.53864791076156,0.3709090909090909,0.6249797818181823,-0.9944562181818182,32.96363636363636,0.049337886891402984,0.029097388233504565
C,0.0,08:55,275,50.42710000000009,0.18337127272727305,-9.7092,47.76203902997267,0.3709090909090909,0.717359272727273,-0.884604727272727,32.751636363636365,0.03936610846405045,0.06366705874770553
C,0.0,09:00,275,-321.9034,-1.1705578181818181,-11.388860000000001,47.304344582526966,0.3563636363636364,-0.6231018181818178,-2.2654698181818183,32.98327272727273,-0.009454225448574357,-0.4103535428498645
C,0.0,09:05,275,-926.79468,-3.3701624727272725,-13.513,44.29345961637677,0.3054545454545455,-2.8674784727272726,-4.375530472727273,29.088727272727272,-0.09813363256926574,-1.2617624025511893
C,0.0,09:10,275,-786.30296,-2.8592834909090907,-11.86576,43.350762561525926,0.29818181818181816,-2.3824434909090906,-3.8129634909090906,28.099272727272727,-0.061551739221340065,-1.0937720524689678
C,0.0,09:15,275,-1010.2563199999998,-3.6736593454545448,-12.0115,42.135559160119435,0.2872727272727273,-3.188083345454545,-4.644811345454546,27.874181818181818,-0.08952917714988994,-1.4458274553986956
C,0.0,09:20,275,-692.97814,-2.5199205090909094,-11.511,40.826155416996386,0.29454545454545455,-2.0507245090909088,-3.458312509090909,26.05781818181818,-0.09655044917809508,-1.023563294756936
C,0.0,09:25,275,-663.78822,-2.4137753454545456,-9.809299999999999,42.117311375103576,0.29818181818181816,-1.9551353454545453,-3.3310553454545455,26.07018181818182,-0.054379504499946774,-0.9503915240201546
C,0.0,09:30,275,-604.7376999999999,-2.1990461818181815,-11.24232,42.04923103759255,0.32727272727272727,-1.7141981818181813,-3.168742181818182,26.509454545454545,-0.0429358021474748,-0.8672466656089581
C,0.0,09:35,275,-798.35052,-2.9030928,-11.874680000000001,39.9326379827861,0.32,-2.4182447999999996,-3.8727888,26.35127272727273,-0.07444222050703132,-1.2055889662652453
C,0.0,09:40,275,-663.54736,-2.412899490909091,-9.809299999999999,39.59106062851461,0.3090909090909091,-1.9487994909090909,-3.341099490909091,26.03818181818182,-0.09745563783735847,-1.0106678302047376
C,0.0,09:45,275,-512.6764999999999,-1.8642781818181815,-9.4089,38.13195541968027,0.3090909090909091,-1.4019981818181813,-2.7888381818181815,24.947636363636366,-0.0548806528262501,-0.8107519226178617
C,0.0,09:50,275,-558.3162599999999,-2.0302409454545454,-8.891179999999999,38.035659456489334,0.32727272727272727,-1.5672329454545453,-2.9562569454545446,24.682909090909092,-0.018719193834115917,-0.8851624431268154
C,0.0,09:55,275,-527.9804600000001,-1.9199289454545458,-9.6091,37.100065286904496,0.3236363636363636,-1.477668945454545,-2.804448945454545,24.271272727272727,-0.02937207094748389,-0.8581769178803978
C,0.0,10:00,275,-286.77611999999993,-1.0428222545454544,-8.0075,37.74998700702067,0.3381818181818182,-0.5925542545454545,-1.9433582545454544,23.714545454545455,0.008961673400370003,-0.45809951414241945
C,0.0,10:05,275,-153.34152,-0.5576055272727273,-8.0075,37.67899519070231,0.33454545454545453,-0.11352552727272713,-1.4457655272727272,23.834909090909093,-0.059727711831939444,-0.24541104475210004
C,0.0,10:10,275,-191.935,-0.6979454545454545,-7.9074,37.0836630079873,0.34545454545454546,-0.26114545454545435,-1.5715454545454544,22.57018181818182,-0.009258958779446597,-0.3121082181610191
C,0.0,10:15,275,-255.2137,-0.9280498181818181,-9.4089,36.02843460279029,0.3236363636363636,-0.4967098181818182,-1.7907298181818183,22.65927272727273,-0.0844421879878284,-0.42716163880018515
C,0.0,10:20,275,-402.48170000000005,-1.4635698181818184,-8.6081,34.45785338970602,0.32,-1.045333818181818,-2.3000418181818185,21.910545454545453,-0.026027512677718138,-0.7043549530638911
C,0.0,10:25,275,-231.85450000000003,-0.8431072727272728,-7.4069,33.7889088903605,0.32727272727272727,-0.4252352727272727,-1.6788512727272729,22.136363636363637,-0.012980020599723448,-0.41378525875600863
C,0.0,10:30,275,-391.68878,-1.4243228363636364,-7.9074,33.73161586447201,0.31272727272727274,-1.0060868363636362,-2.2607948363636368,21.952727272727273,-0.030100968321927053,-0.7002250422175108
C,0.0,10:35,275,-323.38226000000003,-1.175935490909091,-7.2067000000000005,31.91485239443636,0.33090909090909093,-0.7562434909090907,-2.015319490909091,21.81381818181818,-0.004925835983863575,-0.6110222213792442
C,0.0,10:40,275,-500.3808599999999,-1.8195667636363633,-7.1066,32.65023079616642,0.33090909090909093,-1.4016947636363637,-2.6553107636363635,22.274181818181816,-0.05690812077999136,-0.924161956719105
C,0.0,10:45,275,-565.1566399999999,-2.055115054545454,-7.2067000000000005,32.95978755895442,0.33090909090909093,-1.6412470545454545,-2.882851054545454,21.850545454545454,-0.07797169266078775,-1.0339941549602434
C,0.0,10:50,275,-551.7278,-2.006282909090909,-7.2505,30.144170070896177,0.3090909090909091,-1.6102509090909087,-2.798346909090909,20.727272727272727,-0.09178422982493611,-1.103710537909567
C,0.0,10:55,275,-653.9145000000001,-2.3778709090909094,-7.2067000000000005,30.82839946123381,0.31272727272727274,-1.9905749090909086,-3.152462909090909,20.54072727272727,-0.10107032087130502,-1.2790974788154326
C,0.0,11:00,275,-691.86858,-2.515885745454545,-7.1066,29.51239824304222,0.3054545454545455,-2.1231297454545452,-3.301397745454546,21.07490909090909,-0.08128556920421248,-1.4136853542635326
C,0.0,11:05,275,-580.88494,-2.1123088727272727,-6.6061000000000005,28.82134047237631,0.31636363636363635,-1.7210088727272728,-2.894908872727273,20.58690909090909,-0.07875089212926768,-1.2153730286919793
C,0.0,11:10,275,-691.2003199999999,-2.5134557090909087,-6.405900000000001,29.142218949315232,0.31636363636363635,-2.107595709090909,-3.325175709090909,21.18072727272727,-0.14508765398694118,-1.4302599141008612
C,0.0,11:15,275,-644.72008,-2.3444366545454547,-7.1066,28.24798813018282,0.3054545454545455,-1.9640566545454543,-3.1051966545454546,21.247636363636364,-0.11119196726972166,-1.3763133664685896
C,0.0,11:20,275,-859.62224,-3.125899054545455,-6.887020000000001,28.14023653829234,0.3054545454545455,-2.734235054545454,-3.909227054545454,20.768,-0.11085039309913876,-1.8421014838212693
C,0.0,11:25,275,-603.4758599999999,-2.1944576727272724,-6.6061000000000005,38.95357097639474,0.2909090909090909,-1.8111656727272727,-2.961041672727273,19.682909090909092,-0.12877827888255997,-0.934213800727456
C,0.0,11:30,275,-742.7854,-2.701037818181818,-6.7062,28.95107595727183,0.31636363636363635,-2.322841818181818,-3.457429818181818,19.355999999999998,-0.14848401723605684,-1.5471495775650366
C,0.0,11:35,275,-553.05716,-2.0111169454545452,-6.105600000000001,27.293809115450326,0.31636363636363635,-1.6376529454545452,-2.7580449454545453,18.885454545454547,-0.18191052778916264,-1.2219108533705159
C,0.0,11:40,275,-603.5481199999999,-2.194720436363636,-5.9054,28.153253927442442,0.3054545454545455,-1.8176164363636362,-2.9489284363636363,18.646181818181816,-0.15591688107947443,-1.2927571757607697
C,0.0,11:45,275,-623.06872,-2.2657044363636363,-5.3048,25.702405640778007,0.31636363636363635,-1.8827764363636363,-3.0315604363636366,19.19127272727273,-0.10158771133094331,-1.4618264932640723
C,0.0,11:50,275,-880.6557199999999,-3.202384436363636,-6.2057,23.57741427941987,0.3054545454545455,-2.823096436363636,-3.9609604363636364,18.814181818181815,-0.12728028403988487,-2.2523902502665094
C,0.0,11:55,275,-725.76118,-2.6391315636363637,-5.2047,24.03066744331011,0.31272727272727274,-2.2551115636363637,-3.4071715636363638,18.630181818181818,-0.17139745056741224,-1.8212164080782787
C,0.0,12:00,275,-720.6306,-2.620474909090909,-4.928799999999999,21.601445616829196,0.33090909090909093,-2.250286909090909,-3.3608509090909093,18.53127272727273,-0.20563323280938245,-2.0117014852061934
C,0.0,12:05,275,-747.61334,-2.7185939636363634,-5.21736,21.77566453446438,0.31636363636363635,-2.3269299636363634,-3.501921963636364,18.88472727272727,-0.18509347852012728,-2.070328581806629
C,0.0,12:10,275,-341.42012,-1.2415277090909091,-4.2221,24.13045782084679,0.3236363636363636,-0.8709757090909087,-1.982631709090909,18.16690909090909,-0.1404491493694509,-0.8532124853277149
C,0.0,12:15,275,-450.18623999999994,-1.6370408727272725,-4.01182,21.920824031646703,0.32727272727272727,-1.2734048727272727,-2.3643128727272726,17.808,-0.15977109998510872,-1.238422956517034
C,0.0,12:20,275,-229.25465999999994,-0.8336533090909088,-3.7032000000000003,22.19568743725094,0.33454545454545453,-0.4747493090909089,-1.551461309090909,16.36072727272727,-0.1263102021587202,-0.6228496502551154
C,0.0,12:25,275,-193.06243999999995,-0.7020452363636361,-3.7419000000000002,22.26224207817822,0.33090909090909093,-0.36279723636363614,-1.3805412363636362,16.008,-0.1366167144464241,-0.5229528604301955
C,0.0,12:30,275,98.56296000000002,0.3584107636363637,-3.3028000000000004,26.151383424105973,0.32727272727272727,0.7038467636363639,-0.3324612363636362,15.472363636363635,-0.16839849714663788,0.22727555260247417
C,0.0,12:35,275,-275.12611999999996,-1.000458618181818,-4.2037,22.80984167092983,0.3018181818181818,-0.6623026181818179,-1.6767706181818183,15.695272727272727,-0.1392554177100925,-0.7273496025654927
C,0.0,12:40,275,-227.09423999999999,-0.8257972363636363,-3.3315600000000005,17.37297874549228,0.29454545454545455,-0.49346523636363643,-1.4904612363636365,15.214545454545455,-0.14867777178741623,-0.7882527303043121
C,0.0,12:45,275,-64.48526,-0.23449185454545454,-2.9024,16.740251172542074,0.32,0.08364414545454563,-0.8707638545454546,14.489818181818181,-0.039247251638030625,-0.23229086884834568
C,0.0,12:50,275,-332.6961,-1.209804,-3.22222,14.749990445840478,0.2727272727272727,-0.9051359999999998,-1.81914,13.086181818181817,-0.13562517207680408,-1.360158826069832
C,0.0,12:55,275,-299.51511999999997,-1.0891458909090908,-3.07986,13.109837056431212,0.28363636363636363,-0.7946698909090908,-1.6780978909090911,12.613454545454545,-0.24934740092075475,-1.377701433875088
C,0.0,13:00,275,-412.02614000000005,-1.4982768727272728,-3.1026000000000002,12.132157711920955,0.24363636363636362,-1.2169048727272724,-2.0610208727272727,12.026181818181817,-0.28756278617219155,-2.0479548390723274
C,0.0,13:05,275,-429.36734,-1.561335781818182,-1.3008000000000002,7.287832276510323,0.20727272727272728,-1.321459781818182,-2.041087781818182,8.987272727272726,-0.457082521447556,-3.552747074557196
C,0.0,13:10,275,-426.86392,-1.5522324363636364,-1.1006,3.250965763748329,0.14545454545454545,-1.3210924363636363,-2.0145124363636366,7.937818181818182,-0.5230685413099151,-7.9179126342161315
C,0.0,13:15,274,-370.58892,-1.352514306569343,-1.0005,2.7628094165645187,0.12408759124087591,-1.1194347445255475,-1.8186734306569343,8.05912408759124,-0.5116937380201179,-8.10338030459443
C,0.0,13:20,275,-368.89432,-1.3414338909090908,-0.9004,0.9446926928239426,0.02909090909090909,-1.1146618909090908,-1.794977890909091,7.817818181818182,-0.5995817319533175,-23.547514080545213
C,0.0,13:25,275,-374.18068,-1.360657018181818,-0.9004,0.6536537759114827,0.0,-1.1331570181818182,-1.8156570181818181,7.484727272727273,-0.6310165300530193,-34.519717960628704
C,0.5,08:45,276,-229.98811999999998,-0.8332902898550724,-5.354850000000001,29.78118657197825,0.18478260869565216,-0.5598286956521739,-1.3802134782608695,11.768115942028986,-0.05726367147554813,-0.4648457501663792
C,0.5,08:50,275,-380.56019999999995,-1.3838552727272726,-5.0045,28.6305708254602,0.1890909090909091,-1.1148592727272728,-1.9218472727272728,11.244363636363635,-0.1029654551503408,-0.8015433453582795
C,0.5,08:55,275,-541.62564,-1.9695477818181817,-5.2047,27.18198923656472,0.1890909090909091,-1.7100157818181818,-2.488611781818182,10.929454545454545,-0.0524150400443146,-1.2015770704118673
C,0.5,09:00,275,-501.30894,-1.8229416,-5.2047,26.727450260766968,0.17454545454545456,-1.5685056,-2.3318136,10.510909090909092,-0.11753380028005722,-1.1310493973315963
C,0.5,09:05,275,-522.01666,-1.8982424,-3.7032000000000003,23.087233463083408,0.15272727272727274,-1.6791144,-2.3364983999999995,8.579636363636364,-0.2580345643533758,-1.3634716805741747
C,0.5,09:10,275,-460.72884,-1.6753776,-3.6031,22.292787951547766,0.14909090909090908,-1.4726296,-2.0808736000000003,8.20509090909091,-0.17047939277607832,-1.2462772474764299
C,0.5,09:15,275,-542.7710599999999,-1.9737129454545452,-3.503,19.634274659698903,0.12727272727272726,-1.7840689454545455,-2.353000945454545,7.409818181818182,-0.20414747015037982,-1.6669995193090332
C,0.5,09:20,275,-483.41110000000003,-1.7578585454545457,-3.3028000000000004,20.49788508355334,0.13818181818181818,-1.5616625454545454,-2.1502505454545453,7.334545454545455,-0.18777906119580667,-1.4221362852869415
C,0.5,09:25,275,-296.91838,-1.0797032,-3.2027,22.66604733174685,0.13454545454545455,-0.9017071999999998,-1.4356952,6.819636363636364,-0.08908641781294475,-0.7899415250780015
C,0.5,09:30,275,-345.29552,-1.2556200727272728,-3.503,21.899317872849192,0.12,-1.0838120727272726,-1.5992360727272728,6.556363636363637,-0.1193065529598898,-0.9508105879494491
C,0.5,09:35,275,-449.08455999999995,-1.6330347636363636,-3.2027,21.127686166606892,0.11636363636363636,-1.4506707636363636,-1.9977627636363637,6.471272727272727,-0.2871484138284638,-1.2817692240120895
C,0.5,09:40,275,-535.93302,-1.9488473454545456,-3.1026000000000002,20.803281980504547,0.10545454545454545,-1.7766753454545454,-2.293191345454545,6.258181818181818,-0.3484934653194207,-1.5535037751759826
C,0.5,09:45,275,-434.94844000000006,-1.5816306909090911,-2.9024,20.72923626875405,0.10909090909090909,-1.4185586909090906,-1.9077746909090911,5.767636363636363,-0.31638399505662257,-1.2652843285314457
C,0.5,09:50,275,-412.5715,-1.5002600000000001,-2.8023000000000002,18.933509259032245,0.12,-1.3342759999999998,-1.832228,5.712727272727273,-0.27870058139445814,-1.314019350534525
C,0.5,09:55,275,-424.82248,-1.5448090181818181,-2.7022000000000004,18.475275698575082,0.10545454545454545,-1.3861050181818182,-1.8622170181818183,5.250181818181818,-0.28610602869195706,-1.3865968686089922
C,0.5,10:00,275,-296.70456,-1.0789256727272727,-2.502,19.1806050176134,0.12363636363636364,-0.9245896727272727,-1.3875976727272727,5.187636363636363,-0.2582698805990569,-0.9328151092815219
C,0.5,10:05,275,-294.03959999999995,-1.069234909090909,-2.6021,20.252157185025027,0.11272727272727273,-0.922178909090909,-1.3633469090909092,4.941818181818181,-0.3829576439843374,-0.8755242648488087
C,0.5,10:10,275,-361.33172,-1.3139335272727273,-2.502,18.39257820968013,0.09454545454545454,-1.1697895272727272,-1.6022215272727272,4.58,-0.31600058886730464,-1.18466928881626
C,0.5,10:15,275,-367.2636,-1.335504,-2.502,18.618085736665904,0.08363636363636363,-1.1899039999999999,-1.6267040000000001,4.430545454545455,-0.3494965972128956,-1.1895330531472785
C,0.5,10:20,275,-467.3777,-1.6995552727272727,-2.3018,15.971595263909691,0.08,-1.5656032727272726,-1.9674592727272726,4.306181818181819,-0.4138445810078253,-1.764628722731193
C,0.5,10:25,275,-511.63384,-1.860486690909091,-2.3018,14.520036240020689,0.08363636363636363,-1.720710690909091,-2.140038690909091,4.217090909090909,-0.3751689278427136,-2.124835013905786
C,0.5,10:30,275,-382.71994,-1.3917088727272728,-2.3018,14.499237862102028,0.08727272727272728,-1.2504768727272726,-1.6741728727272729,4.197454545454545,-0.3248201422569352,-1.5917306109962903
C,0.5,10:35,275,-361.54200000000003,-1.314698181818182,-2.2016999999999998,15.39455405019688,0.08363636363636363,-1.1836581818181817,-1.5767781818181819,4.064363636363637,-0.4039558275079888,-1.416202303566432
C,0.5,10:40,275,-504.5134,-1.8345941818181817,-2.1016,14.239747414527704,0.08363636363636363,-1.6977301818181818,-2.108322181818182,4.1294545454545455,-0.46710505162029947,-2.1365057843133717
C,0.5,10:45,275,-550.7994000000001,-2.0029069090909095,-2.1016,15.173298097706676,0.07272727272727272,-1.868954909090909,-2.2708109090909088,4.1614545454545455,-0.47999781678977116,-2.189006854241215
C,0.5,10:50,274,-516.82068,-1.8862068613138687,-2.0015,12.203413211308403,0.07664233576642336,-1.7565152554744528,-2.145590072992701,3.8317518248175184,-0.5320717506681015,-2.5584874139031974
C,0.5,10:55,275,-499.6658,-1.8169665454545454,-2.0015,12.027540806078644,0.09090909090909091,-1.6873825454545455,-2.0761345454545457,3.8345454545454545,-0.48341687059732563,-2.5051655966344155
C,0.5,11:00,273,-534.61034,-1.9582796336996335,-1.9013999999999998,12.135625788394735,0.07326007326007326,-1.8314129670329669,-2.212012967032967,3.7344322344322345,-0.5491904811332552,-2.6662069402869184
C,0.5,11:05,275,-626.19208,-2.277062109090909,-1.9013999999999998,12.686238598567842,0.06909090909090909,-2.144566109090909,-2.542054109090909,3.737818181818182,-0.576409385316846,-2.9765168696426816
C,0.5,11:10,272,-561.95368,-2.066006176470588,-1.9013999999999998,11.494621082418673,0.0661764705882353,-1.9390411029411765,-2.319936323529412,3.8452205882352946,-0.5631176126508944,-2.964294908962515
C,0.5,11:15,274,-507.4519,-1.8520142335766425,-1.8013,10.498105054844828,0.05474452554744526,-1.7223226277372263,-2.1113974452554745,3.499270072992701,-0.6357349150209299,-2.9201737122157896
C,0.5,11:20,274,-428.27556,-1.5630494890510949,-1.7012,12.422147831345368,0.04744525547445255,-1.437741824817518,-1.813664817518248,3.4675182481751827,-0.6677072350367663,-2.0828179743319977
C,0.5,11:25,273,-49.77811999999999,-0.18233743589743584,-1.6011000000000002,31.296133744214654,0.04395604395604396,-0.05547076923076922,-0.4360707692307692,3.5377289377289376,-0.6956271802089649,-0.09626457055277889
C,0.5,11:30,274,-330.14864,-1.2049220437956205,-1.6011000000000002,16.958799263510194,0.04744525547445255,-1.081075693430657,-1.4526147445255475,3.16021897810219,-0.6703482430823139,-1.1760861391647142
C,0.5,11:35,275,-297.01036,-1.0800376727272727,-1.501,12.59956186382953,0.05454545454545454,-0.9679256727272727,-1.3042616727272727,2.8636363636363638,-0.6559983372860684,-1.4215096360486785
C,0.5,11:40,272,-324.0002,-1.1911772058823529,-1.501,13.441961183176913,0.04044117647058824,-1.0774606617647058,-1.418610294117647,2.6338235294117647,-0.7410015816719279,-1.4614978786957908
C,0.5,11:45,270,-341.20932,-1.2637382222222222,-1.55105,11.341069132658578,0.04814814814814815,-1.1514037777777777,-1.4884071111111112,2.6622222222222223,-0.7436538145781678,-1.8309859229215195
C,0.5,11:50,275,-348.38800000000003,-1.2668654545454547,-1.6011000000000002,8.68010108981436,0.03636363636363636,-1.1576654545454546,-1.4852654545454547,2.4883636363636366,-0.7160200889694247,-2.420315920929084
C,0.5,11:55,270,-466.33428000000004,-1.7271640000000001,-1.55105,7.880448782811283,0.02962962962962963,-1.6192784444444444,-1.9429351111111113,2.359259259259259,-0.8029480327876473,-3.6013431825390523
C,0.5,12:00,272,-579.20102,-2.129415514705882,-1.45095,3.941354024389267,0.025735294117647058,-2.017171029411765,-2.3539044852941178,2.338235294117647,-0.8384575331906533,-8.910445530781088
C,0.5,12:05,273,-531.2344,-1.9459135531135534,-1.501,4.047654516399451,0.02564102564102564,-1.833713553113553,-2.170313553113553,2.1695970695970694,-0.8314928581324953,-7.943308498245902
C,0.5,12:10,273,-356.27621999999997,-1.3050410989010988,-1.4009,9.889958182552125,0.03296703296703297,-1.1943077655677656,-1.5265077655677657,2.073626373626374,-0.7497324760787474,-2.180273906107903
C,0.5,12:15,273,-353.4964,-1.294858608058608,-1.4009,8.940486153002801,0.029304029304029304,-1.1841252747252748,-1.5163252747252747,1.9556776556776556,-0.7581554788759787,-2.3929991089740352
C,0.5,12:20,272,-294.51858000000004,-1.0827888970588238,-1.3008000000000002,9.302729324389345,0.03308823529411765,-0.9720164705882354,-1.3043337499999998,1.8511029411764706,-0.7925225210229604,-1.9196314703535184
C,0.5,12:25,269,-240.11894,-0.8926354646840149,-1.3008000000000002,10.022176317427055,0.022304832713754646,-0.7895585130111523,-1.0987893680297398,1.5122676579925651,-0.8437494253405696,-1.4607915183775873
C,0.5,12:30,271,-88.90234,-0.3280529151291513,-1.2006999999999999,16.22979621339303,0.033210332103321034,-0.22499793357933578,-0.5341628782287822,1.4841328413284132,-0.7749076446168194,-0.3327480201003493
C,0.5,12:35,271,-209.89971999999997,-0.7745377121771216,-1.2006999999999999,10.800282624490862,0.02214022140221402,-0.6714827306273062,-0.9806476752767528,1.400369003690037,-0.8429678264526965,-1.1805709527223223
C,0.5,12:40,272,-330.73718,-1.2159455147058824,-1.1006,4.768825026016587,0.014705882352941176,-1.1114293382352942,-1.4249778676470588,1.3768382352941178,-0.8835485325268557,-4.2052050681474915
C,0.5,12:45,273,-388.13870000000003,-1.4217534798534799,-1.1006,2.742761248115608,0.003663003663003663,-1.3201868131868133,-1.624886813186813,1.0582417582417583,-0.9234904813749286,-8.564807742404522
C,0.5,12:50,270,-382.94402,-1.4183111851851853,-1.0005,3.3977885733726994,0.003703703703703704,-1.316728222222222,-1.621477111111111,1.06,-0.9355300537572518,-6.858940863263085
C,0.5,12:55,273,-352.2155,-1.2901666666666667,-1.0005,1.3057922085319487,0.0,-1.1885999999999999,-1.4933,0.7893772893772893,-1.0,-16.32499540431229
C,0.5,13:00,270,-305.16424,-1.1302379259259259,-0.9004,0.780707221565076,0.0,-1.030137925925926,-1.3304379259259258,0.6340740740740741,-0.9975183355231099,-23.788308482780483
C,0.5,13:05,265,-236.52212,-0.8925363018867924,-0.9004,0.20783989805653522,0.0,-0.7924363018867925,-1.0927363018867924,0.3928301886792453,-0.9998039631798082,-69.90687769664505
C,0.5,13:10,256,-218.39666,-0.853111953125,-0.8003,0.13271192719458097,0.00390625,-0.7530119531249999,-1.053311953125,0.36171875000000003,-0.9952832041522036,-102.85278451262941
C,0.5,13:15,228,-191.6776,-0.8406912280701755,-0.8003,0.07941501157642326,0.0,-0.7405912280701754,-1.0408912280701754,0.3403508771929825,-1.0,-159.8458391460737
C,0.5,13:20,229,-191.2767,-0.8352694323144105,-0.8003,0.06360396883050698,0.0,-0.7351694323144103,-1.0354694323144105,0.3349344978165939,-1.0,-198.72848112748906
C,0.5,13:25,218,-183.68786,-0.8426048623853211,-0.8003,0.14967794714024915,0.0,-0.7388314678899083,-1.0501516513761466,0.4871559633027523,-0.9919924120036687,-83.11786699716271
C,1.0,08:45,276,-605.04102,-2.192177608695652,-1.7012,14.537085890485306,0.06159420289855073,-2.0590736231884055,-2.458385579710145,4.26268115942029,-0.5650107318172595,-2.505260679248567
C,1.0,08:50,273,-580.7753200000001,-2.127382124542125,-1.7012,12.013320430514888,0.05128205128205128,-2.004548791208791,-2.373048791208791,3.4113553113553117,-0.6242093638508255,-2.9259288969408512
C,1.0,08:55,274,-671.3846,-2.4503087591240873,-1.7012,11.805644768314432,0.04744525547445255,-2.323905109489051,-2.7031160583941607,3.528102189781022,-0.6769789328830748,-3.4356299714374123
C,1.0,09:00,274,-589.6459,-2.1519923357664235,-1.7012,11.907415176985552,0.051094890510948905,-2.025223357664234,-2.405530291970803,3.372992700729927,-0.6030197941205045,-2.9915654248795196
C,1.0,09:05,273,-517.78044,-1.8966316483516483,-1.501,9.762450558814054,0.040293040293040296,-1.775998315018315,-2.1378983150183153,2.685714285714286,-0.7560391393844232,-3.2100032289785627
C,1.0,09:10,275,-550.70326,-2.0025573090909092,-1.4009,7.738698437003589,0.03636363636363636,-1.884621309090909,-2.2384293090909093,2.4432727272727273,-0.7622575377029398,-4.2912456593992685
C,1.0,09:15,271,-544.86714,-2.0105798523985237,-1.4009,7.759693029098128,0.033210332103321034,-1.8968130627306272,-2.2381134317343174,2.3195571955719556,-0.8001184659953505,-4.265416362957251
C,1.0,09:20,271,-548.44674,-2.0237887084870847,-1.4009,7.3679313636828665,0.025830258302583026,-1.9089138007380075,-2.25353852398524,2.246125461254613,-0.8170754615097578,-4.521726002556382
C,1.0,09:25,270,-453.368,-1.6791407407407408,-1.3008000000000002,9.891097463031766,0.022222222222222223,-1.564211111111111,-1.9090000000000003,2.103333333333333,-0.8146572242176333,-2.7894880149560324
C,1.0,09:30,266,-249.4322,-0.9377150375939849,-1.2006999999999999,12.55240209110264,0.03007518796992481,-0.8240676691729322,-1.1650097744360903,2.0654135338345863,-0.5831875648936363,-1.218385877414539
C,1.0,09:35,270,-466.7164,-1.7285792592592593,-1.2006999999999999,8.03236360839964,0.022222222222222223,-1.6180985185185184,-1.9495407407407406,1.9677777777777776,-0.8195525564714099,-3.5361267201915285
C,1.0,09:40,269,-374.90360000000004,-1.3936936802973978,-1.2006999999999999,11.555589716638988,0.01858736059479554,-1.286151301115242,-1.60877843866171,1.7687732342007436,-0.8486625147307172,-1.9781141837542968
C,1.0,09:45,270,-349.77799999999996,-1.295474074074074,-1.2006999999999999,11.572174832815161,0.014814814814814815,-1.1849933333333333,-1.5164355555555555,1.6674074074074074,-0.8175890540733111,-1.8394823357353498
C,1.0,09:50,267,-414.60636,-1.552832808988764,-1.2006999999999999,8.869212270814987,0.00749063670411985,-1.4437350561797753,-1.7710283146067416,1.6741573033707866,-0.8508622919488097,-2.8608512678454954
C,1.0,09:55,271,-443.67760000000004,-1.637186715867159,-1.2006999999999999,8.659509003567113,0.0036900369003690036,-1.5282217712177122,-1.8551166051660517,1.6306273062730627,-0.8822296506144166,-3.112358311016481
C,1.0,10:00,270,-340.31784,-1.2604364444444445,-1.15065,8.907951502193571,0.014814814814814815,-1.1514386666666667,-1.478432,1.5137037037037036,-0.7377949775219135,-2.325010882986375
C,1.0,10:05,266,-259.02214,-0.9737674436090225,-1.1006,11.54026299894615,0.011278195488721804,-0.8691516541353382,-1.1829990225563911,1.3733082706766917,-0.7920652109909463,-1.3761962257366698
C,1.0,10:10,262,-242.80794,-0.9267478625954199,-1.1006,11.829090393046833,0.011450381679389313,-0.8235913740458015,-1.1330608396946564,1.3400763358778627,-0.7201234091684248,-1.2681215656717855
C,1.0,10:15,263,-283.87775999999997,-1.0793831178707223,-1.1006,8.62838676258359,0.0076045627376425855,-0.9762382509505703,-1.2856728517110265,1.2106463878326998,-0.8384072896453122,-2.0287283189923637
C,1.0,10:20,256,-272.26966,-1.063553359375,-1.1006,8.681307195213037,0.0078125,-0.958761171875,-1.273137734375,1.212109375,-0.8813915383061317,-1.9601718229005038
C,1.0,10:25,255,-317.86576,-1.2465323921568627,-1.1006,6.022252749789452,0.00784313725490196,-1.143292,-1.4530131764705883,1.2015686274509803,-0.8986732413690437,-3.3053288941285563
C,1.0,10:30,262,-345.33976,-1.3180906870229008,-1.1006,3.3903328474594847,0.007633587786259542,-1.2149341984732824,-1.5244036641221375,1.0702290076335879,-0.9121606523722519,-6.292940128227246
C,1.0,10:35,251,-300.2341,-1.1961517928286853,-1.1006,4.159471004278258,0.01195219123505976,-1.0912661354581674,-1.4059231075697212,1.1035856573705178,-0.8470147611559823,-4.5560140542917145
C,1.0,10:40,250,-360.525,-1.4421,-1.1006,4.683710189292452,0.008,-1.3367947999999998,-1.6527104,1.2144000000000001,-0.8633452910317262,-4.868277956388381
C,1.0,10:45,259,-363.495,-1.4034555984555985,-1.0005,5.385077420382539,0.011583011583011582,-1.2998772200772202,-1.6106123552123552,1.2212355212355213,-0.8788467808611553,-4.194272161022366
C,1.0,10:50,248,-386.03159999999997,-1.5565790322580644,-1.0005,4.152444367076317,0.004032258064516129,-1.4496173387096773,-1.7705024193548389,1.1931451612903226,-0.9679912462954718,-5.903277430373541
C,1.0,10:55,250,-373.3179,-1.4932716000000001,-1.0005,3.616595134151862,0.004,-1.3899683999999999,-1.699878,1.1288,-0.9732286173255495,-6.528432470436444
C,1.0,11:00,250,-444.40711999999996,-1.77762848,-1.0005,7.261502465506761,0.004,-1.67232328,-1.9882388800000002,1.4136000000000002,-0.9747094128905476,-3.8706554580717705
C,1.0,11:05,251,-420.44612,-1.6750841434262949,-1.0005,5.004528601460597,0.00398406374501992,-1.5697996812749004,-1.8856530677290837,1.2342629482071714,-0.9832330305211946,-5.302861845384076
C,1.0,11:10,247,-409.60544,-1.6583216194331982,-1.0005,9.073907931289904,0.004048582995951417,-1.5529531983805667,-1.8690584615384616,1.4214574898785426,-0.9224660698357965,-2.87225418504924
C,1.0,11:15,248,-348.94434,-1.407033629032258,-1.0005,6.421763663554738,0.004032258064516129,-1.3016864516129032,-1.617727983870968,1.1693548387096775,-0.935959865697763,-3.4504520734313937
C,1.0,11:20,243,-205.05294,-0.8438392592592593,-1.0005,6.75460679940829,0.00823045267489712,-0.7383841152263375,-1.054749547325103,1.22880658436214,-0.9693767921412135,-1.9474341919173188
C,1.0,11:25,246,200.65426000000002,0.8156677235772358,-1.0005,31.82802717253872,0.008130081300813009,0.9194299186991871,0.6081433333333334,1.1845528455284555,-0.9468905873999445,0.40194914645333996
C,1.0,11:30,241,-93.04193999999998,-0.3860661410788381,-1.0005,12.222524234461641,0.008298755186721992,-0.2822279668049791,-0.5937424896265561,1.1933609958506226,-0.9616042356770783,-0.49035355573445805
C,1.0,11:35,232,-170.37232,-0.7343634482758621,-1.0005,8.19660394598226,0.004310344827586207,-0.6303802586206897,-0.9423298275862069,1.0961206896551725,-0.9888774590140252,-1.3646494172870693
C,1.0,11:40,237,-92.29172,-0.3894165400843882,-1.0005,13.013513288089339,0.004219409282700422,-0.2855152742616033,-0.5972190717299578,1.1548523206751053,-0.9875336794626884,-0.4606743236979172
C,1.0,11:45,231,-169.17162,-0.7323446753246753,-0.9004,7.462013264527776,0.004329004329004329,-0.6283446753246753,-0.9403446753246754,1.0978354978354978,-0.9902177647310171,-1.4916450852105776
C,1.0,11:50,235,-240.54102,-1.0235788085106383,-1.0005,2.1902592364528344,0.00425531914893617,-0.9196451914893616,-1.2314460425531915,0.948936170212766,-0.9938721801682884,-7.164067953939136
C,1.0,11:55,227,-210.01452,-0.9251740969162996,-0.9004,3.4059856033491442,0.004405286343612335,-0.8233102202643171,-1.1289018502202643,0.8656387665198237,-0.9913550247623424,-4.092546150559571
C,1.0,12:00,232,-304.90692,-1.3142539655172414,-1.0005,3.054248382332652,0.0,-1.2124281034482758,-1.5179056896551724,0.8142241379310345,-0.9999833272070882,-6.554188626412158
C,1.0,12:05,239,-297.49602,-1.244753221757322,-0.9004,2.6910271620229804,0.0,-1.1429779079497908,-1.4483038493723848,0.7447698744769874,-0.9999818887862197,-7.1509563673417205
C,1.0,12:10,233,-104.30581999999997,-0.44766446351931316,-0.9004,9.761877184850473,0.004291845493562232,-0.34369793991416303,-0.6555975107296136,0.8060085836909872,-0.9836514285135606,-0.6999987132168166
C,1.0,12:15,228,-175.67972,-0.7705250877192983,-0.9004,4.38580540282901,0.0043859649122807015,-0.668668947368421,-0.9742373684210526,0.7092105263157894,-0.9876348769066327,-2.6528020767865224
C,1.0,12:20,236,-170.97102,-0.7244534745762712,-0.9004,4.621702218617351,0.00423728813559322,-0.6226568644067797,-0.9280466949152543,0.6483050847457628,-0.9860956464050364,-2.4080446824784416
C,1.0,12:25,230,-146.64972,-0.6376074782608696,-0.9004,5.3597942010341235,0.004347826086956522,-0.5357666086956522,-0.8412892173913044,0.572608695652174,-0.9782425222364717,-1.804135721821234
C,1.0,12:30,232,-43.34541999999999,-0.18683370689655168,-0.9004,12.226479939578741,0.004310344827586207,-0.08500784482758617,-0.3904854310344827,0.5491379310344828,-0.9425319949336332,-0.23275433768071818
C,1.0,12:35,223,-131.63822000000002,-0.5903059192825113,-0.9004,5.92102932739769,0.004484304932735426,-0.488410403587444,-0.7940969506726457,0.5390134529147982,-0.9654757696764494,-1.4887862785809498
C,1.0,12:40,233,-240.54212,-1.0323696137339056,-0.9004,1.3065115278191843,0.0,-0.9305511587982833,-1.23600652360515,0.532618025751073,-0.9999619381070702,-12.061461300907162
C,1.0,12:45,217,-209.7011,-0.9663645161290323,-0.9004,0.6621260635004088,0.0,-0.8662645161290322,-1.1665645161290323,0.4658986175115208,-1.0,-21.49958902078857
C,1.0,12:50,231,-223.5079,-0.9675666666666667,-0.9004,0.9146493950602369,0.0,-0.8657333333333334,-1.1712333333333331,0.4670995670995671,-1.0,-16.078007861385366
C,1.0,12:55,220,-201.5915,-0.916325,-0.9004,0.37106865856893123,0.0,-0.816225,-1.116525,0.41590909090909095,-1.0,-36.62744304461675
C,1.0,13:00,232,-212.4964,-0.9159327586206897,-0.8003,0.5701602309575063,0.0,-0.8158327586206897,-1.1161327586206895,0.41551724137931034,-1.0,-24.468686839728285
C,1.0,13:05,211,-178.7732,-0.8472663507109005,-0.8003,0.09178210197683391,0.0,-0.7471663507109004,-1.0474663507109006,0.3469194312796209,-1.0,-134.09209829284214
C,1.0,13:10,177,-147.3588,-0.832535593220339,-0.8003,0.06341844556032682,0.0,-0.7324355932203389,-1.032735593220339,0.3322033898305085,-1.0,-174.6521153784843
C,1.0,13:15,157,-131.1526,-0.8353668789808918,-0.8003,0.05764391175686034,0.0,-0.7352668789808917,-1.0355668789808918,0.335031847133758,-1.0,-181.58235056171583
C,1.0,13:20,148,-124.3503,-0.8402047297297297,-0.8003,0.05807498007585371,0.0,-0.7401047297297297,-1.0404047297297296,0.3398648648648649,-1.0,-176.00577188675732
C,1.0,13:25,146,-121.9489,-0.8352664383561643,-0.8003,0.05829967206082402,0.0,-0.7351664383561644,-1.0354664383561645,0.3349315068493151,-1.0,-173.1152580811872
C,1.5,08:45,255,-552.4548,-2.1664894117647058,-1.3008000000000002,5.497370457493481,0.011764705882352941,-2.051472549019608,-2.396523137254902,2.184705882352941,-0.9331351879652746,-6.293201780043914
C,1.5,08:50,255,-467.6596,-1.8339592156862745,-1.1006,6.957701754871892,0.00392156862745098,-1.7240454901960784,-2.0537866666666664,1.6623529411764708,-0.9298380004184829,-4.209145660405745
C,1.5,08:55,249,-418.41339999999997,-1.6803751004016063,-1.1006,6.253674080698744,0.004016064257028112,-1.572234939759036,-1.896655421686747,1.516867469879518,-0.9281473498261572,-4.240046969233349
C,1.5,09:00,254,-386.10736,-1.520107716535433,-1.1006,6.279872859928261,0.007874015748031496,-1.4121258267716534,-1.7360714960629922,1.4570866141732284,-0.872930725494536,-3.857805879868345
C,1.5,09:05,248,-406.452,-1.6389193548387098,-1.1006,3.641734898912312,0.004032258064516129,-1.5323612903225807,-1.8520354838709678,1.2754032258064516,-0.960673915445747,-7.087206654567136
C,1.5,09:10,241,-363.913,-1.5100124481327801,-1.1006,3.269893525893119,0.004149377593360996,-1.4049282157676348,-1.7201809128630705,1.1506224066390043,-0.9583412439645999,-7.168948117947612
C,1.5,09:15,243,-391.1694,-1.6097506172839506,-1.0005,2.6869141561636454,0.0,-1.5030596707818928,-1.823132510288066,1.108641975308642,-1.0,-9.339162791002162
C,1.5,09:20,233,-366.8501,-1.574463948497854,-1.0005,2.20713183696934,0.0,-1.4709270386266093,-1.7815377682403433,1.0733905579399141,-1.0,-10.88885979726449
C,1.5,09:25,243,-277.08106,-1.1402512757201646,-1.0005,3.267968095634588,0.00823045267489712,-1.036855802469136,-1.3470422222222223,0.9123456790123458,-0.8987175759680843,-5.439085623334828
C,1.5,09:30,232,-274.18366000000003,-1.1818261206896552,-1.0005,3.579009150231792,0.008620689655172414,-1.078274396551724,-1.3889295689655172,0.9668103448275862,-0.8821446402975399,-5.029615297391926
C,1.5,09:35,231,-276.88686,-1.1986444155844156,-1.0005,3.5182957758427014,0.008658008658008658,-1.0916110822510823,-1.4127110822510822,0.9848484848484849,-0.8949329270688768,-5.178023408377397
C,1.5,09:40,235,-242.2444,-1.0308272340425533,-1.0005,5.621434023733336,0.00425531914893617,-0.9273195744680851,-1.2378425531914894,0.8880851063829788,-0.867461343554582,-2.811076710903748
C,1.5,09:45,225,-237.845,-1.057088888888889,-1.0005,5.803464864223591,0.0044444444444444444,-0.9516502222222222,-1.267966222222222,0.9302222222222223,-0.8442634765995439,-2.732218373730889
C,1.5,09:50,215,-204.21640000000002,-0.9498437209302326,-1.0005,5.764693484483122,0.004651162790697674,-0.8497437209302325,-1.1500437209302325,0.8404651162790698,-0.8551321662108223,-2.4159901858082176
C,1.5,09:55,213,-189.5027,-0.8896840375586854,-1.0005,5.767243109705202,0.004694835680751174,-0.7895840375586854,-1.0898840375586853,0.784037558685446,-0.8537719048606892,-2.2514242602904755
C,1.5,10:00,223,-211.3195,-0.9476210762331839,-1.0005,5.726718480280974,0.004484304932735426,-0.8439300448430493,-1.155003139013453,0.8242152466367714,-0.8603292185440663,-2.471048723289816
C,1.5,10:05,221,-194.7039,-0.8810131221719457,-1.0005,5.718059341861913,0.004524886877828055,-0.7791013574660633,-1.0848366515837105,0.7610859728506787,-0.8414447159950108,-2.2904976773523926
C,1.5,10:10,200,-175.0948,-0.875474,-1.0005,6.069372841626833,0.005,-0.773372,-1.0796780000000001,0.7955,-0.8088651950765318,-2.039926095515927
C,1.5,10:15,199,-163.1834,-0.8200170854271357,-0.9004,5.962062057830646,0.005025125628140704,-0.7179050251256281,-1.0242412060301507,0.742211055276382,-0.8542805330400626,-1.940228801835849
C,1.5,10:20,203,-216.3846,-1.0659339901477833,-0.9004,2.709409715969045,0.0049261083743842365,-0.9618891625615763,-1.274023645320197,0.7334975369458129,-0.9159145419260678,-5.605361756716744
C,1.5,10:25,200,-240.0399,-1.2001994999999999,-1.0005,1.2293122439459088,0.0,-1.0980975,-1.4044035,0.6995,-1.0,-13.807219596261438
C,1.5,10:30,204,-240.0379,-1.1766563725490196,-0.9004,1.2266383903572018,0.0,-1.0745936274509804,-1.380781862745098,0.6759803921568628,-1.0,-13.70087115421308
C,1.5,10:35,197,-229.2306,-1.1636071065989848,-0.9004,1.2894197725912375,0.0,-1.06147461928934,-1.367872081218274,0.6629441624365482,-1.0,-12.666165328097518
C,1.5,10:40,193,-246.5499,-1.277460621761658,-1.0005,2.5901228387262405,0.0,-1.1752860103626943,-1.4818098445595855,0.7766839378238343,-1.0,-6.851817941298538
C,1.5,10:45,196,-260.3622,-1.3283785714285712,-0.9004,3.511924103488951,0.0,-1.2262357142857143,-1.5326642857142856,0.8275510204081633,-1.0,-5.295473208411409
C,1.5,10:50,188,-230.136,-1.2241276595744681,-0.9004,2.110123049731047,0.0,-1.1218978723404256,-1.4285872340425534,0.723404255319149,-1.0,-7.954224680792452
C,1.5,10:55,194,-239.8427,-1.2363025773195877,-0.9004,2.5961733248947145,0.0,-1.1341386597938143,-1.440630412371134,0.7355670103092784,-1.0,-6.632724464068279
C,1.5,11:00,185,-261.9693,-1.4160502702702702,-0.9004,4.696287703036029,0.0,-1.3110805405405406,-1.6259897297297299,0.9151351351351352,-1.0,-4.101189536900945
C,1.5,11:05,191,-277.7821,-1.4543565445026179,-0.9004,5.41982757957897,0.0,-1.349539790575916,-1.663990052356021,0.9534031413612567,-1.0,-3.708532613142908
C,1.5,11:10,186,-283.4903,-1.5241413978494622,-0.9004,6.507549026448307,0.0,-1.4191978494623656,-1.7340284946236557,1.0231182795698923,-1.0,-3.1942160145528473
C,1.5,11:15,182,-251.53004,-1.382033186813187,-0.9004,5.852725859926251,0.005494505494505495,-1.2769831868131867,-1.5921331868131867,0.9653846153846155,-0.9583600340825001,-3.185634774837871
C,1.5,11:20,168,-141.67572,-0.8433078571428572,-0.9004,2.638160897573384,0.005952380952380952,-0.737845357142857,-1.0542328571428572,0.9386904761904761,-0.9911743704837597,-4.14323444494978
C,1.5,11:25,176,234.40438000000003,1.3318430681818183,-0.9004,31.027805384982948,0.005681818181818182,1.437061818181818,1.121405568181818,1.009090909090909,-0.9682779909566821,0.5694535829379276
C,1.5,11:30,177,-60.08961999999999,-0.33948937853107336,-0.9004,8.923764817943622,0.005649717514124294,-0.2342995480225989,-0.5498690395480226,0.9694915254237287,-0.9863048650018396,-0.506133062879254
C,1.5,11:35,168,-125.45952,-0.7467828571428571,-0.9004,3.2291884612109807,0.005952380952380952,-0.6413203571428571,-0.957707857142857,0.8422619047619048,-0.9899877212591915,-2.9974751324015787
C,1.5,11:40,165,-30.866419999999994,-0.18706921212121208,-0.9004,10.328027539971144,0.006060606060606061,-0.08150921212121205,-0.398189212121212,0.8993939393939394,-0.9823062635455004,-0.23266277405872648
C,1.5,11:45,159,-113.65221999999999,-0.7147938364779873,-0.9004,3.553208854195588,0.006289308176100629,-0.6090277987421383,-0.9263259119496855,0.8440251572327045,-0.9888592661094854,-2.5366387676581534
C,1.5,11:50,166,-195.03011999999998,-1.1748802409638552,-0.9004,2.7216307387072742,0.0,-1.0723681927710842,-1.3799043373493975,0.6753012048192771,-0.9999695781920539,-5.561839378639164
C,1.5,11:55,156,-172.31242,-1.104566794871795,-0.9004,1.8100082341363184,0.0,-1.0019001282051283,-1.3099001282051281,0.6051282051282052,-0.9999504086017286,-7.622084024787015
C,1.5,12:00,156,-175.5975,-1.1256249999999999,-0.9004,2.0621767748018742,0.0,-1.0229583333333334,-1.3309583333333335,0.625,-1.0,-6.817578354913405
C,1.5,12:05,164,-175.9939,-1.0731335365853658,-0.9004,1.6638481300621586,0.0,-0.9705920731707317,-1.2782164634146342,0.5725609756097562,-1.0,-8.259656916950807
C,1.5,12:10,156,-69.70982000000001,-0.4468578205128206,-0.9004,6.1387822060620145,0.00641025641025641,-0.34419115384615384,-0.6521911538461539,0.5884615384615385,-0.9738137261667273,-0.909179085035956
C,1.5,12:15,154,-162.20332,-1.0532683116883117,-0.9004,1.4364138739511971,0.0,-0.9505683116883117,-1.2586683116883115,0.553896103896104,-0.999936187044406,-9.099547314842916
C,1.5,12:20,160,-158.89702,-0.993106375,-0.9004,0.9723905479785871,0.0,-0.890503875,-1.1983113749999998,0.49375,-0.9999125936599423,-12.918587538152241
C,1.5,12:25,150,-143.48662,-0.9565774666666665,-0.9004,0.5793309057096104,0.0,-0.8564774666666667,-1.1567774666666666,0.45733333333333337,-0.9998425887481835,-20.222697163959083
C,1.5,12:30,163,-52.48912000000001,-0.3220191411042945,-0.9004,7.536888583979808,0.006134969325153374,-0.22191914110429445,-0.5222191411042945,0.43619631901840494,-0.8746812302762563,-0.5454857305182905
C,1.5,12:35,159,-55.29392000000001,-0.3477605031446541,-0.9004,6.987382948377796,0.006289308176100629,-0.24514226415094337,-0.5529969811320754,0.4773584905660378,-0.9515792241374101,-0.6275730307117735
C,1.5,12:40,162,-151.4704,-0.9350024691358025,-0.8003,0.6118233249784241,0.0,-0.8349024691358025,-1.1352024691358025,0.43456790123456795,-1.0,-19.451103069268115
C,1.5,12:45,149,-135.1606,-0.907118120805369,-0.8003,0.3075760633355354,0.0,-0.8070181208053692,-1.107318120805369,0.40671140939597317,-1.0,-36.000160973421565
C,1.5,12:50,157,-145.8673,-0.9290910828025478,-0.8003,0.7154004653460952,0.0,-0.8289910828025477,-1.1292910828025478,0.42866242038216557,-1.0,-16.27267308896494
C,1.5,12:55,157,-138.2597,-0.8806350318471338,-0.8003,0.19710880499991007,0.0,-0.7805350318471337,-1.0808350318471338,0.3802547770700637,-1.0,-55.980884882579666
C,1.5,13:00,156,-134.7567,-0.863825,-0.8003,0.15594163491511825,0.0,-0.763725,-1.064025,0.3634615384615385,-1.0,-69.18723660814334
C,1.5,13:05,152,-129.3533,-0.8510085526315789,-0.8003,0.09706881217584254,0.0,-0.750908552631579,-1.0512085526315789,0.3506578947368421,-1.0,-108.0876322867795
C,1.5,13:10,130,-108.3433,-0.83341,-0.8003,0.05764265734450858,0.0,-0.7333099999999999,-1.03361,0.3330769230769231,-1.0,-164.84902757912116
C,1.5,13:15,109,-90.9364,-0.8342788990825689,-0.8003,0.06564021897377327,0.0,-0.7341788990825687,-1.0344788990825686,0.33394495412844044,-1.0,-132.69497811728246
C,1.5,13:20,115,-95.6381,-0.831635652173913,-0.8003,0.05363614287992613,0.0,-0.731535652173913,-1.031835652173913,0.331304347826087,-1.0,-166.274051996281
C,1.5,13:25,89,-73.9294,-0.8306674157303371,-0.8003,0.05922859946328314,0.0,-0.730567415730337,-1.030867415730337,0.33033707865168543,-1.0,-132.30940454488046
C,2.0,08:45,221,-378.49528,-1.7126483257918552,-1.0005,3.541522821883189,0.004524886877828055,-1.5994130316742081,-1.9391189140271492,1.5199095022624436,-0.9950643987408835,-7.189096056047222
C,2.0,08:50,217,-314.0053,-1.4470290322580643,-1.0005,2.128110691747295,0.0,-1.341393548387097,-1.6582999999999999,0.9460829493087558,-1.0,-10.0164285606915
C,2.0,08:55,212,-314.1079,-1.4816410377358489,-1.0005,2.225976086419767,0.0,-1.375875,-1.6931731132075472,0.9806603773584905,-1.0,-9.691487376698186
C,2.0,09:00,211,-293.7881,-1.3923606635071089,-1.0005,1.7975906773121515,0.0,-1.2884654028436018,-1.600151184834123,0.8914691943127961,-1.0,-11.251286039596488
C,2.0,09:05,200,-269.0689,-1.3453445,-1.0005,1.8133240402765776,0.0,-1.2392385,-1.5575565,0.8445,-1.0,-10.492357657563815
C,2.0,09:10,202,-255.3542,-1.264129702970297,-1.0005,1.4950100368417678,0.0,-1.1620475247524753,-1.4682940594059406,0.7633663366336635,-1.0,-12.017751301263258
C,2.0,09:15,195,-252.7551,-1.2961799999999999,-1.0005,1.7747747754481442,0.0,-1.1919733333333333,-1.5045933333333332,0.7953846153846154,-1.0,-10.198572185229526
C,2.0,09:20,178,-220.6315,-1.239502808988764,-1.0005,1.106312522504239,0.0,-1.139402808988764,-1.4397028089887642,0.7387640449438202,-1.0,-14.947882942367832
C,2.0,09:25,183,-219.2276,-1.1979650273224043,-1.0005,0.9544566851487482,0.0,-1.0978650273224044,-1.3981650273224044,0.6972677595628416,-1.0,-16.979052860325943
C,2.0,09:30,183,-208.9173,-1.1416245901639346,-0.9004,0.7931411416990913,0.0,-1.0415245901639343,-1.3418245901639345,0.6409836065573771,-1.0,-19.471453933099475
C,2.0,09:35,174,-199.9128,-1.1489241379310344,-1.0005,0.722931739750613,0.0,-1.0488241379310344,-1.3491241379310346,0.6482758620689656,-1.0,-20.963736163895838
C,2.0,09:40,167,-189.9063,-1.1371634730538922,-1.0005,0.6295848013504453,0.0,-1.0370634730538921,-1.3373634730538921,0.6365269461077845,-1.0,-23.34140001940719
C,2.0,09:45,164,-147.5353,-0.899605487804878,-0.9004,2.6808036530653863,0.006097560975609756,-0.7995054878048781,-1.099805487804878,0.6073170731707318,-0.8843508008443766,-4.297432000664704
C,2.0,09:50,168,-188.10399999999998,-1.1196666666666666,-1.0005,0.6141291900860667,0.0,-1.0195666666666665,-1.3198666666666667,0.6190476190476191,-1.0,-23.6310843140363
C,2.0,09:55,159,-174.3948,-1.096822641509434,-0.9004,0.5895041153509983,0.0,-0.9967226415094338,-1.297022641509434,0.5962264150943397,-1.0,-23.46108688293899
C,2.0,10:00,156,-170.7927,-1.094825,-0.9004,0.6082195832920873,0.0,-0.994725,-1.295025,0.5942307692307692,-1.0,-22.482603722126733
C,2.0,10:05,156,-134.1259,-0.8597814102564103,-0.9004,2.736219133834472,0.00641025641025641,-0.7596814102564102,-1.0599814102564102,0.5782051282051283,-0.884820698918206,-3.9246368243810785
C,2.0,10:10,157,-133.9252,-0.8530267515923566,-0.9004,2.8231432964617094,0.006369426751592357,-0.7503764331210191,-1.0583273885350317,0.5700636942675159,-0.8720861707210047,-3.785990805130669
C,2.0,10:15,148,-158.4844,-1.0708405405405406,-0.9004,0.5876887639246162,0.0,-0.9707405405405406,-1.2710405405405405,0.5702702702702703,-1.0,-22.167069087473006
C,2.0,10:20,138,-148.4794,-1.0759376811594203,-0.9004,0.7611686345670048,0.0,-0.9758376811594204,-1.2761376811594203,0.5753623188405798,-1.0,-16.60526369495513
C,2.0,10:25,143,-155.0835,-1.0844999999999998,-0.9004,0.9577450151707957,0.0,-0.9815999999999999,-1.2903,0.583916083916084,-1.0,-13.540904489678535
C,2.0,10:30,145,-148.3758,-1.0232813793103448,-0.9004,0.5458210504961776,0.0,-0.9231813793103448,-1.2234813793103447,0.5227586206896552,-1.0,-22.575053670944563
C,2.0,10:35,144,-146.074,-1.0144027777777778,-0.9004,0.5911469031561539,0.0,-0.9143027777777777,-1.214602777777778,0.5138888888888888,-1.0,-20.591892249358242
C,2.0,10:40,137,-146.7782,-1.0713737226277371,-0.9004,1.2298194014516015,0.0,-0.9683510948905109,-1.2774189781021896,0.5708029197080292,-1.0,-10.196706850442165
C,2.0,10:45,137,-156.4879,-1.1422474452554745,-0.9004,1.9030479499260367,0.0,-1.0392248175182481,-1.3482927007299268,0.6416058394160584,-1.0,-7.02539500963236
C,2.0,10:50,128,-143.5795,-1.12171484375,-0.9004,1.4610816388714285,0.0,-1.01848671875,-1.32817109375,0.62109375,-1.0,-8.685862872778523
C,2.0,10:55,117,-131.37279999999998,-1.1228444444444443,-0.9004,1.4575438498427962,0.0,-1.0193222222222222,-1.329888888888889,0.6222222222222222,-1.0,-8.332798809279673
C,2.0,11:00,125,-150.3878,-1.2031024,-0.9004,2.5824480819021325,0.0,-1.0997991999999999,-1.4097088,0.7024,-1.0,-5.20865989358367
C,2.0,11:05,124,-168.0059,-1.3548862903225807,-0.9004,4.109493463639612,0.0,-1.251557258064516,-1.5615443548387096,0.8540322580645162,-1.0,-3.671346685274392
C,2.0,11:10,114,-159.6025,-1.4000219298245613,-0.9004,4.465630816943073,0.0,-1.296409649122807,-1.6072464912280702,0.8991228070175439,-1.0,-3.3473756143436444
C,2.0,11:15,112,-155.8998,-1.3919625,-0.9004,4.362193350220416,0.0,-1.2882874999999998,-1.5993125,0.8910714285714286,-1.0,-3.377004468764924
C,2.0,11:20,116,-149.30942,-1.287150172413793,-0.9004,3.4833920733081505,0.0,-1.183598448275862,-1.494253620689655,0.7879310344827587,-0.9999592923062056,-3.979750578806973
C,2.0,11:25,118,233.27418000000003,1.9768998305084748,-0.9004,31.721021484904636,0.00847457627118644,2.0846345762711866,1.7614303389830508,0.9135593220338983,-0.9400351384138834,0.6769841545652556
C,2.0,11:30,110,-63.72681999999999,-0.5793347272727272,-0.9004,3.9738697141113692,0.00909090909090909,-0.4710447272727272,-0.7959147272727273,0.989090909090909,-0.9847085197413108,-1.5290168821041759
C,2.0,11:35,112,-146.80892,-1.3107939285714285,-0.9004,3.826650552286915,0.0,-1.2071189285714286,-1.5181439285714284,0.8116071428571429,-0.9999608863188519,-3.6251387030684223
C,2.0,11:40,108,-41.10521999999999,-0.3806038888888888,-0.9004,5.735757650085283,0.009259259259259259,-0.27679648148148145,-0.5882187037037037,0.8074074074074075,-0.9776699904690324,-0.6895953211384933
C,2.0,11:45,99,-122.39102,-1.2362729292929293,-0.9004,2.911738537659649,0.0,-1.132128484848485,-1.444561818181818,0.7373737373737373,-0.9999387874650533,-4.224541515565324
C,2.0,11:50,114,-126.1691,-1.1067464912280702,-0.9004,2.0343501927973175,0.0,-1.0031342105263157,-1.3139710526315789,0.6061403508771931,-1.0,-5.8086454012888336
C,2.0,11:55,109,-114.8603,-1.0537642201834863,-0.9004,1.1275406534941546,0.0,-0.9499908256880734,-1.2613110091743118,0.553211009174312,-1.0,-9.757183843212744
C,2.0,12:00,111,-127.9724,-1.1529045045045045,-0.9004,2.4376259373111884,0.0,-1.0491972972972972,-1.3603189189189189,0.6522522522522523,-1.0,-4.982964155264102
C,2.0,12:05,118,-129.07,-1.093813559322034,-0.9004,1.9508573828861975,0.0,-0.9903203389830508,-1.3008,0.5932203389830508,-1.0,-6.090581862849983
C,2.0,12:10,108,-106.77092,-0.9886196296296297,-0.9004,0.8479673041482997,0.0,-0.8885196296296295,-1.1888196296296296,0.48981481481481487,-0.9998264532608248,-12.116076312152074
C,2.0,12:15,110,-111.6566,-1.01506,-0.9004,1.0730534584184765,0.0,-0.91132,-1.22254,0.5145454545454545,-1.0,-9.921256961350874
C,2.0,12:20,104,-98.3463,-0.9456375,-0.8003,0.6478037165546667,0.0,-0.8455374999999999,-1.1458374999999998,0.4451923076923077,-1.0,-14.88668231460569
C,2.0,12:25,113,-106.66832,-0.9439674336283186,-0.9004,0.6356021743938955,0.0,-0.8438674336283185,-1.1441674336283185,0.4451327433628319,-0.9997910470108631,-15.787408958301256
C,2.0,12:30,108,-96.96112,-0.8977881481481481,-0.9004,0.19944647025573845,0.0,-0.797688148148148,-1.0979881481481482,0.3990740740740741,-0.9993764340167272,-46.779910971556326
C,2.0,12:35,103,-95.76242,-0.9297322330097088,-0.9004,0.44950497861303595,0.0,-0.8296322330097087,-1.1299322330097088,0.4310679611650486,-0.9996731121544331,-20.99142849652287
C,2.0,12:40,107,-97.6441,-0.9125616822429906,-0.9004,0.2866791433881215,0.0,-0.8124616822429905,-1.1127616822429907,0.4121495327102804,-1.0,-32.92744400391388
C,2.0,12:45,100,-89.6396,-0.896396,-0.8003,0.2642351970835411,0.0,-0.796296,-1.096596,0.396,-1.0,-33.92417096184933
C,2.0,12:50,95,-83.2357,-0.8761652631578947,-0.8003,0.1913331686877359,0.0,-0.7760652631578947,-1.0763652631578948,0.37578947368421056,-1.0,-44.63315320932544
C,2.0,12:55,115,-101.544,-0.882991304347826,-0.8003,0.15305515836674602,0.0,-0.7828913043478261,-1.083191304347826,0.3826086956521739,-1.0,-61.866760492358274
C,2.0,13:00,126,-108.1451,-0.8582944444444445,-0.8003,0.10235932497280785,0.0,-0.7581944444444444,-1.0584944444444444,0.35793650793650794,-1.0,-94.1226531809112
C,2.0,13:05,99,-84.1346,-0.8498444444444445,-0.8003,0.07481748161730357,0.0,-0.7497444444444444,-1.0500444444444443,0.3494949494949495,-1.0,-113.01964827449
C,2.0,13:10,97,-81.9334,-0.8446742268041237,-0.8003,0.0707357675295157,0.0,-0.7445742268041237,-1.0448742268041238,0.34432989690721655,-1.0,-117.6077766479965
C,2.0,13:15,75,-62.0245,-0.8269933333333334,-0.8003,0.04750535768741259,0.0,-0.7268933333333333,-1.0271933333333334,0.3266666666666667,-1.0,-150.76136046372903
C,2.0,13:20,63,-52.7212,-0.8368444444444445,-0.8003,0.054831706679143874,0.0,-0.7367444444444444,-1.0370444444444444,0.33650793650793653,-1.0,-121.1387946942113
C,2.0,13:25,63,-51.9204,-0.8241333333333334,-0.8003,0.04297681295318326,0.0,-0.7240333333333332,-1.0243333333333333,0.3238095238095238,-1.0,-152.20662240827195
C,3.0,08:45,155,-186.93688,-1.2060443870967743,-1.0005,1.3010902756470155,0.0064516129032258064,-1.100132129032258,-1.4178689032258065,1.1451612903225807,-0.9929627878821629,-11.540422529563418
C,3.0,08:50,148,-170.9969,-1.1553844594594596,-0.9004,1.1609941210344592,0.0,-1.052579054054054,-1.3609952702702703,0.6547297297297298,-1.0,-12.10674398906843
C,3.0,08:55,138,-154.5855,-1.1201847826086957,-0.9004,0.8317884296289237,0.0,-1.0200847826086956,-1.3203847826086956,0.6195652173913043,-1.0,-15.820359089908491
C,3.0,09:00,148,-162.088,-1.0951891891891892,-0.9004,0.706443522605049,0.0,-0.9950891891891892,-1.2953891891891893,0.5945945945945946,-1.0,-18.860037781992894
C,3.0,09:05,163,-168.78719999999998,-1.0355042944785275,-0.9004,0.4648149182108081,0.0,-0.9354042944785276,-1.2357042944785277,0.5349693251533743,-1.0,-28.442361259207377
C,3.0,09:10,131,-135.4699,-1.0341213740458015,-0.9004,0.47043079177210356,0.0,-0.9340213740458014,-1.2343213740458014,0.5335877862595421,-1.0,-25.16004548503364
C,3.0,09:15,129,-130.0655,-1.0082596899224805,-0.9004,0.40479676121932245,0.0,-0.9081596899224805,-1.2084596899224807,0.5077519379844961,-1.0,-28.289823024213742
C,3.0,09:20,126,-125.062,-0.9925555555555555,-0.9004,0.31236414379516875,0.0,-0.8924555555555556,-1.1927555555555553,0.49206349206349204,-1.0,-35.66801343879532
C,3.0,09:25,127,-122.75919999999999,-0.966607874015748,-0.9004,0.23533740101917533,0.0,-0.866507874015748,-1.166807874015748,0.4661417322834646,-1.0,-46.287234727232686
C,3.0,09:30,123,-120.559,-0.9801544715447155,-0.9004,0.2801977481603014,0.0,-0.8800544715447155,-1.1803544715447154,0.4796747967479675,-1.0,-38.79559710939614
C,3.0,09:35,118,-115.25619999999999,-0.9767474576271186,-0.9004,0.21650905340691023,0.0,-0.8766474576271187,-1.1769474576271186,0.476271186440678,-1.0,-49.005771632100405
C,3.0,09:40,94,-92.1451,-0.9802670212765957,-0.9004,0.23190617141760034,0.0,-0.8801670212765956,-1.1804670212765958,0.4797872340425532,-1.0,-40.98227024217439
C,3.0,09:45,102,-103.1521,-1.0112950980392157,-1.0005,0.2471713176579406,0.0,-0.9111950980392157,-1.2114950980392156,0.5107843137254902,-1.0,-41.32186506738194
C,3.0,09:50,107,-104.2507,-0.9743056074766354,-0.9004,0.19702855210760198,0.0,-0.8742056074766354,-1.1745056074766356,0.4738317757009346,-1.0,-51.151447148387305
C,3.0,09:55,99,-96.0465,-0.9701666666666666,-0.9004,0.21135697291549196,0.0,-0.8700666666666667,-1.1703666666666666,0.4696969696969697,-1.0,-45.671719835753976
C,3.0,10:00,95,-91.9444,-0.9678357894736842,-0.9004,0.20202442495885292,0.0,-0.8677357894736842,-1.1680357894736841,0.46736842105263166,-1.0,-46.693841110881216
C,3.0,10:05,102,-94.7437,-0.9288598039215686,-0.9004,0.15454713546730423,0.0,-0.8287598039215687,-1.1290598039215687,0.42843137254901964,-1.0,-60.70008446540602
C,3.0,10:10,92,-87.3413,-0.9493619565217392,-0.9004,0.20748930852497896,0.0,-0.8492619565217391,-1.149561956521739,0.44891304347826094,-1.0,-43.88640581519579
C,3.0,10:15,81,-77.1366,-0.9523037037037038,-0.9004,0.23481458293962734,0.0,-0.8522037037037036,-1.1525037037037038,0.4518518518518519,-1.0,-36.50000449732262
C,3.0,10:20,92,-86.2402,-0.9373934782608696,-0.9004,0.21076575602560174,0.0,-0.8372934782608695,-1.1375934782608694,0.43695652173913047,-1.0,-42.6595029246132
C,3.0,10:25,83,-78.4369,-0.945022891566265,-0.9004,0.24976270363711672,0.0,-0.844922891566265,-1.145222891566265,0.4445783132530121,-1.0,-34.47099250212429
C,3.0,10:30,85,-81.1386,-0.9545717647058823,-0.9004,0.27043455048872583,0.0,-0.8544717647058824,-1.1547717647058822,0.45411764705882357,-1.0,-32.54287148767739
C,3.0,10:35,76,-71.7337,-0.9438644736842106,-0.9004,0.29619476731995004,0.0,-0.8437644736842105,-1.1440644736842105,0.443421052631579,-1.0,-27.780435788343986
C,3.0,10:40,78,-74.9359,-0.9607166666666667,-0.9004,0.3822228167792532,0.0,-0.8606166666666667,-1.1609166666666668,0.46025641025641023,-1.0,-22.198622080679915
C,3.0,10:45,68,-68.034,-1.0005000000000002,-0.9004,0.6281076338506741,0.0,-0.9004,-1.2006999999999999,0.5,-1.0,-13.135223825065575
C,3.0,10:50,65,-65.3328,-1.00512,-0.9004,0.6557865039877688,0.0,-0.9050199999999999,-1.20532,0.5046153846153847,-1.0,-12.356973586209968
C,3.0,10:55,76,-74.1361,-0.975475,-0.9004,0.49014940555576164,0.0,-0.8753749999999999,-1.175675,0.47500000000000003,-1.0,-17.349799464223207
C,3.0,11:00,77,-79.541,-1.033,-0.9004,1.2165170358120978,0.0,-0.9277000000000001,-1.2436,0.5324675324675324,-1.0,-7.451221762895363
C,3.0,11:05,68,-76.5425,-1.125625,-0.9004,1.6540025534076737,0.0,-1.0196367647058824,-1.3376014705882353,0.625,-1.0,-5.611926971060682
C,3.0,11:10,74,-87.8508,-1.187172972972973,-0.9004,2.2239898116388104,0.0,-1.081662162162162,-1.3981945945945946,0.6864864864864866,-1.0,-4.591949121489089
C,3.0,11:15,67,-74.4409,-1.111058208955224,-0.9004,1.6071012020658786,0.0,-1.0049820895522388,-1.3232104477611941,0.6104477611940299,-1.0,-5.658886558415057
C,3.0,11:20,67,-84.6511,-1.2634492537313433,-0.9004,2.949893791173504,0.0,-1.1573731343283582,-1.4756014925373135,0.7626865671641792,-1.0,-3.5058136269495805
C,3.0,11:25,62,192.60548,3.10654,-0.9004,31.563928649197948,0.016129032258064516,3.221170645161291,2.87727870967742,1.2338709677419355,-0.9078694466678779,0.7749643807902289
C,3.0,11:30,60,-90.27842,-1.5046403333333334,-0.9004,4.6435761780480656,0.0,-1.397867,-1.718187,1.0066666666666666,-0.9999181078125633,-2.5098961359051306
C,3.0,11:35,72,-82.8468,-1.15065,-0.9004,2.1392009968842163,0.0,-1.0449888888888887,-1.3619722222222221,0.65,-1.0,-4.564128862827031
C,3.0,11:40,70,-76.24119999999999,-1.08916,-0.9004,1.69263381141233,0.0,-0.98334,-1.3008,0.5885714285714286,-1.0,-5.383660827024973
C,3.0,11:45,58,-68.4394,-1.1799896551724138,-0.9004,2.1869613415341367,0.0,-1.0729862068965519,-1.393996551724138,0.6793103448275862,-1.0,-4.109141442233136
C,3.0,11:50,66,-66.1331,-1.0020166666666666,-0.9004,0.730005508426706,0.0,-0.9019166666666667,-1.2022166666666667,0.5015151515151516,-1.0,-11.151178707718785
C,3.0,11:55,62,-59.4284,-0.9585225806451614,-0.9004,0.5739007986532781,0.0,-0.8584225806451613,-1.1587225806451613,0.4580645161290323,-1.0,-13.151078313759044
C,3.0,12:00,55,-51.8243,-0.94226,-0.9004,0.4085161679560327,0.0,-0.8421599999999999,-1.14246,0.44181818181818183,-1.0,-17.10577875390933
C,3.0,12:05,51,-47.9224,-0.9396549019607844,-0.9004,0.3581725329020781,0.0,-0.8395549019607842,-1.1398549019607842,0.43921568627450985,-1.0,-18.735323380358114
C,3.0,12:10,48,-44.3203,-0.9233395833333334,-0.9004,0.2436584649642997,0.0,-0.8232395833333332,-1.1235395833333333,0.42291666666666666,-1.0,-26.254307581017265
C,3.0,12:15,58,-54.725699999999996,-0.9435465517241378,-0.9004,0.44652532205185724,0.0,-0.8434465517241378,-1.1437465517241379,0.4431034482758621,-1.0,-16.09278600311225
C,3.0,12:20,57,-53.8253,-0.9443035087719298,-0.9004,0.3457320974421588,0.0,-0.8442035087719298,-1.1445035087719297,0.443859649122807,-1.0,-20.62098139171487
C,3.0,12:25,61,-54.524,-0.8938360655737705,-0.9004,0.19068883819177493,0.0,-0.7937360655737704,-1.0940360655737704,0.39344262295081966,-1.0,-36.60981370309874
C,3.0,12:30,58,-53.3243,-0.9193844827586207,-0.9004,0.22458066483593106,0.0,-0.8192844827586206,-1.1195844827586208,0.4189655172413793,-1.0,-31.177321622308554
C,3.0,12:35,55,-48.8213,-0.88766,-0.8003,0.15892080790502286,0.0,-0.7875599999999999,-1.0878599999999998,0.38727272727272727,-1.0,-41.423541925294174
C,3.0,12:40,48,-44.1201,-0.91916875,-0.9004,0.19876389838331282,0.0,-0.81906875,-1.11936875,0.41875,-1.0,-32.03895654449964
C,3.0,12:45,60,-53.2232,-0.8870533333333334,-0.9004,0.13725845405307296,0.0,-0.7869533333333333,-1.0872533333333332,0.3866666666666667,-1.0,-50.05947081218581
C,3.0,12:50,55,-48.1206,-0.87492,-0.9004,0.12064127633424457,0.0,-0.77482,-1.07512,0.37454545454545457,-1.0,-53.78408267459555
C,3.0,12:55,52,-45.1191,-0.8676750000000001,-0.8003,0.09023415481999279,0.0,-0.767575,-1.067875,0.36730769230769234,-1.0,-69.34063291619728
C,3.0,13:00,49,-42.3178,-0.8636285714285714,-0.8003,0.08094566335923538,0.0,-0.7635285714285714,-1.0638285714285713,0.363265306122449,-1.0,-74.6846680738241
C,3.0,13:05,45,-38.2157,-0.8492377777777778,-0.8003,0.0662003717680061,0.0,-0.7491377777777777,-1.0494377777777777,0.3488888888888889,-1.0,-86.05480676876113
C,3.0,13:10,61,-51.9214,-0.8511704918032786,-0.8003,0.06745420753929363,0.0,-0.7510704918032787,-1.0513704918032787,0.35081967213114756,-1.0,-98.55358620698844
C,3.0,13:15,44,-36.9149,-0.838975,-0.8003,0.06187891072912691,0.0,-0.7388750000000001,-1.039175,0.3386363636363637,-1.0,-89.9358198359056
C,3.0,13:20,37,-31.4129,-0.8489972972972973,-0.8003,0.10970892419510843,0.0,-0.7488972972972973,-1.0491972972972972,0.3486486486486487,-1.0,-47.07227772227772
C,3.0,13:25,40,-34.4144,-0.86036,-0.8003,0.08420857438527267,0.0,-0.7602599999999999,-1.06056,0.36000000000000004,-1.0,-64.61805647616552
P,-1.0,08:45,270,-2770.8693000000003,-10.26247888888889,-19.32221,93.55825319325795,0.3925925925925926,-9.264815555555556,-12.257805555555557,136.27777777777777,-0.08617382110759085,-1.8024036335161269
P,-1.0,08:50,272,-2245.57536,-8.255791764705881,-16.92202,88.59943756778921,0.40441176470588236,-7.258103897058824,-10.2511675,137.03014705882353,-0.08202742839328939,-1.536781830830132
P,-1.0,08:55,273,-2028.5581000000002,-7.430615750915751,-14.34858,91.38346778930729,0.42124542124542125,-6.432915750915751,-9.426015750915752,136.04652014652012,-0.07166421842407408,-1.3435025431175096
P,-1.0,09:00,275,-1649.9817,-5.999933454545455,-12.33582,89.20102292635464,0.43272727272727274,-5.002209454545455,-7.995381454545456,136.34545454545454,-0.06164029929682396,-1.1154316050981525
P,-1.0,09:05,274,-1107.4300600000001,-4.041715547445256,-11.32055,81.91568330974353,0.4306569343065693,-3.0440035036496345,-6.037139635036496,139.8419708029197,-0.023550993704840564,-0.8167214616695825
P,-1.0,09:10,274,-908.7304399999999,-3.316534452554744,-6.8746100000000006,81.94613155983984,0.4343065693430657,-2.3188224087591243,-5.311958540145985,138.51751824817518,-0.02375650195160387,-0.6699329489211653
P,-1.0,09:15,275,-893.0669800000001,-3.247516290909091,-6.36048,75.69666430824923,0.43272727272727274,-2.2497922909090913,-5.242964290909091,138.28436363636362,-0.023632589808016274,-0.7114443638924217
P,-1.0,09:20,275,-844.78836,-3.071957672727273,-5.3308800000000005,77.07835148420394,0.44727272727272727,-2.074233672727273,-5.067405672727273,136.1818181818182,-0.022183107843528664,-0.6609203995740454
P,-1.0,09:25,272,-1051.4710200000002,-3.8657022794117655,-6.17153,77.60612084788245,0.4485294117647059,-2.868014411764706,-5.861078014705883,135.30330882352942,-0.021158217172186692,-0.8215176143875288
P,-1.0,09:30,274,-920.6116800000001,-3.359896642335767,-7.916309999999999,75.26832336511961,0.4489051094890511,-2.362184598540146,-5.355320729927008,135.48248175182482,-0.019891887310396806,-0.7389055985316981
P,-1.0,09:35,273,-778.9137800000003,-2.8531640293040303,-6.46204,74.84884235344825,0.4358974358974359,-1.855464029304029,-4.848564029304029,133.2087912087912,-0.00880931459036771,-0.6298294675086747
P,-1.0,09:40,272,-570.60306,-2.0978053676470587,-6.30456,73.23340296420395,0.4375,-1.1001175000000003,-4.093181102941178,132.97610294117646,-0.014119777111859438,-0.47243322105484153
P,-1.0,09:45,275,-777.4644199999999,-2.827143345454545,-3.53126,74.22769836958992,0.4290909090909091,-1.8294193454545455,-4.822591345454546,133.88654545454546,-0.020035734579392356,-0.6316088139184644
P,-1.0,09:50,272,-871.2608200000002,-3.2031647794117655,-5.92519,72.7375750746727,0.45588235294117646,-2.2054769117647064,-5.198540514705883,133.54558823529413,-0.02266414091539641,-0.7262813866541278
P,-1.0,09:55,274,-830.29982,-3.030291313868613,-4.34284,69.9962757458447,0.4489051094890511,-2.0325792700729934,-5.025715401459854,132.7007299270073,-0.018703735556657212,-0.7166130769176624
P,-1.0,10:00,276,-1039.5133,-3.766352536231884,-6.33911,67.31461595731957,0.4420289855072464,-2.768616666666667,-5.761824275362319,132.89746376811593,-0.0286431999667694,-0.9295358343413048
P,-1.0,10:05,270,-984.3821800000001,-3.6458599259259263,-7.80321,66.94853821025956,0.42592592592592593,-2.6481965925925923,-5.641186592592593,134.1948148148148,-0.033039233945149585,-0.8948304666468693
P,-1.0,10:10,274,-1142.49938,-4.169705766423357,-5.91942,63.866781735379014,0.44525547445255476,-3.1719937226277373,-6.165129854014599,132.97737226277374,-0.029894194822988274,-1.0807012633481228
P,-1.0,10:15,271,-278.9940399999999,-1.0294983025830255,-2.5245800000000003,62.22880274556603,0.46863468634686345,-0.03182265682656831,-3.0248495940959415,133.16494464944648,-0.014372484414928787,-0.27234464159010263
P,-1.0,10:20,266,-406.3844000000001,-1.5277609022556393,-1.95544,58.142487971042236,0.48872180451127817,-0.5301477443609018,-3.5229872180451127,132.6093984962406,-0.014738752787368409,-0.42855108422104843
P,-1.0,10:25,263,-929.73086,-3.5350983269961977,-3.51192,57.827417257724896,0.4448669201520912,-2.537523802281369,-5.530247376425856,131.68897338403042,-0.02494639801217614,-0.9913923796234433
P,-1.0,10:30,269,-826.779,-3.073527881040892,-3.32892,59.28304345284558,0.45353159851301117,-2.0758769516728623,-5.068829739776952,133.16096654275094,-0.022447442924512895,-0.8503208063963715
P,-1.0,10:35,269,-853.0621000000001,-3.1712345724907065,-5.42542,56.90008774271732,0.44609665427509293,-2.1735836431226767,-5.166536431226766,132.37026022304832,-0.023604519388373702,-0.914095500862575
P,-1.0,10:40,267,-944.5679599999999,-3.5377077153558045,-4.50474,53.81218243764219,0.4606741573033708,-2.540081872659176,-5.532959400749063,131.09925093632958,-0.0309887350741915,-1.0742292499861783
P,-1.0,10:45,273,-1104.71966,-4.046592161172161,-6.32106,51.19024582351315,0.45054945054945056,-3.0488921611721613,-6.041992161172161,132.98608058608056,-0.03619185433207102,-1.3061213974585133
P,-1.0,10:50,266,-985.59552,-3.7052463157894735,-3.30421,49.37431948705118,0.4473684210526316,-2.707633157894737,-5.700472631578948,130.83533834586464,-0.02955474730193147,-1.2239305623050176
P,-1.0,10:55,267,-1340.39514,-5.020206516853933,-4.35792,47.539568149934084,0.4307116104868914,-4.022580674157304,-7.015458202247191,130.84044943820226,-0.042972686165677114,-1.7255278831959777
P,-1.0,11:00,268,-1118.694,-4.174231343283582,-2.9271599999999998,46.81005942368064,0.45149253731343286,-3.1765929104477615,-6.169508208955224,131.17201492537313,-0.02949748225767779,-1.4598381850760127
P,-1.0,11:05,268,-1385.08858,-5.168240970149254,-4.33818,46.05365380756202,0.43656716417910446,-4.1706025373134334,-7.163517835820896,132.07164179104475,-0.039494544966937835,-1.8371561017714366
P,-1.0,11:10,269,-1566.19328,-5.822279851301115,-5.3299,45.604712342616395,0.4349442379182156,-4.824628921933086,-7.817581710037175,131.5278810408922,-0.041196109535814374,-2.093917157534888
P,-1.0,11:15,266,-1616.9697800000001,-6.0788337593984965,-6.31902,45.604404037202634,0.42857142857142855,-5.08122060150376,-8.074060075187969,131.41315789473686,-0.038912821373302584,-2.173973772505776
P,-1.0,11:20,266,-1324.06646,-4.977693458646616,-3.38393,43.622882465149885,0.4398496240601504,-3.98008030075188,-6.9729197744360905,131.6875939849624,-0.03796912800637268,-1.8610352843308091
P,-1.0,11:25,267,-1237.16364,-4.6335716853932585,-3.3178,41.73349924123483,0.44569288389513106,-3.635945842696629,-6.628823370786517,130.26928838951312,-0.03346980094890162,-1.8142064905271102
P,-1.0,11:30,270,-1129.0750400000002,-4.181759407407408,-2.92037,42.03319634918701,0.44074074074074077,-3.184096074074074,-6.177086074074074,130.2037037037037,-0.029497020993377098,-1.6347393178016838
P,-1.0,11:35,263,-960.7982000000001,-3.6532250950570346,-3.51934,40.36087076619355,0.4524714828897338,-2.6556505703422055,-5.648374144486692,129.59277566539924,-0.02457877072978556,-1.4678909034850527
P,-1.0,11:40,266,-1320.8171,-4.965477819548872,-5.32176,40.329922628002485,0.43609022556390975,-3.9678646616541355,-6.960704135338346,131.909022556391,-0.03535926603850277,-2.0080497841375577
P,-1.0,11:45,265,-1160.94622,-4.3809291320754715,-3.3042800000000003,40.330552478424075,0.46037735849056605,-3.383328754716981,-6.376129886792453,129.1656603773585,-0.030741312219492393,-1.768296118022088
P,-1.0,11:50,261,-1060.1888000000001,-4.062026053639848,-4.42532,39.76166556272431,0.4444444444444444,-3.0644777777777783,-6.057122605363985,129.32911877394636,-0.030951597119712945,-1.6504348678666865
P,-1.0,11:55,255,-762.0223400000001,-2.988322901960785,-3.31494,39.13300416356823,0.4666666666666667,-1.9908558431372552,-4.983257019607843,129.7564705882353,-0.024544500999104282,-1.2194231183043294
P,-1.0,12:00,258,-801.9889800000001,-3.1084844186046516,-2.43751,37.63062498242911,0.4573643410852713,-2.1109762790697677,-5.103500697674418,128.22751937984495,-0.029761910485159325,-1.3268356031431643
P,-1.0,12:05,267,-1090.31664,-4.083582921348315,-4.3953,37.63225823154231,0.41947565543071164,-3.0859570786516857,-6.078834606741574,129.86779026217226,-0.03469219398632687,-1.7731142875142223
P,-1.0,12:10,266,-1199.6454,-4.509945112781955,-5.819979999999999,36.192074652281924,0.4323308270676692,-3.5123319548872187,-6.505171428571429,128.18684210526314,-0.03604473463643263,-2.0323504392578418
P,-1.0,12:15,266,-1154.8991,-4.341725939849624,-4.32481,35.703857800383425,0.44360902255639095,-3.344112781954887,-6.336952255639098,128.09323308270677,-0.03400658007498763,-1.9832984864122358
P,-1.0,12:20,258,-1256.3773600000002,-4.8696796899224815,-4.796250000000001,35.19144296275936,0.437984496124031,-3.8721715503875975,-6.864695968992248,127.8015503875969,-0.03724870122429716,-2.2226607181069387
P,-1.0,12:25,259,-1371.37112,-5.294869189189189,-3.39818,33.86713758829677,0.444015444015444,-4.297347567567568,-7.289912432432433,129.7015444015444,-0.04199361152312985,-2.5160926272956345
P,-1.0,12:30,262,-1596.36502,-6.092996259541985,-5.332280000000001,31.097066050009612,0.4122137404580153,-5.095434809160306,-8.088119160305343,129.84236641221372,-0.050161978754964386,-3.171481198305182
P,-1.0,12:35,259,-1770.30468,-6.835153204633205,-4.3552800000000005,31.018704117645342,0.41312741312741313,-5.837631583011583,-8.830196447876448,129.35714285714286,-0.05250585290214948,-3.546291942404757
P,-1.0,12:40,261,-1628.4250200000001,-6.239176321839081,-3.50292,27.375933595305852,0.38697318007662834,-5.241628045977012,-8.234272873563217,126.96704980842912,-0.05126831353496639,-3.6819558284911897
P,-1.0,12:45,268,-2015.35794,-7.519992313432836,-5.338889999999999,24.9761191469861,0.3694029850746269,-6.522353880597015,-9.515269179104479,129.72910447761194,-0.056961026525864204,-4.92901155419454
P,-1.0,12:50,256,-1416.04162,-5.531412578125,-3.3159,21.638653126511233,0.40234375,-4.53393171875,-7.526374296875,127.915234375,-0.04710918818967754,-4.0900235672047645
P,-1.0,12:55,267,-1349.78514,-5.055375056179775,-4.3013,20.103727821111555,0.39325842696629215,-4.057749213483146,-7.050626741573034,129.02059925093633,-0.04288561615874714,-4.1089647552171416
P,-1.0,13:00,268,-1346.71208,-5.025045074626866,-3.4417299999999997,17.04375644783558,0.373134328358209,-4.027406641791045,-7.020321940298507,127.77014925373135,-0.042696096862187574,-4.826608119667706
P,-1.0,13:05,255,-995.99272,-3.9058538039215684,-3.32974,11.201952118814464,0.2823529411764706,-2.9083867450980394,-5.900787921568628,129.51921568627452,-0.03225797829947387,-5.567911988843417
P,-1.0,13:10,257,-891.6396,-3.469414785992218,-3.32892,4.9178831079206375,0.16731517509727625,-2.471920233463035,-5.464403891050583,130.04396887159535,-0.031456761793332524,-11.3095307260378
P,-1.0,13:15,259,-891.32164,-3.4413962934362936,-3.32892,3.374760599627106,0.11196911196911197,-2.4438746718146716,-5.436439536679536,129.21351351351353,-0.03127891603106672,-16.411247628640755
P,-1.0,13:20,251,-767.9497,-3.059560557768924,-3.3131399999999998,1.2819414295705116,0.01593625498007968,-2.0621498007968126,-5.054382071713147,128.71075697211157,-0.02934301644061636,-37.81183299950251
P,-1.0,13:25,272,-850.85678,-3.128149926470588,-3.32376,0.7336337819526406,0.003676470588235294,-2.132302132352941,-5.119845514705882,130.35073529411764,-0.02903304261751798,-70.32223911651307
P,-0.5,08:45,276,-2186.8035,-7.923201086956522,-25.776130000000002,83.33709983334458,0.358695652173913,-6.996188043478261,-9.777227173913042,81.03442028985508,-0.11374976847744728,-1.579489839488697
P,-0.5,08:50,276,-2075.06994,-7.518369347826086,-22.294849999999997,78.53779810109285,0.3695652173913043,-6.5949831159420285,-9.365141811594203,78.69275362318841,-0.11444002502533851,-1.5903747684521587
P,-0.5,08:55,276,-1819.1034,-6.590954347826087,-18.27615,81.09496294323569,0.391304347826087,-5.6693815217391315,-8.4341,79.76340579710146,-0.10033820565708469,-1.3502337673766092
P,-0.5,09:00,276,-1482.0418,-5.369716666666666,-16.02838,80.05950234006768,0.39855072463768115,-4.430009782608695,-7.249130434782609,80.94746376811594,-0.0878373432914306,-1.114276639167141
P,-0.5,09:05,276,-798.8536799999999,-2.8943973913043477,-15.371369999999999,72.87862042000823,0.40217391304347827,-1.9510636956521736,-4.781064782608695,82.5804347826087,-0.021151549830086498,-0.659800372202869
P,-0.5,09:10,276,-549.0490999999998,-1.9893083333333328,-10.02967,72.07687740866498,0.41304347826086957,-1.0550416666666667,-3.857841666666667,80.44492753623189,0.002573579097575984,-0.45852252945635796
P,-0.5,09:15,276,-740.87258,-2.6843209420289855,-9.29158,67.66508741288452,0.4166666666666667,-1.7551318115942025,-4.54269920289855,81.8376811594203,-0.00790775571282848,-0.6590590582328242
P,-0.5,09:20,276,-584.54164,-2.1179044927536235,-8.84102,67.86688058997208,0.427536231884058,-1.1872646376811593,-3.979184202898551,79.04710144927536,-0.013366722681711874,-0.5184453991683275
P,-0.5,09:25,276,-710.6622600000001,-2.5748632608695656,-8.34185,68.98038390673302,0.42028985507246375,-1.64241,-4.439769782608695,78.57427536231884,-0.008425903570585307,-0.6201305181313294
P,-0.5,09:30,276,-919.1966199999999,-3.330422536231884,-11.28293,69.24206433068021,0.42028985507246375,-2.413927246376812,-5.16341311594203,76.70434782608696,-0.005888960930409026,-0.799068242129405
P,-0.5,09:35,276,-520.55778,-1.886078913043478,-9.28379,67.20474825900858,0.41304347826086957,-0.9590658695652172,-3.7401049999999993,75.52173913043478,-0.019289479173357726,-0.4662452732075649
P,-0.5,09:40,276,-407.03872,-1.4747779710144928,-9.257679999999999,67.20279574868992,0.43478260869565216,-0.5582826811594204,-3.307768550724638,75.47826086956522,-0.008778839076791405,-0.36458084072413616
P,-0.5,09:45,276,-640.7382,-2.3215152173913043,-6.531090000000001,68.38755588444391,0.41304347826086957,-1.407196014492754,-4.150153623188405,75.2963768115942,-0.006498600699615925,-0.5639608976666635
P,-0.5,09:50,276,-740.3085399999999,-2.6822773188405793,-7.61697,65.5276833508274,0.42028985507246375,-1.7675954347826088,-4.511641086956522,74.60253623188406,-0.025857989854632762,-0.6800383485055324
P,-0.5,09:55,276,-667.86556,-2.419802753623188,-6.60003,63.47441569942929,0.4420289855072464,-1.501856739130435,-4.255694782608696,74.3677536231884,-0.014591642785045577,-0.633338363979047
P,-0.5,10:00,276,-814.32998,-2.9504709420289856,-7.02368,60.545878604955014,0.42391304347826086,-2.0379651449275364,-4.775482536231884,73.87391304347827,-0.027995924608812197,-0.8095828452276717
P,-0.5,10:05,276,-878.1202400000001,-3.1815950724637685,-9.00693,60.52349926655192,0.4166666666666667,-2.2745294927536226,-4.995726231884058,73.48586956521739,-0.044490750216477325,-0.8733240434323535
P,-0.5,10:10,276,-1039.06832,-3.7647402898550726,-7.0445,58.62655168329401,0.427536231884058,-2.8536852173913045,-5.586850434782608,73.99202898550725,-0.049452844618895805,-1.066829981689354
P,-0.5,10:15,276,-523.6252399999998,-1.897192898550724,-6.35506,56.39045629726422,0.4420289855072464,-0.9770707971014493,-3.737437101449276,73.01340579710146,-0.030636135464076234,-0.5589338635809092
P,-0.5,10:20,276,-848.3660399999999,-3.07379,-7.2609900000000005,53.276075172257755,0.4492753623188406,-2.169988550724637,-4.8813928985507244,72.97391304347826,-0.03440376504392325,-0.9585096980602863
P,-0.5,10:25,276,-1080.9008,-3.916307246376811,-5.36944,52.16769954121877,0.4384057971014493,-3.001988043478261,-5.7449456521739135,72.66739130434783,-0.05401428973714017,-1.2471813598592347
P,-0.5,10:30,276,-739.5949,-2.679691666666667,-5.26943,52.51779663596253,0.44565217391304346,-1.7835065217391304,-4.472061956521739,71.1659420289855,-0.04100735034208363,-0.8476818209983185
P,-0.5,10:35,276,-707.98604,-2.565166811594203,-6.2956,50.6230339649305,0.4384057971014493,-1.6689816666666666,-4.357537101449275,71.3463768115942,-0.040312721182266927,-0.841825318660872
P,-0.5,10:40,276,-975.1749399999999,-3.533242536231884,-5.2744,48.46413661247156,0.44565217391304346,-2.6370573913043476,-5.325612826086956,70.77536231884058,-0.055513166656255074,-1.2111767098885369
P,-0.5,10:45,276,-1123.85394,-4.071934565217391,-7.31726,46.32632424243965,0.4384057971014493,-3.175749420289855,-5.864304855072464,70.61666666666667,-0.0714488034001655,-1.4602509212975479
P,-0.5,10:50,276,-1059.41316,-3.83845347826087,-5.322229999999999,44.64502392216378,0.42391304347826086,-2.945895144927536,-5.623570144927536,69.43913043478261,-0.06909598114449514,-1.4283602721240203
P,-0.5,10:55,276,-1372.96624,-4.97451536231884,-5.38957,43.00544484376281,0.42028985507246375,-4.092474782608695,-6.73859652173913,68.32898550724637,-0.09214243364120754,-1.9216835526389484
P,-0.5,11:00,276,-1523.8355,-5.521143115942029,-5.24076,43.51217348593923,0.42391304347826086,-4.623144565217392,-7.317140217391304,69.50579710144928,-0.07723601601862239,-2.1080104937663036
P,-0.5,11:05,276,-1652.63376,-5.98780347826087,-6.26902,42.36037029789612,0.4166666666666667,-5.109752391304347,-7.743905652173913,69.85217391304349,-0.08955037502021608,-2.348347330734071
P,-0.5,11:10,276,-1851.96896,-6.7100324637681155,-6.29971,41.45849394402761,0.40942028985507245,-5.846488623188406,-8.437120144927537,69.05072463768116,-0.09474255765249885,-2.6888442141550875
P,-0.5,11:15,276,-1695.76404,-6.1440726086956525,-6.79355,41.403658914553816,0.42391304347826086,-5.255141086956522,-7.9219356521739135,70.34202898550726,-0.07913304770269936,-2.4653135246920295
P,-0.5,11:20,276,-1526.87868,-5.532169130434783,-5.01675,39.78328748929156,0.43478260869565216,-4.655568768115943,-7.285369855072464,69.06304347826088,-0.0696841548377153,-2.310198629257957
P,-0.5,11:25,276,-1290.19742,-4.674628333333334,-3.33297,38.30519018446197,0.4384057971014493,-3.798027971014492,-6.427829057971014,69.08333333333333,-0.061883311166702995,-2.0274213012361275
P,-0.5,11:30,276,-1201.7107,-4.3540242753623195,-3.76717,37.61966060778617,0.42028985507246375,-3.477423913043478,-6.107225,67.9373188405797,-0.06676200706337294,-1.9227840634991618
P,-0.5,11:35,276,-1248.9745799999998,-4.525270217391304,-5.39134,37.23131146053113,0.4384057971014493,-3.652296666666667,-6.27121731884058,68.31413043478261,-0.07035911114170132,-2.01925294056772
P,-0.5,11:40,276,-1495.4033399999998,-5.41812804347826,-5.264139999999999,37.5038416659551,0.43478260869565216,-4.539714275362319,-7.1749555797101445,69.72608695652174,-0.08625017694445952,-2.4000928811065028
P,-0.5,11:45,276,-1327.21662,-4.808755869565217,-5.26992,37.21056645453058,0.4311594202898551,-3.928891376811594,-6.568484855072464,68.34927536231885,-0.07785853195385463,-2.1469453471442295
P,-0.5,11:50,276,-1073.80764,-3.8906073913043477,-5.28144,36.16580880435842,0.4311594202898551,-3.01763384057971,-5.636554492753623,66.91521739130434,-0.06563509661597343,-1.7872025134391267
P,-0.5,11:55,276,-904.01986,-3.275434275362319,-3.2603,36.43216356884847,0.45652173913043476,-2.40101,-5.0242828260869565,67.6608695652174,-0.04397078173986491,-1.4936143148198089
P,-0.5,12:00,276,-1039.17402,-3.765123260869565,-4.256489999999999,35.594620260238166,0.4492753623188406,-2.8957765217391307,-5.503816739130436,68.10253623188406,-0.05582074747839035,-1.7573140264965297
P,-0.5,12:05,276,-1233.0443400000001,-4.467551956521739,-4.30886,35.34699418515321,0.4166666666666667,-3.602194710144928,-6.198266449275362,67.1873188405797,-0.06614715156513376,-2.099769700160657
P,-0.5,12:10,276,-1403.6506200000001,-5.085690652173914,-6.5812,34.580920764298,0.4166666666666667,-4.232664565217391,-6.791742826086956,65.64492753623189,-0.07987523762341261,-2.443250115791114
P,-0.5,12:15,276,-1255.41754,-4.548614275362318,-5.27296,33.45701577837915,0.42028985507246375,-3.6886972463768113,-6.268448333333334,65.35253623188406,-0.07416609712720605,-2.258637060353199
P,-0.5,12:20,276,-1435.12446,-5.199726304347826,-4.992570000000001,31.867374054203474,0.40217391304347827,-4.334369057971014,-6.93044079710145,65.9304347826087,-0.0772060854778103,-2.7107455121261355
P,-0.5,12:25,276,-1466.3582999999999,-5.312892391304348,-4.2413799999999995,30.852439869268697,0.4384057971014493,-4.4330278985507245,-7.072621376811594,66.76702898550725,-0.08343504748272237,-2.8608563151391793
P,-0.5,12:30,276,-1820.4768000000001,-6.595930434782609,-5.860939999999999,28.278234498939785,0.41304347826086957,-5.716065942028985,-8.355659420289856,66.79057971014493,-0.11062643401177794,-3.8750589715752595
P,-0.5,12:35,276,-1716.40452,-6.218856956521739,-4.26746,27.95725186019744,0.41304347826086957,-5.3389924637681165,-7.978585942028985,66.23913043478261,-0.09354577993634965,-3.695478071552683
P,-0.5,12:40,276,-1834.70196,-6.647470869565217,-3.83285,25.254447648408387,0.39492753623188404,-5.785740434782609,-8.370931739130436,65.29673913043479,-0.1023825171553914,-4.3729358821802
P,-0.5,12:45,276,-2164.54884,-7.842568260869565,-5.28498,24.776930193974877,0.35144927536231885,-6.971770797101449,-9.584163188405798,66.86920289855072,-0.11295645649946877,-5.258542051197667
P,-0.5,12:50,276,-1723.65172,-6.245114927536232,-3.3519300000000003,20.94899349587537,0.37318840579710144,-5.387011304347826,-7.961322173913044,64.01014492753623,-0.10321556682651947,-4.952583587746316
P,-0.5,12:55,276,-1531.77394,-5.549905579710145,-3.29259,19.99703296722415,0.3804347826086957,-4.682372246376811,-7.284972246376811,64.96811594202899,-0.08681340776833435,-4.610781829576779
P,-0.5,13:00,276,-1338.3903,-4.849240217391304,-3.0182599999999997,17.606263695578885,0.3695652173913043,-3.9962141304347822,-6.555292391304348,65.00217391304348,-0.08084788713948395,-4.575736817678083
P,-0.5,13:05,276,-1113.68912,-4.035105507246377,-3.60022,10.923671660156034,0.3079710144927536,-3.165758768115942,-5.773798985507247,66.9,-0.06497831001357593,-6.136783444002953
P,-0.5,13:10,276,-961.15268,-3.482437246376812,-3.27752,5.184347081934131,0.19202898550724637,-2.6127278260869566,-5.221856086956522,65.9927536231884,-0.0633934859327315,-11.159475195119995
P,-0.5,13:15,276,-905.04654,-3.2791541304347827,-3.26295,3.1952877100633343,0.11231884057971014,-2.404367173913043,-5.028728043478261,67.40507246376811,-0.056591216229708446,-17.04929409910072
P,-0.5,13:20,276,-804.04594,-2.913209927536232,-3.2619800000000003,1.5854085961279378,0.021739130434782608,-2.0529302173913044,-4.633769347826086,65.9536231884058,-0.054362524505532174,-30.527069376138943
P,-0.5,13:25,276,-759.8536799999999,-2.753093043478261,-2.45317,0.7769174463154045,0.0,-1.9033310869565219,-4.452616956521739,66.27753623188406,-0.05517107493213685,-58.87088385065354
P,0.0,08:45,276,-1316.20758,-4.768868043478261,-19.0185,66.17758338402149,0.2753623188405797,-4.174433623188405,-5.9577368840579705,37.57427536231884,-0.11765092015955073,-1.1971785932161592
P,0.0,08:50,276,-1166.51578,-4.226506449275362,-19.88679,61.33743920317798,0.3115942028985507,-3.6360615217391303,-5.407396304347826,36.69166666666666,-0.13603963439050268,-1.1447494314861737
P,0.0,08:55,276,-754.57394,-2.7339635507246376,-18.518,65.23378095721719,0.31521739130434784,-2.158751231884058,-3.884388188405798,36.88550724637681,-0.11284476699393901,-0.6962652336736881
P,0.0,09:00,276,-752.73484,-2.7273001449275363,-19.519,63.58569677746797,0.3007246376811594,-2.1582534057971015,-3.8653936231884054,35.935144927536236,-0.11829918968181395,-0.7125708331696013
P,0.0,09:05,276,-699.15846,-2.5331828260869567,-16.62415,56.24577829474681,0.32608695652173914,-1.9452766666666665,-3.708995144927536,36.30434782608695,0.01102424788111665,-0.7482231573733398
P,0.0,09:10,276,-383.5886799999999,-1.389814057971014,-15.12265,55.345120364961836,0.32971014492753625,-0.8338238405797099,-2.501794492753623,35.05289855072464,0.05726602589763158,-0.4171880932892426
P,0.0,09:15,276,-679.0658199999999,-2.460383405797101,-14.514,50.35755608779359,0.3079710144927536,-1.9033051449275362,-3.574539927536231,33.9963768115942,-0.006881096754761176,-0.811694653127767
P,0.0,09:20,276,-289.3143,-1.0482402173913044,-14.76425,52.119003552781614,0.3333333333333333,-0.48028152173912986,-2.1841576086956516,34.07898550724637,0.058242404616964186,-0.33413291161773656
P,0.0,09:25,276,-588.2351199999999,-2.1312866666666666,-13.868839999999999,52.99374464678438,0.3333333333333333,-1.5800113043478257,-3.2338373913043474,32.577173913043474,0.0521147748492367,-0.6681466577631897
P,0.0,09:30,276,-639.08044,-2.31550884057971,-13.61663,54.22371501140927,0.32971014492753625,-1.7910718840579711,-3.3643827536231883,31.091666666666665,-0.004878981295663556,-0.709433537923771
P,0.0,09:35,276,-328.79871999999995,-1.1912997101449274,-13.370899999999999,51.32008936349061,0.3442028985507246,-0.6842714492753621,-2.2053562318840574,29.492391304347827,0.05516516030555478,-0.385645415778137
P,0.0,09:40,276,36.604020000000084,0.13262326086956552,-12.512,50.831151428478414,0.3333333333333333,0.6436410144927541,-0.8894122463768109,28.696014492753626,0.016996305162180515,0.043345527793806224
P,0.0,09:45,276,-199.35623999999993,-0.722305217391304,-13.240190000000002,53.43777111589362,0.322463768115942,-0.21382623188405778,-1.7392631884057972,28.657246376811592,0.002621533357320434,-0.22455718604282585
P,0.0,09:50,276,-301.27028000000007,-1.0915589855072467,-13.513,50.135691404636404,0.3333333333333333,-0.5957738405797098,-2.0831292753623187,28.028985507246375,-0.008709380841313697,-0.3617051909633637
P,0.0,09:55,276,-252.04757999999998,-0.9132158695652173,-12.512,47.01508412025229,0.31521739130434784,-0.423596304347826,-1.8924549999999996,27.21268115942029,-0.013906758735855744,-0.3226939130736669
P,0.0,10:00,276,-264.94991999999996,-0.9599634782608695,-13.39829,44.263452497661895,0.30434782608695654,-0.4540232608695648,-1.9718439130434784,26.673188405797102,-0.03299237409022614,-0.36029975458750235
P,0.0,10:05,276,-178.80451999999997,-0.6478424637681158,-12.62367,43.74863349955583,0.3007246376811594,-0.17164210144927514,-1.600243188405797,25.502536231884058,-0.04878751037452448,-0.24601379464812337
P,0.0,10:10,276,-314.7523399999999,-1.1404070289855068,-11.62313,41.73821087252507,0.3115942028985507,-0.6605798550724634,-2.100061376811594,26.053623188405798,-0.06284505267588995,-0.45392133694193604
P,0.0,10:15,276,158.09636000000006,0.5728128985507248,-10.380239999999999,41.68651818750997,0.322463768115942,1.043935724637681,-0.3694327536231886,24.91413043478261,-0.07568409944560299,0.22828202013351867
P,0.0,10:20,276,-204.9434399999999,-0.7425486956521735,-10.509999999999998,37.19527431461008,0.3115942028985507,-0.27722876811594155,-1.6731885507246373,24.753623188405797,-0.0769185484732331,-0.33165894476332725
P,0.0,10:25,276,-217.88303999999988,-0.7894313043478256,-8.95845,35.04382742048848,0.322463768115942,-0.3197592028985505,-1.7287755072463764,24.211231884057973,-0.07938309764544041,-0.37424615936764494
P,0.0,10:30,276,-159.08725999999993,-0.5764031159420288,-9.82969,36.10641941960897,0.3188405797101449,-0.12559043478260853,-1.478028478260869,23.772826086956524,-0.06813677084412074,-0.26521399543395896
P,0.0,10:35,276,-82.11677999999989,-0.2975245652173909,-9.72077,34.983633151781525,0.3079710144927536,0.14567181159420312,-1.1839173188405796,22.907608695652176,-0.03194925061701028,-0.14129033668495625
P,0.0,10:40,276,-365.3283799999999,-1.3236535507246374,-8.7082,31.889935336207202,0.30434782608695654,-0.8797318115942027,-2.211497028985507,22.485869565217392,-0.06466446829216216,-0.6895650339059737
P,0.0,10:45,276,-571.7916999999999,-2.071709057971014,-9.23235,29.950116286601194,0.3007246376811594,-1.632139492753623,-2.9508481884057964,22.36485507246377,-0.11466667025862418,-1.1491713576861344
P,0.0,10:50,276,-490.33183999999994,-1.7765646376811592,-8.107600000000001,29.7396374821832,0.32608695652173914,-1.3359070289855068,-2.657879855072464,22.800362318840577,-0.13119828376154916,-0.9924300000105708
P,0.0,10:55,276,-933.99334,-3.38403384057971,-9.11213,28.70368633805722,0.3115942028985507,-2.9644117391304348,-4.223278043478261,22.244202898550725,-0.15207488050639226,-1.958626214209412
P,0.0,11:00,276,-1107.44616,-4.012486086956522,-9.16414,28.396584488788424,0.27898550724637683,-3.5943147101449275,-4.84882884057971,21.642753623188405,-0.19565967346601926,-2.3474803945312006
P,0.0,11:05,276,-1063.5619,-3.853485144927536,-8.220300000000002,26.825193549374127,0.29347826086956524,-3.4378525362318837,-4.68475036231884,21.230797101449276,-0.19247022504829361,-2.3865215810159337
P,0.0,11:10,276,-1388.5402199999999,-5.030942826086956,-9.213199999999999,26.960180065741312,0.2608695652173913,-4.6218384782608695,-5.84915152173913,20.619927536231884,-0.2400653575023453,-3.100138769863318
P,0.0,11:15,276,-1246.16736,-4.515099130434782,-8.12354,26.301113476916964,0.27898550724637683,-4.127392971014492,-5.290511449275362,19.994927536231884,-0.23990848363340672,-2.8519880128441315
P,0.0,11:20,276,-1368.185,-4.957192028985507,-8.24325,25.768905283092554,0.26811594202898553,-4.566221739130435,-5.739132608695653,19.906884057971016,-0.25136376102742797,-3.195908335931958
P,0.0,11:25,276,-1272.98218,-4.612254275362319,-7.35775,26.328075505055086,0.2753623188405797,-4.222734710144928,-5.391293405797102,20.44746376811594,-0.24720086112631218,-2.9103731048032326
P,0.0,11:30,276,-1034.44104,-3.7479747826086953,-7.0065,24.79367890536868,0.27898550724637683,-3.360268623188406,-4.523387101449276,19.484782608695653,-0.20420704868637035,-2.511367263056005
P,0.0,11:35,276,-894.61098,-3.2413441304347828,-6.8063,23.504992551516576,0.30434782608695654,-2.851461884057971,-4.021108623188406,19.361956521739128,-0.20244019918605585,-2.2909708601513072
P,0.0,11:40,276,-1163.71582,-4.216361666666666,-6.9064000000000005,22.82199774063277,0.2826086956521739,-3.8261167391304345,-4.9968515217391305,18.860507246376812,-0.2396149187716729,-3.069295758685433
P,0.0,11:45,276,-1014.28472,-3.6749446376811594,-6.105600000000001,22.78313418708603,0.3007246376811594,-3.297756231884058,-4.4293214492753625,17.917028985507248,-0.2370894670345266,-2.6797351559793863
P,0.0,11:50,276,-978.12352,-3.543925797101449,-6.31594,22.781693796906282,0.27898550724637683,-3.1790685507246375,-4.273640289855073,17.545652173913044,-0.20345862762424166,-2.5843608343653095
P,0.0,11:55,276,-551.02616,-1.9964715942028985,-5.95545,21.85306329707411,0.30434782608695654,-1.6283502173913043,-2.7327143478260867,17.272826086956524,-0.16782423485100512,-1.5177678626194524
P,0.0,12:00,276,-547.42444,-1.983421884057971,-6.05555,21.54901153940981,0.29347826086956524,-1.6218287681159422,-2.7066081159420294,16.475362318840578,-0.18727939602597363,-1.5291225328102547
P,0.0,12:05,276,-790.2060999999999,-2.8630655797101445,-6.105600000000001,21.233694730818325,0.25,-2.525772101449275,-3.5376525362318842,15.30942028985507,-0.2221046544353732,-2.240063179490111
P,0.0,12:10,276,-771.6500199999999,-2.7958334057971013,-5.91771,21.249765135053533,0.2463768115942029,-2.4530997101449277,-3.4813007971014494,15.273550724637682,-0.2253392937270539,-2.185806415999168
P,0.0,12:15,276,-726.7727,-2.633234420289855,-5.6051,20.86303622726644,0.2463768115942029,-2.2988423913043476,-3.30201847826087,15.076086956521738,-0.26617025267430366,-2.0968460806917633
P,0.0,12:20,276,-758.57358,-2.748455,-4.9044,19.641223211076582,0.2572463768115942,-2.4035452173913043,-3.4382745652173914,15.432246376811595,-0.28076385846681834,-2.324741350760822
P,0.0,12:25,276,-809.382,-2.9325434782608695,-4.97368,18.427094470917506,0.2608695652173913,-2.5843695652173913,-3.628891304347826,15.40036231884058,-0.2983039025969043,-2.643882428020528
P,0.0,12:30,276,-1011.3177,-3.6641945652173913,-5.776299999999999,16.778451889088466,0.2427536231884058,-3.327626449275362,-4.337330797101449,14.8518115942029,-0.3870243519268538,-3.6281161355063585
P,0.0,12:35,276,-1136.05522,-4.116142101449276,-5.15465,15.767952377648207,0.2318840579710145,-3.7900917391304345,-4.768242826086957,14.001449275362319,-0.4067775239371561,-4.336802063345645
P,0.0,12:40,276,-1092.6973,-3.9590481884057973,-5.1046000000000005,14.968691628095403,0.2391304347826087,-3.649318478260869,-4.578507608695652,13.357971014492755,-0.42968886125907063,-4.394014516877129
P,0.0,12:45,276,-1188.2715799999999,-4.305331811594202,-4.85435,13.332650770474377,0.21739130434782608,-3.999591594202898,-4.916812246376812,12.867391304347827,-0.5066549384975497,-5.364690424977848
P,0.0,12:50,276,-1065.59134,-3.860838188405797,-4.2037,13.182506639947947,0.2318840579710145,-3.5558233333333336,-4.470867898550725,12.927536231884059,-0.4966764019683542,-4.865619491438939
P,0.0,12:55,276,-855.11182,-3.098231231884058,-3.2527500000000003,12.80630287176867,0.23550724637681159,-2.820417463768116,-3.653858768115942,11.802536231884059,-0.49084030271804524,-4.019246107374285
P,0.0,13:00,276,-801.4121,-2.9036670289855073,-2.8887400000000003,10.822514624336057,0.22826086956521738,-2.641811231884058,-3.427378623188406,10.617028985507247,-0.5005254615236018,-4.457313419323588
P,0.0,13:05,276,-693.4197,-2.5123902173913044,-1.3292900000000003,5.612556765092548,0.14130434782608695,-2.2846264492753625,-2.9679177536231887,7.854347826086957,-0.5979426714570854,-7.436710720697865
P,0.0,13:10,276,-562.35792,-2.037528695652174,-1.20873,4.08049800606612,0.11956521739130435,-1.8141171014492754,-2.4843518840579715,7.576811594202898,-0.611770118938074,-8.295548464684357
P,0.0,13:15,276,-470.40532,-1.7043671014492754,-1.0005,1.9678170464387283,0.06521739130434782,-1.491110579710145,-2.1308801449275365,7.022826086956521,-0.6604810182394377,-14.389077949794947
P,0.0,13:20,276,-414.31132,-1.501127971014493,-1.0005,1.3273631478956707,0.021739130434782608,-1.268649347826087,-1.9660852173913046,8.36231884057971,-0.6184769280052185,-18.788084398894057
P,0.0,13:25,273,-378.84226,-1.3877005860805862,-1.0236399999999999,0.6456367623833325,0.0,-1.1523005860805862,-1.858500586080586,8.853113553113554,-0.588043475569901,-35.51312125475588
P,0.5,08:45,276,-777.2105399999999,-2.815980217391304,-9.45895,50.20478292688825,0.13768115942028986,-2.48557768115942,-3.476785289855073,16.21014492753623,-0.1817481351056594,-0.9318350606296568
P,0.5,08:50,276,-667.1259799999999,-2.4171231159420286,-8.7082,44.555077397582224,0.13043478260869565,-2.100865144927536,-3.0496390579710146,14.867028985507247,-0.2195140284311426,-0.9012724801409271
P,0.5,08:55,276,-415.35675999999995,-1.504915797101449,-8.908399999999999,48.88455085052223,0.11956521739130435,-1.1988128985507245,-2.1171215942028985,14.622101449275362,-0.24650264973005853,-0.5114404962054275
P,0.5,09:00,276,-559.3357199999999,-2.026578695652174,-9.158649999999998,46.77130776033315,0.12318840579710146,-1.710320724637681,-2.65909463768116,14.655797101449275,-0.23332583063581927,-0.719844184800097
P,0.5,09:05,276,-652.82884,-2.365321884057971,-8.05755,37.37055303594803,0.15217391304347827,-2.070824782608695,-2.954316086956522,13.814130434782609,-0.08135954493667674,-1.0515145005586803
P,0.5,09:10,276,-475.6651,-1.7234242753623188,-7.507,36.97399825247093,0.15217391304347827,-1.438719565217391,-2.292833695652174,13.140579710144928,-0.025697025882229038,-0.7743732292030504
P,0.5,09:15,276,-805.5364599999999,-2.9186103623188404,-7.35685,31.029405880702488,0.13768115942028986,-2.640433913043478,-3.4749632608695653,12.363043478260868,-0.13429142085978965,-1.5626337529894583
P,0.5,09:20,276,-634.33746,-2.2983241304347826,-6.8063,34.48249557353771,0.14855072463768115,-2.023411811594203,-2.8481487681159416,11.991304347826087,-0.10528018292835616,-1.1073046627890186
P,0.5,09:25,276,-534.7002399999999,-1.937319710144927,-6.2057,36.921611184109175,0.11956521739130435,-1.6856189855072459,-2.4407211594202898,10.817753623188405,-0.08477916284860695,-0.8717163535548809
P,0.5,09:30,276,-634.5979,-2.2992677536231882,-5.56519,36.876006020653406,0.11594202898550725,-2.0443028985507246,-2.8091974637681156,10.557608695652174,-0.17623337631840658,-1.0358579711038887
P,0.5,09:35,276,-520.14412,-1.8845801449275363,-5.505,34.051800816468635,0.10869565217391304,-1.6550029710144925,-2.343734492753623,9.546376811594204,-0.14271704106622154,-0.9194520129969525
P,0.5,09:40,276,-394.19120000000004,-1.4282289855072465,-5.6051,34.986906700862285,0.12318840579710146,-1.2069934782608693,-1.8706999999999998,9.43804347826087,-0.1999188951902405,-0.6781829027733608
P,0.5,09:45,276,-280.76974,-1.0172816666666666,-4.7042,37.772162130990175,0.11956521739130435,-0.7931447101449276,-1.4655555797101452,9.152536231884058,-0.17579204808474228,-0.44742877775108647
P,0.5,09:50,276,-338.0622,-1.224863043478261,-4.75425,34.82556592075976,0.11594202898550725,-1.0065289855072461,-1.66153115942029,8.67282608695652,-0.3176188059181982,-0.5843107680669681
P,0.5,09:55,276,-312.1192,-1.1308666666666667,-4.504,30.272099715926533,0.10507246376811594,-0.9317547101449272,-1.5290905797101448,8.153260869565218,-0.32633302789930335,-0.6206166157790383
P,0.5,10:00,276,-465.93555999999995,-1.6881723188405795,-4.3639600000000005,27.589194281207877,0.10144927536231885,-1.4712889855072464,-2.121938985507246,8.065579710144927,-0.35888044578242806,-1.0165583181202607
P,0.5,10:05,276,-197.70274,-0.7163142753623188,-4.0035,28.554929663710038,0.10869565217391304,-0.515388913043478,-1.118165,7.568478260869566,-0.41594512591677857,-0.41675138570804837
P,0.5,10:10,276,-302.48661999999996,-1.0959660144927534,-3.7532500000000004,23.716927442258417,0.09420289855072464,-0.9080971739130435,-1.4717036956521738,6.9612318840579706,-0.4596431266740125,-0.7677029388479527
P,0.5,10:15,276,-336.71869999999996,-1.2199952898550723,-3.7532500000000004,22.80671866568681,0.09782608695652174,-1.0426442028985505,-1.5746974637681161,6.7112318840579706,-0.4239544004897407,-0.8886891740901489
P,0.5,10:20,276,-499.26658000000003,-1.8089368840579712,-3.7032000000000003,18.390501266485288,0.09420289855072464,-1.6315857971014491,-2.163639057971014,6.6394927536231885,-0.4793589591272371,-1.6341216663856974
P,0.5,10:25,276,-529.47068,-1.9183720289855073,-3.6031,16.06928279536945,0.09057971014492754,-1.7439223913043478,-2.267271304347826,6.423188405797101,-0.454467170085345,-1.983311274914832
P,0.5,10:30,276,-381.01448,-1.3804872463768116,-3.4529500000000004,18.204888624241033,0.08695652173913043,-1.2132912318840579,-1.714879275362319,6.07463768115942,-0.4849733618412996,-1.2597921953709021
P,0.5,10:35,276,-413.8233,-1.4993597826086957,-3.4029000000000003,15.948110884633417,0.09420289855072464,-1.343769565217391,-1.8105402173913046,5.631521739130434,-0.5114084544185288,-1.5618925450684602
P,0.5,10:40,276,-564.29516,-2.0445476811594205,-3.2027,14.663376577127528,0.09057971014492754,-1.8842426086956519,-2.365157826086957,5.697463768115942,-0.6126278306979667,-2.316422614922652
P,0.5,10:45,276,-671.36162,-2.4324696376811596,-3.3028000000000004,13.813307632411494,0.08695652173913043,-2.2797808695652173,-2.737847173913044,5.384420289855072,-0.6470992194608878,-2.925528175565371
P,0.5,10:50,276,-746.34894,-2.7041628260869564,-3.2027,13.183598162915203,0.06884057971014493,-2.549660652173913,-3.0131671739130437,5.261594202898551,-0.6741812778753447,-3.4076377606192017
P,0.5,10:55,276,-784.9858,-2.8441514492753623,-3.1526500000000004,12.77085123027789,0.057971014492753624,-2.6929134057971016,-3.146627536231884,4.980797101449276,-0.6680357318475814,-3.6998780852276316
P,0.5,11:00,276,-833.92868,-3.021480724637681,-3.0025,13.146388203325891,0.05434782608695652,-2.873144130434783,-3.3181539130434783,4.980434782608695,-0.7209324662500909,-3.818281264853074
P,0.5,11:05,276,-816.37652,-2.9578859420289856,-3.0025,12.103953640220038,0.050724637681159424,-2.8055598550724636,-3.262538115942029,4.736956521739131,-0.7438449067214528,-4.059838079386632
P,0.5,11:10,276,-825.06474,-2.9893650000000003,-2.6021,13.176052518387344,0.057971014492753624,-2.836676231884058,-3.294742536231884,4.72608695652174,-0.7046849346043912,-3.769191206443567
P,0.5,11:15,276,-803.20572,-2.910165652173913,-2.4019,13.030791658405631,0.050724637681159424,-2.770533405797101,-3.1894301449275364,4.490942028985507,-0.7549530619790192,-3.710235277347702
P,0.5,11:20,276,-912.5455400000001,-3.3063244202898554,-2.45195,12.403275805646803,0.043478260869565216,-3.1681428985507245,-3.582687463768116,4.3119565217391305,-0.783250429025995,-4.428570928919415
P,0.5,11:25,276,-942.1301,-3.4135148550724637,-2.3018,12.331470040834471,0.043478260869565216,-3.2825869565217394,-3.675370652173913,4.263768115942029,-0.801094368341582,-4.598767844819172
P,0.5,11:30,276,-793.3302600000001,-2.874385,-2.1016,12.309451464081807,0.03985507246376811,-2.747809275362319,-3.1275364492753623,3.8612318840579714,-0.8067939424213152,-3.87936620927158
P,0.5,11:35,276,-942.19322,-3.4137435507246376,-2.3018,10.960367426061346,0.036231884057971016,-3.2784634782608695,-3.684303695652174,4.060869565217391,-0.7905775715146856,-5.174403838489208
P,0.5,11:40,275,-848.6751,-3.086091272727273,-2.2016999999999998,11.282842281731524,0.03636363636363636,-2.959419272727273,-3.3394352727272727,3.9261818181818184,-0.818030328809759,-4.535828191536123
P,0.5,11:45,276,-751.07658,-2.721291956521739,-1.9013999999999998,10.880739707434426,0.03985507246376811,-2.5903640579710143,-2.9831477536231885,3.6177536231884058,-0.8127581026364327,-4.155002198713653
P,0.5,11:50,276,-653.02962,-2.366049347826087,-1.9013999999999998,10.069357741078873,0.03985507246376811,-2.2438257971014495,-2.610496449275362,3.288768115942029,-0.7989747692252254,-3.9037012049565183
P,0.5,11:55,276,-609.32642,-2.207704420289855,-1.8013,9.54377321929313,0.03985507246376811,-2.0883823188405795,-2.4463486231884057,3.039855072463768,-0.8037620370171117,-3.843044003346025
P,0.5,12:00,275,-574.3481,-2.0885385454545458,-1.9013999999999998,8.586631360746171,0.04,-1.9706025454545455,-2.3244105454545454,2.9261818181818184,-0.778768032093099,-4.033536799503067
P,0.5,12:05,275,-623.97416,-2.2689969454545453,-1.8013,9.311216389850223,0.03636363636363636,-2.151060945454545,-2.5048689454545454,3.0043636363636366,-0.7806003378145983,-4.041046412979065
P,0.5,12:10,276,-610.0804400000001,-2.2104363768115944,-1.6511500000000001,7.995557081654052,0.03260869565217391,-2.0983678985507246,-2.4345733333333333,2.6554347826086957,-0.7935774476477155,-4.592866605183923
P,0.5,12:15,275,-457.22666,-1.6626424,-1.501,8.59047853898697,0.04,-1.5490743999999999,-1.8897784000000002,2.413818181818182,-0.7588084281409794,-3.2095773106874432
P,0.5,12:20,275,-580.35502,-2.110381890909091,-1.501,6.4838753140266805,0.02909090909090909,-1.998269890909091,-2.3346058909090908,2.3501818181818184,-0.8081669130943063,-5.397501152871024
P,0.5,12:25,275,-579.12196,-2.1058980363636364,-1.501,7.239678312509437,0.03272727272727273,-1.9908740363636364,-2.3359460363636364,2.4687272727272727,-0.8208702418590682,-4.82374584330351
P,0.5,12:30,276,-590.72634,-2.140312826086957,-1.4009,6.168194872833084,0.018115942028985508,-2.0311457971014493,-2.358646884057971,1.9978260869565216,-0.8954565926675778,-5.7646601515745095
P,0.5,12:35,276,-489.06212,-1.7719642028985507,-1.3008000000000002,4.364181922319555,0.018115942028985508,-1.664610579710145,-1.9866714492753623,1.7753623188405796,-0.866651914763429,-6.745383393280068
P,0.5,12:40,275,-537.66022,-1.9551280727272726,-1.3008000000000002,4.27835663153458,0.007272727272727273,-1.8477480727272728,-2.1698880727272725,1.6447272727272728,-0.9120698562851288,-7.5781740429632976
P,0.5,12:45,275,-534.6713,-1.9442592727272727,-1.2006999999999999,5.686612084867664,0.007272727272727273,-1.8365152727272727,-2.1597472727272726,1.6192727272727274,-0.9115968882702854,-5.669789328487048
P,0.5,12:50,274,-402.03929999999997,-1.467296715328467,-1.1006,3.4323448602672624,0.0072992700729927005,-1.3613514598540144,-1.6791872262773724,1.1434306569343067,-0.9383190141441216,-7.076236025365088
P,0.5,12:55,276,-383.90603999999996,-1.390963913043478,-1.0005,3.769879379426625,0.0036231884057971015,-1.287962463768116,-1.5969668115942028,1.0431159420289857,-0.97781837933981,-6.129752636436968
P,0.5,13:00,275,-348.92536,-1.2688194909090909,-1.0005,2.2487649997967076,0.0036363636363636364,-1.165807490909091,-1.4748434909090908,0.7909090909090909,-0.9792108767118762,-9.3566872892802
P,0.5,13:05,274,-260.2231,-0.9497193430656934,-0.9004,0.7843717799519021,0.0,-0.8481580291970803,-1.1528419708029196,0.4492700729927008,-1.0,-20.042348274501656
P,0.5,13:10,271,-238.9033,-0.8815619926199262,-0.8003,0.24890446537461347,0.0,-0.7814619926199261,-1.081761992619926,0.38118081180811814,-1.0,-58.30486785002294
P,0.5,13:15,263,-230.0985,-0.8748992395437263,-0.8003,0.3553591197210016,0.0,-0.7747992395437262,-1.0750992395437262,0.3745247148288974,-1.0,-39.92716255273193
P,0.5,13:20,251,-213.2877,-0.8497517928286853,-0.8003,0.13169767661873508,0.0,-0.7496517928286852,-1.0499517928286852,0.349402390438247,-1.0,-102.22352128454456
P,0.5,13:25,235,-196.0785,-0.8343765957446808,-0.8003,0.06697862719690537,0.0,-0.7342765957446807,-1.0345765957446809,0.3340425531914894,-1.0,-190.9676495700394
P,1.0,08:45,276,-249.80495999999994,-0.9050904347826084,-3.6031,38.21762654535789,0.050724637681159424,-0.7248378985507246,-1.265595507246377,6.8362318840579706,-0.2822157296835306,-0.39344388876379954
P,1.0,08:50,276,-337.41062,-1.2225022463768116,-3.4029000000000003,33.06475694003878,0.04710144927536232,-1.0495033333333335,-1.5685000724637683,6.118478260869566,-0.28810745694332845,-0.6142410997086656
P,1.0,08:55,276,-26.39189999999999,-0.09562282608695648,-3.503,36.16572475381302,0.057971014492753624,0.07302391304347836,-0.4329163043478263,6.15,-0.1820361622229572,-0.04392572549951914
P,1.0,09:00,276,-45.728120000000025,-0.16568159420289863,-3.3028000000000004,35.7096008745155,0.050724637681159424,0.004415869565217622,-0.5058765217391306,5.934782608695652,-0.34390993496695155,-0.07708037336447991
P,1.0,09:05,276,-481.04825999999997,-1.7429284782608694,-2.95245,23.90070955529289,0.050724637681159424,-1.577183188405797,-2.074419057971014,5.685144927536231,-0.45495865860117535,-1.211499705093488
P,1.0,09:10,276,-417.95387999999997,-1.514325652173913,-2.6521500000000002,22.36820404542568,0.043478260869565216,-1.3645383333333332,-1.8139002898550725,4.952536231884058,-0.4281443816490224,-1.1247155625933416
P,1.0,09:15,276,-580.3451,-2.1026996376811593,-2.7022000000000004,18.385189166071292,0.050724637681159424,-1.9514615942028983,-2.405175724637681,5.011594202898551,-0.5464551215060869,-1.9000440875685445
P,1.0,09:20,276,-395.98422,-1.4347254347826086,-2.4019,21.339082662337418,0.04710144927536232,-1.2896529710144926,-1.7248703623188406,4.415579710144928,-0.5408620154401823,-1.1169856475915911
P,1.0,09:25,276,-294.52264,-1.0671110144927538,-2.4019,25.279456434634163,0.050724637681159424,-0.9336443478260867,-1.3340443478260868,4.047463768115942,-0.46160921450917614,-0.701288007539906
P,1.0,09:30,276,-305.35504,-1.10635884057971,-2.15165,27.462323966395807,0.043478260869565216,-0.9743428985507245,-1.3703907246376812,3.9445652173913044,-0.5836268700654234,-0.6692883499120643
P,1.0,09:35,276,-364.21676,-1.3196259420289855,-2.0515499999999998,23.36779381554887,0.036231884057971016,-1.1857965942028985,-1.5872846376811593,3.598913043478261,-0.6076122346734921,-0.9381832471399052
P,1.0,09:40,275,-264.24436000000003,-0.9608885818181819,-2.0015,25.4823790182303,0.04,-0.8360365818181817,-1.2105925818181817,3.317454545454545,-0.6806466800522354,-0.6253158092004845
P,1.0,09:45,276,-301.93292,-1.0939598550724638,-2.0015,29.853225312642962,0.025362318840579712,-0.9720989855072465,-1.3376815942028986,3.2231884057971016,-0.7106667115791715,-0.608786015048826
P,1.0,09:50,276,-310.08594000000005,-1.1234997826086959,-1.9013999999999998,24.61943331417231,0.025362318840579712,-0.9998255072463769,-1.3708483333333334,3.052536231884058,-0.7327901338349112,-0.7581401233007556
P,1.0,09:55,275,-193.04438,-0.7019795636363636,-1.7012,21.951917018293635,0.03272727272727273,-0.5844075636363635,-0.9371235636363638,2.918181818181818,-0.7573841684133655,-0.530296014953733
P,1.0,10:00,276,-373.07324,-1.3517146376811595,-1.7012,16.32354775245111,0.025362318840579712,-1.2371073913043478,-1.5809291304347826,2.6829710144927534,-0.8390716377002085,-1.3757040118355373
P,1.0,10:05,276,-243.45470000000003,-0.8820822463768117,-1.6011000000000002,18.84073873512351,0.03260869565217391,-0.7700137681159421,-1.1062192028985507,2.5981884057971016,-0.7658422938943669,-0.7777959813380929
P,1.0,10:10,276,-404.27486,-1.4647639855072463,-1.6011000000000002,13.080088992167433,0.028985507246376812,-1.350156739130435,-1.6939784782608698,2.505434782608696,-0.8207386464620958,-1.8604221244738348
P,1.0,10:15,276,-307.38916,-1.11372884057971,-1.501,12.87324964414209,0.036231884057971016,-1.0020230434782609,-1.3371404347826088,2.2550724637681157,-0.7876936977025734,-1.437294672241406
P,1.0,10:20,274,-446.54764,-1.6297359124087591,-1.501,8.110505876475319,0.025547445255474453,-1.5208680291970804,-1.8474716788321168,2.2664233576642334,-0.8848057141729895,-3.326171007790296
P,1.0,10:25,274,-592.75444,-2.163337372262774,-1.45095,4.724797136655849,0.01824817518248175,-2.0515468613138683,-2.386918394160584,2.1094890510948905,-0.9176320312811942,-7.579077847499133
P,1.0,10:30,274,-483.8127,-1.7657397810218978,-1.4009,6.331732031576412,0.025547445255474453,-1.6554105839416058,-1.9863981751824817,2.0963503649635036,-0.8846927040761541,-4.616145150270287
P,1.0,10:35,274,-422.09016,-1.5404750364963504,-1.3008000000000002,6.594435565111285,0.021897810218978103,-1.4316071532846715,-1.7582108029197079,1.9572992700729925,-0.8714544471688959,-3.8668054076128677
P,1.0,10:40,275,-569.47788,-2.070828654545455,-1.4009,4.501370320155725,0.01090909090909091,-1.9634486545454548,-2.2855886545454545,1.8712727272727274,-0.9424003019385422,-7.628967585148794
P,1.0,10:45,271,-540.55098,-1.9946530627306271,-1.4009,4.378508402776485,0.01107011070110701,-1.8871656088560884,-2.209627970479705,1.799630996309963,-0.9293895704164967,-7.499388044809666
P,1.0,10:50,274,-503.84324000000004,-1.8388439416058395,-1.3008000000000002,4.871964360979763,0.014598540145985401,-1.7299760583941606,-2.056579708029197,1.7726277372262773,-0.8644503011781141,-6.247640793452904
P,1.0,10:55,268,-535.03774,-1.9964094776119403,-1.3008000000000002,5.266767908670125,0.014925373134328358,-1.8884658208955223,-2.212296791044776,1.8305970149253732,-0.9077367929462306,-6.205443693261038
P,1.0,11:00,271,-525.42664,-1.9388436900369004,-1.2006999999999999,5.498083603787073,0.014760147601476014,-1.8309868634686346,-2.154557343173432,1.7693726937269372,-0.9019506680630655,-5.805185523543913
P,1.0,11:05,271,-467.2175,-1.724049815498155,-1.2006999999999999,4.032232113237259,0.01107011070110701,-1.6180398523985238,-1.9360697416974169,1.5284132841328413,-0.9280869396889165,-7.0386428928492695
P,1.0,11:10,269,-503.84992,-1.873048029739777,-1.2006999999999999,5.742840729293108,0.007434944237918215,-1.7681104832713754,-2.08292312267658,1.6598513011152416,-0.9154932789632334,-5.349316349838428
P,1.0,11:15,271,-518.26332,-1.9124107749077492,-1.2006999999999999,6.9397969274816305,0.007380073800738007,-1.806031439114391,-2.125169446494465,1.6970479704797048,-0.9289766605550303,-4.536480674001038
P,1.0,11:20,270,-452.44802,-1.6757334074074073,-1.2006999999999999,7.923646467179744,0.007407407407407408,-1.5678478518518517,-1.8915045185185186,1.6466666666666667,-0.9116003865487101,-3.475055297092462
P,1.0,11:25,266,-472.72032,-1.777144060150376,-1.2006999999999999,6.740403698904829,0.007518796992481203,-1.6706466917293232,-1.9901387969924813,1.5672932330827067,-0.9141299597729566,-4.300089990351988
P,1.0,11:30,263,-416.65538,-1.5842409885931559,-1.1006,5.992054039536633,0.0038022813688212928,-1.4761482129277568,-1.8004265399239543,1.4072243346007605,-0.974073643674696,-4.287690197255061
P,1.0,11:35,266,-460.99818,-1.7330758646616542,-1.1006,7.560946455150356,0.0037593984962406013,-1.6250732330827067,-1.949081127819549,1.5522556390977442,-0.9799736486481729,-3.7383695449454217
P,1.0,11:40,260,-471.96218,-1.8152391538461539,-1.1006,5.549735557974902,0.0038461538461538464,-1.7101341538461539,-2.025449153846154,1.4496153846153847,-0.9821448585986978,-5.274098479190003
P,1.0,11:45,258,-455.24648,-1.7645212403100776,-1.1006,5.648803077488298,0.003875968992248062,-1.659377441860465,-1.9748088372093022,1.4,-0.9840988418245695,-5.0174182876148254
P,1.0,11:50,254,-398.59188,-1.5692593700787403,-1.1006,4.014140092288531,0.003937007874015748,-1.4640361417322836,-1.7797058267716535,1.2070866141732284,-0.9879216114404777,-6.230444957997135
P,1.0,11:55,253,-388.08188,-1.5339204743083004,-1.1006,4.0991574285660235,0.003952569169960474,-1.4302596047430831,-1.7412422134387353,1.1723320158102768,-0.9863283080288562,-5.9520765374344515
P,1.0,12:00,252,-360.65498,-1.4311705555555556,-1.0505499999999999,2.509338943994672,0.003968253968253968,-1.3263038888888887,-1.640903888888889,1.0702380952380952,-0.9896294103620381,-9.053830012354497
P,1.0,12:05,259,-381.17198,-1.4717064864864866,-1.0005,3.5033130884077317,0.003861003861003861,-1.3669686486486485,-1.681182162162162,1.106949806949807,-0.9912117131633729,-6.76070730881957
P,1.0,12:10,255,-383.5558,-1.5041403921568626,-1.0005,3.1274746703116234,0.0,-1.4024701960784314,-1.7074807843137254,1.0031372549019608,-1.0,-7.680060888316147
P,1.0,12:15,258,-335.02638,-1.2985518604651163,-1.0005,2.9095426925803136,0.003875968992248062,-1.1953479844961241,-1.5049596124031008,0.9344961240310077,-0.9859021588091786,-7.168766216584589
P,1.0,12:20,262,-367.0358,-1.4009,-1.0005,2.742737480492173,0.0,-1.299271755725191,-1.6041564885496182,0.9,-1.0,-8.267487359860516
P,1.0,12:25,255,-369.742,-1.4499686274509804,-1.0005,3.505918485925873,0.0,-1.34633568627451,-1.6572345098039216,0.9490196078431372,-1.0,-6.604301348245919
P,1.0,12:30,250,-368.9437,-1.4757748,-1.0005,3.6979050514586467,0.0,-1.368868,-1.6895884,0.9748000000000001,-1.0,-6.310072347096398
P,1.0,12:35,251,-307.0814,-1.22343187250996,-0.9004,1.5825180741148208,0.0,-1.1201414342629483,-1.430012749003984,0.7227091633466136,-1.0,-12.248078814762046
P,1.0,12:40,253,-292.1655,-1.154804347826087,-0.9004,1.3727745518977845,0.0,-1.0531217391304348,-1.3581695652173913,0.6541501976284585,-1.0,-13.380410922935638
P,1.0,12:45,253,-302.7761,-1.1967434782608695,-0.9004,2.2414426185271306,0.0,-1.0934782608695652,-1.4032739130434784,0.6960474308300395,-1.0,-8.492463807978007
P,1.0,12:50,251,-284.2586,-1.1325043824701195,-0.9004,2.0722247574480717,0.0,-1.0292139442231074,-1.3390852589641433,0.6318725099601593,-1.0,-8.658444828801992
P,1.0,12:55,252,-259.6335,-1.0302916666666668,-0.9004,1.1880787545369504,0.0,-0.9270138888888888,-1.2368472222222222,0.5297619047619048,-1.0,-13.76623654342509
P,1.0,13:00,255,-249.7221,-0.9793023529411765,-0.9004,1.0120244736906185,0.0,-0.8760619607843136,-1.1857831372549021,0.47882352941176476,-1.0,-15.452397556207881
P,1.0,13:05,241,-218.1976,-0.9053842323651452,-0.8003,0.8196442669945374,0.0,-0.8036228215767633,-1.1089070539419088,0.40497925311203326,-1.0,-17.148101385511755
P,1.0,13:10,232,-197.8818,-0.8529387931034482,-0.8003,0.09984939895294495,0.0,-0.7528387931034481,-1.0531387931034482,0.3525862068965518,-1.0,-130.11171603599675
P,1.0,13:15,203,-171.4699,-0.8446793103448276,-0.8003,0.09962775253296419,0.0,-0.7445793103448275,-1.0448793103448275,0.3443349753694582,-1.0,-120.79794391595432
P,1.0,13:20,183,-152.8613,-0.8353076502732241,-0.8003,0.05918159097542505,0.0,-0.7352076502732241,-1.035507650273224,0.33497267759562843,-1.0,-190.9349218284625
P,1.0,13:25,179,-149.2597,-0.8338530726256984,-0.8003,0.0550771157952752,0.0,-0.7337530726256982,-1.0340530726256982,0.33351955307262576,-1.0,-202.55588206235825
P,1.5,08:45,276,-109.96108000000002,-0.3984097101449276,-1.8013,27.474755321666336,0.028985507246376812,-0.2634923188405796,-0.6682444927536232,3.4818840579710146,-0.37154972045088,-0.24090766718481643
P,1.5,08:50,276,-62.387000000000036,-0.2260398550724639,-1.8013,24.043855273944974,0.025362318840579712,-0.1070804347826086,-0.46395869565217407,2.8380434782608694,-0.345447606056512,-0.15618360971837625
P,1.5,08:55,276,17.993400000000044,0.06519347826086973,-1.8013,27.47315118543472,0.025362318840579712,0.18270217391304347,-0.16982391304347838,2.9090579710144926,-0.16433846490478476,0.039423049694821695
P,1.5,09:00,276,25.430219999999952,0.09213847826086939,-1.7012,27.055852068349495,0.028985507246376812,0.21109789855072467,-0.14578036231884045,2.8289855072463768,-0.3305756331375804,0.05657627638421559
P,1.5,09:05,276,-354.36656,-1.283936811594203,-1.6011000000000002,13.604481288683827,0.021739130434782608,-1.1678788405797103,-1.5160527536231883,2.511594202898551,-0.5386616312497001,-1.5678922160065925
P,1.5,09:10,275,-230.82298,-0.8393562909090909,-1.6011000000000002,15.835058678420433,0.01818181818181818,-0.7290642909090909,-1.059940290909091,2.3087272727272725,-0.5117635314778878,-0.8790083885712322
P,1.5,09:15,273,-419.67086,-1.5372558974358974,-1.4009,9.842378223158752,0.014652014652014652,-1.425422564102564,-1.760922564102564,2.23992673992674,-0.6713637138078004,-2.580640099088555
P,1.5,09:20,275,-456.47082,-1.659893890909091,-1.4009,12.126408649275504,0.01090909090909091,-1.546689890909091,-1.886301890909091,2.090909090909091,-0.8187124107904884,-2.269940502243212
P,1.5,09:25,274,-225.53243999999998,-0.8231110948905109,-1.3008000000000002,18.218169579138976,0.014598540145985401,-0.712781897810219,-1.043769489051095,1.8536496350364964,-0.7309500873301802,-0.7478749672122764
P,1.5,09:30,273,-252.47364,-0.9248118681318681,-1.3008000000000002,20.960447578755883,0.007326007326007326,-0.8159118681318681,-1.1426118681318682,1.93003663003663,-0.85842157581475,-0.7290111417085551
P,1.5,09:35,266,-214.08883999999998,-0.8048452631578946,-1.3008000000000002,18.08702022107439,0.007518796992481203,-0.6987242105263157,-1.0170873684210526,1.66203007518797,-0.793289684735759,-0.7257485663434788
P,1.5,09:40,274,-179.77112000000002,-0.6560989781021899,-1.2006999999999999,18.042101776879893,0.010948905109489052,-0.547231094890511,-0.8738347445255473,1.6025547445255475,-0.8178122261019939,-0.6019459743536144
P,1.5,09:45,268,-82.37672000000002,-0.30737582089552246,-1.2006999999999999,24.467053953200384,0.011194029850746268,-0.19980567164179105,-0.5225161194029851,1.659328358208955,-0.731664219793328,-0.20566264597169737
P,1.5,09:50,270,-80.32371999999997,-0.2974952592592591,-1.2006999999999999,21.084180883937414,0.011111111111111112,-0.1914634074074074,-0.509558962962963,1.4507407407407407,-0.8247313706487963,-0.23184898452177527
P,1.5,09:55,264,-126.32272,-0.47849515151515154,-1.2006999999999999,15.833070410924133,0.011363636363636364,-0.3692951515151515,-0.6968951515151516,1.4799242424242425,-0.8635333575926447,-0.49103716290671157
P,1.5,10:00,266,-155.10052000000002,-0.5830846616541354,-1.2006999999999999,12.916514135198678,0.011278195488721804,-0.47545834586466157,-0.7983372932330827,1.3853383458646618,-0.880028648925059,-0.7362530586129533
P,1.5,10:05,257,-240.14809999999997,-0.9344284046692606,-1.1006,12.180314041259404,0.007782101167315175,-0.8296544747081711,-1.1439762645914395,1.3416342412451363,-0.9199381412334605,-1.2298555563247222
P,1.5,10:10,255,-328.9379,-1.289952549019608,-1.1006,6.287239055292573,0.00784313725490196,-1.1835717647058823,-1.5027141176470586,1.3121568627450981,-0.9515098239734088,-3.2763014325841033
P,1.5,10:15,262,-289.1947,-1.1037965648854962,-1.1006,5.957122194047963,0.007633587786259542,-1.000640076335878,-1.3101095419847328,1.1122137404580152,-0.9523792704382522,-2.9991844469703484
P,1.5,10:20,257,-303.8118,-1.1821470817120623,-1.1006,5.408164102632642,0.007782101167315175,-1.0773731517509728,-1.3916949416342412,1.2003891050583657,-0.9686447399666286,-3.5041945913762467
P,1.5,10:25,252,-433.2069,-1.7190750000000001,-1.1006,2.6055047783815954,0.0,-1.6142083333333335,-1.9288083333333335,1.217857142857143,-1.0,-10.473774539519738
P,1.5,10:30,248,-402.9787,-1.6249141129032258,-1.1006,2.045983968122971,0.0,-1.519970564516129,-1.8348012096774196,1.1237903225806452,-1.0,-12.507025195638207
P,1.5,10:35,255,-359.45228,-1.4096167843137253,-1.0005,2.7118947959922375,0.00392156862745098,-1.3048061960784314,-1.6192379607843137,1.0470588235294118,-0.9815520050567184,-8.300386488244323
P,1.5,10:40,250,-382.3571,-1.5294284,-1.0005,2.0653280773722527,0.0,-1.4245236,-1.739238,1.0284,-1.0,-11.708738469048921
P,1.5,10:45,244,-373.6514,-1.5313581967213117,-1.1006,2.077202744070421,0.0,-1.4263352459016394,-1.7414040983606558,1.030327868852459,-1.0,-11.515765510883753
P,1.5,10:50,239,-353.4337,-1.4788020920502092,-1.0005,1.7353513785191677,0.0,-1.3770267782426777,-1.682352719665272,0.9778242677824268,-1.0,-13.174118987910791
P,1.5,10:55,240,-358.9387,-1.4955779166666665,-1.0005,2.255138490670679,0.0,-1.39214125,-1.70245125,0.9945833333333334,-1.0,-10.274044610861903
P,1.5,11:00,229,-357.2425,-1.5600109170305678,-1.0005,2.935443970636932,0.0,-1.4564139737991266,-1.7672048034934495,1.0589519650655022,-1.0,-8.042139152867376
P,1.5,11:05,239,-356.1364,-1.490110460251046,-1.0005,2.5971523036786976,0.0,-1.3866598326359834,-1.6970117154811715,0.9891213389121339,-1.0,-8.869925973799647
P,1.5,11:10,241,-362.742,-1.5051535269709544,-1.0005,3.4893596586859013,0.0,-1.4013153526970954,-1.7128298755186722,1.004149377593361,-1.0,-6.696433897040237
P,1.5,11:15,238,-376.6574,-1.5825941176470588,-1.0005,4.682463810476376,0.0,-1.4770264705882352,-1.7937294117647058,1.0815126050420167,-1.0,-5.214150905709574
P,1.5,11:20,220,-322.93327999999997,-1.4678785454545453,-1.0005,5.189158715338471,0.004545454545454545,-1.3618635454545456,-1.6799085454545455,1.1272727272727272,-0.9794395687951719,-4.195700785124326
P,1.5,11:25,213,-277.99188,-1.3051261971830985,-1.0005,2.9267203932999206,0.004694835680751174,-1.201266572769953,-1.5128454460093896,0.9699530516431925,-0.9829237416561882,-6.5082027663382105
P,1.5,11:30,225,-287.39528,-1.2773123555555557,-1.0005,3.592819481841308,0.0044444444444444444,-1.1736532444444445,-1.4846305777777777,0.9333333333333333,-0.9747080408155226,-5.33277149886586
P,1.5,11:35,219,-299.91078,-1.369455616438356,-1.0005,4.861429291209176,0.0045662100456621,-1.265241917808219,-1.5778830136986302,1.0296803652968036,-0.9769850240171635,-4.168751864753285
P,1.5,11:40,219,-345.4357,-1.5773319634703196,-1.0005,5.556117332471,0.0,-1.4731182648401826,-1.7857593607305935,1.0762557077625572,-1.0,-4.201203832745187
P,1.5,11:45,216,-313.6054,-1.4518768518518517,-1.0005,4.045800421938698,0.0,-1.3476060185185186,-1.6604185185185185,0.950925925925926,-1.0,-5.274146649119108
P,1.5,11:50,218,-276.167,-1.266821100917431,-1.0005,2.1264499788492772,0.0,-1.1648844036697248,-1.470694495412844,0.7660550458715596,-1.0,-8.796063669523878
P,1.5,11:55,208,-267.163,-1.2844375000000001,-0.9004,2.591364644489957,0.0,-1.1824125,-1.4884875,0.7836538461538461,-1.0,-7.148519643850109
P,1.5,12:00,209,-246.642,-1.1801052631578948,-0.9004,1.097466102911372,0.0,-1.0780894736842104,-1.384136842105263,0.6794258373205742,-1.0,-15.545431275213975
P,1.5,12:05,208,-265.7616,-1.2776999999999998,-0.9004,2.326019351567121,0.0,-1.175675,-1.4817500000000001,0.7769230769230769,-1.0,-7.922226204277393
P,1.5,12:10,198,-246.147,-1.2431666666666665,-0.9004,2.1935027612136206,0.0,-1.1410444444444443,-1.4474111111111112,0.7424242424242424,-1.0,-7.974872831517663
P,1.5,12:15,211,-234.2286,-1.1100881516587677,-0.9004,1.2486466797914393,0.0,-1.0080905213270142,-1.3140834123222749,0.609478672985782,-1.0,-12.913950823087083
P,1.5,12:20,217,-244.1355,-1.1250483870967742,-0.9004,1.7784524014105738,0.0,-1.0231032258064516,-1.3289387096774194,0.6244239631336406,-1.0,-9.3187749184563
P,1.5,12:25,209,-247.2426,-1.1829789473684211,-0.9004,2.270001796283779,0.0,-1.080963157894737,-1.3870105263157895,0.6822966507177033,-1.0,-7.5339712410727335
P,1.5,12:30,209,-242.0374,-1.1580736842105264,-0.9004,2.1980957118576168,0.0,-1.056057894736842,-1.3621052631578947,0.6574162679425838,-1.0,-7.616627859896552
P,1.5,12:35,204,-220.4183,-1.080481862745098,-0.9004,1.3716523321203848,0.0,-0.9784191176470588,-1.2846073529411766,0.5799019607843138,-1.0,-11.250932485500352
P,1.5,12:40,200,-205.7056,-1.028528,-0.9004,0.9345147878226946,0.0,-0.9284279999999999,-1.228728,0.528,-1.0,-15.56484997171011
P,1.5,12:45,193,-195.599,-1.0134663212435233,-0.9004,1.1124112533213983,0.0,-0.9112917098445595,-1.2178155440414506,0.5129533678756477,-1.0,-12.656761661688735
P,1.5,12:50,201,-191.591,-0.9531890547263682,-0.9004,0.8418552680714199,0.0,-0.851097014925373,-1.1573731343283582,0.4527363184079602,-1.0,-16.05238774564515
P,1.5,12:55,205,-194.4919,-0.948740975609756,-0.9004,1.0294765041643714,0.0,-0.8466878048780487,-1.1528473170731708,0.4482926829268293,-1.0,-13.194962166916874
P,1.5,13:00,201,-177.0765,-0.8809776119402986,-0.8003,0.3766363320847694,0.0,-0.7808776119402985,-1.0811776119402985,0.3805970149253731,-1.0,-33.16199800885749
P,1.5,13:05,187,-161.3678,-0.8629294117647058,-0.8003,0.2054846315608947,0.0,-0.7628294117647059,-1.0631294117647059,0.36256684491978614,-1.0,-57.42707928358718
P,1.5,13:10,169,-143.1586,-0.8470923076923077,-0.8003,0.10703118704377713,0.0,-0.7469923076923076,-1.0472923076923077,0.34674556213017754,-1.0,-102.88776854820705
P,1.5,13:15,150,-125.2502,-0.8350013333333334,-0.8003,0.07241257537220862,0.0,-0.7349013333333333,-1.0352013333333334,0.33466666666666667,-1.0,-141.22734833674056
P,1.5,13:20,148,-123.049,-0.8314121621621622,-0.8003,0.05069459430641388,0.0,-0.7313121621621621,-1.0316121621621621,0.33108108108108114,-1.0,-199.51960623913624
P,1.5,13:25,136,-114.5465,-0.8422536764705882,-0.8003,0.06844114953261969,0.0,-0.7421536764705882,-1.042453676470588,0.3419117647058824,-1.0,-143.5142660313121
P,2.0,08:45,272,-142.73648,-0.5247664705882353,-1.501,21.373796521224378,0.01838235294117647,-0.41289000000000003,-0.748519411764706,2.0161764705882352,-0.599171575813137,-0.4049196566214778
P,2.0,08:50,269,-137.93327999999997,-0.5127631226765798,-1.3008000000000002,15.596023420992177,0.01858736059479554,-0.4037322676579926,-0.7308248327137546,1.6550185873605947,-0.5269639376861125,-0.5392362067249541
P,2.0,08:55,267,15.46911999999999,0.05793677902621719,-1.3008000000000002,20.518103662097616,0.018726591760299626,0.16853415730337068,-0.16325797752808985,1.658426966292135,-0.3434072699390266,0.04613948664030642
P,2.0,09:00,268,-82.02788000000001,-0.30607417910447765,-1.2006999999999999,18.340799456343948,0.018656716417910446,-0.1970100000000001,-0.5242025373134327,1.6410447761194031,-0.503731077866577,-0.27319693847531246
P,2.0,09:05,269,-388.78736000000004,-1.4453061710037176,-1.2006999999999999,6.422661689996474,0.007434944237918215,-1.3362753159851302,-1.6633678810408923,1.484386617100372,-0.8309821960304357,-3.6908037277372685
P,2.0,09:10,265,-321.83696,-1.2144790943396226,-1.1006,6.745411319746844,0.011320754716981131,-1.1068243773584905,-1.4297885283018867,1.3909433962264153,-0.8214471831826076,-2.9309239062400643
P,2.0,09:15,269,-431.61404,-1.6045131598513012,-1.1006,3.6495260176386872,0.0037174721189591076,-1.496970780669145,-1.8195979182156132,1.278810408921933,-0.8746690988082276,-7.210791852145198
P,2.0,09:20,259,-335.02142,-1.2935189961389961,-1.1006,5.998584880245301,0.003861003861003861,-1.1903271042471042,-1.49990277992278,1.1714285714285715,-0.9501674746143729,-3.470354850463947
P,2.0,09:25,261,-221.10652,-0.8471514176245211,-1.1006,12.11518503992508,0.0038314176245210726,-0.7439832183908046,-1.0534878160919539,1.1053639846743295,-0.8714197292250343,-1.129669085235999
P,2.0,09:30,256,-134.92281999999997,-0.5270422656249999,-1.0005,18.248727014514916,0.00390625,-0.42068601562499996,-0.739754765625,1.190625,-0.8891747517245481,-0.46209668451353914
P,2.0,09:35,251,-191.28171999999998,-0.7620785657370517,-1.0005,12.302663577616853,0.00398406374501992,-0.6587881274900398,-0.9686594422310756,1.0505976095617529,-0.8888962877558519,-0.9813805792315166
P,2.0,09:40,246,-126.36931999999999,-0.5136964227642276,-1.0005,15.45923918446754,0.0040650406504065045,-0.4087134959349592,-0.7236622764227642,1.0215447154471544,-0.8854637288241347,-0.5211778840876006
P,2.0,09:45,246,-83.37631999999999,-0.3389281300813008,-1.0005,18.971163378415824,0.0040650406504065045,-0.23394520325203252,-0.5488939837398373,1.05,-0.7367298994551162,-0.2802084352581021
P,2.0,09:50,236,-92.04002000000001,-0.39000008474576275,-1.0005,15.955650640670113,0.00423728813559322,-0.28650686440677964,-0.5969865254237289,0.940677966101695,-0.8188519870942013,-0.375496751599407
P,2.0,09:55,242,-109.02459999999996,-0.4505148760330577,-1.0005,12.444162152517725,0.008264462809917356,-0.34710578512396684,-0.6573330578512396,0.9144628099173554,-0.8921385819994048,-0.5631851015125736
P,2.0,10:00,230,-193.21480000000003,-0.8400643478260871,-1.0005,6.486155109676244,0.008695652173913044,-0.7364826086956522,-1.0472278260869565,0.9195652173913044,-0.9299661341293043,-1.9642155350403205
P,2.0,10:05,231,-233.63412,-1.0114031168831168,-1.0005,6.392555388386029,0.004329004329004329,-0.9078364502164502,-1.2185364502164502,0.9354978354978355,-0.9418308676232802,-2.4046716205809013
P,2.0,10:10,227,-313.5999,-1.3814973568281939,-1.0005,1.6612985719121138,0.0,-1.277869603524229,-1.5887528634361234,0.8806167400881058,-1.0,-12.52896786071705
P,2.0,10:15,222,-198.30332,-0.8932581981981983,-1.0005,5.983918869154778,0.0045045045045045045,-0.7895509909909909,-1.1006726126126127,0.8346846846846847,-0.9631801880555159,-2.2241690921495314
P,2.0,10:20,223,-292.8812,-1.3133686098654707,-1.0005,1.3864157537851172,0.0,-1.2096775784753364,-1.52075067264574,0.8125560538116593,-1.0,-14.146388444000833
P,2.0,10:25,212,-284.8787,-1.3437674528301886,-1.0005,1.6183822844152491,0.0,-1.2398900943396225,-1.5515221698113209,0.8429245283018869,-1.0,-12.089572181367572
P,2.0,10:30,210,-271.5664,-1.2931733333333333,-1.0005,1.1600393200534953,0.0,-1.1930733333333334,-1.4933733333333334,0.7923809523809524,-1.0,-16.154505840883704
P,2.0,10:35,213,-273.0664,-1.2820018779342723,-1.0005,1.3879202915358053,0.0,-1.1800220657276994,-1.4859615023474178,0.7812206572769953,-1.0,-13.480746369534714
P,2.0,10:40,203,-259.2576,-1.2771310344827587,-1.0005,1.3062204176089987,0.0,-1.1750586206896552,-1.4812758620689657,0.7763546798029556,-1.0,-13.930509778123378
P,2.0,10:45,208,-253.7496,-1.2199499999999999,-1.0005,1.0484344670463774,0.0,-1.117925,-1.424,0.7192307692307692,-1.0,-16.781563051408998
P,2.0,10:50,203,-258.7571,-1.2746655172413792,-1.0005,1.6218078458023453,0.0,-1.1725931034482757,-1.4788103448275862,0.7738916256157635,-1.0,-11.19811334829516
P,2.0,10:55,188,-244.3502,-1.2997351063829787,-0.95045,1.670893302098086,0.0,-1.1975053191489362,-1.5041946808510638,0.7989361702127661,-1.0,-10.665594206630118
P,2.0,11:00,192,-264.8687,-1.3795244791666665,-0.9004,3.053535338527863,0.0,-1.2773390625,-1.5838953125,0.8786458333333332,-1.0,-6.260039523508155
P,2.0,11:05,187,-228.1345,-1.219970588235294,-0.9004,1.0636489400543228,0.0,-1.1177294117647059,-1.4244529411764706,0.7192513368983957,-1.0,-15.68454238609128
P,2.0,11:10,191,-248.2526,-1.299751832460733,-0.9004,2.331276971868082,0.0,-1.197555497382199,-1.504144502617801,0.7989528795811518,-1.0,-7.705188153335475
P,2.0,11:15,186,-262.3692,-1.4105870967741934,-0.9004,3.681605208314257,0.0,-1.3061817204301074,-1.6193978494623655,0.9096774193548388,-1.0,-5.225395455706368
P,2.0,11:20,181,-251.16049999999998,-1.3876270718232044,-0.9004,3.324757016098526,0.0,-1.2831027624309392,-1.5966756906077346,0.8867403314917127,-1.0,-5.615030768100472
P,2.0,11:25,167,-223.3397,-1.3373634730538921,-0.9004,2.461898087536684,0.0,-1.232468263473054,-1.547153892215569,0.8365269461077843,-1.0,-7.02000824007014
P,2.0,11:30,172,-237.2511,-1.3793668604651164,-0.9004,3.3504505968418345,0.0,-1.274611046511628,-1.588878488372093,0.8784883720930232,-1.0,-5.399341448869871
P,2.0,11:35,171,-219.4338,-1.283238596491228,-0.9004,2.3715181255217135,0.0,-1.180797076023392,-1.4881216374269004,0.7824561403508773,-1.0,-7.075856560858932
P,2.0,11:40,174,-234.5474,-1.347973563218391,-0.9004,3.661394460119239,0.0,-1.2455724137931035,-1.5527758620689656,0.8471264367816093,-1.0,-4.856344406571474
P,2.0,11:45,158,-229.15,-1.4503164556962025,-0.9004,4.706588577198363,0.0,-1.3445145569620254,-1.661920253164557,0.9493670886075949,-1.0,-3.8733351912689455
P,2.0,11:50,176,-196.0079,-1.11368125,-0.9004,1.3594659158195177,0.0,-1.01130625,-1.31843125,0.6130681818181819,-1.0,-10.867982196015156
P,2.0,11:55,169,-189.605,-1.1219230769230768,-0.9004,1.519276353509569,0.0,-1.0194538461538463,-1.3268615384615385,0.621301775147929,-1.0,-9.599965119122837
P,2.0,12:00,176,-185.097,-1.0516875,-0.9004,0.7100743636408795,0.0,-0.9515875,-1.2518875,0.5511363636363636,-1.0,-19.64894390115444
P,2.0,12:05,165,-186.70409999999998,-1.13154,-0.9004,1.5066434182014525,0.0,-1.0290133333333333,-1.3365933333333333,0.630909090909091,-1.0,-9.647202713309358
P,2.0,12:10,154,-183.106,-1.189,-0.9004,2.4449834886700734,0.0,-1.0863,-1.3943999999999999,0.6883116883116883,-1.0,-6.034847283614596
P,2.0,12:15,159,-163.584,-1.0288301886792452,-0.9004,0.7469715005454888,0.0,-0.9287301886792454,-1.2290301886792452,0.5283018867924528,-1.0,-17.36753684757436
P,2.0,12:20,166,-173.89079999999998,-1.047534939759036,-0.9004,1.1618644975428947,0.0,-0.945022891566265,-1.2525590361445784,0.546987951807229,-1.0,-11.616280222084333
P,2.0,12:25,154,-168.9919,-1.0973499999999998,-0.9004,1.5892203436959247,0.0,-0.9946499999999999,-1.30275,0.5967532467532468,-1.0,-8.568827745911133
P,2.0,12:30,173,-178.9924,-1.0346381502890174,-0.9004,1.390610154790285,0.0,-0.9322236994219653,-1.2394670520231212,0.5341040462427746,-1.0,-9.786020997006052
P,2.0,12:35,151,-145.2697,-0.9620509933774835,-0.9004,0.6206050307957605,0.0,-0.8619509933774834,-1.1622509933774834,0.46158940397350995,-1.0,-19.04896019253415
P,2.0,12:40,155,-144.2667,-0.9307529032258064,-0.9004,0.3415335617570425,0.0,-0.8306529032258063,-1.1309529032258063,0.4303225806451613,-1.0,-33.928672005420765
P,2.0,12:45,143,-136.8653,-0.9571,-0.9004,0.7043720682731395,0.0,-0.857,-1.1573,0.4566433566433567,-1.0,-16.248871686922342
P,2.0,12:50,143,-132.4609,-0.9263,-0.9004,0.5121664248665305,0.0,-0.8261999999999999,-1.1264999999999998,0.42587412587412593,-1.0,-21.627612409816695
P,2.0,12:55,150,-135.6606,-0.9044039999999999,-0.8003,0.4983968401981128,0.0,-0.8043039999999999,-1.104604,0.404,-1.0,-22.224542198657236
P,2.0,13:00,179,-160.2707,-0.8953670391061452,-0.8003,0.4019818495785873,0.0,-0.7952670391061453,-1.0955670391061452,0.39497206703910615,-1.0,-29.800336917077253
P,2.0,13:05,144,-122.7507,-0.8524354166666667,-0.8003,0.096876212895633,0.0,-0.7523354166666666,-1.0526354166666667,0.35208333333333336,-1.0,-105.59067798222233
P,2.0,13:10,126,-105.9429,-0.8408166666666667,-0.8003,0.06353449928975592,0.0,-0.7407166666666666,-1.0410166666666665,0.34047619047619054,-1.0,-148.55147645414277
P,2.0,13:15,111,-93.538,-0.8426846846846846,-0.8003,0.07084512711567419,0.0,-0.7425846846846846,-1.0428846846846846,0.3423423423423424,-1.0,-125.31890931854157
P,2.0,13:20,105,-88.1356,-0.8393866666666666,-0.8003,0.058062045836042166,0.0,-0.7392866666666665,-1.0395866666666667,0.33904761904761904,-1.0,-148.13728526246805
P,2.0,13:25,101,-84.6341,-0.8379613861386139,-0.8003,0.06146414722469844,0.0,-0.7378613861386139,-1.0381613861386139,0.33762376237623765,-1.0,-137.01333356515048
P,3.0,08:45,249,-182.77422,-0.7340330120481928,-1.1006,12.18389514861283,0.004016064257028112,-0.6323249799196787,-0.9374490763052208,1.0289156626506024,-0.9075392286027044,-0.9506685191548405
P,3.0,08:50,242,-238.63362,-0.9860893388429752,-1.1006,6.126044072004093,0.004132231404958678,-0.8810257024793389,-1.196216611570248,0.8909090909090909,-0.9452253086774461,-2.5040548033010537
P,3.0,08:55,235,-216.01452,-0.9192107234042554,-1.0005,6.240945489188556,0.00425531914893617,-0.8174068936170212,-1.1228183829787235,0.8361702127659575,-0.9292519288152424,-2.2578683923337004
P,3.0,09:00,230,-215.31632,-0.9361579130434782,-1.0005,6.341864602360107,0.004347826086956522,-0.8325761739130435,-1.1433213913043476,0.8621739130434783,-0.9300841565262966,-2.238700853982329
P,3.0,09:05,228,-298.2841,-1.3082635964912281,-1.0005,1.372433425084835,0.0,-1.2064074561403508,-1.5119758771929825,0.8074561403508772,-1.0,-14.393665107056233
P,3.0,09:10,221,-278.2676,-1.259129411764706,-1.0005,1.1053460911300448,0.0,-1.1590294117647058,-1.4593294117647058,0.7583710407239819,-1.0,-16.934338074989952
P,3.0,09:15,207,-255.2516,-1.2330995169082126,-1.0005,0.9815518831277386,0.0,-1.1329995169082125,-1.4332995169082126,0.7323671497584541,-1.0,-18.074655969460807
P,3.0,09:20,220,-260.0499,-1.182045,-0.9004,0.821315921298026,0.0,-1.081945,-1.3822450000000002,0.6813636363636364,-1.0,-21.346914417108994
P,3.0,09:25,204,-143.75782,-0.7046951960784315,-0.9004,6.743537295966202,0.004901960784313725,-0.6045951960784313,-0.9048951960784314,0.6852941176470588,-0.8767012820396899,-1.4925491135764637
P,3.0,09:30,206,-148.96202,-0.7231166019417475,-0.9004,6.746587174399641,0.0048543689320388345,-0.6230166019417476,-0.9233166019417475,0.6990291262135923,-0.8677218080547145,-1.5383593886312437
P,3.0,09:35,195,-222.9253,-1.1432066666666667,-0.9004,0.7881119014995417,0.0,-1.0431066666666666,-1.3434066666666666,0.6425641025641026,-1.0,-20.256022377781033
P,3.0,09:40,189,-123.14471999999999,-0.6515593650793651,-0.9004,6.946642015597425,0.005291005291005291,-0.5514593650793651,-0.851759365079365,0.6703703703703704,-0.8871698321797148,-1.2894662357133588
P,3.0,09:45,181,-110.63622,-0.6112498342541436,-0.9004,7.3100355961524635,0.0055248618784530384,-0.5089376795580112,-0.8158741436464089,0.6530386740331492,-0.7289823240304579,-1.1249638063622707
P,3.0,09:50,171,-97.72832,-0.5715106432748538,-0.9004,7.4097503402178795,0.005847953216374269,-0.4714106432748538,-0.7717106432748538,0.6450292397660818,-0.8087714818547898,-1.0085996254172418
P,3.0,09:55,170,-192.9078,-1.1347517647058825,-0.9004,0.7978408334557787,0.0,-1.0346517647058822,-1.3349517647058824,0.6341176470588236,-1.0,-18.544241215973223
P,3.0,10:00,178,-197.8087,-1.111284831460674,-0.9004,0.7662265092999107,0.0,-1.0111848314606742,-1.3114848314606742,0.6106741573033708,-1.0,-19.34987725033712
P,3.0,10:05,158,-182.6035,-1.1557183544303797,-0.9004,1.0059955611353493,0.0,-1.0556183544303797,-1.3559183544303797,0.6550632911392406,-1.0,-14.440575103237233
P,3.0,10:10,154,-177.5004,-1.1526,-0.9004,0.9676821150651661,0.0,-1.0525,-1.3528,0.6519480519480519,-1.0,-14.781083190119553
P,3.0,10:15,145,-159.8873,-1.1026710344827586,-0.9004,0.6535810513493717,0.0,-1.0025710344827585,-1.3028710344827588,0.6020689655172413,-1.0,-20.315640307511256
P,3.0,10:20,144,-150.4784,-1.0449888888888887,-0.9004,0.4460579085475089,0.0,-0.9448888888888889,-1.245188888888889,0.5444444444444445,-1.0,-28.11264283487323
P,3.0,10:25,154,-165.7887,-1.0765500000000001,-0.9004,0.5853650803452335,0.0,-0.97645,-1.2767499999999998,0.575974025974026,-1.0,-22.822738513394555
P,3.0,10:30,145,-161.4889,-1.1137165517241379,-0.9004,0.7732374203285564,0.0,-1.013616551724138,-1.313916551724138,0.6131034482758622,-1.0,-17.343862103639776
P,3.0,10:35,133,-143.4769,-1.0787736842105262,-0.9004,0.6968259446269659,0.0,-0.9786736842105264,-1.2789736842105264,0.5781954887218046,-1.0,-17.853848776112397
P,3.0,10:40,141,-158.4879,-1.124027659574468,-0.9004,0.909096203309826,0.0,-1.023927659574468,-1.3242276595744682,0.623404255319149,-1.0,-14.681712338568701
P,3.0,10:45,121,-135.6751,-1.121281818181818,-0.9004,1.0808109752249317,0.0,-1.0178727272727273,-1.3280999999999998,0.6206611570247934,-1.0,-11.411893737878726
P,3.0,10:50,151,-159.7842,-1.0581735099337748,-0.9004,0.7309756001127978,0.0,-0.9580735099337747,-1.2583735099337747,0.5576158940397351,-1.0,-17.788629036853965
P,3.0,10:55,126,-139.9769,-1.1109277777777777,-0.9004,0.8519049290280122,0.0,-1.0108277777777779,-1.311127777777778,0.6103174603174604,-1.0,-14.637940165355827
P,3.0,11:00,131,-151.4859,-1.1563809160305343,-0.9004,1.4587022909798708,0.0,-1.053224427480916,-1.362693893129771,0.6557251908396947,-1.0,-9.073396687958908
P,3.0,11:05,132,-146.8808,-1.1127333333333334,-0.9004,1.2289003484880268,0.0,-1.0096,-1.319,0.6121212121212121,-1.0,-10.403067018556868
P,3.0,11:10,119,-139.9804,-1.1763058823529413,-0.9004,1.77927174972568,0.0,-1.0728411764705883,-1.383235294117647,0.6756302521008404,-1.0,-7.2119293926400845
P,3.0,11:15,117,-142.3838,-1.2169555555555556,-0.9004,2.1041107879595273,0.0,-1.110011111111111,-1.4308444444444444,0.7162393162393162,-1.0,-6.256033209788459
P,3.0,11:20,124,-158.096,-1.274967741935484,-0.9004,2.5770543299984903,0.0,-1.1684096774193549,-1.488083870967742,0.7741935483870968,-1.0,-5.509173690808769
P,3.0,11:25,106,-143.3903,-1.352738679245283,-0.9004,3.0453231022752862,0.0,-1.245083962264151,-1.5680481132075472,0.8518867924528302,-1.0,-4.573339724941181
P,3.0,11:30,108,-127.4734,-1.1803092592592592,-0.9004,1.7501125801724728,0.0,-1.0727944444444444,-1.3953388888888887,0.6796296296296297,-1.0,-7.008768334707542
P,3.0,11:35,102,-131.8808,-1.292949019607843,-0.9004,2.807704653508923,0.0,-1.1889235294117648,-1.5010000000000001,0.792156862745098,-1.0,-4.650825717106828
P,3.0,11:40,93,-104.6581,-1.1253559139784948,-0.9004,1.2817912711160153,0.0,-1.0252559139784947,-1.3255559139784947,0.624731182795699,-1.0,-8.4666978632002
P,3.0,11:45,114,-129.4724,-1.1357228070175438,-0.9004,1.643569483336461,0.0,-1.0321105263157895,-1.3429473684210527,0.6350877192982457,-1.0,-7.3779669226558475
P,3.0,11:50,94,-102.05499999999999,-1.085691489361702,-0.9004,1.0609805350904271,0.0,-0.9855914893617022,-1.2858914893617022,0.5851063829787234,-1.0,-9.921171200183208
P,3.0,11:55,102,-110.85979999999999,-1.0868607843137255,-0.9004,1.3063629425449976,0.0,-0.982835294117647,-1.2949117647058823,0.5862745098039216,-1.0,-8.402531563781293
P,3.0,12:00,98,-98.4494,-1.0045857142857142,-0.9004,0.6096336576131977,0.0,-0.9044857142857143,-1.2047857142857143,0.5040816326530613,-1.0,-16.312897209283854
P,3.0,12:05,94,-102.3553,-1.088886170212766,-0.9004,1.2553962155346505,0.0,-0.9845265957446809,-1.2976053191489363,0.5882978723404256,-1.0,-8.40941129030182
P,3.0,12:10,93,-97.4509,-1.0478591397849464,-0.9004,1.1410857299497281,0.0,-0.9434537634408602,-1.2566698924731183,0.5473118279569893,-1.0,-8.855765457031627
P,3.0,12:15,98,-95.3463,-0.9729214285714286,-0.9004,0.6564437553736588,0.0,-0.8728214285714284,-1.1731214285714286,0.4724489795918368,-1.0,-14.672134020654173
P,3.0,12:20,103,-101.4499,-0.9849504854368932,-0.9004,0.7928800809204066,0.0,-0.8848504854368933,-1.185150485436893,0.4844660194174757,-1.0,-12.6073991694684
P,3.0,12:25,97,-99.1506,-1.0221711340206185,-0.9004,0.9773885096221504,0.0,-0.9220711340206186,-1.2223711340206185,0.5216494845360825,-1.0,-10.300119194118249
P,3.0,12:30,96,-95.84779999999999,-0.9984145833333332,-0.9004,0.8822653634675689,0.0,-0.8983145833333332,-1.1986145833333333,0.49791666666666673,-1.0,-11.08784899503782
P,3.0,12:35,87,-79.8363,-0.9176586206896551,-0.9004,0.2799001676477493,0.0,-0.8175586206896552,-1.117858620689655,0.4172413793103449,-1.0,-30.580009538539805
P,3.0,12:40,98,-90.7417,-0.9259357142857142,-0.9004,0.386835048692472,0.0,-0.8258357142857142,-1.1261357142857142,0.4255102040816327,-1.0,-23.69561896260956
P,3.0,12:45,89,-84.54,-0.9498876404494383,-0.9004,0.5662759628445354,0.0,-0.8497876404494382,-1.1500876404494382,0.449438202247191,-1.0,-15.824832176452398
P,3.0,12:50,81,-73.9334,-0.9127580246913581,-0.8003,0.33476780343403617,0.0,-0.8126580246913581,-1.112958024691358,0.41234567901234576,-1.0,-24.538865858529018
P,3.0,12:55,91,-79.2337,-0.8707,-0.8003,0.1395783985197328,0.0,-0.7706000000000001,-1.0709,0.37032967032967035,-1.0,-59.507407412781696
P,3.0,13:00,116,-101.5435,-0.8753749999999999,-0.8003,0.11797923905427637,0.0,-0.7752749999999999,-1.075575,0.37500000000000006,-1.0,-79.91301996576993
P,3.0,13:05,87,-73.2297,-0.8417206896551723,-0.8003,0.07086647965754844,0.0,-0.7416206896551725,-1.0419206896551723,0.3413793103448276,-1.0,-110.78648138273736
P,3.0,13:10,77,-65.3268,-0.8484,-0.8003,0.07890306177769488,0.0,-0.7483,-1.0486,0.3480519480519481,-1.0,-94.3522294133333
P,3.0,13:15,77,-65.527,-0.851,-0.8003,0.07007635309544792,0.0,-0.7509,-1.0512,0.3506493506493507,-1.0,-106.56226193020562
P,3.0,13:20,68,-57.1231,-0.8400455882352942,-0.8003,0.0602581447614891,0.0,-0.7399455882352941,-1.0402455882352941,0.3397058823529412,-1.0,-114.95862357985565
P,3.0,13:25,73,-61.2247,-0.8386945205479451,-0.8003,0.06159322403752193,0.0,-0.7385945205479452,-1.0388945205479452,0.3383561643835617,-1.0,-116.34086763137451
