date,slot,fut,spot,basis,basis_prev,abn,abn_pct,pct
2017-05-17,09:30,10001.0,9998.56,2.4400000000005093,-6.489999999999782,8.930000000000291,0.0893128610519944,0.7355072463768116
2017-05-17,10:00,9997.0,9990.47,6.530000000000655,-6.489999999999782,13.020000000000437,0.1303241989616148,0.8043478260869565
2017-05-17,10:30,9998.0,9992.98,5.020000000000437,-6.489999999999782,11.510000000000218,0.11518085696158922,0.7246376811594203
2017-05-17,11:00,9992.0,9986.21,5.790000000000873,-6.489999999999782,12.280000000000655,0.12296957504399222,0.7318840579710145
2017-05-17,11:30,9983.0,9974.92,8.079999999999927,-6.489999999999782,14.569999999999709,0.1460663343665885,0.7572463768115942
2017-05-17,12:00,9979.0,9976.57,2.430000000000291,-6.489999999999782,8.920000000000073,0.08940948642669848,0.6014492753623188
2017-05-24,09:30,10010.0,10035.32,-25.31999999999971,-7.8400000000001455,-17.479999999999563,-0.1741847793592986,0.12318840579710146
2017-05-24,10:00,10009.0,10034.23,-25.229999999999563,-7.8400000000001455,-17.389999999999418,-0.17330677092312435,0.13043478260869565
2017-05-24,10:30,10017.0,10038.93,-21.93000000000029,-7.8400000000001455,-14.090000000000146,-0.14035360342188008,0.15217391304347827
2017-05-24,11:00,10025.0,10053.87,-28.8700000000008,-7.8400000000001455,-21.030000000000655,-0.20917318405748883,0.07608695652173914
2017-05-24,11:30,10026.0,10055.1,-29.100000000000364,-7.8400000000001455,-21.26000000000022,-0.21143499318753883,0.05434782608695652
2017-05-24,12:00,10027.0,10054.13,-27.1299999999992,-7.8400000000001455,-19.289999999999054,-0.1918614539497605,0.07608695652173914
2017-05-31,09:30,10095.0,10095.09,-0.09000000000014552,-7.950000000000728,7.860000000000582,0.07785963275216548,0.7028985507246377
2017-05-31,10:00,10091.0,10093.94,-2.9400000000005093,-7.950000000000728,5.010000000000218,0.04963374064042602,0.605072463768116
2017-05-31,10:30,10060.0,10062.75,-2.75,-7.950000000000728,5.200000000000728,0.05167573476436091,0.5579710144927537
2017-05-31,11:00,10063.0,10065.74,-2.7399999999997817,-7.950000000000728,5.210000000000946,0.05175973152496434,0.5615942028985508
2017-05-31,11:30,10056.0,10064.37,-8.3700000000008,-7.950000000000728,-0.42000000000007276,-0.0041731375138242405,0.36594202898550726
2017-05-31,12:00,10041.0,10039.62,1.3799999999991996,-7.950000000000728,9.329999999999927,0.09293180419179138,0.6195652173913043
2017-06-07,09:30,10217.0,10233.19,-16.19000000000051,-14.180000000000293,-2.0100000000002165,-0.019641968926602714,0.4420289855072464
2017-06-07,10:00,10210.0,10223.52,-13.520000000000437,-14.180000000000293,0.6599999999998563,0.006455702145639234,0.5036231884057971
2017-06-07,10:30,10201.0,10215.07,-14.069999999999709,-14.180000000000293,0.11000000000058385,0.0010768403936594058,0.43478260869565216
2017-06-07,11:00,10168.0,10189.2,-21.200000000000728,-14.180000000000293,-7.020000000000435,-0.06889647862443013,0.23550724637681159
2017-06-07,11:30,10183.0,10200.23,-17.229999999999563,-14.180000000000293,-3.0499999999992706,-0.029901286539610095,0.30434782608695654
2017-06-07,12:00,10189.0,10202.08,-13.079999999999927,-14.180000000000293,1.1000000000003656,0.010782115019685845,0.39855072463768115
2017-06-14,09:30,10133.0,10141.54,-8.540000000000873,-3.149999999999636,-5.390000000001237,-0.05314774679191954,0.37318840579710144
2017-06-14,10:00,10117.0,10132.4,-15.399999999999636,-3.149999999999636,-12.25,-0.120899293355967,0.18478260869565216
2017-06-14,10:30,10061.0,10067.13,-6.1299999999992,-3.149999999999636,-2.9799999999995634,-0.02960128656329623,0.38768115942028986
2017-06-14,11:00,10054.0,10062.96,-8.959999999999127,-3.149999999999636,-5.809999999999491,-0.05773649105232945,0.2644927536231884
2017-06-14,11:30,10055.0,10061.35,-6.350000000000364,-3.149999999999636,-3.2000000000007276,-0.03180487707912683,0.3007246376811594
2017-06-14,12:00,10054.0,10065.54,-11.540000000000873,-3.149999999999636,-8.390000000001237,-0.08335369985118768,0.21739130434782608
2017-06-21,09:30,10296.0,10301.05,-5.049999999999272,1.5400000000008731,-6.5900000000001455,-0.06397406089670613,0.32971014492753625
2017-06-21,10:00,10315.0,10324.47,-9.469999999999345,1.5400000000008731,-11.010000000000218,-0.1066398565737536,0.22826086956521738
2017-06-21,10:30,10324.0,10330.33,-6.329999999999927,1.5400000000008731,-7.8700000000008,-0.07618343266866402,0.2572463768115942
2017-06-21,11:00,10300.0,10309.44,-9.44000000000051,1.5400000000008731,-10.980000000001382,-0.10650433001211881,0.18840579710144928
2017-06-21,11:30,10307.0,10311.89,-4.889999999999418,1.5400000000008731,-6.430000000000291,-0.06235520355628592,0.22826086956521738
2017-06-21,12:00,10312.0,10310.01,1.9899999999997817,1.5400000000008731,0.4499999999989086,0.004364690237923228,0.3804347826086957
2017-06-28,09:30,10326.0,10448.76,-122.76000000000022,-138.0599999999995,15.299999999999272,0.1464288585439734,0.8623188405797102
2017-06-28,10:00,10318.0,10435.67,-117.67000000000007,-138.0599999999995,20.389999999999418,0.19538755058371354,0.9202898550724637
2017-06-28,10:30,10273.0,10399.17,-126.17000000000007,-138.0599999999995,11.889999999999418,0.11433604797305377,0.7137681159420289
2017-06-28,11:00,10265.0,10386.97,-121.96999999999935,-138.0599999999995,16.090000000000146,0.15490561732632468,0.7971014492753623
2017-06-28,11:30,10288.0,10411.49,-123.48999999999978,-138.0599999999995,14.569999999999709,0.13994154535037454,0.7355072463768116
2017-06-28,12:00,10279.0,10403.62,-124.6200000000008,-138.0599999999995,13.43999999999869,0.12918580263407053,0.7101449275362319
2017-07-05,09:30,10234.0,10357.44,-123.44000000000051,-131.78000000000063,8.340000000000117,0.08052182778756253,0.7101449275362319
2017-07-05,10:00,10180.0,10312.54,-132.54000000000087,-131.78000000000063,-0.7600000000002467,-0.007369668384318961,0.4601449275362319
2017-07-05,10:30,10233.0,10340.17,-107.17000000000007,-131.78000000000063,24.610000000000554,0.23800382392166236,0.9347826086956522
2017-07-05,11:00,10245.0,10338.8,-93.79999999999927,-131.78000000000063,37.980000000001354,0.3673540449568747,0.9891304347826086
2017-07-05,11:30,10263.0,10364.18,-101.18000000000029,-131.78000000000063,30.600000000000335,0.29524767034150634,0.9637681159420289
2017-07-05,12:00,10258.0,10362.1,-104.10000000000036,-131.78000000000063,27.680000000000263,0.26712731975179027,0.9565217391304348
2017-07-12,09:30,10358.0,10434.54,-76.54000000000087,-62.56999999999971,-13.970000000001164,-0.13388227942967454,0.20652173913043478
2017-07-12,10:00,10343.0,10421.77,-78.77000000000044,-62.56999999999971,-16.200000000000728,-0.15544384495148833,0.14130434782608695
2017-07-12,10:30,10355.0,10434.91,-79.90999999999985,-62.56999999999971,-17.340000000000146,-0.1661729713049767,0.11231884057971014
2017-07-12,11:00,10357.0,10435.05,-78.04999999999927,-62.56999999999971,-15.479999999999563,-0.14834619862865597,0.13043478260869565
2017-07-12,11:30,10360.0,10438.9,-78.89999999999964,-62.56999999999971,-16.329999999999927,-0.156434107041929,0.08333333333333333
2017-07-12,12:00,10348.0,10425.84,-77.84000000000015,-62.56999999999971,-15.270000000000437,-0.1464630188071219,0.12318840579710146
2017-07-19,09:30,10491.0,10496.81,-5.809999999999491,-20.26000000000022,14.450000000000728,0.13766087030250834,0.8405797101449275
2017-07-19,10:00,10525.0,10519.72,5.280000000000655,-20.26000000000022,25.540000000000873,0.24278212728096257,0.9528985507246377
2017-07-19,10:30,10535.0,10526.59,8.409999999999854,-20.26000000000022,28.670000000000073,0.2723579050765734,0.9637681159420289
2017-07-19,11:00,10535.0,10535.71,-0.7099999999991269,-20.26000000000022,19.55000000000109,0.1855593975156975,0.8333333333333334
2017-07-19,11:30,10536.0,10529.93,6.069999999999709,-20.26000000000022,26.329999999999927,0.2500491456258487,0.9239130434782609
2017-07-19,12:00,10524.0,10524.2,-0.2000000000007276,-20.26000000000022,20.05999999999949,0.19060831227076158,0.8369565217391305
2017-07-26,09:30,10416.0,10496.0,-80.0,-96.14999999999964,16.149999999999636,0.15386814024389897,0.8804347826086957
2017-07-26,10:00,10364.0,10471.9,-107.89999999999964,-96.14999999999964,-11.75,-0.11220504397482786,0.20652173913043478
2017-07-26,10:30,10349.0,10449.75,-100.75,-96.14999999999964,-4.600000000000364,-0.0440201918706224,0.32971014492753625
2017-07-26,11:00,10353.0,10452.18,-99.18000000000029,-96.14999999999964,-3.030000000000655,-0.028989167809975097,0.3188405797101449
2017-07-26,11:30,10352.0,10451.08,-99.07999999999993,-96.14999999999964,-2.930000000000291,-0.028035380075554787,0.3079710144927536
2017-07-26,12:00,10352.0,10448.81,-96.80999999999949,-96.14999999999964,-0.6599999999998545,-0.006316508769896806,0.35144927536231885
2017-08-02,09:30,10436.0,10498.02,-62.02000000000044,-52.29000000000087,-9.729999999999563,-0.0926841442481493,0.2572463768115942
2017-08-02,10:00,10443.0,10498.87,-55.8700000000008,-52.29000000000087,-3.5799999999999272,-0.03409890778721831,0.3695652173913043
2017-08-02,10:30,10446.0,10495.24,-49.23999999999978,-52.29000000000087,3.0500000000010914,0.029060793273913615,0.5144927536231884
2017-08-02,11:00,10449.0,10499.98,-50.97999999999956,-52.29000000000087,1.3100000000013097,0.012476214240420551,0.42391304347826086
2017-08-02,11:30,10455.0,10503.5,-48.5,-52.29000000000087,3.790000000000873,0.03608321035846026,0.4673913043478261
2017-08-02,12:00,10463.0,10509.44,-46.44000000000051,-52.29000000000087,5.850000000000364,0.05566424091103202,0.5253623188405797
2017-08-09,09:30,10485.0,10527.15,-42.149999999999636,-44.96999999999935,2.819999999999716,0.02678787706074024,0.572463768115942
2017-08-09,10:00,10483.0,10520.35,-37.350000000000364,-44.96999999999935,7.6199999999989885,0.07243105029774663,0.677536231884058
2017-08-09,10:30,10462.0,10495.58,-33.57999999999993,-44.96999999999935,11.389999999999425,0.10852187301701693,0.6956521739130435
2017-08-09,11:00,10453.0,10491.48,-38.47999999999956,-44.96999999999935,6.489999999999789,0.061859718552575896,0.5833333333333334
2017-08-09,11:30,10448.0,10474.29,-26.290000000000873,-44.96999999999935,18.67999999999848,0.17834144366824364,0.8115942028985508
2017-08-09,12:00,10449.0,10478.15,-29.149999999999636,-44.96999999999935,15.819999999999716,0.15098085062725497,0.7608695652173914
2017-08-16,09:30,10297.0,10306.93,-9.930000000000291,-15.159999999999854,5.229999999999563,0.05074255864743006,0.6557971014492754
2017-08-16,10:00,10312.0,10316.2,-4.200000000000728,-15.159999999999854,10.959999999999127,0.10624067001414401,0.7681159420289855
2017-08-16,10:30,10302.0,10304.95,-2.9500000000007276,-15.159999999999854,12.209999999999127,0.11848674666057697,0.7318840579710145
2017-08-16,11:00,10305.0,10310.29,-5.290000000000873,-15.159999999999854,9.869999999998981,0.09572960605374806,0.6702898550724637
2017-08-16,11:30,10305.0,10312.52,-7.520000000000437,-15.159999999999854,7.639999999999418,0.07408470480541533,0.5579710144927537
2017-08-16,12:00,10312.0,10314.66,-2.6599999999998545,-15.159999999999854,12.5,0.12118673809897756,0.7065217391304348
2017-08-23,09:30,10386.0,10444.03,-58.030000000000655,-42.06999999999971,-15.960000000000946,-0.1528145744506761,0.17391304347826086
2017-08-23,10:00,10372.0,10426.3,-54.29999999999927,-42.06999999999971,-12.229999999999563,-0.11729952140260269,0.19927536231884058
2017-08-23,10:30,10374.0,10421.72,-47.719999999999345,-42.06999999999971,-5.649999999999636,-0.054213699849925315,0.30434782608695654
2017-08-23,11:00,10375.0,10432.51,-57.51000000000022,-42.06999999999971,-15.44000000000051,-0.14799889959367887,0.13405797101449277
2017-08-23,11:30,10371.0,10427.26,-56.26000000000022,-42.06999999999971,-14.19000000000051,-0.13608560638173892,0.10507246376811594
2017-08-23,12:00,10374.0,10429.81,-55.80999999999949,-42.06999999999971,-13.739999999999782,-0.13173777854054658,0.14130434782608695
2017-08-30,09:30,10539.0,10564.58,-25.579999999999927,-30.56999999999971,4.989999999999782,0.04723330222308678,0.6485507246376812
2017-08-30,10:00,10501.0,10544.82,-43.81999999999971,-30.56999999999971,-13.25,-0.12565411263539822,0.17391304347826086
2017-08-30,10:30,10505.0,10544.56,-39.55999999999949,-30.56999999999971,-8.989999999999782,-0.0852572321652092,0.2318840579710145
2017-08-30,11:00,10508.0,10544.32,-36.31999999999971,-30.56999999999971,-5.75,-0.0545317289308367,0.26811594202898553
2017-08-30,11:30,10525.0,10543.62,-18.6200000000008,-30.56999999999971,11.949999999998909,0.11333868253976251,0.644927536231884
2017-08-30,12:00,10525.0,10549.38,-24.3799999999992,-30.56999999999971,6.190000000000509,0.05867643406532431,0.5289855072463768
2017-09-06,09:30,10558.0,10588.56,-30.55999999999949,-40.84000000000015,10.280000000000662,0.09708591158760646,0.7572463768115942
2017-09-06,10:00,10550.0,10582.3,-32.29999999999927,-40.84000000000015,8.54000000000088,0.08070079283332433,0.6992753623188406
2017-09-06,10:30,10562.0,10588.85,-26.850000000000364,-40.84000000000015,13.989999999999789,0.13212010747153646,0.7572463768115942
2017-09-06,11:00,10521.0,10549.63,-28.6299999999992,-40.84000000000015,12.210000000000953,0.11573865623724201,0.717391304347826
2017-09-06,11:30,10504.0,10532.24,-28.23999999999978,-40.84000000000015,12.600000000000371,0.11963267073291504,0.6739130434782609
2017-09-06,12:00,10516.0,10542.93,-26.93000000000029,-40.84000000000015,13.909999999999862,0.13193675761861134,0.7137681159420289
2017-09-13,09:30,10566.0,10592.04,-26.040000000000873,-23.350000000000364,-2.6900000000005093,-0.0253964297717957,0.4384057971014493
2017-09-13,10:00,10535.0,10566.59,-31.590000000000146,-23.350000000000364,-8.239999999999782,-0.07798163835257904,0.2717391304347826
2017-09-13,10:30,10533.0,10555.46,-22.459999999999127,-23.350000000000364,0.8900000000012369,0.008431655276048954,0.45652173913043476
2017-09-13,11:00,10530.0,10555.41,-25.409999999999854,-23.350000000000364,-2.0599999999994907,-0.01951605858985573,0.35144927536231885
2017-09-13,11:30,10535.0,10560.09,-25.090000000000146,-23.350000000000364,-1.7399999999997817,-0.016477132297165856,0.33695652173913043
2017-09-13,12:00,10547.0,10575.67,-28.670000000000073,-23.350000000000364,-5.319999999999709,-0.05030414148701415,0.2717391304347826
2017-09-20,09:30,10529.0,10520.13,8.8700000000008,-3.139999999999418,12.010000000000218,0.11416208735063368,0.7971014492753623
2017-09-20,10:00,10541.0,10529.26,11.739999999999782,-3.139999999999418,14.8799999999992,0.14132047266378833,0.8442028985507246
2017-09-20,10:30,10548.0,10540.47,7.530000000000655,-3.139999999999418,10.670000000000073,0.10122888258303543,0.6739130434782609
2017-09-20,11:00,10542.0,10540.45,1.5499999999992724,-3.139999999999418,4.68999999999869,0.04449525399768217,0.5362318840579711
2017-09-20,11:30,10535.0,10527.42,7.579999999999927,-3.139999999999418,10.719999999999345,0.1018293181045246,0.6195652173913043
2017-09-20,12:00,10512.0,10513.13,-1.1299999999991996,-3.139999999999418,2.0100000000002183,0.019118949351907742,0.42028985507246375
2017-09-27,09:30,10313.0,10322.51,-9.510000000000218,7.979999999999563,-17.48999999999978,-0.16943553457443764,0.14492753623188406
2017-09-27,10:00,10331.0,10345.61,-14.610000000000582,7.979999999999563,-22.590000000000146,-0.2183534851980709,0.07971014492753623
2017-09-27,10:30,10335.0,10350.05,-15.049999999999272,7.979999999999563,-23.029999999998836,-0.22251100236229618,0.06521739130434782
2017-09-27,11:00,10333.0,10350.4,-17.399999999999636,7.979999999999563,-25.3799999999992,-0.24520791466995673,0.057971014492753624
2017-09-27,11:30,10332.0,10347.16,-15.159999999999854,7.979999999999563,-23.139999999999418,-0.22363624414814712,0.043478260869565216
2017-09-27,12:00,10330.0,10351.51,-21.51000000000022,7.979999999999563,-29.48999999999978,-0.2848859731575372,0.018115942028985508
2017-10-05,09:30,10494.0,10512.73,-18.729999999999563,-10.350000000000364,-8.3799999999992,-0.07971288143041057,0.2898550724637681
2017-10-05,10:00,10500.0,10513.08,-13.079999999999927,-10.350000000000364,-2.7299999999995634,-0.025967651725275216,0.39492753623188404
2017-10-05,10:30,10511.0,10519.41,-8.409999999999854,-10.350000000000364,1.9400000000005093,0.01844209893901378,0.4855072463768116
2017-10-05,11:00,10512.0,10519.97,-7.969999999999345,-10.350000000000364,2.3800000000010186,0.022623638660576206,0.4673913043478261
2017-10-05,11:30,10513.0,10518.05,-5.049999999999272,-10.350000000000364,5.300000000001091,0.05038956840860322,0.5217391304347826
2017-10-05,12:00,10514.0,10516.64,-2.639999999999418,-10.350000000000364,7.710000000000946,0.07331238874774591,0.572463768115942
2017-10-11,09:30,10625.0,10635.8,-10.799999999999272,-16.80999999999949,6.010000000000218,0.0565072679065065,0.6630434782608695
2017-10-11,10:00,10639.0,10645.74,-6.739999999999782,-16.80999999999949,10.069999999999709,0.09459182734126241,0.7282608695652174
2017-10-11,10:30,10637.0,10648.81,-11.80999999999949,-16.80999999999949,5.0,0.046953603266468275,0.5471014492753623
2017-10-11,11:00,10631.0,10638.24,-7.239999999999782,-16.80999999999949,9.569999999999709,0.08995848937417945,0.6521739130434783
2017-10-11,11:30,10584.0,10597.77,-13.770000000000437,-16.80999999999949,3.039999999999054,0.02868528001644737,0.44565217391304346
2017-10-11,12:00,10607.0,10620.47,-13.469999999999345,-16.80999999999949,3.3400000000001455,0.031448702364397674,0.4528985507246377
2017-10-18,09:30,10750.0,10751.64,-1.639999999999418,-0.1499999999996362,-1.4899999999997817,-0.013858350912044877,0.4492753623188406
2017-10-18,10:00,10711.0,10706.5,4.5,-0.1499999999996362,4.649999999999636,0.04343156026712405,0.5905797101449275
2017-10-18,10:30,10728.0,10723.57,4.430000000000291,-0.1499999999996362,4.579999999999927,0.042709657324938685,0.532608695652174
2017-10-18,11:00,10705.0,10713.36,-8.360000000000582,-0.1499999999996362,-8.210000000000946,-0.07663328778273992,0.21014492753623187
2017-10-18,11:30,10692.0,10694.49,-2.4899999999997817,-0.1499999999996362,-2.3400000000001455,-0.021880426275588137,0.32608695652173914
2017-10-18,12:00,10703.0,10702.61,0.3899999999994179,-0.1499999999996362,0.5399999999990541,0.005045498247614872,0.38405797101449274
2017-10-25,09:30,10776.0,10780.96,-4.959999999999127,1.2199999999993452,-6.179999999998472,-0.05732328104360347,0.358695652173913
2017-10-25,10:00,10737.0,10757.9,-20.899999999999636,1.2199999999993452,-22.11999999999898,-0.20561633776107774,0.09782608695652174
2017-10-25,10:30,10746.0,10751.04,-5.040000000000873,1.2199999999993452,-6.260000000000218,-0.05822692502306956,0.3007246376811594
2017-10-25,11:00,10740.0,10746.91,-6.9099999999998545,1.2199999999993452,-8.1299999999992,-0.07564965185340902,0.213768115942029
2017-10-25,11:30,10744.0,10746.53,-2.530000000000655,1.2199999999993452,-3.75,-0.03489498470669137,0.2971014492753623
2017-10-25,12:00,10742.0,10749.15,-7.149999999999636,1.2199999999993452,-8.369999999998981,-0.07786662201196357,0.2246376811594203
2017-11-01,09:30,10790.0,10817.88,-27.8799999999992,-10.799999999999272,-17.079999999999927,-0.15788675784904185,0.16666666666666666
2017-11-01,10:00,10811.0,10832.12,-21.1200000000008,-10.799999999999272,-10.320000000001528,-0.09527220894895484,0.25
2017-11-01,10:30,10805.0,10824.72,-19.719999999999345,-10.799999999999272,-8.920000000000073,-0.08240397904056708,0.2391304347826087
2017-11-01,11:00,10794.0,10820.14,-26.139999999999418,-10.799999999999272,-15.340000000000146,-0.14177265728539692,0.14492753623188406
2017-11-01,11:30,10797.0,10820.93,-23.93000000000029,-10.799999999999272,-13.130000000001019,-0.12133892373392137,0.11956521739130435
2017-11-01,12:00,10780.0,10791.11,-11.110000000000582,-10.799999999999272,-0.3100000000013097,-0.002872735056924725,0.36231884057971014
2017-11-08,09:30,10808.0,10822.36,-14.360000000000582,-23.340000000000146,8.979999999999563,0.08297635635849818,0.717391304347826
2017-11-08,10:00,10811.0,10828.5,-17.5,-23.340000000000146,5.8400000000001455,0.05393175416724519,0.6195652173913043
2017-11-08,10:30,10821.0,10840.48,-19.479999999999563,-23.340000000000146,3.860000000000582,0.03560727938246814,0.5217391304347826
2017-11-08,11:00,10814.0,10830.43,-16.43000000000029,-23.340000000000146,6.9099999999998545,0.06380171424403144,0.5978260869565217
2017-11-08,11:30,10809.0,10825.42,-16.420000000000073,-23.340000000000146,6.920000000000073,0.06392361682041041,0.5471014492753623
2017-11-08,12:00,10811.0,10828.97,-17.969999999999345,-23.340000000000146,5.3700000000008,0.04958920377469696,0.5036231884057971
2017-11-15,09:30,10649.0,10650.3,-1.2999999999992724,-2.180000000000291,0.8800000000010186,0.00826267804663736,0.5144927536231884
2017-11-15,10:00,10647.0,10651.17,-4.170000000000073,-2.180000000000291,-1.9899999999997817,-0.01868339346757006,0.427536231884058
2017-11-15,10:30,10636.0,10642.57,-6.569999999999709,-2.180000000000291,-4.389999999999418,-0.0412494350518664,0.3442028985507246
2017-11-15,11:00,10629.0,10631.67,-2.6700000000000728,-2.180000000000291,-0.4899999999997817,-0.004608871419069457,0.38405797101449274
2017-11-15,11:30,10622.0,10626.5,-4.5,-2.180000000000291,-2.319999999999709,-0.021832211923019894,0.32971014492753625
2017-11-15,12:00,10606.0,10610.45,-4.450000000000728,-2.180000000000291,-2.2700000000004366,-0.021394003081871518,0.3188405797101449
2017-11-22,09:30,10823.0,10837.25,-14.25,1.7600000000002185,-16.01000000000022,-0.1477312048720867,0.18478260869565216
2017-11-22,10:00,10842.0,10847.57,-5.569999999999709,1.7600000000002185,-7.329999999999927,-0.06757273748867192,0.286231884057971
2017-11-22,10:30,10863.0,10865.25,-2.25,1.7600000000002185,-4.010000000000218,-0.036906651940822516,0.358695652173913
2017-11-22,11:00,10860.0,10857.69,2.3099999999994907,1.7600000000002185,0.5499999999992722,0.005065534197414664,0.39855072463768115
2017-11-22,11:30,10852.0,10852.93,-0.930000000000291,1.7600000000002185,-2.6900000000005093,-0.024785933383892726,0.322463768115942
2017-11-22,12:00,10859.0,10866.71,-7.709999999999127,1.7600000000002185,-9.469999999999345,-0.0871468917455177,0.21014492753623187
2017-11-29,09:30,10753.0,10757.71,-4.709999999999127,1.930000000000291,-6.639999999999418,-0.0617231734263093,0.34057971014492755
2017-11-29,10:00,10726.0,10723.88,2.1200000000008004,1.930000000000291,0.19000000000050932,0.0017717467931430539,0.4891304347826087
2017-11-29,10:30,10734.0,10730.92,3.0799999999999272,1.930000000000291,1.1499999999996362,0.010716695306643197,0.463768115942029
2017-11-29,11:00,10725.0,10730.09,-5.0900000000001455,1.930000000000291,-7.020000000000437,-0.06542349598186442,0.25
2017-11-29,11:30,10716.0,10709.72,6.280000000000655,1.930000000000291,4.350000000000364,0.04061730838901824,0.4891304347826087
2017-11-29,12:00,10725.0,10723.87,1.1299999999991996,1.930000000000291,-0.8000000000010914,-0.007459993453865921,0.34057971014492755
2017-12-06,09:30,10525.0,10518.65,6.350000000000364,-1.850000000000364,8.200000000000728,0.07795677201922993,0.7065217391304348
2017-12-06,10:00,10530.0,10521.51,8.489999999999782,-1.850000000000364,10.340000000000146,0.0982748673907086,0.7427536231884058
2017-12-06,10:30,10487.0,10481.62,5.3799999999992,-1.850000000000364,7.229999999999563,0.06897788700601208,0.6195652173913043
2017-12-06,11:00,10462.0,10457.41,4.5900000000001455,-1.850000000000364,6.440000000000509,0.06158312622341965,0.5797101449275363
2017-12-06,11:30,10471.0,10454.09,16.909999999999854,-1.850000000000364,18.76000000000022,0.1794512960955972,0.8152173913043478
2017-12-06,12:00,10437.0,10430.27,6.729999999999563,-1.850000000000364,8.579999999999927,0.08226057427084751,0.5942028985507246
2017-12-13,09:30,10456.0,10481.09,-25.090000000000146,-14.280000000000657,-10.809999999999489,-0.10313812780922108,0.2463768115942029
2017-12-13,10:00,10434.0,10452.59,-18.590000000000146,-14.280000000000657,-4.309999999999489,-0.04123379946979159,0.34782608695652173
2017-12-13,10:30,10453.0,10465.88,-12.8799999999992,-14.280000000000657,1.400000000001457,0.013376801568539454,0.4673913043478261
2017-12-13,11:00,10463.0,10482.87,-19.8700000000008,-14.280000000000657,-5.590000000000144,-0.05332509131564298,0.2717391304347826
2017-12-13,11:30,10451.0,10468.97,-17.969999999999345,-14.280000000000657,-3.6899999999986886,-0.0352470204805123,0.29347826086956524
2017-12-13,12:00,10451.0,10471.07,-20.06999999999971,-14.280000000000657,-5.789999999999052,-0.055295208608089265,0.2608695652173913
2017-12-20,09:30,10475.0,10483.08,-8.079999999999927,-9.340000000000146,1.2600000000002183,0.012019368353577559,0.5253623188405797
2017-12-20,10:00,10484.0,10490.33,-6.329999999999927,-9.340000000000146,3.0100000000002183,0.0286930916377294,0.5615942028985508
2017-12-20,10:30,10483.0,10492.41,-9.409999999999854,-9.340000000000146,-0.06999999999970896,-0.0006671489200260852,0.42391304347826086
2017-12-20,11:00,10491.0,10493.83,-2.8299999999999272,-9.340000000000146,6.510000000000218,0.06203645380190282,0.5869565217391305
2017-12-20,11:30,10492.0,10496.16,-4.1599999999998545,-9.340000000000146,5.180000000000291,0.04935138183869425,0.5144927536231884
2017-12-20,12:00,10500.0,10502.78,-2.780000000000655,-9.340000000000146,6.559999999999491,0.062459653539343775,0.5434782608695652
2017-12-27,09:30,10458.0,10468.97,-10.969999999999345,0.0900000000001455,-11.05999999999949,-0.10564554106086359,0.2427536231884058
2017-12-27,10:00,10441.0,10455.94,-14.94000000000051,0.0900000000001455,-15.030000000000655,-0.14374604291915077,0.15579710144927536
2017-12-27,10:30,10457.0,10465.53,-8.530000000000655,0.0900000000001455,-8.6200000000008,-0.08236563270088375,0.2427536231884058
2017-12-27,11:00,10456.0,10470.17,-14.170000000000073,0.0900000000001455,-14.260000000000218,-0.1361964514425288,0.15217391304347827
2017-12-27,11:30,10464.0,10479.65,-15.649999999999636,0.0900000000001455,-15.739999999999782,-0.1501958557776241,0.08695652173913043
2017-12-27,12:00,10479.0,10489.63,-10.6299999999992,0.0900000000001455,-10.719999999999345,-0.10219616897830854,0.18478260869565216
2018-01-03,09:30,10783.0,10794.95,-11.950000000000728,-11.729999999999563,-0.22000000000116415,-0.00203798998606908,0.463768115942029
2018-01-03,10:00,10782.0,10799.7,-17.700000000000728,-11.729999999999563,-5.970000000001164,-0.05527931331426951,0.3188405797101449
2018-01-03,10:30,10786.0,10796.76,-10.760000000000218,-11.729999999999563,0.9699999999993452,0.008984176734495768,0.4601449275362319
2018-01-03,11:00,10779.0,10786.12,-7.1200000000008,-11.729999999999563,4.609999999998763,0.04274011414668818,0.5253623188405797
2018-01-03,11:30,10784.0,10790.95,-6.950000000000728,-11.729999999999563,4.779999999998836,0.04429637798339196,0.5036231884057971
2018-01-03,12:00,10787.0,10790.68,-3.680000000000291,-11.729999999999563,8.049999999999272,0.07460141529541486,0.5760869565217391
2018-01-10,09:30,10874.0,10887.12,-13.1200000000008,-28.889999999999414,15.769999999998614,0.1448500613568934,0.855072463768116
2018-01-10,10:00,10864.0,10880.74,-16.73999999999978,-28.889999999999414,12.149999999999633,0.11166519924195994,0.7753623188405797
2018-01-10,10:30,10869.0,10885.92,-16.920000000000073,-28.889999999999414,11.969999999999342,0.10995855196436628,0.6992753623188406
2018-01-10,11:00,10838.0,10855.98,-17.979999999999563,-28.889999999999414,10.909999999999851,0.10049760592779143,0.6811594202898551
2018-01-10,11:30,10824.0,10836.07,-12.069999999999709,-28.889999999999414,16.819999999999705,0.15522232691372154,0.7789855072463768
2018-01-10,12:00,10835.0,10845.53,-10.530000000000655,-28.889999999999414,18.35999999999876,0.16928633271033097,0.7971014492753623
2018-01-17,09:30,10965.0,10963.38,1.6200000000008004,-5.110000000000582,6.730000000001382,0.061386178350119974,0.6739130434782609
2018-01-17,10:00,10961.0,10955.15,5.850000000000364,-5.110000000000582,10.960000000000946,0.10004427141573548,0.75
2018-01-17,10:30,10983.0,10980.1,2.899999999999636,-5.110000000000582,8.010000000000218,0.07295015528091929,0.6304347826086957
2018-01-17,11:00,10991.0,10993.93,-2.930000000000291,-5.110000000000582,2.180000000000291,0.01982912388927609,0.44565217391304346
2018-01-17,11:30,10979.0,10979.12,-0.12000000000080036,-5.110000000000582,4.989999999999782,0.045449908553689015,0.5072463768115942
2018-01-17,12:00,10975.0,10974.58,0.42000000000007276,-5.110000000000582,5.530000000000655,0.050389172068549815,0.5072463768115942
2018-01-24,09:30,11142.0,11163.95,-21.950000000000728,-26.110000000000586,4.159999999999858,0.03726279676995918,0.6086956521739131
2018-01-24,10:00,11132.0,11147.53,-15.530000000000655,-26.110000000000586,10.57999999999993,0.09490891704260881,0.7318840579710145
2018-01-24,10:30,11122.0,11137.53,-15.530000000000655,-26.110000000000586,10.57999999999993,0.09499413245126999,0.6630434782608695
2018-01-24,11:00,11105.0,11131.35,-26.350000000000364,-26.110000000000586,-0.23999999999977817,-0.0021560727135502716,0.38768115942028986
2018-01-24,11:30,11129.0,11151.0,-22.0,-26.110000000000586,4.110000000000586,0.03685768092548279,0.47101449275362317
2018-01-24,12:00,11130.0,11145.99,-15.989999999999782,-26.110000000000586,10.120000000000804,0.09079498546114614,0.6086956521739131
2018-01-31,09:30,11051.0,11031.69,19.30999999999949,0.2199999999993451,19.090000000000146,0.17304692209444014,0.9130434782608695
2018-01-31,10:00,11070.0,11058.77,11.229999999999563,0.2199999999993451,11.010000000000218,0.0995589925461893,0.7463768115942029
2018-01-31,10:30,11061.0,11052.35,8.649999999999636,0.2199999999993451,8.430000000000291,0.07627337172637756,0.6340579710144928
2018-01-31,11:00,11074.0,11057.64,16.360000000000582,0.2199999999993451,16.140000000001237,0.1459624295961999,0.7753623188405797
2018-01-31,11:30,11099.0,11077.96,21.040000000000873,0.2199999999993451,20.820000000001528,0.18794073999185346,0.8369565217391305
2018-01-31,12:00,11114.0,11101.93,12.069999999999709,0.2199999999993451,11.850000000000364,0.10673819777282297,0.6630434782608695
2018-02-07,09:30,10582.0,10623.55,-41.54999999999927,-28.0,-13.549999999999272,-0.12754681815400007,0.213768115942029
2018-02-07,10:00,10623.0,10652.82,-29.81999999999971,-28.0,-1.819999999999709,-0.01708467804768793,0.4311594202898551
2018-02-07,10:30,10627.0,10667.54,-40.54000000000087,-28.0,-12.540000000000873,-0.11755287535833821,0.18115942028985507
2018-02-07,11:00,10571.0,10608.7,-37.70000000000073,-28.0,-9.700000000000728,-0.0914343887564049,0.1956521739130435
2018-02-07,11:30,10564.0,10593.46,-29.459999999999127,-28.0,-1.4599999999991269,-0.013782088194028456,0.34057971014492755
2018-02-07,12:00,10582.0,10619.1,-37.100000000000364,-28.0,-9.100000000000364,-0.0856946445555684,0.213768115942029
2018-02-21,09:30,10617.0,10636.03,-19.030000000000655,-11.090000000000146,-7.940000000000509,-0.07465191429509421,0.3007246376811594
2018-02-21,10:00,10646.0,10660.16,-14.159999999999854,-11.090000000000146,-3.069999999999709,-0.028798817278537184,0.38768115942028986
2018-02-21,10:30,10679.0,10694.14,-15.139999999999418,-11.090000000000146,-4.049999999999272,-0.037871207969965535,0.35507246376811596
2018-02-21,11:00,10694.0,10703.3,-9.299999999999272,-11.090000000000146,1.7900000000008731,0.016723814150784087,0.4384057971014493
2018-02-21,11:30,10692.0,10700.93,-8.930000000000291,-11.090000000000146,2.1599999999998545,0.02018516147661796,0.4166666666666667
2018-02-21,12:00,10687.0,10699.99,-12.989999999999782,-11.090000000000146,-1.8999999999996362,-0.01775702594114234,0.32608695652173914
2018-03-01,09:30,10689.0,10723.08,-34.07999999999993,-23.469999999999345,-10.610000000000582,-0.09894545223947393,0.25
2018-03-01,10:00,10726.0,10755.92,-29.920000000000073,-23.469999999999345,-6.450000000000728,-0.05996697632560234,0.30434782608695654
2018-03-01,10:30,10740.0,10767.89,-27.889999999999418,-23.469999999999345,-4.420000000000073,-0.04104796761482587,0.34782608695652173
2018-03-01,11:00,10760.0,10785.8,-25.799999999999272,-23.469999999999345,-2.3299999999999272,-0.021602477331305305,0.34782608695652173
2018-03-01,11:30,10760.0,10783.66,-23.659999999999854,-23.469999999999345,-0.19000000000050932,-0.001761924986512087,0.3804347826086957
2018-03-01,12:00,10759.0,10783.05,-24.049999999999272,-23.469999999999345,-0.5799999999999272,-0.005378812117164691,0.358695652173913
2018-03-07,09:30,10769.0,10777.85,-8.850000000000364,-12.340000000000146,3.4899999999997817,0.03238122631136805,0.5942028985507246
2018-03-07,10:00,10812.0,10809.87,2.1299999999991996,-12.340000000000146,14.469999999999345,0.1338591490924437,0.8152173913043478
2018-03-07,10:30,10774.0,10802.35,-28.350000000000364,-12.340000000000146,-16.01000000000022,-0.14820849167079586,0.12681159420289856
2018-03-07,11:00,10777.0,10803.06,-26.05999999999949,-12.340000000000146,-13.719999999999345,-0.12700105340523282,0.15579710144927536
2018-03-07,11:30,10757.0,10775.26,-18.26000000000022,-12.340000000000146,-5.920000000000073,-0.054940669645095086,0.2391304347826087
2018-03-07,12:00,10746.0,10769.82,-23.81999999999971,-12.340000000000146,-11.479999999999563,-0.10659416777624477,0.17391304347826086
2018-03-14,09:30,11051.0,11060.22,-9.219999999999345,-1.6299999999991996,-7.5900000000001455,-0.06862431307876467,0.322463768115942
2018-03-14,10:00,11041.0,11053.75,-12.75,-1.6299999999991996,-11.1200000000008,-0.1005993441139957,0.23550724637681159
2018-03-14,10:30,11055.0,11070.29,-15.290000000000873,-1.6299999999991996,-13.660000000001673,-0.12339333477263624,0.16304347826086957
2018-03-14,11:00,11027.0,11048.47,-21.469999999999345,-1.6299999999991996,-19.840000000000146,-0.17957237517955107,0.10869565217391304
2018-03-14,11:30,11012.0,11021.45,-9.450000000000728,-1.6299999999991996,-7.820000000001528,-0.0709525516152732,0.21739130434782608
2018-03-14,12:00,11020.0,11030.68,-10.680000000000291,-1.6299999999991996,-9.050000000001091,-0.08204389937883332,0.2210144927536232
2018-03-21,09:30,11064.0,11066.65,-2.649999999999636,5.159999999999855,-7.809999999999492,-0.07057239544034999,0.3115942028985507
2018-03-21,10:00,11017.0,11028.31,-11.30999999999949,5.159999999999855,-16.469999999999345,-0.14934291836191896,0.14855072463768115
2018-03-21,10:30,11034.0,11034.42,-0.42000000000007276,5.159999999999855,-5.579999999999928,-0.05056903761140076,0.3115942028985507
2018-03-21,11:00,11046.0,11043.74,2.2600000000002183,5.159999999999855,-2.899999999999637,-0.02625922015548752,0.3333333333333333
2018-03-21,11:30,11045.0,11042.78,2.219999999999345,5.159999999999855,-2.94000000000051,-0.02662373061856263,0.3115942028985507
2018-03-21,12:00,11039.0,11037.2,1.7999999999992724,5.159999999999855,-3.360000000000583,-0.030442503533510152,0.3007246376811594
2018-03-28,09:30,10872.0,10897.17,-25.170000000000073,-12.790000000000871,-12.379999999999201,-0.11360747790480649,0.2246376811594203
2018-03-28,10:00,10902.0,10918.71,-16.709999999999127,-12.790000000000871,-3.9199999999982555,-0.0359016770295965,0.36231884057971014
2018-03-28,10:30,10881.0,10902.79,-21.790000000000873,-12.790000000000871,-9.000000000000002,-0.08254767816311238,0.23550724637681159
2018-03-28,11:00,10871.0,10896.16,-25.159999999999854,-12.790000000000871,-12.369999999998983,-0.11352623309495255,0.17028985507246377
2018-03-28,11:30,10857.0,10889.88,-32.8799999999992,-12.790000000000871,-20.089999999998327,-0.18448320826306927,0.057971014492753624
2018-03-28,12:00,10845.0,10872.27,-27.270000000000437,-12.790000000000871,-14.479999999999565,-0.1331828587774178,0.12681159420289856
2018-04-09,09:30,10850.0,10865.96,-15.959999999999127,-33.530000000000655,17.570000000001528,0.1616976318705529,0.9021739130434783
2018-04-09,10:00,10836.0,10852.87,-16.8700000000008,-33.530000000000655,16.659999999999854,0.15350778181255145,0.8514492753623188
2018-04-09,10:30,10833.0,10839.25,-6.25,-33.530000000000655,27.280000000000655,0.25167792974606784,0.9528985507246377
2018-04-09,11:00,10843.0,10842.68,0.31999999999970896,-33.530000000000655,33.850000000000364,0.3121921886470906,0.9601449275362319
2018-04-09,11:30,10880.0,10880.66,-0.6599999999998545,-33.530000000000655,32.8700000000008,0.30209564493331104,0.967391304347826
2018-04-09,12:00,10894.0,10889.28,4.719999999999345,-33.530000000000655,38.25,0.3512628934144406,0.9855072463768116
2018-04-11,09:30,10993.0,11002.9,-9.899999999999636,8.819999999999709,-18.719999999999345,-0.1701369638913318,0.13768115942028986
2018-04-11,10:00,10970.0,10992.52,-22.520000000000437,8.819999999999709,-31.340000000000146,-0.2851029609225195,0.036231884057971016
2018-04-11,10:30,10965.0,10972.75,-7.75,8.819999999999709,-16.56999999999971,-0.15101045772481567,0.11956521739130435
2018-04-11,11:00,10978.0,10975.01,2.9899999999997817,8.819999999999709,-5.829999999999927,-0.05312068052785307,0.2753623188405797
2018-04-11,11:30,10980.0,10972.64,7.360000000000582,8.819999999999709,-1.4599999999991269,-0.013305822482092977,0.3442028985507246
2018-04-11,12:00,10970.0,10962.92,7.079999999999927,8.819999999999709,-1.7399999999997817,-0.015871683821461632,0.32971014492753625
2018-04-18,09:30,10895.0,10900.59,-5.5900000000001455,1.5499999999992724,-7.139999999999418,-0.06550104168672904,0.32608695652173914
2018-04-18,10:00,10875.0,10882.21,-7.209999999999127,1.5499999999992724,-8.7599999999984,-0.08049835465404914,0.26811594202898553
2018-04-18,10:30,10846.0,10851.75,-5.75,1.5499999999992724,-7.299999999999272,-0.06727025594949453,0.27898550724637683
2018-04-18,11:00,10842.0,10842.9,-0.8999999999996362,1.5499999999992724,-2.4499999999989086,-0.022595431111592918,0.3442028985507246
2018-04-18,11:30,10826.0,10824.82,1.180000000000291,1.5499999999992724,-0.36999999999898137,-0.003418070693082946,0.3695652173913043
2018-04-18,12:00,10819.0,10821.37,-2.3700000000008004,1.5499999999992724,-3.9200000000000728,-0.036224618509486994,0.2898550724637681
2018-04-25,09:30,10510.0,10530.12,-20.1200000000008,19.5,-39.6200000000008,-0.3762540217965303,0.010869565217391304
2018-04-25,10:00,10503.0,10516.43,-13.430000000000291,19.5,-32.93000000000029,-0.31312907517094957,0.021739130434782608
2018-04-25,10:30,10494.0,10495.08,-1.0799999999999272,19.5,-20.579999999999927,-0.1960918830537731,0.09057971014492754
2018-04-25,11:00,10520.0,10516.69,3.3099999999994907,19.5,-16.19000000000051,-0.15394577571460705,0.11956521739130435
2018-04-25,11:30,10543.0,10536.8,6.200000000000728,19.5,-13.299999999999272,-0.12622428061649907,0.11594202898550725
2018-04-25,12:00,10524.0,10528.35,-4.350000000000364,19.5,-23.850000000000364,-0.22653122284118937,0.03985507246376811
2018-05-02,09:30,10655.0,10665.56,-10.55999999999949,-13.8799999999992,3.319999999999709,0.031128229553813485,0.5833333333333334
2018-05-02,10:00,10639.0,10652.76,-13.760000000000218,-13.8799999999992,0.11999999999898137,0.0011264686334713386,0.4855072463768116
2018-05-02,10:30,10654.0,10669.58,-15.579999999999927,-13.8799999999992,-1.7000000000007276,-0.01593314825888861,0.40217391304347827
2018-05-02,11:00,10655.0,10667.02,-12.020000000000437,-13.8799999999992,1.859999999998763,0.017436922401933837,0.4420289855072464
2018-05-02,11:30,10646.0,10656.65,-10.649999999999636,-13.8799999999992,3.2299999999995634,0.030309712714591954,0.4528985507246377
2018-05-02,12:00,10648.0,10649.26,-1.2600000000002183,-13.8799999999992,12.619999999998981,0.1185058867940024,0.6956521739130435
2018-05-09,09:30,10713.0,10732.16,-19.159999999999854,-31.3799999999992,12.219999999999345,0.11386337885383134,0.7934782608695652
2018-05-09,10:00,10687.0,10706.82,-19.81999999999971,-31.3799999999992,11.55999999999949,0.10796856582999893,0.7717391304347826
2018-05-09,10:30,10700.0,10719.34,-19.340000000000146,-31.3799999999992,12.039999999999054,0.11232034808112304,0.7065217391304348
2018-05-09,11:00,10707.0,10728.39,-21.389999999999418,-31.3799999999992,9.989999999999782,0.09311742022800981,0.6557971014492754
2018-05-09,11:30,10714.0,10725.87,-11.8700000000008,-31.3799999999992,19.5099999999984,0.18189666665732848,0.8260869565217391
2018-05-09,12:00,10713.0,10734.61,-21.610000000000582,-31.3799999999992,9.769999999998618,0.09101401913994656,0.6123188405797102
2018-05-16,09:30,10902.0,10910.84,-8.840000000000146,-6.729999999999563,-2.110000000000582,-0.019338566049915334,0.44565217391304346
2018-05-16,10:00,10875.0,10884.31,-9.30999999999949,-6.729999999999563,-2.5799999999999272,-0.02370384525982747,0.4057971014492754
2018-05-16,10:30,10885.0,10877.1,7.899999999999636,-6.729999999999563,14.6299999999992,0.13450276268489944,0.7717391304347826
2018-05-16,11:00,10882.0,10887.61,-5.610000000000582,-6.729999999999563,1.1199999999989814,0.010286922474252672,0.4166666666666667
2018-05-16,11:30,10882.0,10886.08,-4.079999999999927,-6.729999999999563,2.649999999999636,0.024343014197944865,0.4311594202898551
2018-05-16,12:00,10890.0,10885.44,4.559999999999491,-6.729999999999563,11.289999999999054,0.10371652409088704,0.6557971014492754
2018-05-23,09:30,10918.0,10959.59,-41.590000000000146,-21.729999999999563,-19.860000000000582,-0.18121115844662603,0.11231884057971014
2018-05-23,10:00,10912.0,10957.13,-45.1299999999992,-21.729999999999563,-23.399999999999636,-0.21355957262531008,0.08333333333333333
2018-05-23,10:30,10903.0,10940.56,-37.55999999999949,-21.729999999999563,-15.829999999999927,-0.14469094817815475,0.13768115942028986
2018-05-23,11:00,10888.0,10926.11,-38.11000000000058,-21.729999999999563,-16.38000000000102,-0.1499161183623542,0.12318840579710146
2018-05-23,11:30,10864.0,10905.73,-41.72999999999956,-21.729999999999563,-20.0,-0.18338983268428616,0.06159420289855073
2018-05-23,12:00,10858.0,10887.08,-29.079999999999927,-21.729999999999563,-7.350000000000364,-0.06751121512839406,0.2318840579710145
2018-05-30,09:30,10822.0,10859.9,-37.899999999999636,-32.1200000000008,-5.779999999998836,-0.05322332618163,0.3695652173913043
2018-05-30,10:00,10816.0,10848.05,-32.04999999999927,-32.1200000000008,0.07000000000152795,0.0006452772618261158,0.4782608695652174
2018-05-30,10:30,10775.0,10815.18,-40.18000000000029,-32.1200000000008,-8.05999999999949,-0.07452488076943233,0.2644927536231884
2018-05-30,11:00,10777.0,10808.3,-31.299999999999272,-32.1200000000008,0.820000000001528,0.007586762025494555,0.40942028985507245
2018-05-30,11:30,10786.0,10812.89,-26.889999999999418,-32.1200000000008,5.230000000001382,0.04836819758641198,0.5108695652173914
2018-05-30,12:00,10791.0,10834.01,-43.01000000000022,-32.1200000000008,-10.889999999999418,-0.10051679848919667,0.18840579710144928
2018-06-06,09:30,11118.0,11137.18,-19.18000000000029,-31.110000000000586,11.930000000000295,0.10711867815730997,0.7717391304347826
2018-06-06,10:00,11126.0,11145.27,-19.270000000000437,-31.110000000000586,11.840000000000149,0.1062334066379742,0.7644927536231884
2018-06-06,10:30,11145.0,11154.18,-9.180000000000291,-31.110000000000586,21.930000000000295,0.19660790842536427,0.894927536231884
2018-06-06,11:00,11167.0,11170.55,-3.5499999999992724,-31.110000000000586,27.560000000001313,0.2467201704481992,0.927536231884058
2018-06-06,11:30,11170.0,11174.23,-4.229999999999563,-31.110000000000586,26.880000000001022,0.24055348780185323,0.9166666666666666
2018-06-06,12:00,11183.0,11188.54,-5.540000000000873,-31.110000000000586,25.569999999999713,0.2285374141755735,0.9021739130434783
2018-06-13,09:30,11125.0,11148.24,-23.23999999999978,-8.790000000000873,-14.449999999998909,-0.12961687225964735,0.21014492753623187
2018-06-13,10:00,11117.0,11137.65,-20.649999999999636,-8.790000000000873,-11.859999999998763,-0.10648565900345912,0.2318840579710145
2018-06-13,10:30,11126.0,11146.44,-20.44000000000051,-8.790000000000873,-11.649999999999636,-0.1045176755986632,0.1956521739130435
2018-06-13,11:00,11149.0,11165.73,-16.729999999999563,-8.790000000000873,-7.93999999999869,-0.07111044239829094,0.22826086956521738
2018-06-13,11:30,11139.0,11161.18,-22.18000000000029,-8.790000000000873,-13.389999999999418,-0.11996939391712541,0.13043478260869565
2018-06-13,12:00,11146.0,11174.81,-28.80999999999949,-8.790000000000873,-20.019999999998618,-0.17915293414383437,0.08333333333333333
2018-06-20,09:30,10851.0,10845.65,5.350000000000364,-16.19000000000051,21.540000000000873,0.19860497065644633,0.9384057971014492
2018-06-20,10:00,10886.0,10882.81,3.1900000000005093,-16.19000000000051,19.38000000000102,0.1780790071681948,0.8985507246376812
2018-06-20,10:30,10899.0,10897.2,1.7999999999992724,-16.19000000000051,17.98999999999978,0.1650882795580496,0.8405797101449275
2018-06-20,11:00,10864.0,10854.69,9.30999999999949,-16.19000000000051,25.5,0.23492149476401444,0.9057971014492754
2018-06-20,11:30,10887.0,10882.07,4.930000000000291,-16.19000000000051,21.1200000000008,0.19408072177444916,0.8478260869565217
2018-06-20,12:00,10904.0,10909.36,-5.360000000000582,-16.19000000000051,10.829999999999927,0.09927255127706783,0.6413043478260869
2018-06-27,09:30,10592.0,10769.03,-177.03000000000065,-159.17000000000007,-17.860000000000582,-0.1658459489851972,0.14855072463768115
2018-06-27,10:00,10583.0,10763.55,-180.54999999999927,-159.17000000000007,-21.3799999999992,-0.19863335052096384,0.10144927536231885
2018-06-27,10:30,10602.0,10780.83,-178.82999999999993,-159.17000000000007,-19.659999999999854,-0.18236072732804295,0.09782608695652174
2018-06-27,11:00,10587.0,10767.54,-180.54000000000087,-159.17000000000007,-21.3700000000008,-0.19846687358487455,0.08333333333333333
2018-06-27,11:30,10579.0,10749.95,-170.95000000000073,-159.17000000000007,-11.780000000000655,-0.1095819050321225,0.15217391304347827
2018-06-27,12:00,10560.0,10731.18,-171.1800000000003,-159.17000000000007,-12.010000000000218,-0.11191686282403443,0.16666666666666666
2018-07-04,09:30,10631.0,10743.17,-112.17000000000007,-126.71999999999936,14.549999999999287,0.13543488560638328,0.8369565217391305
2018-07-04,10:00,10607.0,10731.72,-124.71999999999935,-126.71999999999936,2.000000000000014,0.01863634161159641,0.5398550724637681
2018-07-04,10:30,10601.0,10713.0,-112.0,-126.71999999999936,14.71999999999936,0.13740315504526612,0.782608695652174
2018-07-04,11:00,10616.0,10724.09,-108.09000000000015,-126.71999999999936,18.629999999999214,0.17372103367277983,0.8260869565217391
2018-07-04,11:30,10596.0,10709.9,-113.89999999999964,-126.71999999999936,12.819999999999723,0.11970233148768637,0.677536231884058
2018-07-04,12:00,10607.0,10713.42,-106.42000000000007,-126.71999999999936,20.299999999999287,0.18948197681038628,0.8333333333333334
2018-07-11,09:30,10596.0,10647.88,-51.8799999999992,-47.88999999999942,-3.9899999999997817,-0.03747224799678229,0.42028985507246375
2018-07-11,10:00,10616.0,10665.0,-49.0,-47.88999999999942,-1.110000000000582,-0.0104078762306665,0.4492753623188406
2018-07-11,10:30,10649.0,10679.39,-30.389999999999418,-47.88999999999942,17.5,0.16386703734951155,0.8333333333333334
2018-07-11,11:00,10640.0,10677.6,-37.600000000000364,-47.88999999999942,10.289999999999054,0.0963699707799417,0.6739130434782609
2018-07-11,11:30,10637.0,10671.96,-34.95999999999913,-47.88999999999942,12.930000000000291,0.12115862503233044,0.6884057971014492
2018-07-11,12:00,10644.0,10676.04,-32.04000000000087,-47.88999999999942,15.849999999998545,0.14846328788575672,0.7536231884057971
2018-07-18,09:30,10822.0,10829.1,-7.100000000000364,-6.989999999999782,-0.11000000000058208,-0.0010157815515655232,0.47101449275362317
2018-07-18,10:00,10827.0,10834.94,-7.940000000000509,-6.989999999999782,-0.9500000000007276,-0.00876793041771092,0.45652173913043476
2018-07-18,10:30,10858.0,10857.27,0.7299999999995634,-6.989999999999782,7.719999999999345,0.0711044304875843,0.6268115942028986
2018-07-18,11:00,10860.0,10861.87,-1.8700000000008004,-6.989999999999782,5.119999999998981,0.047137371373428154,0.5471014492753623
2018-07-18,11:30,10829.0,10833.7,-4.700000000000728,-6.989999999999782,2.289999999999054,0.021137746107046107,0.42028985507246375
2018-07-18,12:00,10826.0,10828.55,-2.5499999999992724,-6.989999999999782,4.440000000000509,0.04100271966237871,0.4855072463768116
2018-07-25,09:30,10871.0,10977.29,-106.29000000000087,-118.38999999999942,12.099999999998545,0.11022756982824125,0.782608695652174
2018-07-25,10:00,10881.0,10984.02,-103.02000000000044,-118.38999999999942,15.369999999998981,0.1399305536588515,0.8405797101449275
2018-07-25,10:30,10879.0,10985.89,-106.88999999999942,-118.38999999999942,11.5,0.10467973009014292,0.677536231884058
2018-07-25,11:00,10883.0,10979.14,-96.13999999999942,-118.38999999999942,22.25,0.2026570387115931,0.8586956521739131
2018-07-25,11:30,10882.0,10975.04,-93.04000000000087,-118.38999999999942,25.349999999998545,0.23097865702538253,0.9021739130434783
2018-07-25,12:00,10872.0,10964.82,-92.81999999999971,-118.38999999999942,25.56999999999971,0.23320036261424912,0.9166666666666666
2018-08-01,09:30,11015.0,11066.33,-51.32999999999993,-67.51000000000022,16.18000000000029,0.14620926720963762,0.8586956521739131
2018-08-01,10:00,11038.0,11080.72,-42.719999999999345,-67.51000000000022,24.790000000000873,0.22372192420709913,0.9347826086956522
2018-08-01,10:30,11033.0,11080.87,-47.8700000000008,-67.51000000000022,19.639999999999418,0.1772424006418216,0.8695652173913043
2018-08-01,11:00,11031.0,11084.94,-53.94000000000051,-67.51000000000022,13.569999999999709,0.12241834416785033,0.7282608695652174
2018-08-01,11:30,11035.0,11079.7,-44.70000000000073,-67.51000000000022,22.80999999999949,0.20587200014440363,0.8731884057971014
2018-08-01,12:00,11038.0,11082.95,-44.95000000000073,-67.51000000000022,22.55999999999949,0.2035559124601256,0.8659420289855072
2018-08-08,09:30,11050.0,11077.58,-27.579999999999927,-21.44000000000051,-6.139999999999418,-0.05542726841060428,0.36231884057971014
2018-08-08,10:00,11052.0,11077.22,-25.219999999999345,-21.44000000000051,-3.779999999998836,-0.0341240852849256,0.36594202898550726
2018-08-08,10:30,11054.0,11085.09,-31.090000000000146,-21.44000000000051,-9.649999999999636,-0.08705387146157258,0.2246376811594203
2018-08-08,11:00,11060.0,11085.75,-25.75,-21.44000000000051,-4.309999999999491,-0.03887874072570183,0.2971014492753623
2018-08-08,11:30,11062.0,11079.26,-17.26000000000022,-21.44000000000051,4.180000000000291,0.03772815151914741,0.4746376811594203
2018-08-08,12:00,11062.0,11081.28,-19.280000000000655,-21.44000000000051,2.1599999999998545,0.019492333015679184,0.42391304347826086
2018-08-15,09:30,10766.0,10767.97,-1.9699999999993452,-12.229999999999563,10.260000000000218,0.09528258343959185,0.7536231884057971
2018-08-15,10:00,10767.0,10762.67,4.329999999999927,-12.229999999999563,16.55999999999949,0.15386516542827655,0.855072463768116
2018-08-15,10:30,10732.0,10726.78,5.219999999999345,-12.229999999999563,17.44999999999891,0.16267696363679415,0.8297101449275363
2018-08-15,11:00,10704.0,10691.03,12.969999999999345,-12.229999999999563,25.19999999999891,0.23571161992809775,0.9094202898550725
2018-08-15,11:30,10724.0,10719.5,4.5,-12.229999999999563,16.729999999999563,0.15607071225336597,0.782608695652174
2018-08-15,12:00,10722.0,10710.39,11.610000000000582,-12.229999999999563,23.840000000000146,0.22258759951785273,0.8985507246376812
2018-08-22,09:30,10776.0,10805.16,-29.159999999999854,-23.200000000000728,-5.959999999999127,-0.05515883152122807,0.36594202898550726
2018-08-22,10:00,10749.0,10786.77,-37.77000000000044,-23.200000000000728,-14.569999999999709,-0.13507287167520685,0.15942028985507245
2018-08-22,10:30,10778.0,10805.69,-27.69000000000051,-23.200000000000728,-4.489999999999782,-0.04155218222991573,0.34057971014492755
2018-08-22,11:00,10769.0,10807.75,-38.75,-23.200000000000728,-15.549999999999272,-0.14387823552542642,0.13768115942028986
2018-08-22,11:30,10776.0,10813.55,-37.54999999999927,-23.200000000000728,-14.349999999998545,-0.13270387615536566,0.10869565217391304
2018-08-22,12:00,10792.0,10819.43,-27.43000000000029,-23.200000000000728,-4.229999999999563,-0.03909632947391465,0.27898550724637683
2018-08-29,09:30,10997.0,11040.2,-43.20000000000073,-37.54999999999927,-5.650000000001455,-0.051176609119413186,0.38768115942028986
2018-08-29,10:00,11022.0,11063.17,-41.17000000000007,-37.54999999999927,-3.6200000000008004,-0.03272118208434654,0.38405797101449274
2018-08-29,10:30,11031.0,11066.6,-35.600000000000364,-37.54999999999927,1.9499999999989086,0.01762058807582192,0.48188405797101447
2018-08-29,11:00,11040.0,11081.27,-41.27000000000044,-37.54999999999927,-3.720000000001164,-0.03357015937704942,0.3079710144927536
2018-08-29,11:30,11039.0,11073.43,-34.43000000000029,-37.54999999999927,3.1199999999989814,0.028175551748635983,0.4420289855072464
2018-08-29,12:00,11041.0,11073.23,-32.22999999999956,-37.54999999999927,5.319999999999709,0.048043795712720765,0.4963768115942029
2018-09-05,09:30,11008.0,11044.62,-36.6200000000008,-23.3799999999992,-13.2400000000016,-0.11987737015851699,0.2210144927536232
2018-09-05,10:00,10985.0,11022.47,-37.469999999999345,-23.3799999999992,-14.090000000000146,-0.12782978769731418,0.16666666666666666
2018-09-05,10:30,11002.0,11033.51,-31.51000000000022,-23.3799999999992,-8.130000000001019,-0.07368462075985809,0.26811594202898553
2018-09-05,11:00,10985.0,11031.35,-46.350000000000364,-23.3799999999992,-22.970000000001164,-0.20822474130547183,0.07971014492753623
2018-09-05,11:30,10976.0,11017.24,-41.23999999999978,-23.3799999999992,-17.860000000000582,-0.16210956646129684,0.07246376811594203
2018-09-05,12:00,10990.0,11025.76,-35.76000000000022,-23.3799999999992,-12.380000000001019,-0.11228250932362957,0.16304347826086957
2018-09-12,09:30,10726.0,10732.21,-6.209999999999127,-10.299999999999272,4.0900000000001455,0.03810957854906069,0.6123188405797102
2018-09-12,10:00,10713.0,10702.12,10.8799999999992,-10.299999999999272,21.179999999998472,0.19790471420614297,0.9239130434782609
2018-09-12,10:30,10719.0,10714.68,4.319999999999709,-10.299999999999272,14.619999999998981,0.13644831203544092,0.7789855072463768
2018-09-12,11:00,10727.0,10715.05,11.950000000000728,-10.299999999999272,22.25,0.20765185416773604,0.8623188405797102
2018-09-12,11:30,10706.0,10704.81,1.1900000000005093,-10.299999999999272,11.489999999999782,0.10733492700944512,0.6304347826086957
2018-09-12,12:00,10702.0,10684.56,17.44000000000051,-10.299999999999272,27.73999999999978,0.2596269757481804,0.9528985507246377
2018-09-19,09:30,10825.0,10819.77,5.229999999999563,19.790000000000877,-14.560000000001313,-0.1345684797366424,0.2028985507246377
2018-09-19,10:00,10840.0,10829.58,10.420000000000073,19.790000000000877,-9.370000000000804,-0.0865222843360574,0.2572463768115942
2018-09-19,10:30,10857.0,10844.34,12.659999999999854,19.790000000000877,-7.130000000001022,-0.0657485840539952,0.286231884057971
2018-09-19,11:00,10852.0,10845.51,6.489999999999782,19.790000000000877,-13.300000000001095,-0.12263139308341513,0.16304347826086957
2018-09-19,11:30,10849.0,10837.5,11.5,19.790000000000877,-8.290000000000877,-0.07649365628605191,0.20652173913043478
2018-09-19,12:00,10857.0,10850.58,6.420000000000073,19.790000000000877,-13.370000000000804,-0.12321921961776057,0.15217391304347827
2018-09-26,09:30,10981.0,11005.03,-24.030000000000655,3.149999999999636,-27.18000000000029,-0.2469779727997133,0.06159420289855073
2018-09-26,10:00,10963.0,10973.45,-10.450000000000728,3.149999999999636,-13.600000000000364,-0.1239354988631685,0.17753623188405798
2018-09-26,10:30,10967.0,10975.14,-8.139999999999418,3.149999999999636,-11.289999999999054,-0.10286884723109732,0.19927536231884058
2018-09-26,11:00,10981.0,10985.51,-4.510000000000218,3.149999999999636,-7.6599999999998545,-0.06972821471192375,0.2318840579710145
2018-09-26,11:30,10964.0,10962.08,1.9200000000000728,3.149999999999636,-1.2299999999995634,-0.011220498299588795,0.35144927536231885
2018-09-26,12:00,10970.0,10967.5,2.5,3.149999999999636,-0.6499999999996362,-0.005926601322084671,0.35507246376811596
2018-10-03,09:30,10881.0,10901.26,-20.26000000000022,-41.6299999999992,21.36999999999898,0.19603238524720062,0.9311594202898551
2018-10-03,10:00,10888.0,10897.37,-9.3700000000008,-41.6299999999992,32.2599999999984,0.2960347313158899,0.9710144927536232
2018-10-03,10:30,10906.0,10911.19,-5.190000000000509,-41.6299999999992,36.43999999999869,0.33396907211769467,0.9891304347826086
2018-10-03,11:00,10890.0,10897.18,-7.180000000000291,-41.6299999999992,34.44999999999891,0.31613683540144244,0.9637681159420289
2018-10-03,11:30,10884.0,10884.12,-0.12000000000080036,-41.6299999999992,41.5099999999984,0.3813813151637284,0.9855072463768116
2018-10-03,12:00,10863.0,10868.06,-5.059999999999491,-41.6299999999992,36.56999999999971,0.33649059721790003,0.9782608695652174
2018-10-11,09:30,9906.0,9936.49,-30.48999999999978,4.170000000000073,-34.659999999999854,-0.3488153261362901,0.021739130434782608
2018-10-11,10:00,9861.0,9883.24,-22.23999999999978,4.170000000000073,-26.409999999999854,-0.26722006143734095,0.04710144927536232
2018-10-11,10:30,9847.0,9888.87,-41.8700000000008,4.170000000000073,-46.04000000000087,-0.46557392300637856,0.007246376811594203
2018-10-11,11:00,9808.0,9844.03,-36.030000000000655,4.170000000000073,-40.20000000000073,-0.4083693365420537,0.014492753623188406
2018-10-11,11:30,9754.0,9802.78,-48.780000000000655,4.170000000000073,-52.95000000000073,-0.5401528954031481,0.007246376811594203
2018-10-11,12:00,9766.0,9815.35,-49.350000000000364,4.170000000000073,-53.52000000000044,-0.5452683806486822,0.007246376811594203
2018-10-17,09:30,10082.0,10092.88,-10.8799999999992,-20.100000000000364,9.220000000001164,0.09135152701707704,0.7463768115942029
2018-10-17,10:00,10067.0,10070.22,-3.219999999999345,-20.100000000000364,16.88000000000102,0.1676229516336388,0.8840579710144928
2018-10-17,10:30,10088.0,10090.93,-2.930000000000291,-20.100000000000364,17.170000000000073,0.1701528005842878,0.8514492753623188
2018-10-17,11:00,10076.0,10084.24,-8.239999999999782,-20.100000000000364,11.860000000000582,0.11760925959715936,0.7210144927536232
2018-10-17,11:30,10057.0,10064.83,-7.829999999999927,-20.100000000000364,12.270000000000437,0.12190965967632277,0.6956521739130435
2018-10-17,12:00,10041.0,10051.41,-10.409999999999854,-20.100000000000364,9.69000000000051,0.09640438505643,0.6304347826086957
2018-10-24,09:30,9662.0,9690.09,-28.090000000000146,-45.20000000000073,17.110000000000582,0.1765721474207214,0.9166666666666666
2018-10-24,10:00,9675.0,9717.54,-42.54000000000087,-45.20000000000073,2.6599999999998545,0.02737318292489513,0.5579710144927537
2018-10-24,10:30,9684.0,9713.66,-29.659999999999854,-45.20000000000073,15.540000000000873,0.15998089288693318,0.8152173913043478
2018-10-24,11:00,9696.0,9716.73,-20.729999999999563,-45.20000000000073,24.470000000001164,0.251833693022253,0.9347826086956522
2018-10-24,11:30,9760.0,9770.75,-10.75,-45.20000000000073,34.45000000000073,0.35258296446025866,0.9818840579710145
2018-10-24,12:00,9762.0,9779.69,-17.69000000000051,-45.20000000000073,27.51000000000022,0.28129725993359933,0.967391304347826
2018-10-31,09:30,9669.0,9683.74,-14.739999999999782,0.8899999999994179,-15.6299999999992,-0.16140458128779997,0.15942028985507245
2018-10-31,10:00,9684.0,9709.31,-25.30999999999949,0.8899999999994179,-26.19999999999891,-0.2698440980872885,0.043478260869565216
2018-10-31,10:30,9703.0,9735.02,-32.02000000000044,0.8899999999994179,-32.909999999999854,-0.3380578570973645,0.028985507246376812
2018-10-31,11:00,9683.0,9714.25,-31.25,0.8899999999994179,-32.13999999999942,-0.33085415755204384,0.025362318840579712
2018-10-31,11:30,9690.0,9703.33,-13.329999999999927,0.8899999999994179,-14.219999999999345,-0.146547628494541,0.09057971014492754
2018-10-31,12:00,9692.0,9713.49,-21.48999999999978,0.8899999999994179,-22.3799999999992,-0.23040122551214035,0.036231884057971016
2018-11-07,09:30,9841.0,9859.94,-18.94000000000051,-55.95000000000073,37.01000000000022,0.3753572536952579,1.0
2018-11-07,10:00,9834.0,9860.17,-26.170000000000073,-55.95000000000073,29.780000000000655,0.3020231902695456,0.9782608695652174
2018-11-07,10:30,9862.0,9886.49,-24.48999999999978,-55.95000000000073,31.460000000000946,0.31821202469229165,0.9818840579710145
2018-11-07,11:00,9853.0,9873.78,-20.780000000000655,-55.95000000000073,35.17000000000007,0.3561959047092408,0.9855072463768116
2018-11-07,11:30,9873.0,9884.96,-11.959999999999127,-55.95000000000073,43.9900000000016,0.44501950437838494,0.9927536231884058
2018-11-07,12:00,9877.0,9895.87,-18.8700000000008,-55.95000000000073,37.07999999999993,0.37470176952607426,0.9891304347826086
2018-11-14,09:30,9773.0,9806.59,-33.590000000000146,-26.840000000000146,-6.75,-0.06883126550615454,0.3188405797101449
2018-11-14,10:00,9757.0,9792.15,-35.149999999999636,-26.840000000000146,-8.30999999999949,-0.08486389608001808,0.2608695652173913
2018-11-14,10:30,9746.0,9777.57,-31.56999999999971,-26.840000000000146,-4.729999999999563,-0.04837602799059034,0.31521739130434784
2018-11-14,11:00,9764.0,9791.64,-27.639999999999418,-26.840000000000146,-0.7999999999992724,-0.008170235016802828,0.37318840579710144
2018-11-14,11:30,9779.0,9795.65,-16.649999999999636,-26.840000000000146,10.19000000000051,0.10402576653923436,0.6231884057971014
2018-11-14,12:00,9777.0,9788.64,-11.639999999999418,-26.840000000000146,15.200000000000728,0.15528204122330302,0.7717391304347826
2018-11-21,09:30,9674.0,9664.9,9.100000000000364,-1.9899999999997815,11.090000000000146,0.11474510858881257,0.8007246376811594
2018-11-21,10:00,9686.0,9691.21,-5.209999999999127,-1.9899999999997815,-3.219999999999345,-0.033225985196888165,0.3804347826086957
2018-11-21,10:30,9709.0,9705.61,3.389999999999418,-1.9899999999997815,5.3799999999992,0.05543185848183884,0.572463768115942
2018-11-21,11:00,9721.0,9704.0,17.0,-1.9899999999997815,18.98999999999978,0.195692497938992,0.8442028985507246
2018-11-21,11:30,9728.0,9718.61,9.389999999999418,-1.9899999999997815,11.3799999999992,0.11709493435788862,0.6630434782608695
2018-11-21,12:00,9717.0,9712.33,4.670000000000073,-1.9899999999997815,6.6599999999998545,0.06857262881306396,0.5615942028985508
2018-11-28,09:30,9742.0,9779.73,-37.72999999999956,-31.6200000000008,-6.109999999998763,-0.062476162429829486,0.33695652173913043
2018-11-28,10:00,9738.0,9771.5,-33.5,-31.6200000000008,-1.8799999999991996,-0.0192396254413263,0.42028985507246375
2018-11-28,10:30,9779.0,9793.64,-14.639999999999418,-31.6200000000008,16.980000000001382,0.1733778247924304,0.8586956521739131
2018-11-28,11:00,9832.0,9826.97,5.030000000000655,-31.6200000000008,36.650000000001455,0.3729532093819504,0.9927536231884058
2018-11-28,11:30,9826.0,9815.49,10.510000000000218,-31.6200000000008,42.13000000000102,0.4292195295395443,0.9891304347826086
2018-11-28,12:00,9827.0,9820.36,6.639999999999418,-31.6200000000008,38.26000000000022,0.3895987519805813,0.9927536231884058
2018-12-05,09:30,9903.0,9926.63,-23.6299999999992,-44.54000000000087,20.910000000001673,0.21064550607811186,0.9601449275362319
2018-12-05,10:00,9934.0,9947.64,-13.639999999999418,-44.54000000000087,30.900000000001455,0.31062644004006434,0.9891304347826086
2018-12-05,10:30,9915.0,9933.72,-18.719999999999345,-44.54000000000087,25.820000000001528,0.2599227681070287,0.9601449275362319
2018-12-05,11:00,9914.0,9935.36,-21.360000000000582,-44.54000000000087,23.18000000000029,0.23330810358155404,0.9021739130434783
2018-12-05,11:30,9916.0,9927.46,-11.459999999999127,-44.54000000000087,33.080000000001746,0.33321715725877266,0.9746376811594203
2018-12-05,12:00,9897.0,9921.43,-24.43000000000029,-44.54000000000087,20.110000000000582,0.20269255540784525,0.8623188405797102
2018-12-12,09:30,9738.0,9766.71,-28.709999999999127,-24.040000000000877,-4.66999999999825,-0.04781548750805799,0.39492753623188404
2018-12-12,10:00,9771.0,9780.14,-9.139999999999418,-24.040000000000877,14.900000000001459,0.15234955736831435,0.8478260869565217
2018-12-12,10:30,9773.0,9785.11,-12.110000000000582,-24.040000000000877,11.930000000000295,0.12191993753775168,0.7391304347826086
2018-12-12,11:00,9768.0,9775.27,-7.270000000000437,-24.040000000000877,16.77000000000044,0.17155536368816862,0.822463768115942
2018-12-12,11:30,9774.0,9782.93,-8.930000000000291,-24.040000000000877,15.110000000000586,0.15445270486449952,0.7753623188405797
2018-12-12,12:00,9776.0,9782.41,-6.4099999999998545,-24.040000000000877,17.630000000001022,0.18022143827544565,0.8152173913043478
2018-12-19,09:30,9746.0,9735.19,10.80999999999949,-6.819999999999709,17.6299999999992,0.1810955923818559,0.9239130434782609
2018-12-19,10:00,9759.0,9764.08,-5.079999999999927,-6.819999999999709,1.7399999999997817,0.017820419332899587,0.5362318840579711
2018-12-19,10:30,9759.0,9760.7,-1.7000000000007276,-6.819999999999709,5.119999999998981,0.05245525423380476,0.5652173913043478
2018-12-19,11:00,9757.0,9757.68,-0.680000000000291,-6.819999999999709,6.139999999999418,0.06292479359847236,0.5905797101449275
2018-12-19,11:30,9759.0,9754.1,4.899999999999636,-6.819999999999709,11.719999999999345,0.12015460165468207,0.6811594202898551
2018-12-19,12:00,9768.0,9758.65,9.350000000000364,-6.819999999999709,16.170000000000073,0.16569914896015406,0.7898550724637681
2018-12-26,09:30,9544.0,9579.45,-35.45000000000073,-51.09000000000015,15.639999999999425,0.1632661582867432,0.9094202898550725
2018-12-26,10:00,9526.0,9561.55,-35.54999999999927,-51.09000000000015,15.54000000000088,0.1625259502904956,0.8768115942028986
2018-12-26,10:30,9511.0,9556.52,-45.52000000000044,-51.09000000000015,5.569999999999716,0.05828481497448564,0.5905797101449275
2018-12-26,11:00,9502.0,9536.84,-34.840000000000146,-51.09000000000015,16.250000000000007,0.17039186984367996,0.8152173913043478
2018-12-26,11:30,9514.0,9545.59,-31.590000000000146,-51.09000000000015,19.500000000000007,0.20428281541528606,0.8695652173913043
2018-12-26,12:00,9510.0,9542.01,-32.01000000000022,-51.09000000000015,19.079999999999934,0.1999578705115582,0.855072463768116
2019-01-02,09:30,9695.0,9715.67,-20.670000000000073,-49.409999999999854,28.73999999999978,0.2958107881391585,0.9855072463768116
2019-01-02,10:00,9588.0,9633.49,-45.48999999999978,-49.409999999999854,3.9200000000000728,0.040691379759568685,0.5797101449275363
2019-01-02,10:30,9576.0,9619.06,-43.05999999999949,-49.409999999999854,6.350000000000364,0.06601476651565084,0.6123188405797102
2019-01-02,11:00,9565.0,9607.34,-42.340000000000146,-49.409999999999854,7.069999999999709,0.07358956797614853,0.6195652173913043
2019-01-02,11:30,9538.0,9586.36,-48.36000000000058,-49.409999999999854,1.0499999999992724,0.010953062476260773,0.391304347826087
2019-01-02,12:00,9543.0,9584.88,-41.8799999999992,-49.409999999999854,7.530000000000655,0.0785612339434678,0.5869565217391305
2019-01-09,09:30,9661.0,9661.51,-0.5100000000002183,3.399999999999636,-3.9099999999998545,-0.04046986444147813,0.41304347826086957
2019-01-09,10:00,9707.0,9696.93,10.069999999999709,3.399999999999636,6.670000000000073,0.06878465658718866,0.6666666666666666
2019-01-09,10:30,9718.0,9709.56,8.44000000000051,3.399999999999636,5.040000000000873,0.05190760446406298,0.5615942028985508
2019-01-09,11:00,9735.0,9726.36,8.639999999999418,3.399999999999636,5.239999999999782,0.053874213991665754,0.5688405797101449
2019-01-09,11:30,9727.0,9721.76,5.239999999999782,3.399999999999636,1.8400000000001455,0.018926614111026658,0.41304347826086957
2019-01-09,12:00,9742.0,9728.09,13.909999999999854,3.399999999999636,10.510000000000218,0.10803765178981917,0.6666666666666666
2019-01-16,09:30,9771.0,9783.01,-12.010000000000218,-12.040000000000871,0.03000000000065306,0.00030665408704123843,0.48188405797101447
2019-01-16,10:00,9787.0,9783.6,3.399999999999636,-12.040000000000871,15.440000000000508,0.15781511917903948,0.8586956521739131
2019-01-16,10:30,9801.0,9797.32,3.680000000000291,-12.040000000000871,15.720000000001162,0.16045204198700422,0.8188405797101449
2019-01-16,11:00,9784.0,9785.89,-1.889999999999418,-12.040000000000871,10.150000000001453,0.1037207653059809,0.6920289855072463
2019-01-16,11:30,9784.0,9783.7,0.2999999999992724,-12.040000000000871,12.340000000000144,0.12612815192616436,0.7028985507246377
2019-01-16,12:00,9779.0,9782.19,-3.1900000000005093,-12.040000000000871,8.850000000000362,0.09047053880573125,0.605072463768116
2019-01-23,09:30,9833.0,9858.55,-25.549999999999272,-47.659999999999854,22.110000000000582,0.22427233213809925,0.9746376811594203
2019-01-23,10:00,9843.0,9860.84,-17.840000000000146,-47.659999999999854,29.81999999999971,0.3024083140989987,0.9818840579710145
2019-01-23,10:30,9841.0,9859.11,-18.110000000000582,-47.659999999999854,29.549999999999272,0.299722794451013,0.9782608695652174
2019-01-23,11:00,9828.0,9844.96,-16.959999999999127,-47.659999999999854,30.700000000000728,0.3118346849555583,0.9565217391304348
2019-01-23,11:30,9826.0,9845.5,-19.5,-47.659999999999854,28.159999999999854,0.28601899344878223,0.9492753623188406
2019-01-23,12:00,9819.0,9835.28,-16.280000000000655,-47.659999999999854,31.3799999999992,0.31905548189781274,0.9746376811594203
2019-01-30,09:30,9899.0,9914.9,-15.899999999999636,-21.590000000000146,5.690000000000509,0.05738837507186668,0.6666666666666666
2019-01-30,10:00,9909.0,9918.05,-9.049999999999272,-21.590000000000146,12.540000000000873,0.126436144201742,0.7934782608695652
2019-01-30,10:30,9920.0,9921.23,-1.2299999999995634,-21.590000000000146,20.360000000000582,0.2052164902940521,0.9202898550724637
2019-01-30,11:00,9917.0,9924.42,-7.420000000000073,-21.590000000000146,14.170000000000073,0.1427791246239082,0.7717391304347826
2019-01-30,11:30,9952.0,9952.5,-0.5,-21.590000000000146,21.090000000000146,0.21190655614167442,0.8840579710144928
2019-01-30,12:00,9948.0,9948.63,-0.6299999999991996,-21.590000000000146,20.960000000000946,0.21068227484589286,0.8768115942028986
2019-02-11,09:30,9985.0,10009.11,-24.110000000000582,-9.260000000000218,-14.850000000000364,-0.1483648396310997,0.18115942028985507
2019-02-11,10:00,9989.0,10001.67,-12.670000000000073,-9.260000000000218,-3.4099999999998545,-0.034094306250854654,0.37318840579710144
2019-02-11,10:30,9986.0,10002.15,-16.149999999999636,-9.260000000000218,-6.889999999999418,-0.06888518968421208,0.2753623188405797
2019-02-11,11:00,10025.0,10034.8,-9.799999999999272,-9.260000000000218,-0.5399999999990541,-0.005381273169361165,0.3804347826086957
2019-02-11,11:30,10018.0,10028.11,-10.110000000000582,-9.260000000000218,-0.8500000000003638,-0.008476173476361584,0.35507246376811596
2019-02-11,12:00,10013.0,10023.27,-10.270000000000437,-9.260000000000218,-1.0100000000002183,-0.010076551863815085,0.33695652173913043
2019-02-13,09:30,10071.0,10092.83,-21.829999999999927,-13.739999999999782,-8.090000000000146,-0.08015591266275311,0.286231884057971
2019-02-13,10:00,10090.0,10097.98,-7.979999999999563,-13.739999999999782,5.760000000000218,0.0570411111925377,0.6340579710144928
2019-02-13,10:30,10063.0,10080.26,-17.26000000000022,-13.739999999999782,-3.5200000000004366,-0.034919734213209146,0.37318840579710144
2019-02-13,11:00,10061.0,10077.68,-16.68000000000029,-13.739999999999782,-2.9400000000005093,-0.029173381175037403,0.31521739130434784
2019-02-13,11:30,10082.0,10094.06,-12.05999999999949,-13.739999999999782,1.680000000000291,0.016643451693375024,0.40942028985507245
2019-02-13,12:00,10077.0,10093.43,-16.43000000000029,-13.739999999999782,-2.6900000000005093,-0.026650999709717203,0.3115942028985507
2019-02-20,09:30,10236.0,10241.48,-5.479999999999563,-9.260000000000218,3.780000000000655,0.036908728035407526,0.605072463768116
2019-02-20,10:00,10252.0,10258.79,-6.790000000000873,-9.260000000000218,2.469999999999345,0.024076913554126216,0.5543478260869565
2019-02-20,10:30,10246.0,10246.28,-0.28000000000065484,-9.260000000000218,8.979999999999563,0.08764156357233614,0.6485507246376812
2019-02-20,11:00,10227.0,10233.79,-6.790000000000873,-9.260000000000218,2.469999999999345,0.02413573075077117,0.48188405797101447
2019-02-20,11:30,10226.0,10231.27,-5.270000000000437,-9.260000000000218,3.9899999999997817,0.03899809114606282,0.48188405797101447
2019-02-20,12:00,10224.0,10228.85,-4.850000000000364,-9.260000000000218,4.4099999999998545,0.043113350963205586,0.4927536231884058
2019-02-27,09:30,10337.0,10355.15,-18.149999999999636,-22.549999999999272,4.399999999999636,0.0424909344625586,0.6304347826086957
2019-02-27,10:00,10356.0,10381.11,-25.110000000000582,-22.549999999999272,-2.5600000000013097,-0.0246601760312848,0.40217391304347827
2019-02-27,10:30,10363.0,10384.02,-21.020000000000437,-22.549999999999272,1.5299999999988358,0.014734178092866115,0.4782608695652174
2019-02-27,11:00,10355.0,10371.02,-16.020000000000437,-22.549999999999272,6.529999999998836,0.06296391290344475,0.5942028985507246
2019-02-27,11:30,10346.0,10356.69,-10.69000000000051,-22.549999999999272,11.859999999998763,0.11451535191261651,0.6557971014492754
2019-02-27,12:00,10349.0,10360.07,-11.069999999999709,-22.549999999999272,11.479999999999563,0.11081006209417082,0.6702898550724637
2019-03-06,09:30,10302.0,10345.2,-43.20000000000073,-24.26000000000022,-18.94000000000051,-0.18308007578394336,0.10144927536231885
2019-03-06,10:00,10309.0,10337.67,-28.670000000000073,-24.26000000000022,-4.4099999999998545,-0.04265951611920147,0.3442028985507246
2019-03-06,10:30,10321.0,10343.85,-22.850000000000364,-24.26000000000022,1.4099999999998545,0.013631288156729406,0.47101449275362317
2019-03-06,11:00,10312.0,10341.24,-29.23999999999978,-24.26000000000022,-4.979999999999563,-0.048156700743813736,0.2826086956521739
2019-03-06,11:30,10324.0,10350.44,-26.44000000000051,-24.26000000000022,-2.180000000000291,-0.021061906546970863,0.3333333333333333
2019-03-06,12:00,10320.0,10355.06,-35.05999999999949,-24.26000000000022,-10.799999999999272,-0.10429683652242742,0.17753623188405798
2019-03-13,09:30,10329.0,10355.85,-26.850000000000364,6.670000000000073,-33.52000000000044,-0.32368178372611073,0.036231884057971016
2019-03-13,10:00,10327.0,10354.41,-27.409999999999854,6.670000000000073,-34.07999999999993,-0.3291351221363644,0.014492753623188406
2019-03-13,10:30,10311.0,10346.21,-35.20999999999913,6.670000000000073,-41.8799999999992,-0.40478590710993884,0.014492753623188406
2019-03-13,11:00,10328.0,10349.62,-21.6200000000008,6.670000000000073,-28.290000000000873,-0.2733433691285368,0.043478260869565216
2019-03-13,11:30,10339.0,10363.55,-24.549999999999272,6.670000000000073,-31.219999999999345,-0.3012481244361184,0.018115942028985508
2019-03-13,12:00,10342.0,10360.88,-18.8799999999992,6.670000000000073,-25.549999999999272,-0.24660067484614506,0.028985507246376812
2019-03-20,09:30,10523.0,10534.61,-11.610000000000582,-7.319999999999709,-4.290000000000873,-0.040722912381197525,0.40942028985507245
2019-03-20,10:00,10504.0,10518.34,-14.340000000000146,-7.319999999999709,-7.020000000000437,-0.06674056932938502,0.2898550724637681
2019-03-20,10:30,10510.0,10512.33,-2.3299999999999272,-7.319999999999709,4.989999999999782,0.047468068449142885,0.5507246376811594
2019-03-20,11:00,10529.0,10533.96,-4.959999999999127,-7.319999999999709,2.360000000000582,0.02240373041098108,0.4601449275362319
2019-03-20,11:30,10513.0,10528.57,-15.569999999999709,-7.319999999999709,-8.25,-0.07835821958727539,0.19927536231884058
2019-03-20,12:00,10525.0,10531.07,-6.069999999999709,-7.319999999999709,1.25,0.011869639077510642,0.4057971014492754
2019-03-27,09:30,10496.0,10523.11,-27.110000000000582,-38.20000000000073,11.090000000000146,0.10538709563997853,0.7644927536231884
2019-03-27,10:00,10501.0,10530.3,-29.299999999999272,-38.20000000000073,8.900000000001455,0.08451800993325409,0.7065217391304348
2019-03-27,10:30,10504.0,10529.91,-25.909999999999854,-38.20000000000073,12.290000000000873,0.11671514761285588,0.7282608695652174
2019-03-27,11:00,10518.0,10533.67,-15.670000000000073,-38.20000000000073,22.530000000000655,0.21388556884733104,0.8985507246376812
2019-03-27,11:30,10517.0,10541.47,-24.469999999999345,-38.20000000000073,13.730000000001382,0.1302474892021832,0.7137681159420289
2019-03-27,12:00,10526.0,10543.23,-17.229999999999563,-38.20000000000073,20.970000000001164,0.19889540491861757,0.8514492753623188
2019-04-03,09:30,10687.0,10702.79,-15.790000000000873,-10.299999999999272,-5.490000000001601,-0.05129503615413925,0.38405797101449274
2019-04-03,10:00,10684.0,10692.84,-8.840000000000146,-10.299999999999272,1.4599999999991269,0.013653996506065056,0.5181159420289855
2019-04-03,10:30,10694.0,10705.3,-11.299999999999272,-10.299999999999272,-1.0,-0.00934116745910904,0.40942028985507245
2019-04-03,11:00,10684.0,10702.23,-18.229999999999563,-10.299999999999272,-7.930000000000291,-0.07409670694799393,0.2210144927536232
2019-04-03,11:30,10689.0,10704.14,-15.139999999999418,-10.299999999999272,-4.8400000000001455,-0.045216150012987,0.2608695652173913
2019-04-03,12:00,10698.0,10714.4,-16.399999999999636,-10.299999999999272,-6.100000000000364,-0.056932726050925524,0.2572463768115942
2019-04-10,09:30,10832.0,10838.58,-6.579999999999927,-9.600000000000364,3.0200000000004366,0.027863428604120066,0.5797101449275363
2019-04-10,10:00,10824.0,10827.78,-3.780000000000655,-9.600000000000364,5.819999999999709,0.053750630323110636,0.6159420289855072
2019-04-10,10:30,10826.0,10829.25,-3.25,-9.600000000000364,6.350000000000364,0.05863748643719892,0.5942028985507246
2019-04-10,11:00,10825.0,10823.71,1.2900000000008731,-9.600000000000364,10.890000000001237,0.10061245173790907,0.6847826086956522
2019-04-10,11:30,10830.0,10826.78,3.219999999999345,-9.600000000000364,12.819999999999709,0.11841009053476387,0.6702898550724637
2019-04-10,12:00,10835.0,10829.85,5.149999999999636,-9.600000000000364,14.75,0.13619763893313389,0.7282608695652174
2019-04-17,09:30,10964.0,10975.3,-11.299999999999272,-4.850000000000364,-6.449999999998909,-0.05876832523939126,0.35507246376811596
2019-04-17,10:00,10984.0,10978.15,5.850000000000364,-4.850000000000364,10.700000000000728,0.09746633084810034,0.7355072463768116
2019-04-17,10:30,10981.0,10978.12,2.8799999999991996,-4.850000000000364,7.729999999999563,0.07041278470265913,0.6231884057971014
2019-04-17,11:00,10990.0,10982.35,7.649999999999636,-4.850000000000364,12.5,0.11381899138162596,0.7101449275362319
2019-04-17,11:30,10989.0,10983.82,5.180000000000291,-4.850000000000364,10.030000000000655,0.0913161359162901,0.6014492753623188
2019-04-17,12:00,10999.0,10987.08,11.920000000000073,-4.850000000000364,16.770000000000437,0.1526338208149976,0.7681159420289855
2019-04-24,09:30,11043.0,11054.68,-11.680000000000291,-13.680000000000293,2.0000000000000018,0.01809188506587257,0.5434782608695652
2019-04-24,10:00,11027.0,11040.33,-13.329999999999927,-13.680000000000293,0.3500000000003656,0.003170195093809384,0.4963768115942029
2019-04-24,10:30,11009.0,11035.21,-26.209999999999127,-13.680000000000293,-12.529999999998834,-0.1135456416325456,0.18840579710144928
2019-04-24,11:00,11011.0,11038.11,-27.110000000000582,-13.680000000000293,-13.43000000000029,-0.12166937999349788,0.16666666666666666
2019-04-24,11:30,11002.0,11026.38,-24.3799999999992,-13.680000000000293,-10.699999999998907,-0.09704000769063743,0.16304347826086957
2019-04-24,12:00,10991.0,11021.73,-30.729999999999563,-13.680000000000293,-17.049999999999272,-0.1546944082281028,0.11231884057971014
2019-05-02,09:30,11026.0,11037.47,-11.469999999999345,-19.729999999999563,8.260000000000218,0.07483599049420038,0.6956521739130435
2019-05-02,10:00,10992.0,11010.91,-18.909999999999854,-19.729999999999563,0.819999999999709,0.007447159226618953,0.5072463768115942
2019-05-02,10:30,10969.0,11001.76,-32.76000000000022,-19.729999999999563,-13.030000000000655,-0.11843559575922993,0.17753623188405798
2019-05-02,11:00,10977.0,10998.52,-21.520000000000437,-19.729999999999563,-1.7900000000008731,-0.01627491698883916,0.358695652173913
2019-05-02,11:30,10983.0,10998.37,-15.3700000000008,-19.729999999999563,4.359999999998763,0.0396422378952405,0.4855072463768116
2019-05-02,12:00,10978.0,11004.55,-26.549999999999272,-19.729999999999563,-6.819999999999709,-0.06197436514895847,0.2427536231884058
2019-05-08,09:30,10906.0,10919.3,-13.299999999999272,-20.139999999999414,6.840000000000142,0.06264137811031974,0.6811594202898551
2019-05-08,10:00,10907.0,10923.35,-16.350000000000364,-20.139999999999414,3.7899999999990506,0.034696315690690586,0.5688405797101449
2019-05-08,10:30,10922.0,10920.2,1.7999999999992724,-20.139999999999414,21.939999999998687,0.200912071207475,0.9057971014492754
2019-05-08,11:00,10933.0,10936.91,-3.9099999999998545,-20.139999999999414,16.22999999999956,0.14839657636388667,0.7789855072463768
2019-05-08,11:30,10930.0,10930.41,-0.4099999999998545,-20.139999999999414,19.72999999999956,0.1805055803030221,0.8188405797101449
2019-05-08,12:00,10917.0,10919.64,-2.639999999999418,-20.139999999999414,17.499999999999996,0.1602616936089468,0.782608695652174
2019-05-15,09:30,10559.0,10569.54,-10.540000000000873,8.75,-19.290000000000873,-0.18250557734774522,0.10869565217391304
2019-05-15,10:00,10579.0,10592.45,-13.450000000000728,8.75,-22.200000000000728,-0.20958324089328462,0.09420289855072464
2019-05-15,10:30,10582.0,10591.83,-9.829999999999927,8.75,-18.579999999999927,-0.1754182232909698,0.10144927536231885
2019-05-15,11:00,10590.0,10600.47,-10.469999999999345,8.75,-19.219999999999345,-0.18131271537959492,0.10507246376811594
2019-05-15,11:30,10592.0,10597.0,-5.0,8.75,-13.75,-0.12975370387845617,0.11231884057971014
2019-05-15,12:00,10599.0,10602.05,-3.0499999999992724,8.75,-11.799999999999272,-0.11129922986591531,0.17028985507246377
2019-05-22,09:30,10498.0,10511.45,-13.450000000000728,22.5,-35.95000000000073,-0.34200800079913546,0.028985507246376812
2019-05-22,10:00,10494.0,10495.64,-1.639999999999418,22.5,-24.139999999999418,-0.2300002667774373,0.07246376811594203
2019-05-22,10:30,10492.0,10501.37,-9.3700000000008,22.5,-31.8700000000008,-0.3034842120599579,0.03985507246376811
2019-05-22,11:00,10495.0,10488.2,6.799999999999272,22.5,-15.700000000000728,-0.14969203485822855,0.12681159420289856
2019-05-22,11:30,10488.0,10482.49,5.510000000000218,22.5,-16.98999999999978,-0.1620798111898965,0.07608695652173914
2019-05-22,12:00,10500.0,10493.61,6.389999999999418,22.5,-16.110000000000582,-0.1535220005317577,0.11956521739130435
2019-05-29,09:30,10272.0,10284.23,-12.229999999999563,11.69000000000051,-23.920000000000073,-0.2325891194576558,0.06884057971014493
2019-05-29,10:00,10266.0,10282.52,-16.520000000000437,11.69000000000051,-28.210000000000946,-0.274349089522811,0.03985507246376811
2019-05-29,10:30,10287.0,10304.78,-17.780000000000655,11.69000000000051,-29.470000000001164,-0.28598378616526665,0.043478260869565216
2019-05-29,11:00,10285.0,10300.89,-15.889999999999418,11.69000000000051,-27.579999999999927,-0.26774385514261323,0.04710144927536232
2019-05-29,11:30,10281.0,10281.09,-0.09000000000014552,11.69000000000051,-11.780000000000655,-0.11457929071723577,0.14130434782608695
2019-05-29,12:00,10279.0,10289.51,-10.510000000000218,11.69000000000051,-22.200000000000728,-0.21575371421963466,0.04710144927536232
2019-06-05,09:30,10484.0,10500.71,-16.709999999999127,-17.1200000000008,0.41000000000167347,0.0039044978863493375,0.4927536231884058
2019-06-05,10:00,10470.0,10484.68,-14.680000000000291,-17.1200000000008,2.4400000000005093,0.023272050267633435,0.5507246376811594
2019-06-05,10:30,10476.0,10488.4,-12.399999999999636,-17.1200000000008,4.720000000001164,0.04500209755540563,0.5398550724637681
2019-06-05,11:00,10470.0,10495.55,-25.549999999999272,-17.1200000000008,-8.429999999998472,-0.08031975456263342,0.20652173913043478
2019-06-05,11:30,10456.0,10479.74,-23.73999999999978,-17.1200000000008,-6.619999999998981,-0.06316950611369158,0.2246376811594203
2019-06-05,12:00,10468.0,10491.36,-23.360000000000582,-17.1200000000008,-6.239999999999782,-0.059477512924919,0.25
2019-06-12,09:30,10589.0,10606.58,-17.579999999999927,-19.76000000000022,2.180000000000291,0.020553279190844657,0.5579710144927537
2019-06-12,10:00,10584.0,10586.43,-2.430000000000291,-19.76000000000022,17.329999999999927,0.1637001330949142,0.8804347826086957
2019-06-12,10:30,10573.0,10567.6,5.399999999999636,-19.76000000000022,25.159999999999854,0.23808622582232344,0.9384057971014492
2019-06-12,11:00,10570.0,10582.34,-12.340000000000146,-19.76000000000022,7.420000000000073,0.07011681726347926,0.6086956521739131
2019-06-12,11:30,10587.0,10590.55,-3.5499999999992724,-19.76000000000022,16.210000000000946,0.15306098361275805,0.7717391304347826
2019-06-12,12:00,10594.0,10601.28,-7.280000000000655,-19.76000000000022,12.479999999999563,0.11772163361405003,0.6884057971014492
2019-06-19,09:30,10707.0,10708.56,-1.5599999999994907,-17.73999999999978,16.18000000000029,0.15109407800862384,0.8768115942028986
2019-06-19,10:00,10701.0,10699.51,1.4899999999997817,-17.73999999999978,19.229999999999563,0.17972785669623714,0.9021739130434783
2019-06-19,10:30,10706.0,10701.96,4.040000000000873,-17.73999999999978,21.780000000000655,0.2035141226466989,0.9130434782608695
2019-06-19,11:00,10705.0,10703.2,1.7999999999992724,-17.73999999999978,19.539999999999054,0.18256222438148453,0.8297101449275363
2019-06-19,11:30,10705.0,10694.84,10.159999999999854,-17.73999999999978,27.899999999999636,0.26087346795276634,0.9347826086956522
2019-06-19,12:00,10717.0,10702.72,14.280000000000655,-17.73999999999978,32.02000000000044,0.29917628415954484,0.9710144927536232
2019-06-26,09:30,10513.0,10664.15,-151.14999999999964,-160.71999999999937,9.569999999999737,0.08973992301308344,0.7391304347826086
2019-06-26,10:00,10508.0,10660.43,-152.4300000000003,-160.71999999999937,8.289999999999083,0.0777642177660665,0.6956521739130435
2019-06-26,10:30,10521.0,10660.17,-139.17000000000007,-160.71999999999937,21.5499999999993,0.20215437464880295,0.9094202898550725
2019-06-26,11:00,10519.0,10675.12,-156.1200000000008,-160.71999999999937,4.599999999998573,0.0430908505009646,0.532608695652174
2019-06-26,11:30,10513.0,10655.2,-142.20000000000073,-160.71999999999937,18.519999999998646,0.17381184773630382,0.8007246376811594
2019-06-26,12:00,10503.0,10653.36,-150.36000000000058,-160.71999999999937,10.359999999998792,0.09724631477767381,0.6376811594202898
2019-07-03,09:30,10692.0,10794.09,-102.09000000000015,-118.1200000000008,16.030000000000655,0.14850719236175217,0.8659420289855072
2019-07-03,10:00,10681.0,10781.93,-100.93000000000029,-118.1200000000008,17.19000000000051,0.15943342240211641,0.8695652173913043
2019-07-03,10:30,10656.0,10756.69,-100.69000000000051,-118.1200000000008,17.43000000000029,0.16203869405923468,0.822463768115942
2019-07-03,11:00,10639.0,10744.92,-105.92000000000007,-118.1200000000008,12.200000000000728,0.11354202730221097,0.7065217391304348
2019-07-03,11:30,10645.0,10747.73,-102.72999999999956,-118.1200000000008,15.390000000001237,0.14319302773703133,0.75
2019-07-03,12:00,10647.0,10745.63,-98.6299999999992,-118.1200000000008,19.4900000000016,0.1813760570576281,0.8188405797101449
2019-07-10,09:30,10719.0,10753.17,-34.17000000000007,-57.780000000000655,23.610000000000582,0.21956316137474421,0.9710144927536232
2019-07-10,10:00,10692.0,10748.11,-56.11000000000058,-57.780000000000655,1.6700000000000728,0.01553761545053105,0.5289855072463768
2019-07-10,10:30,10714.0,10749.86,-35.86000000000058,-57.780000000000655,21.920000000000073,0.20390963231149123,0.9166666666666666
2019-07-10,11:00,10725.0,10759.97,-34.969999999999345,-57.780000000000655,22.81000000000131,0.21198943863227604,0.8876811594202898
2019-07-10,11:30,10733.0,10770.51,-37.51000000000022,-57.780000000000655,20.270000000000437,0.18819907321009346,0.8405797101449275
2019-07-10,12:00,10728.0,10767.01,-39.01000000000022,-57.780000000000655,18.770000000000437,0.174328806233118,0.8079710144927537
2019-07-17,09:30,10841.0,10842.32,-1.319999999999709,-6.049999999999272,4.729999999999563,0.04362534955617952,0.6376811594202898
2019-07-17,10:00,10851.0,10842.48,8.520000000000437,-6.049999999999272,14.569999999999709,0.13437885059506413,0.822463768115942
2019-07-17,10:30,10845.0,10846.77,-1.7700000000004366,-6.049999999999272,4.279999999998836,0.03945875131489684,0.5289855072463768
2019-07-17,11:00,10833.0,10830.29,2.709999999999127,-6.049999999999272,8.7599999999984,0.08088426071691893,0.6340579710144928
2019-07-17,11:30,10823.0,10819.87,3.1299999999991996,-6.049999999999272,9.179999999998472,0.08484390293042773,0.5942028985507246
2019-07-17,12:00,10823.0,10816.82,6.180000000000291,-6.049999999999272,12.229999999999563,0.1130646530126189,0.6811594202898551
2019-07-24,09:30,10815.0,10963.43,-148.4300000000003,-148.26000000000022,-0.17000000000007276,-0.0015506096176112108,0.4673913043478261
2019-07-24,10:00,10812.0,10939.66,-127.65999999999985,-148.26000000000022,20.600000000000364,0.18830566946322247,0.9094202898550725
2019-07-24,10:30,10807.0,10938.23,-131.22999999999956,-148.26000000000022,17.030000000000655,0.15569246578286117,0.8079710144927537
2019-07-24,11:00,10815.0,10949.46,-134.45999999999913,-148.26000000000022,13.800000000001091,0.12603361261652257,0.7427536231884058
2019-07-24,11:30,10809.0,10949.13,-140.1299999999992,-148.26000000000022,8.130000000001019,0.0742524748541758,0.5615942028985508
2019-07-24,12:00,10811.0,10946.97,-135.96999999999935,-148.26000000000022,12.290000000000873,0.11226850900295582,0.677536231884058
2019-07-31,09:30,10723.0,10806.23,-83.22999999999956,-72.89999999999964,-10.329999999999927,-0.09559300514610486,0.2536231884057971
2019-07-31,10:00,10716.0,10806.13,-90.1299999999992,-72.89999999999964,-17.229999999999563,-0.1594465363640782,0.13768115942028986
2019-07-31,10:30,10677.0,10758.55,-81.54999999999927,-72.89999999999964,-8.649999999999636,-0.08040116930255134,0.2463768115942029
2019-07-31,11:00,10700.0,10771.53,-71.53000000000065,-72.89999999999964,1.3699999999989814,0.012718713126166676,0.427536231884058
2019-07-31,11:30,10723.0,10800.25,-77.25,-72.89999999999964,-4.350000000000364,-0.04027684544339589,0.2717391304347826
2019-07-31,12:00,10722.0,10811.87,-89.8700000000008,-72.89999999999964,-16.970000000001164,-0.15695712212597046,0.10507246376811594
2019-08-07,09:30,10340.0,10420.21,-80.20999999999913,-48.75,-31.459999999999127,-0.30191330117146514,0.04710144927536232
2019-08-07,10:00,10345.0,10425.75,-80.75,-48.75,-32.0,-0.3069323549864518,0.025362318840579712
2019-08-07,10:30,10314.0,10402.95,-88.95000000000073,-48.75,-40.20000000000073,-0.38642884950904044,0.021739130434782608
2019-08-07,11:00,10330.0,10420.18,-90.18000000000029,-48.75,-41.43000000000029,-0.39759389952956947,0.018115942028985508
2019-08-07,11:30,10317.0,10409.19,-92.19000000000051,-48.75,-43.44000000000051,-0.41732353814274215,0.014492753623188406
2019-08-07,12:00,10335.0,10421.45,-86.45000000000073,-48.75,-37.70000000000073,-0.3617538826171092,0.014492753623188406
2019-08-14,09:30,10474.0,10508.03,-34.030000000000655,-14.659999999999854,-19.3700000000008,-0.18433521792382396,0.09420289855072464
2019-08-14,10:00,10484.0,10510.29,-26.290000000000873,-14.659999999999854,-11.630000000001019,-0.11065346436683494,0.21739130434782608
2019-08-14,10:30,10453.0,10490.72,-37.719999999999345,-14.659999999999854,-23.05999999999949,-0.21981332072536006,0.06884057971014493
2019-08-14,11:00,10469.0,10487.36,-18.360000000000582,-14.659999999999854,-3.7000000000007276,-0.03528056631984339,0.3007246376811594
2019-08-14,11:30,10460.0,10483.07,-23.06999999999971,-14.659999999999854,-8.409999999999854,-0.08022459069718942,0.19202898550724637
2019-08-14,12:00,10447.0,10464.77,-17.770000000000437,-14.659999999999854,-3.110000000000582,-0.02971876113856857,0.30434782608695654
2019-08-21,09:30,10525.0,10525.15,-0.1499999999996362,-4.5,4.350000000000364,0.041329577250683966,0.6231884057971014
2019-08-21,10:00,10519.0,10509.35,9.649999999999636,-4.5,14.149999999999636,0.1346420092584188,0.8260869565217391
2019-08-21,10:30,10526.0,10529.03,-3.030000000000655,-4.5,1.4699999999993452,0.013961400052990115,0.4746376811594203
2019-08-21,11:00,10529.0,10530.04,-1.0400000000008731,-4.5,3.459999999999127,0.032858374707020355,0.5036231884057971
2019-08-21,11:30,10532.0,10527.69,4.309999999999491,-4.5,8.80999999999949,0.08368407504399816,0.5869565217391305
2019-08-21,12:00,10537.0,10534.15,2.850000000000364,-4.5,7.350000000000364,0.06977307139162024,0.5652173913043478
2019-08-28,09:30,10432.0,10448.81,-16.80999999999949,-30.229999999999563,13.420000000000073,0.12843567832126407,0.822463768115942
2019-08-28,10:00,10410.0,10433.38,-23.3799999999992,-30.229999999999563,6.850000000000364,0.06565465841367193,0.6557971014492754
2019-08-28,10:30,10407.0,10436.96,-29.959999999999127,-30.229999999999563,0.27000000000043656,0.0025869601876450285,0.4420289855072464
2019-08-28,11:00,10405.0,10434.46,-29.459999999999127,-30.229999999999563,0.7700000000004366,0.007379394812960485,0.4057971014492754
2019-08-28,11:30,10407.0,10428.83,-21.829999999999927,-30.229999999999563,8.399999999999636,0.08054594810731057,0.572463768115942
2019-08-28,12:00,10411.0,10426.77,-15.770000000000437,-30.229999999999563,14.459999999999127,0.13868149004916314,0.7318840579710145
2019-09-04,09:30,10599.0,10598.86,0.13999999999941792,-12.209999999999129,12.349999999998547,0.11652196556986832,0.8043478260869565
2019-09-04,10:00,10626.0,10621.32,4.680000000000291,-12.209999999999129,16.889999999999418,0.15901978285184346,0.8659420289855072
2019-09-04,10:30,10628.0,10622.21,5.790000000000873,-12.209999999999129,18.0,0.16945626192666124,0.8478260869565217
2019-09-04,11:00,10625.0,10625.34,-0.3400000000001455,-12.209999999999129,11.869999999998983,0.11171407220850328,0.7028985507246377
2019-09-04,11:30,10623.0,10622.33,0.6700000000000728,-12.209999999999129,12.879999999999201,0.12125399982865531,0.6920289855072463
2019-09-04,12:00,10623.0,10614.25,8.75,-12.209999999999129,20.959999999999127,0.1974703817980463,0.8478260869565217
2019-09-11,09:30,10787.0,10796.52,-9.520000000000437,-9.579999999999927,0.05999999999949068,0.0005557346255968653,0.4855072463768116
2019-09-11,10:00,10762.0,10767.33,-5.329999999999927,-9.579999999999927,4.25,0.039471252390332605,0.572463768115942
2019-09-11,10:30,10763.0,10762.37,0.6299999999991996,-9.579999999999927,10.209999999999127,0.09486758028203013,0.6594202898550725
2019-09-11,11:00,10758.0,10762.5,-4.5,-9.579999999999927,5.079999999999927,0.047200929152147984,0.5507246376811594
2019-09-11,11:30,10772.0,10772.94,-0.9400000000005093,-9.579999999999927,8.639999999999418,0.08020094793064304,0.5652173913043478
2019-09-11,12:00,10773.0,10775.73,-2.7299999999995634,-9.579999999999927,6.850000000000364,0.06356877909896001,0.5471014492753623
2019-09-18,09:30,10900.0,10893.39,6.610000000000582,-10.5,17.110000000000582,0.15706772639188155,0.8876811594202898
2019-09-18,10:00,10917.0,10914.84,2.1599999999998545,-10.5,12.659999999999854,0.1159888738634726,0.7789855072463768
2019-09-18,10:30,10913.0,10911.05,1.9500000000007276,-10.5,12.450000000000728,0.11410450873198022,0.7101449275362319
2019-09-18,11:00,10933.0,10927.05,5.950000000000728,-10.5,16.450000000000728,0.15054383388014814,0.7898550724637681
2019-09-18,11:30,10941.0,10930.0,11.0,-10.5,21.5,0.1967063129002745,0.855072463768116
2019-09-18,12:00,10939.0,10930.77,8.229999999999563,-10.5,18.729999999999563,0.17135114909562238,0.8007246376811594
2019-09-25,09:30,10857.0,10869.99,-12.989999999999782,-15.010000000000218,2.0200000000004366,0.018583273765665254,0.5471014492753623
2019-09-25,10:00,10820.0,10843.08,-23.079999999999927,-15.010000000000218,-8.069999999999709,-0.07442534777941054,0.2826086956521739
2019-09-25,10:30,10818.0,10832.74,-14.739999999999782,-15.010000000000218,0.27000000000043656,0.002492444201563377,0.4384057971014493
2019-09-25,11:00,10840.0,10852.68,-12.680000000000291,-15.010000000000218,2.3299999999999272,0.021469351349159168,0.45652173913043476
2019-09-25,11:30,10835.0,10849.77,-14.770000000000437,-15.010000000000218,0.23999999999978172,0.002212028457744097,0.38405797101449274
2019-09-25,12:00,10838.0,10849.46,-11.459999999999127,-15.010000000000218,3.5500000000010914,0.032720522496060556,0.45652173913043476
2019-10-02,09:30,10935.0,10951.94,-16.94000000000051,-7.649999999999636,-9.290000000000873,-0.08482515426491447,0.2753623188405797
2019-10-02,10:00,10940.0,10956.78,-16.780000000000655,-7.649999999999636,-9.130000000001019,-0.08332740093349522,0.2644927536231884
2019-10-02,10:30,10937.0,10960.31,-23.30999999999949,-7.649999999999636,-15.659999999999854,-0.14287917038842746,0.14492753623188406
2019-10-02,11:00,10941.0,10954.24,-13.239999999999782,-7.649999999999636,-5.5900000000001455,-0.05103046856742362,0.27898550724637683
2019-10-02,11:30,10938.0,10951.19,-13.19000000000051,-7.649999999999636,-5.540000000000873,-0.05058810960270868,0.25
2019-10-02,12:00,10934.0,10955.94,-21.94000000000051,-7.649999999999636,-14.290000000000873,-0.13043152846767025,0.14492753623188406
2019-10-09,09:30,10953.0,10972.5,-19.5,-20.30999999999949,0.8099999999994907,0.007382091592613266,0.5108695652173914
2019-10-09,10:00,10947.0,10949.83,-2.8299999999999272,-20.30999999999949,17.479999999999563,0.15963718158181053,0.8731884057971014
2019-10-09,10:30,10950.0,10949.27,0.7299999999995634,-20.30999999999949,21.039999999999054,0.1921589293167403,0.8840579710144928
2019-10-09,11:00,10943.0,10945.08,-2.0799999999999272,-20.30999999999949,18.229999999999563,0.16655885566847903,0.8079710144927537
2019-10-09,11:30,10940.0,10940.53,-0.5300000000006548,-20.30999999999949,19.779999999998836,0.18079562873095575,0.822463768115942
2019-10-09,12:00,10937.0,10937.91,-0.9099999999998545,-20.30999999999949,19.399999999999636,0.1773647799259606,0.8115942028985508
2019-10-16,09:30,11145.0,11144.22,0.7800000000006548,-8.799999999999272,9.579999999999927,0.08596384493486245,0.7246376811594203
2019-10-16,10:00,11143.0,11132.84,10.159999999999854,-8.799999999999272,18.959999999999127,0.17030694773300548,0.8876811594202898
2019-10-16,10:30,11147.0,11134.01,12.989999999999782,-8.799999999999272,21.789999999999054,0.19570666812764723,0.8876811594202898
2019-10-16,11:00,11163.0,11143.89,19.110000000000582,-8.799999999999272,27.909999999999854,0.25045114407984875,0.9311594202898551
2019-10-16,11:30,11138.0,11116.58,21.420000000000073,-8.799999999999272,30.219999999999345,0.27184619730168225,0.9420289855072463
2019-10-16,12:00,11147.0,11127.16,19.840000000000146,-8.799999999999272,28.639999999999418,0.25738822844283193,0.9456521739130435
2019-10-23,09:30,11240.0,11267.3,-27.299999999999272,-32.25,4.950000000000728,0.043932441667486694,0.6413043478260869
2019-10-23,10:00,11232.0,11257.01,-25.01000000000022,-32.25,7.239999999999782,0.06431547986543303,0.6521739130434783
2019-10-23,10:30,11231.0,11248.84,-17.840000000000146,-32.25,14.409999999999854,0.12810209763851077,0.7463768115942029
2019-10-23,11:00,11208.0,11233.42,-25.420000000000073,-32.25,6.829999999999927,0.06080071785796246,0.5760869565217391
2019-10-23,11:30,11198.0,11221.23,-23.229999999999563,-32.25,9.020000000000437,0.08038334478484477,0.5688405797101449
2019-10-23,12:00,11204.0,11222.65,-18.649999999999636,-32.25,13.600000000000364,0.12118349944086615,0.7028985507246377
2019-10-30,09:30,11311.0,11322.93,-11.930000000000291,-6.8700000000008,-5.059999999999491,-0.04468807985211858,0.39855072463768115
2019-10-30,10:00,11308.0,11327.07,-19.06999999999971,-6.8700000000008,-12.199999999998909,-0.10770658254958174,0.2210144927536232
2019-10-30,10:30,11311.0,11328.63,-17.6299999999992,-6.8700000000008,-10.7599999999984,-0.0949805934168421,0.20652173913043478
2019-10-30,11:00,11312.0,11331.73,-19.729999999999563,-6.8700000000008,-12.859999999998763,-0.1134866432574617,0.17391304347826086
2019-10-30,11:30,11318.0,11337.82,-19.81999999999971,-6.8700000000008,-12.949999999998909,-0.11421948840252279,0.14492753623188406
2019-10-30,12:00,11334.0,11355.91,-21.909999999999854,-6.8700000000008,-15.039999999999054,-0.13244204999862674,0.13768115942028986
2019-11-06,09:30,11634.0,11634.64,-0.6399999999994179,-8.030000000000655,7.390000000001237,0.06351722098836954,0.6847826086956522
2019-11-06,10:00,11650.0,11653.12,-3.1200000000008004,-8.030000000000655,4.9099999999998545,0.04213463862038539,0.5833333333333334
2019-11-06,10:30,11622.0,11623.39,-1.389999999999418,-8.030000000000655,6.640000000001237,0.05712619124025983,0.5760869565217391
2019-11-06,11:00,11614.0,11616.42,-2.4200000000000728,-8.030000000000655,5.610000000000582,0.04829370838864798,0.5543478260869565
2019-11-06,11:30,11626.0,11620.64,5.360000000000582,-8.030000000000655,13.390000000001237,0.11522601164825033,0.6594202898550725
2019-11-06,12:00,11639.0,11632.99,6.010000000000218,-8.030000000000655,14.040000000000873,0.12069124103090327,0.6992753623188406
2019-11-13,09:30,11492.0,11506.51,-14.510000000000218,1.6299999999991996,-16.139999999999418,-0.1402684219628664,0.1956521739130435
2019-11-13,10:00,11442.0,11445.32,-3.319999999999709,1.6299999999991996,-4.949999999998909,-0.04324911841695041,0.34057971014492755
2019-11-13,10:30,11447.0,11455.91,-8.909999999999854,1.6299999999991996,-10.539999999999054,-0.09200491274808421,0.213768115942029
2019-11-13,11:00,11469.0,11464.48,4.520000000000437,1.6299999999991996,2.890000000001237,0.025208295535438477,0.4891304347826087
2019-11-13,11:30,11468.0,11475.51,-7.510000000000218,1.6299999999991996,-9.139999999999418,-0.07964787621638966,0.1956521739130435
2019-11-13,12:00,11462.0,11473.87,-11.8700000000008,1.6299999999991996,-13.5,-0.11765864525221219,0.15579710144927536
2019-11-20,09:30,11603.0,11596.77,6.229999999999563,-5.399999999999636,11.6299999999992,0.10028654530528068,0.7608695652173914
2019-11-20,10:00,11610.0,11612.95,-2.9500000000007276,-5.399999999999636,2.4499999999989086,0.021097137247632243,0.5434782608695652
2019-11-20,10:30,11625.0,11614.88,10.1200000000008,-5.399999999999636,15.520000000000437,0.13362169906189678,0.7681159420289855
2019-11-20,11:00,11613.0,11603.8,9.200000000000728,-5.399999999999636,14.600000000000364,0.12582085178993402,0.7391304347826086
2019-11-20,11:30,11612.0,11600.77,11.229999999999563,-5.399999999999636,16.6299999999992,0.14335255332188465,0.7536231884057971
2019-11-20,12:00,11596.0,11592.91,3.0900000000001455,-5.399999999999636,8.489999999999782,0.07323441655287397,0.5688405797101449
2019-11-27,09:30,11616.0,11613.17,2.8299999999999272,36.18000000000029,-33.350000000000364,-0.28717395853156685,0.050724637681159424
2019-11-27,10:00,11615.0,11609.7,5.299999999999272,36.18000000000029,-30.88000000000102,-0.26598447849643847,0.050724637681159424
2019-11-27,10:30,11618.0,11609.09,8.909999999999854,36.18000000000029,-27.270000000000437,-0.2349021327253078,0.05434782608695652
2019-11-27,11:00,11617.0,11614.31,2.6900000000005093,36.18000000000029,-33.48999999999978,-0.2883511805694852,0.036231884057971016
2019-11-27,11:30,11629.0,11619.97,9.030000000000655,36.18000000000029,-27.149999999999636,-0.23364948446510306,0.03985507246376811
2019-11-27,12:00,11630.0,11626.92,3.0799999999999272,36.18000000000029,-33.100000000000364,-0.28468416399184276,0.021739130434782608
2019-12-04,09:30,11483.0,11496.74,-13.739999999999782,-19.579999999999927,5.8400000000001455,0.05079700854329267,0.6594202898550725
2019-12-04,10:00,11488.0,11491.76,-3.7600000000002183,-19.579999999999927,15.819999999999709,0.13766385653720326,0.8297101449275363
2019-12-04,10:30,11491.0,11488.71,2.290000000000873,-19.579999999999927,21.8700000000008,0.1903607976874758,0.8768115942028986
2019-12-04,11:00,11465.0,11474.42,-9.420000000000073,-19.579999999999927,10.159999999999854,0.08854478047692044,0.6485507246376812
2019-12-04,11:30,11460.0,11463.72,-3.719999999999345,-19.579999999999927,15.860000000000582,0.13834950609401298,0.7318840579710145
2019-12-04,12:00,11464.0,11465.11,-1.110000000000582,-19.579999999999927,18.469999999999345,0.16109745131097167,0.7862318840579711
2019-12-11,09:30,11619.0,11640.08,-21.079999999999927,-2.840000000000145,-18.23999999999978,-0.15669995395220462,0.17028985507246377
2019-12-11,10:00,11637.0,11647.05,-10.049999999999272,-2.840000000000145,-7.209999999999127,-0.06190408730106874,0.2971014492753623
2019-12-11,10:30,11653.0,11661.36,-8.360000000000582,-2.840000000000145,-5.520000000000437,-0.047335816748650554,0.322463768115942
2019-12-11,11:00,11664.0,11664.21,-0.20999999999912689,-2.840000000000145,2.630000000001018,0.022547605024266698,0.463768115942029
2019-12-11,11:30,11668.0,11663.63,4.3700000000008,-2.840000000000145,7.210000000000946,0.061816089845107794,0.5398550724637681
2019-12-11,12:00,11672.0,11673.15,-1.1499999999996362,-2.840000000000145,1.6900000000005089,0.014477668838321352,0.41304347826086957
2019-12-18,09:30,12087.0,12082.97,4.030000000000655,-11.010000000000218,15.040000000000873,0.1244727082828218,0.8188405797101449
2019-12-18,10:00,12088.0,12082.79,5.209999999999127,-11.010000000000218,16.219999999999345,0.13424051895298475,0.8188405797101449
2019-12-18,10:30,12096.0,12092.67,3.3299999999999272,-11.010000000000218,14.340000000000146,0.1185842332586612,0.7355072463768116
2019-12-18,11:00,12080.0,12074.92,5.079999999999927,-11.010000000000218,16.090000000000146,0.13325140042335804,0.7536231884057971
2019-12-18,11:30,12092.0,12083.55,8.450000000000728,-11.010000000000218,19.460000000000946,0.16104538815166855,0.7862318840579711
2019-12-18,12:00,12109.0,12095.76,13.239999999999782,-11.010000000000218,24.25,0.20048347520122753,0.8586956521739131
2019-12-25,09:30,11998.0,11993.55,4.450000000000728,13.6200000000008,-9.170000000000073,-0.07645776271412612,0.2971014492753623
2019-12-25,10:00,11994.0,11994.58,-0.5799999999999272,13.6200000000008,-14.200000000000728,-0.11838680470679863,0.1956521739130435
2019-12-25,10:30,11993.0,11986.82,6.180000000000291,13.6200000000008,-7.440000000000509,-0.062068171541747603,0.29347826086956524
2019-12-25,11:00,12000.0,11982.27,17.729999999999563,13.6200000000008,4.109999999998763,0.03430067925358687,0.5108695652173914
2019-12-25,11:30,11996.0,11980.99,15.010000000000218,13.6200000000008,1.389999999999418,0.011601712379356113,0.39492753623188404
2019-12-25,12:00,11994.0,11980.36,13.639999999999418,13.6200000000008,0.019999999998617568,0.0001669398916110832,0.3695652173913043
2020-01-02,09:30,12034.0,12036.54,-2.540000000000873,4.860000000000582,-7.400000000001455,-0.06147946170578468,0.3442028985507246
2020-01-02,10:00,12060.0,12055.76,4.239999999999782,4.860000000000582,-0.6200000000008004,-0.005142769929069592,0.47101449275362317
2020-01-02,10:30,12089.0,12074.12,14.8799999999992,4.860000000000582,10.019999999998618,0.08298741440368837,0.6413043478260869
2020-01-02,11:00,12103.0,12092.47,10.530000000000655,4.860000000000582,5.670000000000073,0.046888683618814625,0.5434782608695652
2020-01-02,11:30,12103.0,12099.51,3.4899999999997817,4.860000000000582,-1.3700000000008004,-0.011322772575094366,0.34782608695652173
2020-01-02,12:00,12110.0,12101.49,8.510000000000218,4.860000000000582,3.649999999999636,0.03016157514487585,0.4492753623188406
2020-01-08,09:30,11797.0,11811.62,-14.6200000000008,6.680000000000291,-21.30000000000109,-0.18033089449204334,0.11594202898550725
2020-01-08,10:00,11801.0,11806.97,-5.969999999999345,6.680000000000291,-12.649999999999636,-0.10714010453147281,0.2246376811594203
2020-01-08,10:30,11848.0,11860.68,-12.680000000000291,6.680000000000291,-19.360000000000582,-0.16322841523420734,0.11594202898550725
2020-01-08,11:00,11877.0,11873.61,3.389999999999418,6.680000000000291,-3.290000000000873,-0.027708506511506383,0.32608695652173914
2020-01-08,11:30,11868.0,11875.12,-7.1200000000008,6.680000000000291,-13.800000000001091,-0.11620935198971538,0.13768115942028986
2020-01-08,12:00,11866.0,11885.52,-19.520000000000437,6.680000000000291,-26.200000000000728,-0.22043629559329947,0.043478260869565216
2020-01-15,09:30,12144.0,12136.18,7.819999999999709,-2.8099999999994907,10.6299999999992,0.08758934030312009,0.7282608695652174
2020-01-15,10:00,12151.0,12129.69,21.30999999999949,-2.8099999999994907,24.11999999999898,0.19885091869618252,0.927536231884058
2020-01-15,10:30,12104.0,12095.38,8.6200000000008,-2.8099999999994907,11.430000000000291,0.09449889131222246,0.6557971014492754
2020-01-15,11:00,12112.0,12104.79,7.209999999999127,-2.8099999999994907,10.019999999998618,0.08277714855027321,0.6376811594202898
2020-01-15,11:30,12115.0,12111.16,3.8400000000001455,-2.8099999999994907,6.649999999999636,0.05490803523361624,0.5362318840579711
2020-01-15,12:00,12112.0,12106.66,5.3400000000001455,-2.8099999999994907,8.149999999999636,0.06731831900788192,0.5579710144927537
2020-01-30,09:30,11640.0,11655.75,-15.75,-7.709999999999127,-8.040000000000873,-0.06897883019111488,0.31521739130434784
2020-01-30,10:00,11619.0,11628.43,-9.430000000000291,-7.709999999999127,-1.7200000000011642,-0.014791334685775846,0.4384057971014493
2020-01-30,10:30,11532.0,11545.79,-13.790000000000873,-7.709999999999127,-6.080000000001746,-0.05265988728360507,0.3079710144927536
2020-01-30,11:00,11514.0,11531.2,-17.200000000000728,-7.709999999999127,-9.4900000000016,-0.08229845983073401,0.2028985507246377
2020-01-30,11:30,11527.0,11539.12,-12.1200000000008,-7.709999999999127,-4.4100000000016735,-0.03821781903647482,0.2826086956521739
2020-01-30,12:00,11458.0,11489.11,-31.110000000000582,-7.709999999999127,-23.400000000001455,-0.2036711285730701,0.06521739130434782
2020-02-05,09:30,11529.0,11565.25,-36.25,-28.920000000000076,-7.329999999999924,-0.06337952054646397,0.3333333333333333
2020-02-05,10:00,11575.0,11588.73,-13.729999999999563,-28.920000000000076,15.190000000000513,0.13107562260921182,0.8079710144927537
2020-02-05,10:30,11601.0,11607.69,-6.690000000000509,-28.920000000000076,22.229999999999567,0.1915109724673864,0.8804347826086957
2020-02-05,11:00,11566.0,11599.98,-33.97999999999956,-28.920000000000076,-5.059999999999487,-0.043620764863383274,0.2898550724637681
2020-02-05,11:30,11585.0,11608.89,-23.889999999999418,-28.920000000000076,5.030000000000658,0.0433288626216689,0.5
2020-02-05,12:00,11587.0,11608.71,-21.709999999999127,-28.920000000000076,7.210000000000949,0.06210853746885701,0.5398550724637681
2020-02-12,09:30,11709.0,11732.37,-23.3700000000008,-3.040000000000873,-20.329999999999927,-0.17328127224081688,0.12681159420289856
2020-02-12,10:00,11736.0,11744.79,-8.790000000000873,-3.040000000000873,-5.75,-0.04895787834435524,0.32608695652173914
2020-02-12,10:30,11753.0,11759.43,-6.430000000000291,-3.040000000000873,-3.389999999999418,-0.02882792788425475,0.39492753623188404
2020-02-12,11:00,11743.0,11758.77,-15.770000000000437,-3.040000000000873,-12.729999999999563,-0.10825962239247441,0.18478260869565216
2020-02-12,11:30,11758.0,11765.7,-7.700000000000728,-3.040000000000873,-4.6599999999998545,-0.03960665323780017,0.2753623188405797
2020-02-12,12:00,11759.0,11770.38,-11.3799999999992,-3.040000000000873,-8.339999999998327,-0.07085582623499265,0.22826086956521738
2020-02-19,09:30,11648.0,11666.16,-18.159999999999854,-11.979999999999563,-6.180000000000291,-0.05297372914481107,0.37681159420289856
2020-02-19,10:00,11697.0,11696.64,0.3600000000005821,-11.979999999999563,12.340000000000146,0.10550038301597847,0.7608695652173914
2020-02-19,10:30,11776.0,11767.52,8.479999999999563,-11.979999999999563,20.459999999999127,0.17386841067615885,0.8623188405797102
2020-02-19,11:00,11750.0,11742.28,7.719999999999345,-11.979999999999563,19.69999999999891,0.16776980279808443,0.8115942028985508
2020-02-19,11:30,11771.0,11762.63,8.3700000000008,-11.979999999999563,20.350000000000364,0.17300552682521142,0.7971014492753623
2020-02-19,12:00,11771.0,11754.19,16.80999999999949,-11.979999999999563,28.789999999999054,0.244933934197074,0.9347826086956522
2020-02-26,09:30,11416.0,11441.14,-25.139999999999418,-2.2299999999995634,-22.909999999999854,-0.2002422835486661,0.09057971014492754
2020-02-26,10:00,11422.0,11445.15,-23.149999999999636,-2.2299999999995634,-20.920000000000073,-0.18278484773026193,0.11956521739130435
2020-02-26,10:30,11461.0,11477.2,-16.200000000000728,-2.2299999999995634,-13.970000000001164,-0.1217195831736065,0.17028985507246377
2020-02-26,11:00,11456.0,11480.81,-24.80999999999949,-2.2299999999995634,-22.579999999999927,-0.19667601850392027,0.08695652173913043
2020-02-26,11:30,11460.0,11472.31,-12.30999999999949,-2.2299999999995634,-10.079999999999927,-0.08786373450508161,0.17753623188405798
2020-02-26,12:00,11452.0,11477.27,-25.270000000000437,-2.2299999999995634,-23.040000000000873,-0.2007446021571408,0.06884057971014493
2020-03-04,09:30,11325.0,11340.11,-15.110000000000582,-18.719999999999345,3.609999999998763,0.03183390637303133,0.5905797101449275
2020-03-04,10:00,11308.0,11325.83,-17.829999999999927,-18.719999999999345,0.8899999999994179,0.007858143729858366,0.5108695652173914
2020-03-04,10:30,11318.0,11331.74,-13.739999999999782,-18.719999999999345,4.979999999999563,0.04394735495166288,0.5362318840579711
2020-03-04,11:00,11337.0,11348.33,-11.329999999999927,-18.719999999999345,7.389999999999418,0.06511971364949219,0.6014492753623188
2020-03-04,11:30,11350.0,11377.61,-27.610000000000582,-18.719999999999345,-8.890000000001237,-0.07813591782458036,0.2028985507246377
2020-03-04,12:00,11351.0,11373.74,-22.73999999999978,-18.719999999999345,-4.020000000000437,-0.03534457443198488,0.29347826086956524
2020-03-11,09:30,10957.0,11031.79,-74.79000000000087,-26.540000000000877,-48.25,-0.4373723575231218,0.007246376811594203
2020-03-11,10:00,10966.0,11030.63,-64.6299999999992,-26.540000000000877,-38.08999999999833,-0.3453111925610625,0.010869565217391304
2020-03-11,10:30,10990.0,11053.96,-63.95999999999913,-26.540000000000877,-37.419999999998254,-0.3385212177355288,0.025362318840579712
2020-03-11,11:00,10971.0,11050.37,-79.3700000000008,-26.540000000000877,-52.82999999999993,-0.4780835392842043,0.007246376811594203
2020-03-11,11:30,10957.0,11033.64,-76.63999999999942,-26.540000000000877,-50.099999999998545,-0.454065929285336,0.010869565217391304
2020-03-11,12:00,10946.0,11017.4,-71.39999999999964,-26.540000000000877,-44.85999999999876,-0.4071741064134802,0.010869565217391304
2020-03-18,09:30,9354.0,9372.89,-18.889999999999418,-23.6299999999992,4.739999999999782,0.050571381932357926,0.6521739130434783
2020-03-18,10:00,9452.0,9479.23,-27.229999999999563,-23.6299999999992,-3.600000000000364,-0.03797776823645343,0.358695652173913
2020-03-18,10:30,9392.0,9389.42,2.5799999999999272,-23.6299999999992,26.209999999999127,0.27914397268413943,0.9710144927536232
2020-03-18,11:00,9410.0,9403.71,6.290000000000873,-23.6299999999992,29.920000000000073,0.31817229582792406,0.967391304347826
2020-03-18,11:30,9420.0,9426.28,-6.280000000000655,-23.6299999999992,17.349999999998545,0.1840598836444339,0.8297101449275363
2020-03-18,12:00,9366.0,9388.08,-22.079999999999927,-23.6299999999992,1.5499999999992724,0.01651029816532531,0.4166666666666667
2020-03-25,09:30,9536.0,9668.55,-132.54999999999927,-121.6200000000008,-10.929999999998472,-0.1130469408546108,0.2318840579710145
2020-03-25,10:00,9581.0,9714.26,-133.26000000000022,-121.6200000000008,-11.639999999999418,-0.1198238465925291,0.18840579710144928
2020-03-25,10:30,9525.0,9689.84,-164.84000000000015,-121.6200000000008,-43.219999999999345,-0.4460341966430751,0.010869565217391304
2020-03-25,11:00,9558.0,9676.11,-118.11000000000058,-121.6200000000008,3.5100000000002183,0.036274907995053986,0.5144927536231884
2020-03-25,11:30,9540.0,9682.36,-142.36000000000058,-121.6200000000008,-20.73999999999978,-0.21420397506392844,0.050724637681159424
2020-03-25,12:00,9570.0,9694.78,-124.78000000000065,-121.6200000000008,-3.1599999999998545,-0.03259486032689607,0.2971014492753623
2020-04-01,09:30,9588.0,9697.94,-109.94000000000051,-125.05999999999948,15.119999999998967,0.15590939931572032,0.8840579710144928
2020-04-01,10:00,9626.0,9721.31,-95.30999999999949,-125.05999999999948,29.749999999999986,0.30602871423707284,0.9855072463768116
2020-04-01,10:30,9621.0,9719.58,-98.57999999999993,-125.05999999999948,26.47999999999955,0.2724397556272961,0.967391304347826
2020-04-01,11:00,9611.0,9724.54,-113.54000000000087,-125.05999999999948,11.519999999998603,0.11846318694764588,0.7246376811594203
2020-04-01,11:30,9599.0,9707.06,-108.05999999999949,-125.05999999999948,16.999999999999986,0.17513026601257217,0.8079710144927537
2020-04-01,12:00,9578.0,9686.9,-108.89999999999964,-125.05999999999948,16.15999999999984,0.16682323550361663,0.7934782608695652
2020-04-08,09:30,10076.0,10105.87,-29.8700000000008,-18.389999999999414,-11.480000000001386,-0.11359734490945742,0.22826086956521738
2020-04-08,10:00,10007.0,10054.42,-47.42000000000007,-18.389999999999414,-29.03000000000066,-0.28872873820668576,0.03260869565217391
2020-04-08,10:30,10052.0,10091.38,-39.3799999999992,-18.389999999999414,-20.989999999999785,-0.20799930237489608,0.07971014492753623
2020-04-08,11:00,10034.0,10097.36,-63.36000000000058,-18.389999999999414,-44.970000000001164,-0.4453639367121818,0.010869565217391304
2020-04-08,11:30,10054.0,10094.34,-40.340000000000146,-18.389999999999414,-21.95000000000073,-0.21744859000192912,0.04710144927536232
2020-04-08,12:00,10070.0,10105.01,-35.01000000000022,-18.389999999999414,-16.620000000000804,-0.164472870388063,0.10144927536231885
2020-04-15,09:30,10387.0,10407.07,-20.06999999999971,-0.9400000000005092,-19.1299999999992,-0.18381734724566282,0.09782608695652174
2020-04-15,10:00,10428.0,10431.63,-3.6299999999991996,-0.9400000000005092,-2.6899999999986903,-0.025786957551204272,0.39855072463768115
2020-04-15,10:30,10451.0,10447.84,3.1599999999998545,-0.9400000000005092,4.100000000000364,0.03924256114182801,0.5253623188405797
2020-04-15,11:00,10409.0,10407.37,1.6299999999991996,-0.9400000000005092,2.569999999999709,0.024694038935866684,0.4855072463768116
2020-04-15,11:30,10421.0,10413.31,7.690000000000509,-0.9400000000005092,8.630000000001019,0.08287470554512465,0.5833333333333334
2020-04-15,12:00,10418.0,10417.46,0.5400000000008731,-0.9400000000005092,1.4800000000013824,0.014206918001138307,0.40942028985507245
2020-04-22,09:30,10141.0,10225.39,-84.38999999999942,-95.42000000000009,11.030000000000669,0.10786874632655254,0.7753623188405797
2020-04-22,10:00,10117.0,10204.85,-87.85000000000036,-95.42000000000009,7.569999999999723,0.07418041421480691,0.6847826086956522
2020-04-22,10:30,10111.0,10215.44,-104.44000000000051,-95.42000000000009,-9.020000000000422,-0.08829771404854242,0.2210144927536232
2020-04-22,11:00,10172.0,10245.69,-73.69000000000051,-95.42000000000009,21.729999999999578,0.21208918091411683,0.8913043478260869
2020-04-22,11:30,10191.0,10271.85,-80.85000000000036,-95.42000000000009,14.569999999999723,0.14184397163120296,0.7427536231884058
2020-04-22,12:00,10189.0,10288.31,-99.30999999999949,-95.42000000000009,-3.8899999999994037,-0.037809902695383445,0.286231884057971
2020-04-29,09:30,10727.0,10759.43,-32.43000000000029,-32.05999999999949,-0.37000000000080036,-0.0034388438792835713,0.4601449275362319
2020-04-29,10:00,10707.0,10745.37,-38.3700000000008,-32.05999999999949,-6.31000000000131,-0.05872296626362153,0.3079710144927536
2020-04-29,10:30,10751.0,10766.23,-15.229999999999563,-32.05999999999949,16.829999999999927,0.15632212947336185,0.8115942028985508
2020-04-29,11:00,10748.0,10769.86,-21.860000000000582,-32.05999999999949,10.199999999998909,0.09470875201719342,0.6630434782608695
2020-04-29,11:30,10746.0,10776.42,-30.420000000000073,-32.05999999999949,1.639999999999418,0.01521841205149222,0.40217391304347827
2020-04-29,12:00,10758.0,10787.46,-29.459999999999127,-32.05999999999949,2.600000000000364,0.024102059242864994,0.4384057971014493
2020-05-06,09:30,10707.0,10780.04,-73.04000000000087,-57.61000000000058,-15.430000000000291,-0.14313490487976196,0.19202898550724637
2020-05-06,10:00,10748.0,10807.08,-59.07999999999993,-57.61000000000058,-1.4699999999993452,-0.013602194117183782,0.4420289855072464
2020-05-06,10:30,10742.0,10803.49,-61.48999999999978,-57.61000000000058,-3.8799999999991996,-0.03591432027982809,0.3695652173913043
2020-05-06,11:00,10738.0,10800.48,-62.47999999999956,-57.61000000000058,-4.869999999998981,-0.04509058856642466,0.286231884057971
2020-05-06,11:30,10752.0,10815.18,-63.18000000000029,-57.61000000000058,-5.569999999999709,-0.051501685593764585,0.2463768115942029
2020-05-06,12:00,10720.0,10787.76,-67.76000000000022,-57.61000000000058,-10.149999999999636,-0.09408811467811332,0.2028985507246377
2020-05-13,09:30,10847.0,10848.24,-1.2399999999997817,-13.469999999999343,12.229999999999562,0.11273718133079247,0.7898550724637681
2020-05-13,10:00,10833.0,10839.65,-6.649999999999636,-13.469999999999343,6.819999999999707,0.06291716060942656,0.6485507246376812
2020-05-13,10:30,10892.0,10900.54,-8.540000000000873,-13.469999999999343,4.92999999999847,0.0452271171886757,0.5434782608695652
2020-05-13,11:00,10875.0,10890.23,-15.229999999999563,-13.469999999999343,-1.76000000000022,-0.016161274830744806,0.36231884057971014
2020-05-13,11:30,10881.0,10894.77,-13.770000000000437,-13.469999999999343,-0.30000000000109317,-0.0027536148078490244,0.37318840579710144
2020-05-13,12:00,10882.0,10897.98,-15.979999999999563,-13.469999999999343,-2.51000000000022,-0.023031791212685473,0.31521739130434784
2020-05-27,09:30,10987.0,11020.89,-33.88999999999942,-15.209999999999129,-18.68000000000029,-0.1694962929491202,0.14130434782608695
2020-05-27,10:00,10991.0,11018.6,-27.600000000000364,-15.209999999999129,-12.390000000001235,-0.11244622728841444,0.2028985507246377
2020-05-27,10:30,10953.0,10987.01,-34.01000000000022,-15.209999999999129,-18.80000000000109,-0.1711111576307029,0.10869565217391304
2020-05-27,11:00,10991.0,11010.69,-19.69000000000051,-15.209999999999129,-4.480000000001381,-0.04068773164989097,0.29347826086956524
2020-05-27,11:30,10993.0,11018.39,-25.389999999999418,-15.209999999999129,-10.18000000000029,-0.09239099360251624,0.17391304347826086
2020-05-27,12:00,10993.0,11031.87,-38.8700000000008,-15.209999999999129,-23.660000000001673,-0.2144695323639752,0.050724637681159424
2020-06-03,09:30,11228.0,11239.01,-11.010000000000218,-26.93000000000029,15.920000000000073,0.1416494869210017,0.8478260869565217
2020-06-03,10:00,11232.0,11243.44,-11.44000000000051,-26.93000000000029,15.489999999999782,0.1377692236539687,0.8333333333333334
2020-06-03,10:30,11225.0,11240.61,-15.610000000000582,-26.93000000000029,11.319999999999709,0.10070627839592076,0.6702898550724637
2020-06-03,11:00,11248.0,11260.16,-12.159999999999854,-26.93000000000029,14.770000000000437,0.13117042741844198,0.75
2020-06-03,11:30,11276.0,11279.13,-3.1299999999991996,-26.93000000000029,23.80000000000109,0.2110091824458189,0.8804347826086957
2020-06-03,12:00,11276.0,11282.38,-6.3799999999992,-26.93000000000029,20.55000000000109,0.18214242030494535,0.822463768115942
2020-06-10,09:30,11655.0,11670.47,-15.469999999999345,-28.110000000000586,12.64000000000124,0.10830754888193227,0.7789855072463768
2020-06-10,10:00,11704.0,11717.99,-13.989999999999782,-28.110000000000586,14.120000000000804,0.12049848139485358,0.782608695652174
2020-06-10,10:30,11719.0,11728.08,-9.079999999999927,-28.110000000000586,19.03000000000066,0.16226014829367347,0.8260869565217391
2020-06-10,11:00,11707.0,11707.32,-0.31999999999970896,-28.110000000000586,27.790000000000877,0.2373728573234598,0.9202898550724637
2020-06-10,11:30,11678.0,11692.84,-14.840000000000146,-28.110000000000586,13.27000000000044,0.11348825435052938,0.6485507246376812
2020-06-10,12:00,11688.0,11694.55,-6.549999999999272,-28.110000000000586,21.560000000001313,0.18435938107923192,0.8297101449275363
2020-06-24,09:30,11547.0,11680.74,-133.73999999999978,-152.36000000000058,18.6200000000008,0.15940770875818483,0.8985507246376812
2020-06-24,10:00,11533.0,11673.89,-140.88999999999942,-152.36000000000058,11.470000000001164,0.09825345279081066,0.7391304347826086
2020-06-24,10:30,11542.0,11676.51,-134.51000000000022,-152.36000000000058,17.850000000000364,0.15287102053610507,0.8007246376811594
2020-06-24,11:00,11514.0,11649.02,-135.02000000000044,-152.36000000000058,17.340000000000146,0.1488537233174992,0.782608695652174
2020-06-24,11:30,11513.0,11647.9,-134.89999999999964,-152.36000000000058,17.460000000000946,0.14989826492329902,0.7608695652173914
2020-06-24,12:00,11514.0,11641.44,-127.44000000000051,-152.36000000000058,24.920000000000073,0.2140628650751116,0.8840579710144928
2020-07-01,09:30,11580.0,11701.85,-121.85000000000036,-139.23999999999978,17.389999999999418,0.1486089806312627,0.8695652173913043
2020-07-01,10:00,11577.0,11705.44,-128.4400000000005,-139.23999999999978,10.799999999999272,0.09226479312182431,0.717391304347826
2020-07-01,10:30,11579.0,11707.51,-128.51000000000022,-139.23999999999978,10.729999999999563,0.0916505730082619,0.6521739130434783
2020-07-01,11:00,11597.0,11711.36,-114.36000000000058,-139.23999999999978,24.8799999999992,0.21244330291272062,0.894927536231884
2020-07-01,11:30,11613.0,11726.67,-113.67000000000007,-139.23999999999978,25.56999999999971,0.21804996644400934,0.8913043478260869
2020-07-01,12:00,11609.0,11725.47,-116.46999999999935,-139.23999999999978,22.770000000000437,0.19419264217127705,0.8405797101449275
2020-07-08,09:30,12098.0,12150.69,-52.69000000000051,-48.96999999999935,-3.720000000001157,-0.030615545290030088,0.427536231884058
2020-07-08,10:00,12093.0,12153.72,-60.719999999999345,-48.96999999999935,-11.749999999999993,-0.09667821868530782,0.2427536231884058
2020-07-08,10:30,12101.0,12142.54,-41.54000000000087,-48.96999999999935,7.429999999998479,0.06118983342857819,0.6086956521739131
2020-07-08,11:00,12137.0,12170.18,-33.18000000000029,-48.96999999999935,15.789999999999061,0.12974335630203546,0.7463768115942029
2020-07-08,11:30,12132.0,12165.8,-33.79999999999927,-48.96999999999935,15.17000000000008,0.12469381380591561,0.6992753623188406
2020-07-08,12:00,12135.0,12169.72,-34.719999999999345,-48.96999999999935,14.250000000000007,0.11709390191393071,0.6847826086956522
2020-07-15,09:30,12278.0,12272.12,5.8799999999992,-21.01000000000022,26.889999999999418,0.21911454581604006,0.967391304347826
2020-07-15,10:00,12288.0,12286.41,1.5900000000001455,-21.01000000000022,22.600000000000364,0.1839430720609223,0.9057971014492754
2020-07-15,10:30,12294.0,12296.0,-2.0,-21.01000000000022,19.01000000000022,0.15460312296682024,0.8043478260869565
2020-07-15,11:00,12293.0,12289.54,3.459999999999127,-21.01000000000022,24.469999999999345,0.1991124159244312,0.855072463768116
2020-07-15,11:30,12251.0,12247.98,3.0200000000004366,-21.01000000000022,24.030000000000655,0.19619561756306472,0.8514492753623188
2020-07-15,12:00,12190.0,12181.61,8.389999999999418,-21.01000000000022,29.399999999999636,0.24134740810122499,0.9311594202898551
2020-09-16,09:30,12950.0,12949.71,0.2900000000008731,-4.649999999999636,4.940000000000509,0.03814757241668354,0.6159420289855072
2020-09-16,10:00,12992.0,12999.71,-7.709999999999127,-4.649999999999636,-3.0599999999994907,-0.0235389866389288,0.40942028985507245
2020-09-16,10:30,12984.0,12985.42,-1.4200000000000728,-4.649999999999636,3.2299999999995634,0.024874051051098564,0.5072463768115942
2020-09-16,11:00,12985.0,12985.33,-0.32999999999992724,-4.649999999999636,4.319999999999709,0.03326831124045141,0.5072463768115942
2020-09-16,11:30,13007.0,13007.11,-0.11000000000058208,-4.649999999999636,4.539999999999054,0.03490398712703324,0.4601449275362319
2020-09-16,12:00,13004.0,12996.35,7.649999999999636,-4.649999999999636,12.299999999999272,0.0946419571648907,0.6268115942028986
2020-09-30,09:30,12490.0,12515.05,-25.049999999999272,-41.72999999999956,16.68000000000029,0.1332795314441436,0.8333333333333334
2020-09-30,10:00,12515.0,12540.16,-25.159999999999854,-41.72999999999956,16.56999999999971,0.13213547514545038,0.8115942028985508
2020-09-30,10:30,12533.0,12555.87,-22.8700000000008,-41.72999999999956,18.859999999998763,0.1502086275184337,0.7898550724637681
2020-09-30,11:00,12517.0,12534.38,-17.3799999999992,-41.72999999999956,24.350000000000364,0.19426569164171156,0.8405797101449275
2020-09-30,11:30,12473.0,12511.6,-38.600000000000364,-41.72999999999956,3.1299999999991996,0.025016784424048078,0.43478260869565216
2020-09-30,12:00,12477.0,12521.08,-44.07999999999993,-41.72999999999956,-2.350000000000364,-0.018768349056154612,0.322463768115942
2020-10-07,09:30,12658.0,12675.7,-17.700000000000728,-40.22999999999956,22.529999999998836,0.17774166318230025,0.9202898550724637
2020-10-07,10:00,12674.0,12684.25,-10.25,-40.22999999999956,29.979999999999563,0.23635611092496256,0.9456521739130435
2020-10-07,10:30,12685.0,12708.81,-23.80999999999949,-40.22999999999956,16.420000000000073,0.12920171125384733,0.75
2020-10-07,11:00,12689.0,12707.44,-18.44000000000051,-40.22999999999956,21.789999999999054,0.17147434888536994,0.8188405797101449
2020-10-07,11:30,12716.0,12725.79,-9.790000000000873,-40.22999999999956,30.43999999999869,0.2391992952893195,0.9130434782608695
2020-10-07,12:00,12728.0,12738.15,-10.149999999999636,-40.22999999999956,30.079999999999927,0.23614104088898252,0.9202898550724637
2020-10-14,09:30,12906.0,12930.36,-24.360000000000582,-27.1299999999992,2.7699999999986176,0.021422450728352634,0.5615942028985508
2020-10-14,10:00,12896.0,12918.02,-22.020000000000437,-27.1299999999992,5.109999999998763,0.03955714575452556,0.5760869565217391
2020-10-14,10:30,12917.0,12934.07,-17.06999999999971,-27.1299999999992,10.05999999999949,0.07777907495474735,0.6376811594202898
2020-10-14,11:00,12904.0,12920.88,-16.8799999999992,-27.1299999999992,10.25,0.07932896211403558,0.6304347826086957
2020-10-14,11:30,12914.0,12923.93,-9.930000000000291,-27.1299999999992,17.19999999999891,0.13308645280498196,0.7210144927536232
2020-10-14,12:00,12911.0,12924.92,-13.920000000000073,-27.1299999999992,13.209999999999127,0.10220566162110967,0.6521739130434783
2020-10-21,09:30,12930.0,12937.81,-7.809999999999491,-6.3700000000008,-1.4399999999986903,-0.011130168088715867,0.4528985507246377
2020-10-21,10:00,12935.0,12933.6,1.3999999999996362,-6.3700000000008,7.770000000000437,0.060076080905551714,0.644927536231884
2020-10-21,10:30,12929.0,12926.66,2.3400000000001455,-6.3700000000008,8.710000000000946,0.06738012758130055,0.6159420289855072
2020-10-21,11:00,12898.0,12903.52,-5.520000000000437,-6.3700000000008,0.8500000000003638,0.006587349808427187,0.40217391304347827
2020-10-21,11:30,12892.0,12891.43,0.569999999999709,-6.3700000000008,6.940000000000509,0.053834213892489116,0.5289855072463768
2020-10-21,12:00,12900.0,12893.87,6.1299999999992,-6.3700000000008,12.5,0.09694529260803776,0.6340579710144928
2020-10-28,09:30,12800.0,12867.2,-67.20000000000073,-62.01000000000022,-5.190000000000509,-0.040335115642878866,0.4166666666666667
2020-10-28,10:00,12784.0,12845.73,-61.72999999999956,-62.01000000000022,0.28000000000065484,0.0021797126360327893,0.4927536231884058
2020-10-28,10:30,12739.0,12826.49,-87.48999999999978,-62.01000000000022,-25.479999999999563,-0.1986513847513978,0.08333333333333333
2020-10-28,11:00,12762.0,12831.95,-69.95000000000073,-62.01000000000022,-7.940000000000509,-0.06187679970698536,0.2536231884057971
2020-10-28,11:30,12748.0,12817.2,-69.20000000000073,-62.01000000000022,-7.190000000000509,-0.05609649533439838,0.23550724637681159
2020-10-28,12:00,12738.0,12805.02,-67.02000000000044,-62.01000000000022,-5.010000000000218,-0.03912528055403442,0.2753623188405797
2020-11-04,09:30,12671.0,12741.63,-70.6299999999992,-50.01000000000022,-20.61999999999898,-0.16183172796572326,0.15579710144927536
2020-11-04,10:00,12744.0,12795.27,-51.27000000000044,-50.01000000000022,-1.2600000000002183,-0.009847388917937787,0.4528985507246377
2020-11-04,10:30,12717.0,12768.19,-51.19000000000051,-50.01000000000022,-1.180000000000291,-0.00924171711104151,0.41304347826086957
2020-11-04,11:00,12728.0,12760.67,-32.67000000000007,-50.01000000000022,17.340000000000146,0.13588628183316506,0.7572463768115942
2020-11-04,11:30,12820.0,12832.53,-12.530000000000655,-50.01000000000022,37.47999999999956,0.29207023088977435,0.9565217391304348
2020-11-04,12:00,12850.0,12874.76,-24.76000000000022,-50.01000000000022,25.25,0.19612016068649046,0.8442028985507246
2020-11-11,09:30,13133.0,13136.95,-3.9500000000007276,-5.719999999999345,1.7699999999986176,0.013473447032976585,0.532608695652174
2020-11-11,10:00,13163.0,13152.72,10.280000000000655,-5.719999999999345,16.0,0.12164784166316929,0.7862318840579711
2020-11-11,10:30,13215.0,13206.85,8.149999999999636,-5.719999999999345,13.869999999998981,0.10502125790782042,0.6811594202898551
2020-11-11,11:00,13204.0,13190.06,13.94000000000051,-5.719999999999345,19.659999999999854,0.14905163433676463,0.7862318840579711
2020-11-11,11:30,13234.0,13212.98,21.020000000000437,-5.719999999999345,26.73999999999978,0.20237675376788417,0.8623188405797102
2020-11-11,12:00,13229.0,13210.51,18.48999999999978,-5.719999999999345,24.209999999999127,0.18326317454813726,0.8260869565217391
2020-11-18,09:30,13687.0,13681.84,5.1599999999998545,21.98999999999978,-16.829999999999927,-0.12300977061564765,0.21739130434782608
2020-11-18,10:00,13670.0,13665.28,4.719999999999345,21.98999999999978,-17.270000000000437,-0.12637867647059142,0.17028985507246377
2020-11-18,10:30,13683.0,13678.71,4.290000000000873,21.98999999999978,-17.69999999999891,-0.1293981669324001,0.15579710144927536
2020-11-18,11:00,13694.0,13673.63,20.3700000000008,21.98999999999978,-1.6199999999989814,-0.01184762202867111,0.3695652173913043
2020-11-18,11:30,13732.0,13716.6,15.399999999999636,21.98999999999978,-6.5900000000001455,-0.04804397591239917,0.2572463768115942
2020-11-18,12:00,13757.0,13727.61,29.389999999999418,21.98999999999978,7.399999999999636,0.05390596032375364,0.5217391304347826
2020-11-25,09:30,13869.0,13869.92,-0.9200000000000728,-12.1299999999992,11.209999999999127,0.08082238397913706,0.7137681159420289
2020-11-25,10:00,13850.0,13855.71,-5.709999999999127,-12.1299999999992,6.420000000000073,0.04633468800949264,0.5978260869565217
2020-11-25,10:30,13855.0,13863.41,-8.409999999999854,-12.1299999999992,3.719999999999345,0.026833225014620102,0.5108695652173914
2020-11-25,11:00,13797.0,13805.85,-8.850000000000364,-12.1299999999992,3.279999999998836,0.023758044597028332,0.4782608695652174
2020-11-25,11:30,13757.0,13775.78,-18.780000000000655,-12.1299999999992,-6.650000000001455,-0.048273128635920835,0.2536231884057971
2020-11-25,12:00,13731.0,13760.67,-29.670000000000073,-12.1299999999992,-17.540000000000873,-0.127464723738022,0.14855072463768115
2020-12-02,09:30,13894.0,13934.43,-40.43000000000029,-16.670000000000073,-23.76000000000022,-0.1705128950376888,0.13405797101449277
2020-12-02,10:00,13887.0,13909.22,-22.219999999999345,-16.670000000000073,-5.549999999999272,-0.039901590455821916,0.35507246376811596
2020-12-02,10:30,13912.0,13937.23,-25.229999999999563,-16.670000000000073,-8.55999999999949,-0.06141823016481389,0.2971014492753623
2020-12-02,11:00,13954.0,13965.13,-11.1299999999992,-16.670000000000073,5.540000000000873,0.039670235794445695,0.5217391304347826
2020-12-02,11:30,13969.0,13974.14,-5.139999999999418,-16.670000000000073,11.530000000000655,0.08250954978267468,0.5797101449275363
2020-12-02,12:00,13940.0,13964.86,-24.860000000000582,-16.670000000000073,-8.19000000000051,-0.05864720448325662,0.2536231884057971
2020-12-09,09:30,14368.0,14388.45,-20.450000000000728,-24.39999999999964,3.949999999998912,0.027452574808258794,0.5760869565217391
2020-12-09,10:00,14340.0,14362.39,-22.389999999999418,-24.39999999999964,2.010000000000222,0.01399488525238642,0.5217391304347826
2020-12-09,10:30,14363.0,14368.28,-5.280000000000655,-24.39999999999964,19.119999999998985,0.13307090340666372,0.7644927536231884
2020-12-09,11:00,14407.0,14408.45,-1.4500000000007276,-24.39999999999964,22.949999999998912,0.1592815327116998,0.8007246376811594
2020-12-09,11:30,14398.0,14404.12,-6.1200000000008,-24.39999999999964,18.27999999999884,0.12690813461703204,0.7065217391304348
2020-12-09,12:00,14401.0,14391.22,9.780000000000655,-24.39999999999964,34.18000000000029,0.23750592375073337,0.927536231884058
2020-12-16,09:30,14238.0,14235.55,2.4500000000007276,-7.520000000000437,9.970000000001164,0.07003593117231975,0.6884057971014492
2020-12-16,10:00,14281.0,14274.09,6.9099999999998545,-7.520000000000437,14.430000000000291,0.10109225877096396,0.7536231884057971
2020-12-16,10:30,14280.0,14272.18,7.819999999999709,-7.520000000000437,15.340000000000146,0.10748182828411738,0.6920289855072463
2020-12-16,11:00,14301.0,14292.1,8.899999999999636,-7.520000000000437,16.420000000000073,0.11488864477578573,0.7137681159420289
2020-12-16,11:30,14297.0,14280.28,16.719999999999345,-7.520000000000437,24.23999999999978,0.169744570834744,0.7934782608695652
2020-12-16,12:00,14313.0,14306.05,6.950000000000728,-7.520000000000437,14.470000000001164,0.10114601864247061,0.644927536231884
2020-12-30,09:30,14472.0,14484.45,-12.450000000000728,-34.04999999999927,21.599999999998545,0.1491254414216525,0.8731884057971014
2020-12-30,10:00,14539.0,14549.99,-10.989999999999782,-34.04999999999927,23.05999999999949,0.15848808143510404,0.8623188405797102
2020-12-30,10:30,14543.0,14548.21,-5.209999999999127,-34.04999999999927,28.840000000000146,0.1982374463937498,0.8985507246376812
2020-12-30,11:00,14564.0,14563.53,0.46999999999934516,-34.04999999999927,34.51999999999862,0.23703044522858546,0.9130434782608695
2020-12-30,11:30,14559.0,14562.36,-3.360000000000582,-34.04999999999927,30.68999999999869,0.21074880719882416,0.8768115942028986
2020-12-30,12:00,14572.0,14582.84,-10.840000000000146,-34.04999999999927,23.209999999999127,0.1591596698585401,0.7789855072463768
2021-01-13,09:30,15646.0,15629.24,16.76000000000022,-20.700000000000728,37.460000000000946,0.23967896071722586,0.9782608695652174
2021-01-13,10:00,15676.0,15666.94,9.05999999999949,-20.700000000000728,29.76000000000022,0.18995413271513273,0.9130434782608695
2021-01-13,10:30,15746.0,15713.35,32.649999999999636,-20.700000000000728,53.350000000000364,0.33952021688564415,0.9927536231884058
2021-01-13,11:00,15730.0,15703.53,26.469999999999345,-20.700000000000728,47.17000000000007,0.3003783225809743,0.9492753623188406
2021-01-13,11:30,15751.0,15735.81,15.19000000000051,-20.700000000000728,35.89000000000124,0.22807850374401595,0.8985507246376812
2021-01-13,12:00,15750.0,15736.49,13.510000000000218,-20.700000000000728,34.210000000000946,0.2173928239397791,0.8913043478260869
2021-01-20,09:30,15860.0,15887.19,-27.19000000000051,30.6299999999992,-57.81999999999971,-0.3639410115948743,0.014492753623188406
2021-01-20,10:00,15904.0,15915.03,-11.030000000000655,30.6299999999992,-41.659999999999854,-0.26176513647790706,0.05434782608695652
2021-01-20,10:30,15920.0,15940.5,-20.5,30.6299999999992,-51.1299999999992,-0.3207553088046121,0.03260869565217391
2021-01-20,11:00,15854.0,15852.16,1.8400000000001455,30.6299999999992,-28.789999999999054,-0.1816156284064699,0.10144927536231885
2021-01-20,11:30,15850.0,15834.23,15.770000000000437,30.6299999999992,-14.859999999998763,-0.09384731685720596,0.17028985507246377
2021-01-20,12:00,15870.0,15864.13,5.8700000000008,30.6299999999992,-24.7599999999984,-0.15607537255429954,0.10869565217391304
2021-01-27,09:30,15781.0,15815.36,-34.36000000000058,-20.850000000000364,-13.510000000000218,-0.08542328470550287,0.2717391304347826
2021-01-27,10:00,15776.0,15789.6,-13.600000000000364,-20.850000000000364,7.25,0.045916299336271976,0.5942028985507246
2021-01-27,10:30,15700.0,15727.62,-27.6200000000008,-20.850000000000364,-6.770000000000437,-0.04304529229470471,0.33695652173913043
2021-01-27,11:00,15613.0,15662.59,-49.590000000000146,-20.850000000000364,-28.73999999999978,-0.18349455613662735,0.09782608695652174
2021-01-27,11:30,15662.0,15694.72,-32.719999999999345,-20.850000000000364,-11.869999999998981,-0.07563053052236027,0.21014492753623187
2021-01-27,12:00,15623.0,15669.92,-46.92000000000007,-20.850000000000364,-26.06999999999971,-0.16636970705657533,0.09782608695652174
2021-02-03,09:30,15749.0,15763.9,-14.899999999999636,-29.049999999999272,14.149999999999636,0.08976205126903644,0.7427536231884058
2021-02-03,10:00,15778.0,15824.63,-46.6299999999992,-29.049999999999272,-17.579999999999927,-0.11109264482013119,0.213768115942029
2021-02-03,10:30,15786.0,15820.22,-34.219999999999345,-29.049999999999272,-5.170000000000073,-0.0326796972482056,0.3804347826086957
2021-02-03,11:00,15772.0,15825.58,-53.57999999999993,-29.049999999999272,-24.530000000000655,-0.1550022179281938,0.11594202898550725
2021-02-03,11:30,15794.0,15828.92,-34.92000000000007,-29.049999999999272,-5.8700000000008,-0.03708402089340777,0.2898550724637681
2021-02-03,12:00,15805.0,15834.37,-29.3700000000008,-29.049999999999272,-0.32000000000152795,-0.0020209203144901117,0.36594202898550726
2021-02-17,09:30,16253.0,16275.14,-22.139999999999418,0.6000000000003638,-22.73999999999978,-0.13972230039188469,0.19927536231884058
2021-02-17,10:00,16281.0,16285.86,-4.860000000000582,0.6000000000003638,-5.460000000000946,-0.03352601581986426,0.37681159420289856
2021-02-17,10:30,16327.0,16310.73,16.270000000000437,0.6000000000003638,15.670000000000073,0.09607172701651044,0.6666666666666666
2021-02-17,11:00,16381.0,16346.31,34.69000000000051,0.6000000000003638,34.090000000000146,0.20854859598282513,0.8659420289855072
2021-02-17,11:30,16406.0,16380.57,25.43000000000029,0.6000000000003638,24.829999999999927,0.1515820267548683,0.7644927536231884
2021-02-17,12:00,16420.0,16397.67,22.330000000001746,0.6000000000003638,21.730000000001382,0.13251882736999454,0.717391304347826
2021-03-03,09:30,15889.0,15915.46,-26.459999999999127,-67.8799999999992,41.42000000000007,0.26025009644710284,0.9818840579710145
2021-03-03,10:00,15979.0,15992.33,-13.329999999999927,-67.8799999999992,54.54999999999927,0.3411010152992045,0.9927536231884058
2021-03-03,10:30,15965.0,15994.29,-29.290000000000873,-67.8799999999992,38.58999999999833,0.24127360451760174,0.9420289855072463
2021-03-03,11:00,16072.0,16072.78,-0.7800000000006548,-67.8799999999992,67.09999999999854,0.4174760060176182,0.9963768115942029
2021-03-03,11:30,16109.0,16098.95,10.049999999999272,-67.8799999999992,77.92999999999847,0.48406883678748286,0.9963768115942029
2021-03-03,12:00,16115.0,16104.73,10.270000000000437,-67.8799999999992,78.14999999999964,0.48526116240383815,0.9963768115942029
2021-03-10,09:30,15889.0,15920.88,-31.8799999999992,-35.090000000000146,3.210000000000946,0.020162202089337687,0.5543478260869565
2021-03-10,10:00,15858.0,15923.56,-65.55999999999949,-35.090000000000146,-30.469999999999345,-0.1913516826639228,0.11231884057971014
2021-03-10,10:30,15822.0,15876.57,-54.56999999999971,-35.090000000000146,-19.479999999999563,-0.12269652702063207,0.16666666666666666
2021-03-10,11:00,15873.0,15924.93,-51.93000000000029,-35.090000000000146,-16.840000000000146,-0.10574614770677263,0.19202898550724637
2021-03-10,11:30,15890.0,15918.94,-28.94000000000051,-35.090000000000146,6.149999999999636,0.03863322557908778,0.4782608695652174
2021-03-10,12:00,15875.0,15931.3,-56.29999999999927,-35.090000000000146,-21.209999999999127,-0.13313414473394594,0.13043478260869565
2021-03-17,09:30,16285.0,16293.17,-8.170000000000073,-14.159999999999854,5.989999999999782,0.03676387099625046,0.6014492753623188
2021-03-17,10:00,16318.0,16322.36,-4.360000000000582,-14.159999999999854,9.799999999999272,0.06004033730415989,0.6413043478260869
2021-03-17,10:30,16313.0,16317.76,-4.760000000000218,-14.159999999999854,9.399999999999636,0.05760594591414285,0.5869565217391305
2021-03-17,11:00,16300.0,16310.45,-10.450000000000728,-14.159999999999854,3.709999999999127,0.022746153539596557,0.47101449275362317
2021-03-17,11:30,16286.0,16289.96,-3.959999999999127,-14.159999999999854,10.200000000000728,0.0626152550405325,0.5434782608695652
2021-03-17,12:00,16262.0,16270.41,-8.409999999999854,-14.159999999999854,5.75,0.035340228058174314,0.4673913043478261
2021-03-24,09:30,16043.0,16086.04,-43.04000000000087,-68.59000000000015,25.549999999999272,0.15883337353381732,0.8913043478260869
2021-03-24,10:00,16013.0,16076.86,-63.86000000000058,-68.59000000000015,4.729999999999563,0.02942116806391026,0.5652173913043478
2021-03-24,10:30,15996.0,16063.91,-67.90999999999985,-68.59000000000015,0.680000000000291,0.00423309144535976,0.44565217391304346
2021-03-24,11:00,15982.0,16046.93,-64.93000000000029,-68.59000000000015,3.6599999999998545,0.022808100988786356,0.4746376811594203
2021-03-24,11:30,15985.0,16031.84,-46.840000000000146,-68.59000000000015,21.75,0.1356675216319524,0.7282608695652174
2021-03-24,12:00,15992.0,16045.86,-53.86000000000058,-68.59000000000015,14.729999999999563,0.09179938002699489,0.6159420289855072
2021-03-31,09:30,16506.0,16526.51,-20.5099999999984,-32.900000000001455,12.390000000003056,0.07497045655739207,0.6992753623188406
2021-03-31,10:00,16508.0,16517.81,-9.81000000000131,-32.900000000001455,23.090000000000146,0.1397885070720643,0.8369565217391305
2021-03-31,10:30,16459.0,16482.05,-23.049999999999272,-32.900000000001455,9.850000000002183,0.059761983491144505,0.5978260869565217
2021-03-31,11:00,16445.0,16457.23,-12.229999999999563,-32.900000000001455,20.67000000000189,0.12559829327293773,0.7355072463768116
2021-03-31,11:30,16456.0,16470.06,-14.06000000000131,-32.900000000001455,18.840000000000146,0.11438938291663871,0.6521739130434783
2021-03-31,12:00,16434.0,16444.93,-10.930000000000291,-32.900000000001455,21.970000000001164,0.1335974066171225,0.7210144927536232
2021-04-07,09:30,16769.0,16803.46,-34.45999999999913,1.1300000000010186,-35.590000000000146,-0.21180161704791842,0.08333333333333333
2021-04-07,10:00,16709.0,16743.04,-34.04000000000087,1.1300000000010186,-35.17000000000189,-0.21005743281985764,0.09057971014492754
2021-04-07,10:30,16709.0,16760.24,-51.2400000000016,1.1300000000010186,-52.37000000000262,-0.3124656926153958,0.036231884057971016
2021-04-07,11:00,16686.0,16721.9,-35.900000000001455,1.1300000000010186,-37.030000000002474,-0.22144612753336926,0.06884057971014493
2021-04-07,11:30,16724.0,16739.15,-15.150000000001455,1.1300000000010186,-16.280000000002474,-0.09725702918011053,0.15942028985507245
2021-04-07,12:00,16745.0,16771.88,-26.88000000000102,1.1300000000010186,-28.010000000002037,-0.1670057262513328,0.09420289855072464
2021-04-14,09:30,16824.0,16830.07,-6.069999999999709,-5.909999999999855,-0.1599999999998536,-0.0009506793495205521,0.4746376811594203
2021-04-14,10:00,16836.0,16842.89,-6.889999999999418,-5.909999999999855,-0.9799999999995626,-0.005818478895246377,0.4673913043478261
2021-04-14,10:30,16736.0,16741.86,-5.860000000000582,-5.909999999999855,0.04999999999927329,0.00029865259893030574,0.4311594202898551
2021-04-14,11:00,16707.0,16680.2,26.799999999999272,-5.909999999999855,32.70999999999913,0.19610076617785832,0.8478260869565217
2021-04-14,11:30,16656.0,16646.08,9.919999999998254,-5.909999999999855,15.829999999998108,0.0950974643880007,0.6123188405797102
2021-04-14,12:00,16732.0,16746.42,-14.419999999998254,-5.909999999999855,-8.5099999999984,-0.050816831298859104,0.2644927536231884
2021-04-21,09:30,17226.0,17245.75,-19.75,-10.86999999999898,-8.88000000000102,-0.051490947044930034,0.3804347826086957
2021-04-21,10:00,17161.0,17191.05,-30.049999999999272,-10.86999999999898,-19.18000000000029,-0.11156968306182746,0.21014492753623187
2021-04-21,10:30,17179.0,17201.29,-22.290000000000873,-10.86999999999898,-11.420000000001894,-0.06639036955950335,0.2826086956521739
2021-04-21,11:00,17233.0,17234.79,-1.7900000000008731,-10.86999999999898,9.079999999998106,0.05268413482263553,0.5652173913043478
2021-04-21,11:30,17229.0,17247.16,-18.159999999999854,-10.86999999999898,-7.290000000000875,-0.04226782844248488,0.26811594202898553
2021-04-21,12:00,17245.0,17253.87,-8.869999999998981,-10.86999999999898,1.9999999999999982,0.01159160234776313,0.40217391304347827
2021-04-28,09:30,17544.0,17590.38,-46.38000000000102,-41.900000000001455,-4.479999999999563,-0.025468466286683762,0.43478260869565216
2021-04-28,10:00,17557.0,17596.12,-39.11999999999898,-41.900000000001455,2.780000000002474,0.015798937493052296,0.532608695652174
2021-04-28,10:30,17521.0,17532.03,-11.029999999998836,-41.900000000001455,30.87000000000262,0.17607772745085778,0.8659420289855072
2021-04-28,11:00,17508.0,17530.78,-22.779999999998836,-41.900000000001455,19.12000000000262,0.10906531255313581,0.6956521739130435
2021-04-28,11:30,17538.0,17558.65,-20.650000000001455,-41.900000000001455,21.25,0.12102297158380626,0.6847826086956522
2021-04-28,12:00,17530.0,17547.33,-17.330000000001746,-41.900000000001455,24.56999999999971,0.1400213023861733,0.7355072463768116
2021-05-12,09:30,16463.0,16506.78,-43.779999999998836,-65.13000000000102,21.350000000002183,0.12934079208665883,0.8260869565217391
2021-05-12,10:00,16315.0,16334.59,-19.590000000000146,-65.13000000000102,45.54000000000087,0.2787948763942093,0.9637681159420289
2021-05-12,10:30,16141.0,16172.12,-31.1200000000008,-65.13000000000102,34.01000000000022,0.21030019564534652,0.9239130434782609
2021-05-12,11:00,15769.0,15783.15,-14.149999999999636,-65.13000000000102,50.98000000000138,0.32300269591305525,0.9746376811594203
2021-05-12,11:30,15406.0,15457.55,-51.54999999999927,-65.13000000000102,13.580000000001746,0.08785350847968629,0.5978260869565217
2021-05-12,12:00,15710.0,15742.09,-32.090000000000146,-65.13000000000102,33.04000000000087,0.20988318577775172,0.8731884057971014
2021-05-19,09:30,16086.0,16128.63,-42.6299999999992,15.020000000000437,-57.649999999999636,-0.35743891452652604,0.018115942028985508
2021-05-19,10:00,16064.0,16079.48,-15.479999999999563,15.020000000000437,-30.5,-0.18968275093473172,0.11594202898550725
2021-05-19,10:30,16072.0,16088.93,-16.93000000000029,15.020000000000437,-31.950000000000728,-0.19858374671280643,0.08695652173913043
2021-05-19,11:00,16061.0,16106.07,-45.06999999999971,15.020000000000437,-60.090000000000146,-0.37308915210228283,0.021739130434782608
2021-05-19,11:30,16120.0,16153.58,-33.57999999999993,15.020000000000437,-48.600000000000364,-0.30086209991841045,0.021739130434782608
2021-05-19,12:00,16231.0,16240.99,-9.989999999999782,15.020000000000437,-25.01000000000022,-0.15399307554527292,0.11594202898550725
2021-05-26,09:30,16594.0,16630.99,-36.9900000000016,-12.669999999998254,-24.320000000003347,-0.14623302641636693,0.18840579710144928
2021-05-26,10:00,16570.0,16607.04,-37.04000000000087,-12.669999999998254,-24.37000000000262,-0.14674499489374757,0.15217391304347827
2021-05-26,10:30,16519.0,16550.57,-31.56999999999971,-12.669999999998254,-18.900000000001455,-0.11419546275446377,0.18478260869565216
2021-05-26,11:00,16582.0,16598.65,-16.650000000001455,-12.669999999998254,-3.9800000000032014,-0.02397785362064506,0.34057971014492755
2021-05-26,11:30,16597.0,16633.86,-36.86000000000058,-12.669999999998254,-24.19000000000233,-0.14542625704438011,0.09420289855072464
2021-05-26,12:00,16558.0,16603.43,-45.43000000000029,-12.669999999998254,-32.76000000000204,-0.19730862839787947,0.07246376811594203
2021-06-02,09:30,17133.0,17207.54,-74.54000000000087,-28.38000000000102,-46.159999999999854,-0.2682544977376188,0.057971014492753624
2021-06-02,10:00,17141.0,17214.3,-73.29999999999927,-28.38000000000102,-44.919999999998254,-0.2609458415387106,0.057971014492753624
2021-06-02,10:30,17146.0,17204.42,-58.419999999998254,-28.38000000000102,-30.039999999997235,-0.17460629303398334,0.10507246376811594
2021-06-02,11:00,17154.0,17218.78,-64.77999999999884,-28.38000000000102,-36.39999999999782,-0.21139709085079092,0.07246376811594203
2021-06-02,11:30,17070.0,17128.36,-58.36000000000058,-28.38000000000102,-29.979999999999563,-0.17503135151292687,0.06884057971014493
2021-06-02,12:00,17083.0,17120.06,-37.06000000000131,-28.38000000000102,-8.680000000000291,-0.05070075688987241,0.26811594202898553
2021-06-09,09:30,16998.0,17001.85,-3.849999999998545,-11.209999999999129,7.360000000000584,0.04328940674103456,0.6340579710144928
2021-06-09,10:00,17025.0,17039.51,-14.5099999999984,-11.209999999999129,-3.2999999999992706,-0.019366754090929087,0.4166666666666667
2021-06-09,10:30,16951.0,16968.42,-17.419999999998254,-11.209999999999129,-6.209999999999125,-0.036597396811247754,0.36231884057971014
2021-06-09,11:00,17007.0,17024.2,-17.200000000000728,-11.209999999999129,-5.990000000001599,-0.03518520694071733,0.30434782608695654
2021-06-09,11:30,16971.0,16991.37,-20.36999999999898,-11.209999999999129,-9.159999999999853,-0.05390972005200201,0.2427536231884058
2021-06-09,12:00,16940.0,16970.87,-30.86999999999898,-11.209999999999129,-19.659999999999854,-0.11584556360398646,0.15942028985507245
2021-06-16,09:30,17351.0,17361.99,-10.9900000000016,20.709999999999127,-31.700000000000728,-0.18258275693051731,0.10507246376811594
2021-06-16,10:00,17376.0,17376.01,-0.00999999999839929,20.709999999999127,-20.719999999997526,-0.11924486691707434,0.19202898550724637
2021-06-16,10:30,17380.0,17372.99,7.009999999998399,20.709999999999127,-13.700000000000728,-0.07885804343409354,0.25
2021-06-16,11:00,17368.0,17357.71,10.290000000000873,20.709999999999127,-10.419999999998254,-0.060030960305237586,0.2572463768115942
2021-06-16,11:30,17378.0,17369.83,8.169999999998254,20.709999999999127,-12.540000000000873,-0.07219414352357433,0.213768115942029
2021-06-16,12:00,17370.0,17355.89,14.110000000000582,20.709999999999127,-6.599999999998545,-0.038027436219050394,0.2826086956521739
2021-06-23,09:30,17083.0,17152.2,-69.20000000000073,-79.54999999999927,10.349999999998545,0.06034211354810779,0.6702898550724637
2021-06-23,10:00,17193.0,17236.57,-43.56999999999971,-79.54999999999927,35.97999999999956,0.2087422265566732,0.9311594202898551
2021-06-23,10:30,17226.0,17262.85,-36.849999999998545,-79.54999999999927,42.70000000000073,0.24735197258853975,0.9492753623188406
2021-06-23,11:00,17235.0,17272.06,-37.06000000000131,-79.54999999999927,42.48999999999796,0.24600424037432683,0.9239130434782609
2021-06-23,11:30,17242.0,17271.36,-29.360000000000582,-79.54999999999927,50.18999999999869,0.29059668723249754,0.9528985507246377
2021-06-23,12:00,17246.0,17285.27,-39.27000000000044,-79.54999999999927,40.279999999998836,0.23303078285730472,0.9130434782608695
2021-06-30,09:30,17683.0,17725.08,-42.080000000001746,-79.18999999999869,37.109999999996944,0.20936435829907082,0.9565217391304348
2021-06-30,10:00,17693.0,17728.68,-35.68000000000029,-79.18999999999869,43.5099999999984,0.2454215429462227,0.9565217391304348
2021-06-30,10:30,17750.0,17772.28,-22.279999999998836,-79.18999999999869,56.909999999999854,0.32021777734764395,0.9855072463768116
2021-06-30,11:00,17750.0,17766.82,-16.81999999999971,-79.18999999999869,62.36999999999898,0.3510476269810747,0.9818840579710145
2021-06-30,11:30,17713.0,17752.12,-39.11999999999898,-79.18999999999869,40.06999999999971,0.2257195196968008,0.894927536231884
2021-06-30,12:00,17748.0,17788.76,-40.7599999999984,-79.18999999999869,38.43000000000029,0.21603529419701148,0.8876811594202898
2021-07-07,09:30,17847.0,17920.35,-73.34999999999854,-15.069999999999707,-58.279999999998836,-0.32521686239386416,0.03260869565217391
2021-07-07,10:00,17868.0,17917.56,-49.56000000000131,-15.069999999999707,-34.4900000000016,-0.19249272780446441,0.10869565217391304
2021-07-07,10:30,17900.0,17920.31,-20.31000000000131,-15.069999999999707,-5.2400000000016025,-0.029240565592903257,0.391304347826087
2021-07-07,11:00,17866.0,17901.35,-35.349999999998545,-15.069999999999707,-20.279999999998836,-0.1132875453527183,0.17753623188405798
2021-07-07,11:30,17845.0,17874.45,-29.450000000000728,-15.069999999999707,-14.38000000000102,-0.08045002783302993,0.18478260869565216
2021-07-07,12:00,17867.0,17883.4,-16.400000000001455,-15.069999999999707,-1.330000000001748,-0.007437064540309717,0.3442028985507246
2021-07-14,09:30,17863.0,17825.85,37.150000000001455,11.479999999999563,25.67000000000189,0.1440043532286084,0.8514492753623188
2021-07-14,10:00,17789.0,17787.77,1.2299999999995634,11.479999999999563,-10.25,-0.05762386178818368,0.31521739130434784
2021-07-14,10:30,17781.0,17772.27,8.729999999999563,11.479999999999563,-2.75,-0.015473543897318687,0.4057971014492754
2021-07-14,11:00,17844.0,17829.78,14.220000000001164,11.479999999999563,2.7400000000016007,0.015367548001162107,0.43478260869565216
2021-07-14,11:30,17876.0,17875.41,0.5900000000001455,11.479999999999563,-10.889999999999418,-0.060921679558675404,0.2318840579710145
2021-07-14,12:00,17871.0,17855.01,15.9900000000016,11.479999999999563,4.510000000002037,0.025259016936994366,0.4420289855072464
2021-07-21,09:30,17606.0,17610.29,-4.290000000000873,11.2599999999984,-15.549999999999272,-0.08830064695129536,0.2608695652173913
2021-07-21,10:00,17570.0,17542.52,27.479999999999563,11.2599999999984,16.220000000001164,0.09246106032657317,0.7210144927536232
2021-07-21,10:30,17534.0,17547.73,-13.729999999999563,11.2599999999984,-24.989999999997963,-0.14241158258075523,0.14855072463768115
2021-07-21,11:00,17487.0,17481.07,5.930000000000291,11.2599999999984,-5.329999999998108,-0.030490124460333997,0.3115942028985507
2021-07-21,11:30,17473.0,17450.2,22.799999999999272,11.2599999999984,11.540000000000873,0.06613104720863298,0.5507246376811594
2021-07-21,12:00,17479.0,17464.25,14.75,11.2599999999984,3.4900000000016007,0.019983680948231965,0.427536231884058
2021-07-28,09:30,16833.0,16923.72,-90.72000000000116,-92.86999999999898,2.149999999997817,0.01270406270014995,0.5289855072463768
2021-07-28,10:00,16816.0,16951.94,-135.9399999999987,-92.86999999999898,-43.06999999999971,-0.25407121544790573,0.06159420289855073
2021-07-28,10:30,16826.0,16984.61,-158.61000000000058,-92.86999999999898,-65.7400000000016,-0.38705628212835974,0.018115942028985508
2021-07-28,11:00,16920.0,17056.15,-136.15000000000146,-92.86999999999898,-43.280000000002474,-0.25375011359540384,0.05434782608695652
2021-07-28,11:30,16978.0,17101.47,-123.47000000000116,-92.86999999999898,-30.600000000002183,-0.17893198654853754,0.06521739130434782
2021-07-28,12:00,16922.0,17055.76,-133.7599999999984,-92.86999999999898,-40.88999999999942,-0.23974305454579226,0.03260869565217391
2021-08-04,09:30,17518.0,17592.02,-74.02000000000044,-58.7599999999984,-15.260000000002037,-0.08674387591647825,0.26811594202898553
2021-08-04,10:00,17526.0,17587.05,-61.04999999999927,-58.7599999999984,-2.290000000000873,-0.013020944388063223,0.44565217391304346
2021-08-04,10:30,17563.0,17611.69,-48.68999999999869,-58.7599999999984,10.069999999999709,0.057177931249072125,0.5797101449275363
2021-08-04,11:00,17556.0,17614.06,-58.06000000000131,-58.7599999999984,0.6999999999970896,0.0039740979649046815,0.39492753623188404
2021-08-04,11:30,17545.0,17596.45,-51.45000000000073,-58.7599999999984,7.309999999997672,0.04154247021414928,0.4963768115942029
2021-08-04,12:00,17559.0,17592.18,-33.18000000000029,-58.7599999999984,25.57999999999811,0.14540551540512947,0.7463768115942029
2021-08-11,09:30,17226.0,17276.94,-50.93999999999869,-40.63999999999942,-10.299999999999272,-0.05961703866540761,0.35144927536231885
2021-08-11,10:00,17243.0,17270.74,-27.7400000000016,-40.63999999999942,12.899999999997817,0.07469280412997832,0.6920289855072463
2021-08-11,10:30,17277.0,17313.66,-36.659999999999854,-40.63999999999942,3.9799999999995634,0.022987629420928697,0.4963768115942029
2021-08-11,11:00,17238.0,17270.8,-32.79999999999927,-40.63999999999942,7.8400000000001455,0.04539453875906238,0.5398550724637681
2021-08-11,11:30,17156.0,17204.26,-48.2599999999984,-40.63999999999942,-7.619999999998981,-0.04429135574560593,0.2644927536231884
2021-08-11,12:00,17158.0,17195.14,-37.13999999999942,-40.63999999999942,3.5,0.02035458856397796,0.4311594202898551
2021-08-18,09:30,16461.0,16503.79,-42.79000000000087,-38.36000000000058,-4.430000000000291,-0.026842319249095456,0.4311594202898551
2021-08-18,10:00,16447.0,16473.11,-26.110000000000582,-38.36000000000058,12.25,0.07436361439946676,0.6884057971014492
2021-08-18,10:30,16550.0,16568.12,-18.11999999999898,-38.36000000000058,20.2400000000016,0.12216232137382879,0.7427536231884058
2021-08-18,11:00,16608.0,16611.33,-3.3300000000017462,-38.36000000000058,35.029999999998836,0.2108801643215735,0.8768115942028986
2021-08-18,11:30,16682.0,16689.19,-7.18999999999869,-38.36000000000058,31.17000000000189,0.18676760226231406,0.8333333333333334
2021-08-18,12:00,16670.0,16691.33,-21.330000000001746,-38.36000000000058,17.029999999998836,0.10202901745995575,0.6485507246376812
2021-08-25,09:30,16851.0,16903.49,-52.4900000000016,-52.72999999999956,0.23999999999796273,0.0014198251366904864,0.4891304347826087
2021-08-25,10:00,16867.0,16926.66,-59.659999999999854,-52.72999999999956,-6.930000000000291,-0.04094133160351948,0.35144927536231885
2021-08-25,10:30,16865.0,16938.83,-73.83000000000175,-52.72999999999956,-21.100000000002183,-0.12456586434837695,0.15942028985507245
2021-08-25,11:00,16893.0,16958.04,-65.04000000000087,-52.72999999999956,-12.31000000000131,-0.07259093621669314,0.2246376811594203
2021-08-25,11:30,16935.0,16989.01,-54.0099999999984,-52.72999999999956,-1.2799999999988358,-0.007534282456710756,0.36231884057971014
2021-08-25,12:00,16930.0,16975.56,-45.56000000000131,-52.72999999999956,7.169999999998254,0.042237192764175396,0.4891304347826087
2021-09-01,09:30,17431.0,17464.68,-33.68000000000029,-53.29000000000087,19.610000000000582,0.11228376357311204,0.7862318840579711
2021-09-01,10:00,17425.0,17438.02,-13.020000000000437,-53.29000000000087,40.27000000000044,0.23093218152061093,0.9420289855072463
2021-09-01,10:30,17425.0,17433.72,-8.720000000001164,-53.29000000000087,44.56999999999971,0.2556539854947751,0.9565217391304348
2021-09-01,11:00,17443.0,17452.11,-9.110000000000582,-53.29000000000087,44.18000000000029,0.25314990565610856,0.9384057971014492
2021-09-01,11:30,17445.0,17456.01,-11.0099999999984,-53.29000000000087,42.280000000002474,0.24220884383087818,0.9202898550724637
2021-09-01,12:00,17448.0,17464.44,-16.43999999999869,-53.29000000000087,36.85000000000218,0.21100018093910936,0.8804347826086957
2021-09-08,09:30,17379.0,17420.26,-41.2599999999984,-14.86999999999898,-26.389999999999418,-0.15149027626453004,0.17753623188405798
2021-09-08,10:00,17368.0,17395.91,-27.909999999999854,-14.86999999999898,-13.040000000000875,-0.07496014867863121,0.27898550724637683
2021-09-08,10:30,17331.0,17342.41,-11.409999999999854,-14.86999999999898,3.459999999999125,0.019951090995998396,0.4891304347826087
2021-09-08,11:00,17304.0,17350.71,-46.70999999999913,-14.86999999999898,-31.840000000000146,-0.18350834058087623,0.09420289855072464
2021-09-08,11:30,17265.0,17304.67,-39.669999999998254,-14.86999999999898,-24.799999999999272,-0.14331391468314206,0.09782608695652174
2021-09-08,12:00,17228.0,17253.68,-25.68000000000029,-14.86999999999898,-10.810000000001311,-0.0626533006292067,0.2391304347826087
2021-09-15,09:30,17317.0,17352.77,-35.77000000000044,24.099999999998545,-59.86999999999898,-0.34501696270969406,0.025362318840579712
2021-09-15,10:00,17314.0,17355.43,-41.43000000000029,24.099999999998545,-65.52999999999884,-0.3775763550658142,0.007246376811594203
2021-09-15,10:30,17347.0,17359.54,-12.540000000000873,24.099999999998545,-36.63999999999942,-0.21106550058353746,0.07608695652173914
2021-09-15,11:00,17358.0,17363.39,-5.389999999999418,24.099999999998545,-29.489999999997963,-0.16984010610830005,0.11231884057971014
2021-09-15,11:30,17394.0,17374.34,19.659999999999854,24.099999999998545,-4.43999999999869,-0.02555492755407509,0.3188405797101449
2021-09-15,12:00,17368.0,17374.34,-6.3400000000001455,24.099999999998545,-30.43999999999869,-0.17520089971762204,0.09057971014492754
2021-09-22,09:30,16927.0,16983.05,-56.04999999999927,42.20999999999913,-98.2599999999984,-0.5785768751784773,0.0036231884057971015
2021-09-22,10:00,16857.0,16918.77,-61.77000000000044,42.20999999999913,-103.97999999999956,-0.6145836842749182,0.0036231884057971015
2021-09-22,10:30,16834.0,16912.48,-78.47999999999956,42.20999999999913,-120.68999999999869,-0.7136150345780081,0.0036231884057971015
2021-09-22,11:00,16818.0,16897.01,-79.0099999999984,42.20999999999913,-121.21999999999753,-0.7174050320145253,0.0036231884057971015
2021-09-22,11:30,16864.0,16933.38,-69.38000000000102,42.20999999999913,-111.59000000000015,-0.6589942468662496,0.0036231884057971015
2021-09-22,12:00,16851.0,16924.48,-73.47999999999956,42.20999999999913,-115.68999999999869,-0.6835660534326531,0.0036231884057971015
2021-09-29,09:30,16814.0,16884.24,-70.2400000000016,-35.43999999999869,-34.80000000000291,-0.2061093658938922,0.08695652173913043
2021-09-29,10:00,16834.0,16898.08,-64.08000000000175,-35.43999999999869,-28.640000000003056,-0.16948671091628784,0.13405797101449277
2021-09-29,10:30,16880.0,16939.84,-59.840000000000146,-35.43999999999869,-24.400000000001455,-0.14403914086556577,0.14130434782608695
2021-09-29,11:00,16841.0,16916.52,-75.52000000000044,-35.43999999999869,-40.080000000001746,-0.23692816252989232,0.06521739130434782
2021-09-29,11:30,16832.0,16887.1,-55.099999999998545,-35.43999999999869,-19.659999999999854,-0.11642022608973628,0.13405797101449277
2021-09-29,12:00,16780.0,16846.57,-66.56999999999971,-35.43999999999869,-31.13000000000102,-0.18478538954814552,0.07971014492753623
2021-10-06,09:30,16367.0,16428.89,-61.88999999999942,-54.75,-7.139999999999418,-0.04346002681860685,0.40217391304347827
2021-10-06,10:00,16335.0,16418.3,-83.29999999999927,-54.75,-28.549999999999272,-0.17389132857847203,0.12681159420289856
2021-10-06,10:30,16372.0,16456.99,-84.9900000000016,-54.75,-30.2400000000016,-0.18375170672159125,0.09420289855072464
2021-10-06,11:00,16313.0,16398.48,-85.47999999999956,-54.75,-30.729999999999563,-0.1873954171362197,0.09057971014492754
2021-10-06,11:30,16315.0,16369.01,-54.01000000000022,-54.75,0.7399999999997817,0.004520737662203039,0.38768115942028986
2021-10-06,12:00,16343.0,16389.28,-46.279999999998836,-54.75,8.470000000001164,0.051680122616741944,0.5181159420289855
2021-10-13,09:30,16454.0,16444.9,9.099999999998545,-23.840000000000146,32.93999999999869,0.20030526181368502,0.9456521739130435
2021-10-13,10:00,16433.0,16428.26,4.740000000001601,-23.840000000000146,28.580000000001746,0.17396851522925588,0.894927536231884
2021-10-13,10:30,16380.0,16385.54,-5.540000000000873,-23.840000000000146,18.299999999999272,0.1116838383110918,0.7028985507246377
2021-10-13,11:00,16379.0,16368.37,10.6299999999992,-23.840000000000146,34.469999999999345,0.21058908125854525,0.8731884057971014
2021-10-13,11:30,16396.0,16375.15,20.850000000000364,-23.840000000000146,44.69000000000051,0.27291353056308193,0.9456521739130435
2021-10-13,12:00,16342.0,16341.98,0.020000000000436557,-23.840000000000146,23.860000000000582,0.14600433974341287,0.75
2021-10-20,09:30,16950.0,16937.9,12.099999999998545,10.330000000001746,1.7699999999967986,0.010449937713629188,0.5217391304347826
2021-10-20,10:00,16914.0,16912.33,1.6699999999982538,10.330000000001746,-8.660000000003492,-0.051205244930790095,0.322463768115942
2021-10-20,10:30,16931.0,16928.24,2.7599999999983993,10.330000000001746,-7.570000000003347,-0.044718175073152004,0.32608695652173914
2021-10-20,11:00,16932.0,16926.34,5.6599999999998545,10.330000000001746,-4.670000000001892,-0.027590134665863332,0.32971014492753625
2021-10-20,11:30,16924.0,16904.44,19.56000000000131,10.330000000001746,9.229999999999563,0.05460103972683842,0.532608695652174
2021-10-20,12:00,16923.0,16898.78,24.220000000001164,10.330000000001746,13.889999999999418,0.08219528273638345,0.5905797101449275
2021-10-27,09:30,16988.0,17018.32,-30.31999999999971,-3.340000000000145,-26.979999999999563,-0.15853503753601744,0.16304347826086957
2021-10-27,10:00,16982.0,17014.99,-32.9900000000016,-3.340000000000145,-29.650000000001455,-0.17425811005473088,0.12318840579710146
2021-10-27,10:30,16982.0,17010.34,-28.340000000000146,-3.340000000000145,-25.0,-0.1469694315339964,0.13405797101449277
2021-10-27,11:00,16969.0,16983.95,-14.950000000000728,-3.340000000000145,-11.610000000000582,-0.06835865626076726,0.2427536231884058
2021-10-27,11:30,16965.0,16988.77,-23.770000000000437,-3.340000000000145,-20.43000000000029,-0.12025591022775804,0.12318840579710146
2021-10-27,12:00,16986.0,17011.94,-25.93999999999869,-3.340000000000145,-22.599999999998545,-0.1328478703780906,0.13405797101449277
2021-11-03,09:30,17090.0,17123.05,-33.04999999999927,-40.97000000000117,7.920000000001899,0.04625344199778602,0.644927536231884
2021-11-03,10:00,17108.0,17137.5,-29.5,-40.97000000000117,11.470000000001171,0.06692924872356627,0.6594202898550725
2021-11-03,10:30,17069.0,17099.64,-30.639999999999418,-40.97000000000117,10.330000000001753,0.06041062852786231,0.6014492753623188
2021-11-03,11:00,17053.0,17090.48,-37.47999999999956,-40.97000000000117,3.490000000001608,0.02042072545652087,0.4528985507246377
2021-11-03,11:30,17088.0,17106.03,-18.029999999998836,-40.97000000000117,22.940000000002335,0.13410475721135962,0.7246376811594203
2021-11-03,12:00,17091.0,17121.52,-30.520000000000437,-40.97000000000117,10.450000000000735,0.061034300692933426,0.5362318840579711
2021-11-10,09:30,17561.0,17557.76,3.2400000000016007,10.639999999999418,-7.399999999997817,-0.04214660640080408,0.4057971014492754
2021-11-10,10:00,17563.0,17544.85,18.150000000001455,10.639999999999418,7.510000000002037,0.04280458368126281,0.5869565217391305
2021-11-10,10:30,17553.0,17543.18,9.819999999999709,10.639999999999418,-0.819999999999709,-0.004674181077773294,0.42028985507246375
2021-11-10,11:00,17513.0,17526.24,-13.2400000000016,10.639999999999418,-23.88000000000102,-0.13625284145373462,0.14855072463768115
2021-11-10,11:30,17514.0,17521.86,-7.860000000000582,10.639999999999418,-18.5,-0.10558239821571454,0.15579710144927536
2021-11-10,12:00,17524.0,17524.77,-0.7700000000004366,10.639999999999418,-11.409999999999854,-0.06510784449667445,0.23550724637681159
2021-11-17,09:30,17711.0,17712.52,-1.5200000000004366,-7.130000000001019,5.610000000000582,0.03167251187296095,0.5869565217391305
2021-11-17,10:00,17716.0,17713.38,2.6199999999989814,-7.130000000001019,9.75,0.05504313688296643,0.6268115942028986
2021-11-17,10:30,17716.0,17728.58,-12.580000000001746,-7.130000000001019,-5.450000000000728,-0.03074132276809946,0.38405797101449274
2021-11-17,11:00,17729.0,17738.98,-9.979999999999563,-7.130000000001019,-2.849999999998545,-0.016066312719212408,0.36594202898550726
2021-11-17,11:30,17733.0,17735.19,-2.1899999999986903,-7.130000000001019,4.940000000002328,0.027854226540580215,0.4384057971014493
2021-11-17,12:00,17745.0,17740.39,4.610000000000582,-7.130000000001019,11.7400000000016,0.06617667368080184,0.5543478260869565
2021-11-24,09:30,17669.0,17687.73,-18.729999999999563,-4.119999999998981,-14.610000000000582,-0.08259963262668857,0.2826086956521739
2021-11-24,10:00,17681.0,17689.99,-8.9900000000016,-4.119999999998981,-4.870000000002619,-0.027529693346364917,0.391304347826087
2021-11-24,10:30,17665.0,17658.45,6.549999999999272,-4.119999999998981,10.669999999998254,0.060424329428677225,0.605072463768116
2021-11-24,11:00,17633.0,17622.15,10.849999999998545,-4.119999999998981,14.969999999997526,0.08494990679342489,0.6413043478260869
2021-11-24,11:30,17631.0,17618.58,12.419999999998254,-4.119999999998981,16.539999999997235,0.09387816725296382,0.6086956521739131
2021-11-24,12:00,17624.0,17621.93,2.069999999999709,-4.119999999998981,6.18999999999869,0.035126685896486314,0.463768115942029
2021-12-01,09:30,17375.0,17406.92,-31.919999999998254,-87.7599999999984,55.840000000000146,0.32079196089831025,0.9927536231884058
2021-12-01,10:00,17435.0,17443.53,-8.529999999998836,-87.7599999999984,79.22999999999956,0.45420852316016064,1.0
2021-12-01,10:30,17482.0,17475.56,6.43999999999869,-87.7599999999984,94.19999999999709,0.5390385200817432,1.0
2021-12-01,11:00,17508.0,17507.72,0.27999999999883585,-87.7599999999984,88.03999999999724,0.5028638794771519,1.0
2021-12-01,11:30,17495.0,17490.71,4.290000000000873,-87.7599999999984,92.04999999999927,0.5262793791675654,1.0
2021-12-01,12:00,17508.0,17494.87,13.130000000001019,-87.7599999999984,100.88999999999942,0.5766833363151566,1.0
2021-12-08,09:30,17980.0,17964.32,15.680000000000291,-20.919999999998254,36.599999999998545,0.20373718571033328,0.9492753623188406
2021-12-08,10:00,17915.0,17919.21,-4.209999999999127,-20.919999999998254,16.709999999999127,0.09325187884956496,0.7246376811594203
2021-12-08,10:30,17935.0,17923.52,11.479999999999563,-20.919999999998254,32.39999999999782,0.1807680634161025,0.8731884057971014
2021-12-08,11:00,17931.0,17926.61,4.389999999999418,-20.919999999998254,25.30999999999767,0.1411867609101647,0.7681159420289855
2021-12-08,11:30,17916.0,17902.66,13.340000000000146,-20.919999999998254,34.2599999999984,0.19136821008720714,0.8442028985507246
2021-12-08,12:00,17875.0,17867.59,7.4099999999998545,-20.919999999998254,28.32999999999811,0.15855523884305667,0.7753623188405797
2021-12-15,09:30,17550.0,17569.02,-19.020000000000437,0.6300000000010186,-19.650000000001455,-0.1118445991865309,0.23550724637681159
2021-12-15,10:00,17627.0,17648.2,-21.200000000000728,0.6300000000010186,-21.830000000001746,-0.1236953343683874,0.18115942028985507
2021-12-15,10:30,17622.0,17634.79,-12.790000000000873,0.6300000000010186,-13.420000000001892,-0.07609957362691527,0.2608695652173913
2021-12-15,11:00,17632.0,17632.7,-0.7000000000007276,0.6300000000010186,-1.3300000000017462,-0.0075428039948603805,0.37681159420289856
2021-12-15,11:30,17639.0,17653.82,-14.819999999999709,0.6300000000010186,-15.450000000000728,-0.08751646952331409,0.18115942028985507
2021-12-15,12:00,17649.0,17665.77,-16.770000000000437,0.6300000000010186,-17.400000000001455,-0.09849556515227728,0.19202898550724637
2021-12-22,09:30,17815.0,17838.49,-23.4900000000016,14.729999999999563,-38.220000000001164,-0.21425580304163167,0.07971014492753623
2021-12-22,10:00,17811.0,17839.23,-28.229999999999563,14.729999999999563,-42.95999999999913,-0.24081756891972989,0.06521739130434782
2021-12-22,10:30,17802.0,17827.82,-25.81999999999971,14.729999999999563,-40.54999999999927,-0.2274534968380838,0.06159420289855073
2021-12-22,11:00,17792.0,17823.37,-31.36999999999898,14.729999999999563,-46.099999999998545,-0.2586491780173926,0.050724637681159424
2021-12-22,11:30,17825.0,17838.19,-13.18999999999869,14.729999999999563,-27.919999999998254,-0.15651812207403473,0.07971014492753623
2021-12-22,12:00,17820.0,17842.93,-22.93000000000029,14.729999999999563,-37.659999999999854,-0.21106399005096055,0.057971014492753624
2021-12-29,09:30,18230.0,18235.89,-5.889999999999418,-5.81000000000131,-0.07999999999810825,-0.0004386953419773219,0.4782608695652174
2021-12-29,10:00,18192.0,18206.22,-14.220000000001164,-5.81000000000131,-8.409999999999854,-0.046193004368835784,0.3333333333333333
2021-12-29,10:30,18211.0,18212.38,-1.3800000000010186,-5.81000000000131,4.430000000000291,0.02432411359745564,0.5
2021-12-29,11:00,18230.0,18230.57,-0.569999999999709,-5.81000000000131,5.240000000001601,0.028742930144266474,0.4963768115942029
2021-12-29,11:30,18223.0,18235.82,-12.819999999999709,-5.81000000000131,-7.009999999998399,-0.03844082690001546,0.27898550724637683
2021-12-29,12:00,18238.0,18237.33,0.6699999999982538,-5.81000000000131,6.479999999999563,0.03553151694902468,0.47101449275362317
2022-01-05,09:30,18531.0,18572.64,-41.63999999999942,-11.349999999998545,-30.290000000000873,-0.16308936155549708,0.15217391304347827
2022-01-05,10:00,18498.0,18527.67,-29.669999999998254,-11.349999999998545,-18.31999999999971,-0.09887913590861512,0.2391304347826087
2022-01-05,10:30,18514.0,18543.13,-29.13000000000102,-11.349999999998545,-17.780000000002474,-0.09588456749212497,0.2028985507246377
2022-01-05,11:00,18493.0,18498.53,-5.529999999998836,-11.349999999998545,5.819999999999709,0.03146195940974612,0.5
2022-01-05,11:30,18452.0,18464.82,-12.819999999999709,-11.349999999998545,-1.4700000000011642,-0.00796108491716228,0.358695652173913
2022-01-05,12:00,18484.0,18495.2,-11.200000000000728,-11.349999999998545,0.1499999999978172,0.0008110212379310156,0.37681159420289856
2022-01-12,09:30,18368.0,18370.46,-2.459999999999127,-41.20999999999913,38.75,0.2109364708341544,0.9637681159420289
2022-01-12,10:00,18313.0,18301.12,11.880000000001019,-41.20999999999913,53.090000000000146,0.29009153538144195,0.967391304347826
2022-01-12,10:30,18303.0,18299.55,3.4500000000007276,-41.20999999999913,44.659999999999854,0.24404971706954462,0.9456521739130435
2022-01-12,11:00,18304.0,18289.49,14.5099999999984,-41.20999999999913,55.719999999997526,0.30465584332858664,0.9528985507246377
2022-01-12,11:30,18287.0,18266.63,20.36999999999898,-41.20999999999913,61.57999999999811,0.33711746501679896,0.9782608695652174
2022-01-12,12:00,18303.0,18293.0,10.0,-41.20999999999913,51.20999999999913,0.2799431476521026,0.9637681159420289
2022-01-19,09:30,18328.0,18324.49,3.5099999999983993,12.360000000000582,-8.850000000002183,-0.048296023518265355,0.391304347826087
2022-01-19,10:00,18311.0,18306.69,4.31000000000131,12.360000000000582,-8.049999999999272,-0.04397299566442253,0.33695652173913043
2022-01-19,10:30,18309.0,18313.59,-4.5900000000001455,12.360000000000582,-16.950000000000728,-0.09255421793324371,0.21014492753623187
2022-01-19,11:00,18289.0,18288.73,0.27000000000043656,12.360000000000582,-12.090000000000146,-0.06610628512750828,0.2463768115942029
2022-01-19,11:30,18248.0,18232.84,15.159999999999854,12.360000000000582,2.7999999999992724,0.015356905451916827,0.4057971014492754
2022-01-19,12:00,18238.0,18224.24,13.7599999999984,12.360000000000582,1.3999999999978172,0.007682076179845179,0.39492753623188404
2022-01-26,09:30,17663.0,17659.22,3.779999999998836,-31.11999999999898,34.89999999999782,0.19763047292008262,0.9347826086956522
2022-01-26,10:00,17704.0,17722.84,-18.840000000000146,-31.11999999999898,12.279999999998836,0.06928912070525287,0.6702898550724637
2022-01-26,10:30,17721.0,17745.81,-24.81000000000131,-31.11999999999898,6.309999999997672,0.035557689392581526,0.5181159420289855
2022-01-26,11:00,17716.0,17757.49,-41.4900000000016,-31.11999999999898,-10.37000000000262,-0.05839789294547044,0.2608695652173913
2022-01-26,11:30,17705.0,17733.75,-28.75,-31.11999999999898,2.3699999999989814,0.01336434764220191,0.39855072463768115
2022-01-26,12:00,17732.0,17749.56,-17.56000000000131,-31.11999999999898,13.559999999997672,0.07639625996361414,0.5797101449275363
2022-02-07,09:30,17839.0,17862.39,-23.389999999999418,-45.400000000001455,22.010000000002037,0.1232197930960081,0.8152173913043478
2022-02-07,10:00,17740.0,17762.36,-22.360000000000582,-45.400000000001455,23.040000000000873,0.12971249315969766,0.8007246376811594
2022-02-07,10:30,17740.0,17756.29,-16.290000000000873,-45.400000000001455,29.110000000000582,0.16394190453073576,0.8369565217391305
2022-02-07,11:00,17724.0,17732.24,-8.2400000000016,-45.400000000001455,37.159999999999854,0.20956179253156879,0.8695652173913043
2022-02-07,11:30,17767.0,17770.49,-3.4900000000016007,-45.400000000001455,41.909999999999854,0.23584042983620512,0.9057971014492754
2022-02-07,12:00,17791.0,17790.25,0.75,-45.400000000001455,46.150000000001455,0.259411756439631,0.9492753623188406
2022-02-09,09:30,18091.0,18078.7,12.299999999999272,-3.5600000000013097,15.860000000000582,0.08772754678157489,0.7318840579710145
2022-02-09,10:00,18086.0,18079.64,6.360000000000582,-3.5600000000013097,9.920000000001892,0.05486834914855546,0.6231884057971014
2022-02-09,10:30,18068.0,18044.27,23.729999999999563,-3.5600000000013097,27.290000000000873,0.15123914683165832,0.7971014492753623
2022-02-09,11:00,18094.0,18085.64,8.360000000000582,-3.5600000000013097,11.920000000001892,0.06590864354262217,0.605072463768116
2022-02-09,11:30,18097.0,18073.13,23.86999999999898,-3.5600000000013097,27.43000000000029,0.15177227187543216,0.7681159420289855
2022-02-09,12:00,18105.0,18084.28,20.720000000001164,-3.5600000000013097,24.280000000002474,0.1342602525508479,0.7246376811594203
2022-02-16,09:30,18179.0,18178.24,0.7599999999983993,-2.8100000000013097,3.569999999999709,0.01963886492861635,0.5507246376811594
2022-02-16,10:00,18165.0,18163.95,1.0499999999992724,-2.8100000000013097,3.860000000000582,0.02125088430655547,0.5471014492753623
2022-02-16,10:30,18235.0,18206.78,28.220000000001164,-2.8100000000013097,31.030000000002474,0.17043101525916432,0.855072463768116
2022-02-16,11:00,18228.0,18203.04,24.959999999999127,-2.8100000000013097,27.770000000000437,0.15255693554483446,0.7934782608695652
2022-02-16,11:30,18230.0,18202.06,27.93999999999869,-2.8100000000013097,30.75,0.16893692252415385,0.7898550724637681
2022-02-16,12:00,18217.0,18204.36,12.639999999999418,-2.8100000000013097,15.450000000000728,0.08486977844868332,0.5978260869565217
2022-02-23,09:30,17997.0,18037.63,-40.63000000000102,-64.29000000000087,23.659999999999854,0.1311702258001736,0.8297101449275363
2022-02-23,10:00,17986.0,18019.25,-33.25,-64.29000000000087,31.040000000000873,0.17226022170734562,0.8913043478260869
2022-02-23,10:30,17977.0,18031.59,-54.590000000000146,-64.29000000000087,9.700000000000728,0.05379447957723488,0.5688405797101449
2022-02-23,11:00,17963.0,18002.22,-39.220000000001164,-64.29000000000087,25.06999999999971,0.13926060230349205,0.7644927536231884
2022-02-23,11:30,17978.0,18016.5,-38.5,-64.29000000000087,25.790000000000873,0.14314656009769308,0.7463768115942029
2022-02-23,12:00,17991.0,18012.63,-21.63000000000102,-64.29000000000087,42.659999999999854,0.23683382160184185,0.9239130434782609
2022-03-02,09:30,17802.0,17805.49,-3.4900000000016007,-4.25,0.7599999999983993,0.004268346448193221,0.4963768115942029
2022-03-02,10:00,17820.0,17851.64,-31.639999999999418,-4.25,-27.389999999999418,-0.15343128138366793,0.14492753623188406
2022-03-02,10:30,17807.0,17838.12,-31.11999999999898,-4.25,-26.86999999999898,-0.15063246575311176,0.12318840579710146
2022-03-02,11:00,17810.0,17833.7,-23.700000000000728,-4.25,-19.450000000000728,-0.10906317814026661,0.18115942028985507
2022-03-02,11:30,17803.0,17832.38,-29.38000000000102,-4.25,-25.13000000000102,-0.14092342132682803,0.10144927536231885
2022-03-02,12:00,17811.0,17826.29,-15.290000000000873,-4.25,-11.040000000000873,-0.061931001907861216,0.2463768115942029
2022-03-09,09:30,16912.0,16983.22,-71.22000000000116,-89.25,18.029999999998836,0.10616361326061156,0.7681159420289855
2022-03-09,10:00,16970.0,17046.67,-76.66999999999825,-89.25,12.580000000001746,0.0737974044197591,0.6811594202898551
2022-03-09,10:30,16993.0,17063.96,-70.95999999999913,-89.25,18.290000000000873,0.10718496761596297,0.6884057971014492
2022-03-09,11:00,16941.0,17011.43,-70.43000000000029,-89.25,18.81999999999971,0.11063149893924092,0.6992753623188406
2022-03-09,11:30,16921.0,16986.29,-65.29000000000087,-89.25,23.959999999999127,0.1410549331254743,0.7391304347826086
2022-03-09,12:00,16928.0,17006.02,-78.02000000000044,-89.25,11.229999999999563,0.06603543921505187,0.5507246376811594
2022-03-16,09:30,16948.0,16970.63,-22.63000000000102,-27.06000000000131,4.430000000000291,0.02610392189329619,0.5688405797101449
2022-03-16,10:00,16970.0,16964.52,5.479999999999563,-27.06000000000131,32.54000000000087,0.19181208781622391,0.9166666666666666
2022-03-16,10:30,16954.0,16952.66,1.3400000000001455,-27.06000000000131,28.400000000001455,0.1675253323077408,0.8442028985507246
2022-03-16,11:00,16892.0,16905.78,-13.779999999998836,-27.06000000000131,13.280000000002474,0.07855301559586411,0.6231884057971014
2022-03-16,11:30,16881.0,16874.75,6.25,-27.06000000000131,33.31000000000131,0.19739551697062954,0.8586956521739131
2022-03-16,12:00,16879.0,16867.23,11.770000000000437,-27.06000000000131,38.830000000001746,0.2302097024822792,0.9057971014492754
2022-03-23,09:30,17662.0,17673.01,-11.0099999999984,-39.70999999999913,28.700000000000728,0.1623945213633712,0.9057971014492754
2022-03-23,10:00,17700.0,17697.51,2.4900000000016007,-39.70999999999913,42.20000000000073,0.23845162398552525,0.9492753623188406
2022-03-23,10:30,17695.0,17700.05,-5.049999999999272,-39.70999999999913,34.659999999999854,0.19581865587950234,0.8913043478260869
2022-03-23,11:00,17721.0,17718.71,2.290000000000873,-39.70999999999913,42.0,0.23703757214831103,0.9166666666666666
2022-03-23,11:30,17695.0,17703.76,-8.7599999999984,-39.70999999999913,30.950000000000728,0.1748216198141001,0.8043478260869565
2022-03-23,12:00,17683.0,17681.93,1.069999999999709,-39.70999999999913,40.779999999998836,0.23063093225682285,0.9094202898550725
2022-03-30,09:30,17738.0,17724.99,13.0099999999984,-11.659999999999854,24.669999999998254,0.13918202492637938,0.8442028985507246
2022-03-30,10:00,17721.0,17716.77,4.229999999999563,-11.659999999999854,15.889999999999418,0.08968903473939899,0.7101449275362319
2022-03-30,10:30,17709.0,17710.5,-1.5,-11.659999999999854,10.159999999999854,0.057367098613815844,0.5833333333333334
2022-03-30,11:00,17666.0,17667.67,-1.6699999999982538,-11.659999999999854,9.9900000000016,0.05654395854123154,0.572463768115942
2022-03-30,11:30,17693.0,17687.81,5.18999999999869,-11.659999999999854,16.849999999998545,0.09526334803459865,0.6159420289855072
2022-03-30,12:00,17687.0,17689.55,-2.5499999999992724,-11.659999999999854,9.110000000000582,0.051499331526243364,0.5144927536231884
2022-04-06,09:30,17395.0,17449.24,-54.2400000000016,-70.59000000000015,16.349999999998545,0.09370035600403538,0.75
2022-04-06,10:00,17381.0,17442.59,-61.590000000000146,-70.59000000000015,9.0,0.051597841834268875,0.6123188405797102
2022-04-06,10:30,17419.0,17454.65,-35.650000000001455,-70.59000000000015,34.93999999999869,0.20017588436318506,0.9021739130434783
2022-04-06,11:00,17443.0,17466.89,-23.889999999999418,-70.59000000000015,46.70000000000073,0.26736299364111604,0.9420289855072463
2022-04-06,11:30,17439.0,17464.06,-25.06000000000131,-70.59000000000015,45.529999999998836,0.26070684594532334,0.9311594202898551
2022-04-06,12:00,17432.0,17457.91,-25.909999999999854,-70.59000000000015,44.68000000000029,0.25592983352532056,0.9420289855072463
2022-04-13,09:30,17185.0,17196.42,-11.419999999998254,7.0900000000001455,-18.5099999999984,-0.10763868293515977,0.2391304347826087
2022-04-13,10:00,17193.0,17186.92,6.080000000001746,7.0900000000001455,-1.0099999999983993,-0.0058765619436082755,0.463768115942029
2022-04-13,10:30,17229.0,17242.88,-13.880000000001019,7.0900000000001455,-20.970000000001164,-0.12161541459432045,0.17391304347826086
2022-04-13,11:00,17262.0,17267.71,-5.709999999999127,7.0900000000001455,-12.799999999999272,-0.07412679504114485,0.21739130434782608
2022-04-13,11:30,17295.0,17304.4,-9.400000000001455,7.0900000000001455,-16.4900000000016,-0.09529368253161971,0.16666666666666666
2022-04-13,12:00,17281.0,17289.43,-8.430000000000291,7.0900000000001455,-15.520000000000437,-0.0897658280232514,0.20652173913043478
2022-04-20,09:30,17051.0,17069.23,-18.229999999999563,23.599999999998545,-41.82999999999811,-0.24506084925915292,0.06521739130434782
2022-04-20,10:00,17014.0,17024.01,-10.0099999999984,23.599999999998545,-33.609999999996944,-0.19742704568428324,0.10507246376811594
2022-04-20,10:30,17007.0,16998.6,8.400000000001455,23.599999999998545,-15.19999999999709,-0.0894191286341057,0.21739130434782608
2022-04-20,11:00,17058.0,17038.82,19.18000000000029,23.599999999998545,-4.419999999998254,-0.025940763503565705,0.33695652173913043
2022-04-20,11:30,17056.0,17044.48,11.520000000000437,23.599999999998545,-12.079999999998108,-0.07087338540101024,0.2210144927536232
2022-04-20,12:00,17094.0,17069.32,24.68000000000029,23.599999999998545,1.0800000000017462,0.006327141327257009,0.391304347826087
2022-04-27,09:30,16273.0,16309.11,-36.11000000000058,-69.79000000000087,33.68000000000029,0.20651034912389635,0.9528985507246377
2022-04-27,10:00,16276.0,16308.3,-32.29999999999927,-69.79000000000087,37.4900000000016,0.22988294304128332,0.9384057971014492
2022-04-27,10:30,16193.0,16244.08,-51.07999999999993,-69.79000000000087,18.710000000000946,0.1151804226524429,0.7210144927536232
2022-04-27,11:00,16301.0,16318.58,-17.579999999999927,-69.79000000000087,52.210000000000946,0.31994205378164614,0.9710144927536232
2022-04-27,11:30,16319.0,16335.52,-16.520000000000437,-69.79000000000087,53.27000000000044,0.3260991997806035,0.9710144927536232
2022-04-27,12:00,16319.0,16365.27,-46.27000000000044,-69.79000000000087,23.520000000000437,0.14371898538796143,0.7427536231884058
2022-05-04,09:30,16551.0,16577.58,-26.580000000001746,-24.90000000000145,-1.6800000000002946,-0.01013416916100115,0.45652173913043476
2022-05-04,10:00,16553.0,16578.0,-25.0,-24.90000000000145,-0.09999999999854836,-0.0006032090722556904,0.4746376811594203
2022-05-04,10:30,16551.0,16581.33,-30.330000000001746,-24.90000000000145,-5.430000000000295,-0.0327476746437125,0.37681159420289856
2022-05-04,11:00,16509.0,16532.41,-23.409999999999854,-24.90000000000145,1.4900000000015972,0.009012600098845825,0.41304347826086957
2022-05-04,11:30,16518.0,16536.06,-18.06000000000131,-24.90000000000145,6.840000000000142,0.04136414599366561,0.4927536231884058
2022-05-04,12:00,16511.0,16538.14,-27.139999999999418,-24.90000000000145,-2.2399999999979663,-0.013544449375794174,0.3333333333333333
2022-05-11,09:30,15942.0,15993.44,-51.44000000000051,-39.70000000000073,-11.739999999999782,-0.07340509608939529,0.3079710144927536
2022-05-11,10:00,15931.0,15969.13,-38.1299999999992,-39.70000000000073,1.570000000001528,0.00983146858971984,0.5144927536231884
2022-05-11,10:30,15982.0,16004.76,-22.76000000000022,-39.70000000000073,16.94000000000051,0.10584351155531546,0.6847826086956522
2022-05-11,11:00,15980.0,16019.85,-39.850000000000364,-39.70000000000073,-0.1499999999996362,-0.0009363383552257742,0.391304347826087
2022-05-11,11:30,16025.0,16047.05,-22.049999999999272,-39.70000000000073,17.650000000001455,0.10998906341041784,0.6376811594202898
2022-05-11,12:00,16042.0,16072.16,-30.159999999999854,-39.70000000000073,9.540000000000873,0.05935729858339434,0.532608695652174
2022-05-18,09:30,16203.0,16218.05,-15.049999999999272,19.90999999999985,-34.95999999999913,-0.21556229016434855,0.07246376811594203
2022-05-18,10:00,16197.0,16197.97,-0.9699999999993452,19.90999999999985,-20.879999999999196,-0.12890504180461626,0.16304347826086957
2022-05-18,10:30,16225.0,16229.01,-4.010000000000218,19.90999999999985,-23.92000000000007,-0.14739038302398033,0.13043478260869565
2022-05-18,11:00,16210.0,16213.24,-3.2399999999997817,19.90999999999985,-23.149999999999633,-0.14278453905573243,0.14130434782608695
2022-05-18,11:30,16238.0,16237.59,0.4099999999998545,19.90999999999985,-19.499999999999996,-0.12009171311752542,0.12681159420289856
2022-05-18,12:00,16263.0,16259.96,3.040000000000873,19.90999999999985,-16.869999999998978,-0.10375179274733136,0.18115942028985507
2022-05-25,09:30,15995.0,16015.12,-20.1200000000008,-26.6299999999992,6.509999999998399,0.040649086613140574,0.6195652173913043
2022-05-25,10:00,16023.0,16029.15,-6.149999999999636,-26.6299999999992,20.479999999999563,0.12776722408861085,0.7971014492753623
2022-05-25,10:30,16051.0,16073.65,-22.649999999999636,-26.6299999999992,3.9799999999995634,0.02476102192096732,0.5036231884057971
2022-05-25,11:00,16041.0,16055.92,-14.920000000000073,-26.6299999999992,11.709999999999127,0.07293260056103372,0.6123188405797102
2022-05-25,11:30,16042.0,16048.12,-6.1200000000008,-26.6299999999992,20.5099999999984,0.12780313208025862,0.7101449275362319
2022-05-25,12:00,16106.0,16115.5,-9.5,-26.6299999999992,17.1299999999992,0.10629518165740562,0.6594202898550725
2022-06-01,09:30,16681.0,16744.37,-63.36999999999898,-124.77000000000044,61.400000000001455,0.3666904159428002,0.9963768115942029
2022-06-01,10:00,16713.0,16770.75,-57.75,-124.77000000000044,67.02000000000044,0.3996243459594856,0.9963768115942029
2022-06-01,10:30,16749.0,16796.57,-47.56999999999971,-124.77000000000044,77.20000000000073,0.4596176481269731,0.9963768115942029
2022-06-01,11:00,16663.0,16729.34,-66.34000000000015,-124.77000000000044,58.43000000000029,0.34926661781038754,0.9782608695652174
2022-06-01,11:30,16674.0,16749.77,-75.77000000000044,-124.77000000000044,49.0,0.2925413304182684,0.9601449275362319
2022-06-01,12:00,16654.0,16722.48,-68.47999999999956,-124.77000000000044,56.29000000000087,0.33661275121872397,0.9818840579710145
2022-06-08,09:30,16647.0,16666.99,-19.9900000000016,-51.88000000000102,31.889999999999418,0.19133628807600783,0.927536231884058
2022-06-08,10:00,16663.0,16665.47,-2.470000000001164,-51.88000000000102,49.409999999999854,0.2964812873564313,0.9746376811594203
2022-06-08,10:30,16677.0,16679.87,-2.8699999999989814,-51.88000000000102,49.01000000000204,0.2938272300683521,0.9746376811594203
2022-06-08,11:00,16663.0,16682.58,-19.580000000001746,-51.88000000000102,32.29999999999927,0.19361513626788704,0.8369565217391305
2022-06-08,11:30,16647.0,16656.16,-9.159999999999854,-51.88000000000102,42.720000000001164,0.256481686054896,0.927536231884058
2022-06-08,12:00,16651.0,16661.93,-10.930000000000291,-51.88000000000102,40.95000000000073,0.24576984779074648,0.9384057971014492
2022-06-15,09:30,16085.0,16092.11,-7.110000000000582,-1.3700000000008004,-5.739999999999782,-0.035669654259135576,0.42391304347826086
2022-06-15,10:00,16053.0,16068.32,-15.319999999999709,-1.3700000000008004,-13.949999999998909,-0.08681679229688548,0.2536231884057971
2022-06-15,10:30,16037.0,16045.37,-8.3700000000008,-1.3700000000008004,-7.0,-0.043626292195194004,0.3333333333333333
2022-06-15,11:00,16033.0,16028.08,4.920000000000073,-1.3700000000008004,6.290000000000873,0.039243627433859035,0.5181159420289855
2022-06-15,11:30,16023.0,16018.66,4.3400000000001455,-1.3700000000008004,5.710000000000946,0.03564592793654991,0.463768115942029
2022-06-15,12:00,16013.0,16008.9,4.100000000000364,-1.3700000000008004,5.470000000001164,0.03416849377534474,0.4601449275362319
2022-06-22,09:30,15206.0,15578.61,-372.6100000000006,-373.6399999999994,1.0299999999988358,0.006611629663999778,0.5072463768115942
2022-06-22,10:00,15173.0,15558.75,-385.75,-373.6399999999994,-12.110000000000582,-0.07783401622881389,0.2753623188405797
2022-06-22,10:30,15140.0,15523.68,-383.6800000000003,-373.6399999999994,-10.040000000000873,-0.06467538624862708,0.2898550724637681
2022-06-22,11:00,15045.0,15412.03,-367.03000000000065,-373.6399999999994,6.609999999998763,0.04288857470429763,0.5289855072463768
2022-06-22,11:30,15072.0,15433.03,-361.03000000000065,-373.6399999999994,12.609999999998763,0.08170786942031968,0.5760869565217391
2022-06-22,12:00,15030.0,15389.08,-359.0799999999999,-373.6399999999994,14.55999999999949,0.09461254343989044,0.6231884057971014
2022-06-29,09:30,15088.0,15318.29,-230.29000000000087,-260.9200000000001,30.6299999999992,0.19995704481374355,0.9420289855072463
2022-06-29,10:00,15062.0,15313.87,-251.8700000000008,-260.9200000000001,9.049999999999272,0.05909675346597086,0.6376811594202898
2022-06-29,10:30,15078.0,15316.26,-238.26000000000022,-260.9200000000001,22.659999999999854,0.1479473448478927,0.7862318840579711
2022-06-29,11:00,15060.0,15290.72,-230.71999999999935,-260.9200000000001,30.200000000000728,0.1975054150491326,0.8514492753623188
2022-06-29,11:30,15035.0,15263.14,-228.13999999999942,-260.9200000000001,32.780000000000655,0.2147657690357335,0.8876811594202898
2022-06-29,12:00,15051.0,15288.66,-237.65999999999985,-260.9200000000001,23.26000000000022,0.1521389055679191,0.7644927536231884
2022-07-06,09:30,14114.0,14220.21,-106.20999999999913,-116.20000000000071,9.990000000001586,0.07025212707830325,0.6920289855072463
2022-07-06,10:00,14077.0,14178.5,-101.5,-116.20000000000071,14.700000000000713,0.10367810417181446,0.7572463768115942
2022-07-06,10:30,14052.0,14136.54,-84.54000000000087,-116.20000000000071,31.65999999999984,0.22395862070916814,0.927536231884058
2022-07-06,11:00,14011.0,14103.89,-92.88999999999942,-116.20000000000071,23.310000000001295,0.16527355219022055,0.8043478260869565
2022-07-06,11:30,13960.0,14057.59,-97.59000000000015,-116.20000000000071,18.610000000000568,0.1323840003869836,0.717391304347826
2022-07-06,12:00,14016.0,14101.17,-85.17000000000007,-116.20000000000071,31.03000000000064,0.22005266229682105,0.894927536231884
2022-07-13,09:30,14250.0,14304.68,-54.68000000000029,-42.6200000000008,-12.05999999999949,-0.08430807260280894,0.27898550724637683
2022-07-13,10:00,14291.0,14333.08,-42.07999999999993,-42.6200000000008,0.5400000000008731,0.0037675084489926323,0.5
2022-07-13,10:30,14250.0,14304.85,-54.850000000000364,-42.6200000000008,-12.229999999999563,-0.08549547880613612,0.22826086956521738
2022-07-13,11:00,14295.0,14323.33,-28.329999999999927,-42.6200000000008,14.290000000000873,0.09976730271522664,0.677536231884058
2022-07-13,11:30,14339.0,14368.19,-29.19000000000051,-42.6200000000008,13.430000000000291,0.0934703675271575,0.605072463768116
2022-07-13,12:00,14328.0,14354.57,-26.56999999999971,-42.6200000000008,16.05000000000109,0.11181108176699889,0.6739130434782609
2022-07-20,09:30,14873.0,14874.47,-1.4699999999993452,-14.079999999999927,12.610000000000582,0.08477612983857968,0.7210144927536232
2022-07-20,10:00,14872.0,14875.97,-3.969999999999345,-14.079999999999927,10.110000000000582,0.06796195474984544,0.6630434782608695
2022-07-20,10:30,14868.0,14859.72,8.280000000000655,-14.079999999999927,22.360000000000582,0.15047389856606036,0.7934782608695652
2022-07-20,11:00,14883.0,14865.64,17.360000000000582,-14.079999999999927,31.44000000000051,0.21149442607247662,0.8840579710144928
2022-07-20,11:30,14865.0,14843.77,21.229999999999563,-14.079999999999927,35.30999999999949,0.2378775742281071,0.9094202898550725
2022-07-20,12:00,14866.0,14857.84,8.159999999999854,-14.079999999999927,22.23999999999978,0.1496852839982109,0.7572463768115942
2022-07-27,09:30,14680.0,14776.08,-96.07999999999993,-99.78000000000064,3.7000000000007134,0.02504047081499771,0.5652173913043478
2022-07-27,10:00,14667.0,14759.42,-92.42000000000007,-99.78000000000064,7.360000000000568,0.04986645816705919,0.6086956521739131
2022-07-27,10:30,14645.0,14744.01,-99.01000000000022,-99.78000000000064,0.7700000000004223,0.005222459832843455,0.4492753623188406
2022-07-27,11:00,14663.0,14760.83,-97.82999999999993,-99.78000000000064,1.9500000000007134,0.013210639239126212,0.4311594202898551
2022-07-27,11:30,14701.0,14797.5,-96.5,-99.78000000000064,3.2800000000006406,0.022165906403112962,0.42391304347826086
2022-07-27,12:00,14726.0,14821.49,-95.48999999999978,-99.78000000000064,4.290000000000859,0.02894445835068444,0.44565217391304346
2022-08-03,09:30,14645.0,14694.47,-49.469999999999345,-94.22999999999956,44.76000000000022,0.3046043851870821,0.9891304347826086
2022-08-03,10:00,14672.0,14726.7,-54.70000000000073,-94.22999999999956,39.529999999998836,0.26842401895875406,0.9601449275362319
2022-08-03,10:30,14676.0,14735.73,-59.72999999999956,-94.22999999999956,34.5,0.23412481091876683,0.9311594202898551
2022-08-03,11:00,14670.0,14733.15,-63.149999999999636,-94.22999999999956,31.079999999999927,0.21095285122326135,0.8804347826086957
2022-08-03,11:30,14682.0,14736.42,-54.42000000000007,-94.22999999999956,39.80999999999949,0.27014702349688385,0.9384057971014492
2022-08-03,12:00,14657.0,14711.71,-54.70999999999913,-94.22999999999956,39.52000000000044,0.26862954748292645,0.9601449275362319
2022-08-10,09:30,14899.0,14966.9,-67.89999999999964,-42.280000000000655,-25.61999999999898,-0.17117773219570506,0.13043478260869565
2022-08-10,10:00,14907.0,14963.66,-56.659999999999854,-42.280000000000655,-14.3799999999992,-0.09609948368246271,0.2463768115942029
2022-08-10,10:30,14915.0,14961.37,-46.3700000000008,-42.280000000000655,-4.0900000000001455,-0.02733706873100622,0.39855072463768115
2022-08-10,11:00,14900.0,14940.49,-40.48999999999978,-42.280000000000655,1.7900000000008731,0.011980865420082427,0.42028985507246375
2022-08-10,11:30,14903.0,14950.87,-47.8700000000008,-42.280000000000655,-5.5900000000001455,-0.03738912852563192,0.286231884057971
2022-08-10,12:00,14932.0,14974.16,-42.159999999999854,-42.280000000000655,0.12000000000080036,0.0008013805114998127,0.37318840579710144
2022-08-17,09:30,15442.0,15451.02,-9.020000000000437,-15.569999999999707,6.549999999999271,0.04239202330978324,0.6268115942028986
2022-08-17,10:00,15447.0,15460.22,-13.219999999999345,-15.569999999999707,2.350000000000362,0.015200301160011708,0.5253623188405797
2022-08-17,10:30,15406.0,15401.53,4.469999999999345,-15.569999999999707,20.039999999999054,0.13011694292709267,0.7536231884057971
2022-08-17,11:00,15424.0,15423.95,0.049999999999272404,-15.569999999999707,15.61999999999898,0.10127107517853065,0.6884057971014492
2022-08-17,11:30,15439.0,15436.45,2.5499999999992724,-15.569999999999707,18.11999999999898,0.11738450226573453,0.6666666666666666
2022-08-17,12:00,15429.0,15417.82,11.180000000000291,-15.569999999999707,26.75,0.17350053379790398,0.8043478260869565
2022-08-24,09:30,15093.0,15164.23,-71.22999999999956,-57.88999999999942,-13.340000000000146,-0.08797017718670942,0.2644927536231884
2022-08-24,10:00,15061.0,15128.16,-67.15999999999985,-57.88999999999942,-9.270000000000437,-0.061276453977221534,0.3007246376811594
2022-08-24,10:30,15064.0,15127.39,-63.38999999999942,-57.88999999999942,-5.5,-0.036357891215867376,0.36594202898550726
2022-08-24,11:00,15013.0,15084.57,-71.56999999999971,-57.88999999999942,-13.680000000000291,-0.09068869712560776,0.19927536231884058
2022-08-24,11:30,15025.0,15086.8,-61.79999999999927,-57.88999999999942,-3.9099999999998545,-0.025916695389346017,0.31521739130434784
2022-08-24,12:00,15024.0,15083.01,-59.01000000000022,-57.88999999999942,-1.1200000000008004,-0.0074255735426867735,0.34782608695652173
2022-08-31,09:30,14863.0,14922.57,-59.56999999999971,-17.6299999999992,-41.94000000000051,-0.2810507841477742,0.05434782608695652
2022-08-31,10:00,14895.0,14946.22,-51.219999999999345,-17.6299999999992,-33.590000000000146,-0.22473909791238286,0.07608695652173914
2022-08-31,10:30,14880.0,14932.49,-52.48999999999978,-17.6299999999992,-34.86000000000058,-0.23345068371049024,0.057971014492753624
2022-08-31,11:00,14949.0,14985.34,-36.340000000000146,-17.6299999999992,-18.710000000000946,-0.12485535863718104,0.15942028985507245
2022-08-31,11:30,15012.0,15041.73,-29.729999999999563,-17.6299999999992,-12.100000000000364,-0.08044287458956093,0.18840579710144928
2022-08-31,12:00,15011.0,15043.14,-32.13999999999942,-17.6299999999992,-14.510000000000218,-0.09645592608990024,0.19927536231884058
2022-09-07,09:30,14349.0,14427.24,-78.23999999999978,-47.20000000000073,-31.039999999999054,-0.2151485661845166,0.07608695652173914
2022-09-07,10:00,14376.0,14457.4,-81.39999999999964,-47.20000000000073,-34.19999999999891,-0.23655705728553483,0.06884057971014493
2022-09-07,10:30,14412.0,14490.35,-78.35000000000036,-47.20000000000073,-31.149999999999636,-0.21497065288277808,0.07246376811594203
2022-09-07,11:00,14361.0,14449.59,-88.59000000000015,-47.20000000000073,-41.38999999999942,-0.28644411363920647,0.03985507246376811
2022-09-07,11:30,14357.0,14446.5,-89.5,-47.20000000000073,-42.29999999999927,-0.29280448551551774,0.025362318840579712
2022-09-07,12:00,14362.0,14439.01,-77.01000000000022,-47.20000000000073,-29.80999999999949,-0.20645459764900426,0.06159420289855073
2022-09-14,09:30,14573.0,14641.84,-68.84000000000015,-24.40999999999985,-44.43000000000029,-0.3034454686023088,0.043478260869565216
2022-09-14,10:00,14600.0,14669.25,-69.25,-24.40999999999985,-44.840000000000146,-0.30567343252040935,0.028985507246376812
2022-09-14,10:30,14607.0,14670.48,-63.47999999999956,-24.40999999999985,-39.06999999999971,-0.26631712118485357,0.04710144927536232
2022-09-14,11:00,14582.0,14651.88,-69.8799999999992,-24.40999999999985,-45.469999999999345,-0.31033560198417776,0.03260869565217391
2022-09-14,11:30,14595.0,14653.65,-58.649999999999636,-24.40999999999985,-34.23999999999978,-0.23366192040890688,0.036231884057971016
2022-09-14,12:00,14582.0,14642.99,-60.98999999999978,-24.40999999999985,-36.57999999999993,-0.24981236755607922,0.025362318840579712
2022-09-21,09:30,14472.0,14468.42,3.5799999999999272,2.700000000000728,0.8799999999991992,0.006082212155848387,0.5036231884057971
2022-09-21,10:00,14486.0,14476.23,9.770000000000437,2.700000000000728,7.069999999999709,0.04883868244701631,0.6014492753623188
2022-09-21,10:30,14489.0,14485.13,3.8700000000008004,2.700000000000728,1.1700000000000723,0.008077248875226335,0.4528985507246377
2022-09-21,11:00,14482.0,14476.37,5.6299999999992,2.700000000000728,2.9299999999984716,0.020239880577786223,0.4492753623188406
2022-09-21,11:30,14479.0,14460.83,18.170000000000073,2.700000000000728,15.469999999999345,0.10697864507085239,0.6268115942028986
2022-09-21,12:00,14478.0,14458.19,19.80999999999949,2.700000000000728,17.109999999998763,0.11834123081795689,0.6920289855072463
2022-09-28,09:30,13706.0,13720.64,-14.639999999999418,-16.590000000000146,1.9500000000007276,0.014212165030207976,0.5362318840579711
2022-09-28,10:00,13613.0,13636.25,-23.25,-16.590000000000146,-6.6599999999998545,-0.04884040700339063,0.32971014492753625
2022-09-28,10:30,13543.0,13556.54,-13.540000000000873,-16.590000000000146,3.0499999999992724,0.02249836610225966,0.4927536231884058
2022-09-28,11:00,13507.0,13510.97,-3.969999999999345,-16.590000000000146,12.6200000000008,0.0934055807984238,0.6594202898550725
2022-09-28,11:30,13551.0,13552.53,-1.5300000000006548,-16.590000000000146,15.05999999999949,0.11112316298137315,0.6413043478260869
2022-09-28,12:00,13544.0,13553.65,-9.649999999999636,-16.590000000000146,6.940000000000509,0.051203919239470624,0.5108695652173914
2022-10-05,09:30,13847.0,13880.55,-33.54999999999927,9.479999999999563,-43.029999999998836,-0.31000212527600735,0.03985507246376811
2022-10-05,10:00,13833.0,13867.09,-34.090000000000146,9.479999999999563,-43.56999999999971,-0.31419713869311955,0.018115942028985508
2022-10-05,10:30,13868.0,13893.19,-25.19000000000051,9.479999999999563,-34.67000000000007,-0.24954672037163583,0.050724637681159424
2022-10-05,11:00,13831.0,13866.95,-35.95000000000073,9.479999999999563,-45.43000000000029,-0.3276134982818881,0.028985507246376812
2022-10-05,11:30,13835.0,13865.34,-30.340000000000146,9.479999999999563,-39.81999999999971,-0.28719093797916034,0.028985507246376812
2022-10-05,12:00,13802.0,13816.86,-14.860000000000582,9.479999999999563,-24.340000000000146,-0.1761615880887564,0.08695652173913043
2022-10-12,09:30,13017.0,13031.94,-14.94000000000051,-7.030000000000655,-7.9099999999998545,-0.06069702592246323,0.34782608695652173
2022-10-12,10:00,13043.0,13040.97,2.030000000000655,-7.030000000000655,9.06000000000131,0.06947335972708556,0.6739130434782609
2022-10-12,10:30,13013.0,13026.22,-13.219999999999345,-7.030000000000655,-6.18999999999869,-0.04751954135580921,0.3188405797101449
2022-10-12,11:00,13126.0,13114.96,11.040000000000873,-7.030000000000655,18.070000000001528,0.13778158682909844,0.7608695652173914
2022-10-12,11:30,13115.0,13111.05,3.9500000000007276,-7.030000000000655,10.980000000001382,0.08374615305411377,0.5905797101449275
2022-10-12,12:00,13095.0,13095.73,-0.7299999999995634,-7.030000000000655,6.300000000001091,0.048107283824583215,0.5
2022-10-19,09:30,13102.0,13091.07,10.930000000000291,-4.680000000000291,15.610000000000582,0.11924158987768442,0.8079710144927537
2022-10-19,10:00,13121.0,13128.2,-7.200000000000728,-4.680000000000291,-2.5200000000004366,-0.019195319998175198,0.42391304347826086
2022-10-19,10:30,13113.0,13118.42,-5.420000000000073,-4.680000000000291,-0.7399999999997817,-0.005640923220935004,0.4166666666666667
2022-10-19,11:00,13097.0,13092.08,4.920000000000073,-4.680000000000291,9.600000000000364,0.07332677466071368,0.6159420289855072
2022-10-19,11:30,13053.0,13054.69,-1.6900000000005093,-4.680000000000291,2.9899999999997817,0.02290364612257956,0.427536231884058
2022-10-19,12:00,13039.0,13056.53,-17.530000000000655,-4.680000000000291,-12.850000000000364,-0.09841818614900255,0.1956521739130435
2022-10-26,09:30,12694.0,12660.97,33.030000000000655,31.8799999999992,1.1500000000014552,0.009083032342715094,0.5181159420289855
2022-10-26,10:00,12701.0,12658.67,42.32999999999993,31.8799999999992,10.450000000000728,0.08255211645457798,0.7028985507246377
2022-10-26,10:30,12733.0,12701.13,31.8700000000008,31.8799999999992,-0.00999999999839929,-7.873315207701433e-05,0.427536231884058
2022-10-26,11:00,12828.0,12785.22,42.780000000000655,31.8799999999992,10.900000000001455,0.08525469252778956,0.644927536231884
2022-10-26,11:30,12803.0,12764.63,38.3700000000008,31.8799999999992,6.490000000001601,0.050843620222455345,0.5253623188405797
2022-10-26,12:00,12784.0,12749.31,34.69000000000051,31.8799999999992,2.8100000000013097,0.022040408461330926,0.43478260869565216
2022-11-02,09:30,13052.0,13050.78,1.2199999999993452,-3.209999999999127,4.429999999998472,0.033944331296661745,0.5978260869565217
2022-11-02,10:00,13062.0,13065.12,-3.1200000000008004,-3.209999999999127,0.08999999999832653,0.0006888570483725104,0.48188405797101447
2022-11-02,10:30,13080.0,13088.21,-8.209999999999127,-3.209999999999127,-5.0,-0.03820232102021591,0.35144927536231885
2022-11-02,11:00,13081.0,13080.62,0.37999999999919964,-3.209999999999127,3.5899999999983265,0.027445182261990074,0.4927536231884058
2022-11-02,11:30,13075.0,13071.75,3.25,-3.209999999999127,6.459999999999127,0.049419549792484765,0.5181159420289855
2022-11-02,12:00,13074.0,13071.92,2.0799999999999272,-3.209999999999127,5.289999999999054,0.040468423919355796,0.48188405797101447
2022-11-09,09:30,13486.0,13483.19,2.8099999999994907,-13.760000000000218,16.56999999999971,0.12289376623780951,0.8115942028985508
2022-11-09,10:00,13522.0,13528.28,-6.280000000000655,-13.760000000000218,7.479999999999563,0.05529158178275112,0.6304347826086957
2022-11-09,10:30,13575.0,13582.21,-7.209999999999127,-13.760000000000218,6.550000000001091,0.04822484706097971,0.5543478260869565
2022-11-09,11:00,13554.0,13557.03,-3.030000000000655,-13.760000000000218,10.729999999999563,0.07914712883278685,0.6268115942028986
2022-11-09,11:30,13591.0,13600.65,-9.649999999999636,-13.760000000000218,4.110000000000582,0.03021914393797783,0.4492753623188406
2022-11-09,12:00,13583.0,13596.01,-13.010000000000218,-13.760000000000218,0.75,0.0055163242745481945,0.38768115942028986
2022-11-16,09:30,14510.0,14518.56,-8.55999999999949,2.6900000000005093,-11.25,-0.07748702350646346,0.29347826086956524
2022-11-16,10:00,14576.0,14576.48,-0.47999999999956344,2.6900000000005093,-3.1700000000000728,-0.02174736287498815,0.41304347826086957
2022-11-16,10:30,14636.0,14620.56,15.44000000000051,2.6900000000005093,12.75,0.08720596201513486,0.644927536231884
2022-11-16,11:00,14572.0,14573.52,-1.5200000000004366,2.6900000000005093,-4.210000000000946,-0.02888801058358547,0.322463768115942
2022-11-16,11:30,14544.0,14531.14,12.860000000000582,2.6900000000005093,10.170000000000073,0.06998762657300166,0.5543478260869565
2022-11-16,12:00,14594.0,14570.54,23.459999999999127,2.6900000000005093,20.769999999998618,0.14254790831361513,0.7391304347826086
2022-11-23,09:30,14572.0,14611.06,-39.05999999999949,-48.20000000000073,9.140000000001237,0.06255535190466152,0.677536231884058
2022-11-23,10:00,14583.0,14613.05,-30.049999999999272,-48.20000000000073,18.150000000001455,0.12420405048912757,0.7898550724637681
2022-11-23,10:30,14583.0,14611.8,-28.799999999999272,-48.20000000000073,19.400000000001455,0.13276940554894986,0.7608695652173914
2022-11-23,11:00,14631.0,14639.71,-8.709999999999127,-48.20000000000073,39.4900000000016,0.2697457804833675,0.9456521739130435
2022-11-23,11:30,14599.0,14617.34,-18.340000000000146,-48.20000000000073,29.860000000000582,0.20427793292076796,0.8659420289855072
2022-11-23,12:00,14611.0,14628.64,-17.639999999999418,-48.20000000000073,30.56000000000131,0.20890527075655227,0.8695652173913043
2022-11-30,09:30,14671.0,14716.89,-45.88999999999942,-46.63999999999942,0.75,0.005096185403301921,0.5
2022-11-30,10:00,14709.0,14758.07,-49.06999999999971,-46.63999999999942,-2.430000000000291,-0.01646556765214077,0.43478260869565216
2022-11-30,10:30,14680.0,14737.25,-57.25,-46.63999999999942,-10.610000000000582,-0.07199443586829687,0.2717391304347826
2022-11-30,11:00,14729.0,14778.08,-49.07999999999993,-46.63999999999942,-2.4400000000005093,-0.016510940528137008,0.35507246376811596
2022-11-30,11:30,14781.0,14827.94,-46.94000000000051,-46.63999999999942,-0.3000000000010914,-0.0020232075392879346,0.37681159420289856
2022-11-30,12:00,14770.0,14811.27,-41.27000000000044,-46.63999999999942,5.369999999998981,0.03625617519631322,0.4746376811594203
2022-12-07,09:30,14727.0,14764.65,-37.649999999999636,-39.8799999999992,2.2299999999995634,0.01510364282254956,0.5398550724637681
2022-12-07,10:00,14764.0,14812.46,-48.45999999999913,-39.8799999999992,-8.579999999999927,-0.05792420705271054,0.3115942028985507
2022-12-07,10:30,14695.0,14714.98,-19.979999999999563,-39.8799999999992,19.899999999999636,0.1352363373922332,0.7753623188405797
2022-12-07,11:00,14634.0,14666.5,-32.5,-39.8799999999992,7.3799999999992,0.05031875362219479,0.5579710144927537
2022-12-07,11:30,14635.0,14669.76,-34.76000000000022,-39.8799999999992,5.119999999998981,0.03490172981697711,0.45652173913043476
2022-12-07,12:00,14674.0,14708.01,-34.01000000000022,-39.8799999999992,5.869999999998981,0.03991022578852599,0.4782608695652174
2022-12-14,09:30,14696.0,14706.93,-10.930000000000291,0.0400000000008731,-10.970000000001164,-0.07459068615952591,0.30434782608695654
2022-12-14,10:00,14681.0,14690.66,-9.659999999999854,0.0400000000008731,-9.700000000000728,-0.06602834726282365,0.29347826086956524
2022-12-14,10:30,14667.0,14678.47,-11.469999999999345,0.0400000000008731,-11.510000000000218,-0.07841416714412482,0.2536231884057971
2022-12-14,11:00,14668.0,14678.03,-10.030000000000655,0.0400000000008731,-10.070000000001528,-0.06860593690026201,0.2391304347826087
2022-12-14,11:30,14699.0,14715.13,-16.1299999999992,0.0400000000008731,-16.170000000000073,-0.10988689872260778,0.14855072463768115
2022-12-14,12:00,14716.0,14720.31,-4.309999999999491,0.0400000000008731,-4.350000000000364,-0.02955100809697869,0.3079710144927536
2022-12-21,09:30,14264.0,14272.28,-8.280000000000655,-31.03000000000065,22.749999999999996,0.15939989966564555,0.894927536231884
2022-12-21,10:00,14240.0,14258.22,-18.219999999999345,-31.03000000000065,12.810000000001306,0.089842911667805,0.7137681159420289
2022-12-21,10:30,14238.0,14252.72,-14.719999999999345,-31.03000000000065,16.310000000001306,0.11443429745340754,0.717391304347826
2022-12-21,11:00,14258.0,14275.49,-17.48999999999978,-31.03000000000065,13.54000000000087,0.09484788262960409,0.6666666666666666
2022-12-21,11:30,14259.0,14274.52,-15.520000000000437,-31.03000000000065,15.510000000000215,0.10865514216940544,0.6340579710144928
2022-12-21,12:00,14244.0,14263.86,-19.860000000000582,-31.03000000000065,11.17000000000007,0.07830979832948493,0.5833333333333334
2022-12-28,09:30,14175.0,14227.01,-52.01000000000022,-26.43000000000029,-25.579999999999927,-0.17979884740363525,0.11956521739130435
2022-12-28,10:00,14151.0,14207.37,-56.3700000000008,-26.43000000000029,-29.94000000000051,-0.21073569562839925,0.08695652173913043
2022-12-28,10:30,14139.0,14181.29,-42.29000000000087,-26.43000000000029,-15.860000000000582,-0.11183749856325187,0.19202898550724637
2022-12-28,11:00,14085.0,14145.41,-60.409999999999854,-26.43000000000029,-33.97999999999956,-0.2402192654719769,0.06159420289855073
2022-12-28,11:30,14092.0,14151.94,-59.94000000000051,-26.43000000000029,-33.51000000000022,-0.23678732385807327,0.03260869565217391
2022-12-28,12:00,14120.0,14176.46,-56.45999999999913,-26.43000000000029,-30.029999999998836,-0.21183003373196724,0.05434782608695652
