date,slot,cp,strike,spot,ssp,premkt_pct,o2e_pct,dev,npairs,fm_px,payoff,fm_entry,pnl_fm
2017-05-17,09:30,C,9900.0,10003.29,10000.0,-0.2794132322123555,0.08005603922744964,0.032404666271945715,5,102.0,100.0,103.0,-4.303
2017-05-17,09:30,P,10100.0,10003.29,10000.0,-0.2794132322123555,0.08005603922744964,0.032404666271945715,5,99.0,100.0,100.0,-1.2999999999999998
2017-05-17,10:00,C,9900.0,9989.48,10000.0,-0.2794132322123555,0.04002801961373592,0.05835561289908586,3,97.0,100.0,98.0,0.7020000000000002
2017-05-17,10:00,P,10100.0,9989.48,10000.0,-0.2794132322123555,0.04002801961373592,0.05835561289908586,3,104.0,100.0,105.0,-6.305000000000001
2017-05-24,09:30,C,9950.0,10035.2,10046.0,0.0,0.029979014689707206,-0.0853983729467489,4,76.0,96.0,77.0,17.722080000000002
2017-05-24,09:30,P,10100.0,10035.2,10046.0,0.0,0.029979014689707206,-0.0853983729467489,4,74.0,54.0,75.0,-22.27592
2017-05-24,10:00,C,9950.0,10031.17,10046.0,0.0,0.019986009793138138,-0.07404653869803601,3,77.0,96.0,78.0,16.72108
2017-05-24,10:00,P,10100.0,10031.17,10046.0,0.0,0.019986009793138138,-0.07404653869803601,3,74.0,54.0,75.0,-22.27592
2017-05-31,09:30,C,10000.0,10095.84,10038.0,-0.029738302934179117,0.09915716410511255,0.038731700262206736,4,100.0,38.0,101.0,-64.30176
2017-05-31,09:30,P,10200.0,10095.84,10038.0,-0.029738302934179117,0.09915716410511255,0.038731700262206736,4,100.0,162.0,101.0,59.69824
2017-05-31,10:00,C,10000.0,10094.64,10038.0,-0.029738302934179117,0.05949429846305865,-0.0065844179237051215,2,95.0,38.0,96.0,-59.29676
2017-05-31,10:00,P,10200.0,10094.64,10038.0,-0.029738302934179117,0.05949429846305865,-0.0065844179237051215,2,105.0,162.0,106.0,54.693239999999996
2017-06-07,09:30,C,10100.0,10238.25,10203.0,-0.009822217856791937,0.3634577603143452,-0.018469314065328035,3,132.0,103.0,133.0,-31.337059999999997
2017-06-07,09:30,P,10300.0,10238.25,10203.0,-0.009822217856791937,0.3634577603143452,-0.018469314065328035,3,69.0,97.0,70.0,25.72594
2017-06-07,10:00,C,10100.0,10223.39,10203.0,-0.009822217856791937,0.29469548133596035,-0.022692771178611792,3,122.0,103.0,123.0,-21.32706
2017-06-07,10:00,P,10300.0,10223.39,10203.0,-0.009822217856791937,0.29469548133596035,-0.022692771178611792,3,79.0,97.0,80.0,15.715940000000002
2017-06-14,09:30,C,10050.0,10140.86,10049.0,0.02953337271116574,-0.2755634287963771,-0.03096176714779686,5,88.0,0.0,89.0,-89.589
2017-06-14,09:30,P,10250.0,10140.86,10049.0,0.02953337271116574,-0.2755634287963771,-0.03096176714779686,5,112.0,201.0,113.0,86.68602
2017-06-14,10:00,C,10050.0,10135.09,10049.0,0.02953337271116574,-0.43302824525145445,-0.040464253286487395,5,79.0,0.0,80.0,-80.58
2017-06-14,10:00,P,10250.0,10135.09,10049.0,0.02953337271116574,-0.43302824525145445,-0.040464253286487395,5,121.0,201.0,122.0,77.67702
2017-06-21,09:30,C,10200.0,10300.56,10369.0,-0.26213592233009786,0.2238878613842088,-0.04659719154842534,6,98.0,169.0,99.0,68.69362
2017-06-21,09:30,P,10400.0,10300.56,10369.0,-0.26213592233009786,0.2238878613842088,-0.04659719154842534,6,104.0,31.0,105.0,-75.31238
2017-06-21,10:00,C,10200.0,10321.29,10369.0,-0.26213592233009786,0.4088387033972518,-0.07555796652202185,5,117.0,169.0,118.0,49.67462
2017-06-21,10:00,P,10400.0,10321.29,10369.0,-0.26213592233009786,0.4088387033972518,-0.07555796652202185,5,84.0,31.0,85.0,-55.29238
2017-06-28,09:30,C,10350.0,10444.95,10401.0,0.058269398854027266,0.2232359506939785,-0.0034453849069193687,7,99.0,51.0,100.0,-50.30802
2017-06-28,09:30,P,10550.0,10444.95,10401.0,0.058269398854027266,0.2232359506939785,-0.0034453849069193687,7,102.0,149.0,103.0,44.68898
2017-06-28,10:00,C,10350.0,10436.08,10401.0,0.058269398854027266,0.1455886634960768,0.02041076423457966,5,87.0,51.0,88.0,-38.29602
2017-06-28,10:00,P,10550.0,10436.08,10401.0,0.058269398854027266,0.1455886634960768,0.02041076423457966,5,112.0,149.0,113.0,34.67898
2017-07-05,09:30,C,10250.0,10357.24,10390.0,-0.04892367906066397,0.18600097895251633,-0.02741990298761321,5,106.0,140.0,107.0,31.685200000000002
2017-07-05,09:30,P,10450.0,10357.24,10390.0,-0.04892367906066397,0.18600097895251633,-0.02741990298761321,5,95.0,60.0,96.0,-37.303799999999995
2017-07-05,10:00,C,10200.0,10312.39,10390.0,-0.04892367906066397,-0.34263338228095463,-0.03917560562189948,6,112.0,190.0,113.0,75.6792
2017-07-05,10:00,P,10400.0,10312.39,10390.0,-0.04892367906066397,-0.34263338228095463,-0.03917560562189948,6,92.0,10.0,93.0,-84.30080000000001
2017-07-12,09:30,C,10350.0,10433.53,10427.0,-0.05795981452859644,0.11598685482312465,-0.04350934492560743,5,82.0,77.0,83.0,-7.29154
2017-07-12,09:30,P,10550.0,10433.53,10427.0,-0.05795981452859644,0.11598685482312465,-0.04350934492560743,5,116.0,123.0,117.0028818443804,4.671575273775223
2017-07-12,10:00,C,10300.0,10423.14,10427.0,-0.05795981452859644,-0.028996713705775612,-0.04289098684773229,5,117.0,127.0,118.0,7.6734599999999995
2017-07-12,10:00,P,10550.0,10423.14,10427.0,-0.05795981452859644,-0.028996713705775612,-0.04289098684773229,5,134.0,123.0,135.08943089430895,-13.433060325203256
2017-07-19,09:30,C,10400.0,10492.11,10500.0,0.047737254153146225,0.1145147437732641,-0.05058679732222737,5,93.0,100.0,94.0,4.696
2017-07-19,09:30,P,10600.0,10492.11,10500.0,0.047737254153146225,0.1145147437732641,-0.05058679732222737,5,111.0,100.0,112.0,-13.322
2017-07-19,10:00,C,10400.0,10519.96,10500.0,0.047737254153146225,0.4389731844641753,0.04781496085447534,6,124.0,100.0,125.0,-26.335
2017-07-19,10:00,P,10650.0,10519.96,10500.0,0.047737254153146225,0.4389731844641753,0.04781496085447534,6,127.0,150.0,128.03252032520325,20.629447154471546
2017-07-26,09:30,C,10400.0,10495.14,10422.0,0.00962927298988614,0.2888503755054783,0.018102134146347204,5,97.0,22.0,98.0,-77.30644
2017-07-26,09:30,P,10600.0,10495.14,10422.0,0.00962927298988614,0.2888503755054783,0.018102134146347204,5,103.0,178.0,104.0,72.68756
2017-07-26,10:00,C,10350.0,10467.92,10422.0,0.00962927298988614,-0.2118236087040204,-0.06684555811266035,5,114.0,72.0,115.0,-44.323440000000005
2017-07-26,10:00,P,10550.0,10467.92,10422.0,0.00962927298988614,-0.2118236087040204,-0.06684555811266035,5,85.0,128.0,86.0,40.70556
2017-08-02,09:30,C,10400.0,10498.05,10500.0,0.2597902434330779,0.15355086372361715,-0.06305951026956413,6,93.0,100.0,94.0,4.696
2017-08-02,09:30,P,10600.0,10498.05,10500.0,0.2597902434330779,0.15355086372361715,-0.06305951026956413,6,108.0,100.0,109.0,-10.318999999999999
2017-08-02,10:00,C,10400.0,10501.96,10500.0,0.2597902434330779,0.22072936660268994,-0.023241803371876202,6,97.0,100.0,98.0,0.6920000000000002
2017-08-02,10:00,P,10600.0,10501.96,10500.0,0.2597902434330779,0.22072936660268994,-0.023241803371876202,6,104.0,100.0,105.0,-6.315
2017-08-09,09:30,C,10400.0,10525.18,10468.0,-0.399695470118,0.18154022549206061,-0.042746612330962774,6,124.0,68.0,125.0,-58.33436
2017-08-09,09:30,P,10650.0,10525.18,10468.0,-0.399695470118,0.18154022549206061,-0.042746612330962774,6,127.0,182.0,128.0979827089337,52.56455930835737
2017-08-09,10:00,C,10400.0,10525.15,10468.0,-0.399695470118,0.16243072807184955,-0.00903011781928642,5,117.0,68.0,118.0,-51.32736
2017-08-09,10:00,P,10650.0,10525.15,10468.0,-0.399695470118,0.16243072807184955,-0.00903011781928642,5,133.0,182.0,134.08130081300814,46.57525788617885
2017-08-16,09:30,C,10200.0,10309.05,10254.0,-0.009729519361745265,0.1946093217865208,-0.09682805646298864,6,99.0,54.0,100.0,-47.305080000000004
2017-08-16,09:30,P,10400.0,10309.05,10254.0,-0.009729519361745265,0.1946093217865208,-0.09682805646298864,6,103.0,146.0,104.0,40.69092
2017-08-16,10:00,C,10200.0,10316.26,10254.0,-0.009729519361745265,0.3405663131264003,-0.03489657044261074,5,114.0,54.0,115.0,-62.320080000000004
2017-08-16,10:00,P,10400.0,10316.26,10254.0,-0.009729519361745265,0.3405663131264003,-0.03489657044261074,5,88.0,146.0,89.0,55.70592
2017-08-23,09:30,C,10350.0,10443.89,10393.0,-0.14400921658985766,-0.1442169022209394,-0.06587495439978608,6,87.0,43.0,88.0,-46.29586
2017-08-23,09:30,P,10550.0,10443.89,10393.0,-0.14400921658985766,-0.1442169022209394,-0.06587495439978608,6,113.0,157.0,114.0,41.678140000000006
2017-08-23,10:00,C,10300.0,10427.6,10393.0,-0.14400921658985766,-0.2788193442938125,-0.036446294466874196,6,122.0,93.0,123.0,-31.33086
2017-08-23,10:00,P,10550.0,10427.6,10393.0,-0.14400921658985766,-0.2788193442938125,-0.036446294466874196,6,127.0,157.0,128.03252032520325,27.631587154471546
2017-08-30,09:30,C,10450.0,10561.28,10557.0,0.13340956737182275,0.295013323182336,-0.05281800128353886,5,111.0,107.0,112.0,-6.32314
2017-08-30,09:30,P,10650.0,10561.28,10557.0,0.13340956737182275,0.295013323182336,-0.05281800128353886,5,91.0,93.0,92.0,-0.30313999999999997
2017-08-30,10:00,C,10450.0,10540.89,10557.0,0.13340956737182275,-0.06661591168632963,-0.03812298360712507,7,91.0,107.0,92.0,13.69686
2017-08-30,10:00,P,10650.0,10540.89,10557.0,0.13340956737182275,-0.06661591168632963,-0.03812298360712507,7,111.0,93.0,112.0,-20.32314
2017-09-06,09:30,C,10500.0,10591.96,10550.0,0.15203344735841284,0.17077798861480087,-0.04400976147842517,6,85.0,50.0,86.0,-37.297
2017-09-06,09:30,P,10700.0,10591.96,10550.0,0.15203344735841284,0.17077798861480087,-0.04400976147842517,6,115.0,150.0,116.0,32.673
2017-09-06,10:00,C,10500.0,10581.9,10550.0,0.15203344735841284,0.0948766603415585,-0.03685399204331752,5,80.0,50.0,81.0,-32.292
2017-09-06,10:00,P,10700.0,10581.9,10550.0,0.15203344735841284,0.0948766603415585,-0.03685399204331752,5,120.0,150.0,121.0,27.668000000000003
2017-09-13,09:30,C,10500.0,10591.85,10543.0,-0.01887326601868189,-0.2737140160453011,-0.051359322661176376,6,85.0,43.0,86.0,-44.296859999999995
2017-09-13,09:30,P,10700.0,10591.85,10543.0,-0.01887326601868189,-0.2737140160453011,-0.051359322661176376,6,115.0,157.0,116.0,39.673140000000004
2017-09-13,10:00,C,10450.0,10563.61,10543.0,-0.01887326601868189,-0.5663048607833843,-0.07135698460903339,6,108.0,93.0,109.0,-17.319860000000002
2017-09-13,10:00,P,10650.0,10563.61,10543.0,-0.01887326601868189,-0.5663048607833843,-0.07135698460903339,6,92.0,107.0,93.0,12.69614
2017-09-20,09:30,C,10400.0,10522.07,10510.0,-0.0661688250307213,-0.40673477109345324,0.08906734042259945,6,131.0,110.0,132.0,-23.342200000000002
2017-09-20,09:30,P,10650.0,10522.07,10510.0,-0.0661688250307213,-0.40673477109345324,0.08906734042259945,6,121.0,140.0,122.04610951008645,16.62164438040346
2017-09-20,10:00,C,10400.0,10528.1,10510.0,-0.0661688250307213,-0.2932273931138818,0.10675014198529009,6,137.0,110.0,138.0,-29.348200000000002
2017-09-20,10:00,P,10650.0,10528.1,10510.0,-0.0661688250307213,-0.2932273931138818,0.10675014198529009,6,114.0,140.0,115.0,23.6748
2017-09-27,09:30,C,10200.0,10325.99,10335.0,0.038850038850046786,0.12621359223301543,0.03768463290421131,5,129.0,135.0,130.0,3.6633
2017-09-27,09:30,P,10450.0,10325.99,10335.0,0.038850038850046786,0.12621359223301543,0.03768463290421131,5,121.0,115.0,122.04610951008645,-8.37485561959654
2017-09-27,10:00,C,10250.0,10348.28,10335.0,0.038850038850046786,0.3009708737863992,-0.030061059715191796,7,93.0,85.0,94.0,-10.300699999999999
2017-09-27,10:00,P,10450.0,10348.28,10335.0,0.038850038850046786,0.3009708737863992,-0.030061059715191796,7,106.0,115.0,107.0,6.6863
2017-10-05,09:30,C,10400.0,10512.77,10522.0,0.009561143512759607,0.32504780114723797,-0.0735299013671975,5,105.0,122.0,106.0,14.68356
2017-10-05,09:30,P,10600.0,10512.77,10522.0,0.009561143512759607,0.32504780114723797,-0.0735299013671975,5,95.0,78.0,96.0,-19.30644
2017-10-05,10:00,C,10400.0,10513.24,10522.0,0.009561143512759607,0.3824091778202643,-0.029296837843906243,5,111.0,122.0,112.0,8.67756
2017-10-05,10:00,P,10600.0,10513.24,10522.0,0.009561143512759607,0.3824091778202643,-0.029296837843906243,5,89.0,78.0,90.0,-13.30044
2017-10-11,09:30,C,10550.0,10638.29,10641.0,0.40901740701988487,0.6536566881394368,-0.006581545346839857,5,87.0,91.0,88.0,1.69918
2017-10-11,09:30,P,10750.0,10638.29,10641.0,0.40901740701988487,0.6536566881394368,-0.006581545346839857,5,,109.0,,
2017-10-11,10:00,C,10550.0,10650.56,10641.0,0.40901740701988487,0.786282682834405,-0.0022544228959198165,5,96.0,91.0,97.0,-7.309819999999999
2017-10-11,10:00,P,10750.0,10650.56,10641.0,0.40901740701988487,0.786282682834405,-0.0022544228959198165,5,104.0,109.0,105.0,2.68218
2017-10-18,09:30,C,10650.0,10752.13,10728.0,0.1118047144321288,0.04653327128896212,0.0005580543991579034,5,102.0,78.0,103.0,-26.31756
2017-10-18,09:30,P,10850.0,10752.13,10728.0,0.1118047144321288,0.04653327128896212,0.0005580543991579034,5,99.0,122.0,100.0,20.68544
2017-10-18,10:00,C,10600.0,10703.26,10728.0,0.1118047144321288,-0.31642624476501124,0.044412293462847696,6,110.0,128.0,111.0,15.674439999999999
2017-10-18,10:00,P,10800.0,10703.26,10728.0,0.1118047144321288,-0.31642624476501124,0.044412293462847696,6,90.0,72.0,91.0,-20.30556
2017-10-25,09:30,C,10700.0,10783.79,10749.0,-0.027849981433347715,0.06500139288698747,0.04312458386016571,6,89.0,49.0,90.0,-42.30498
2017-10-25,09:30,P,10900.0,10783.79,10749.0,-0.027849981433347715,0.06500139288698747,0.04312458386016571,6,112.0,151.0,113.0,36.67202
2017-10-25,10:00,C,10650.0,10763.21,10749.0,-0.027849981433347715,-0.2971492246262475,-0.058096840461430155,6,103.0,99.0,104.0,-6.31898
2017-10-25,10:00,P,10850.0,10763.21,10749.0,-0.027849981433347715,-0.2971492246262475,-0.058096840461430155,6,99.0,101.0,100.0,-0.3149799999999999
2017-11-01,09:30,C,10700.0,10820.6,10800.0,0.2501621421291622,-0.27726432532347856,-0.08938993771935855,6,111.0,100.0,112.0,-13.328
2017-11-01,09:30,P,10950.0,10820.6,10800.0,0.2501621421291622,-0.27726432532347856,-0.08938993771935855,6,135.0,150.0,136.1671469740634,12.480685878962538
2017-11-01,10:00,C,10700.0,10831.42,10800.0,0.2501621421291622,-0.0831792975970469,-0.03526548819623443,5,128.0,100.0,129.0,-30.345000000000002
2017-11-01,10:00,P,10950.0,10831.42,10800.0,0.2501621421291622,-0.0831792975970469,-0.03526548819623443,5,122.0,150.0,123.0,25.660999999999998
2017-11-08,09:30,C,10700.0,10821.83,10816.0,-0.027744381762695447,-0.01850138760407516,-0.0338188712998011,6,119.0,116.0,120.0,-5.336320000000001
2017-11-08,09:30,P,10950.0,10821.83,10816.0,-0.027744381762695447,-0.01850138760407516,-0.0338188712998011,6,128.0,134.0,129.10662824207492,3.5479451296830056
2017-11-08,10:00,C,10700.0,10826.04,10816.0,-0.027744381762695447,0.00925069380204313,-0.05152953352215994,4,123.0,116.0,124.0,-9.34032
2017-11-08,10:00,P,10950.0,10826.04,10816.0,-0.027744381762695447,0.00925069380204313,-0.05152953352215994,4,123.0,134.0,124.0,8.65968
2017-11-15,09:30,C,10550.0,10654.97,10638.0,-0.13134440379022339,0.03757632691403501,-0.017839873055214284,7,100.0,88.0,101.0,-14.313759999999998
2017-11-15,09:30,P,10750.0,10654.97,10638.0,-0.13134440379022339,0.03757632691403501,-0.017839873055214284,7,102.0,112.0,103.0,7.68424
2017-11-15,10:00,C,10550.0,10650.32,10638.0,-0.13134440379022339,0.018788163457017504,-0.040089492515849035,6,97.0,88.0,98.0,-11.31076
2017-11-15,10:00,P,10750.0,10650.32,10638.0,-0.13134440379022339,0.018788163457017504,-0.040089492515849035,6,105.0,112.0,106.0,4.68124
2017-11-22,09:30,C,10700.0,10829.22,10817.0,-0.027705947543410492,-0.018475750577362504,-0.06320791713765317,5,130.0,117.0,131.0,-15.34734
2017-11-22,09:30,P,10950.0,10829.22,10817.0,-0.027705947543410492,-0.018475750577362504,-0.06320791713765317,5,121.0,133.0,122.04610951008645,9.61550438040346
2017-11-22,10:00,C,10750.0,10847.5,10817.0,-0.027705947543410492,0.1570438799076257,-0.023691942066284,6,96.0,67.0,97.0,-31.31334
2017-11-22,10:00,P,10950.0,10847.5,10817.0,-0.027705947543410492,0.1570438799076257,-0.023691942066284,6,104.0,133.0,105.0,26.67866
2017-11-29,09:30,C,10650.0,10758.93,10709.0,-0.04650297619047672,0.05582953382339273,-0.03755453300570144,4,105.0,59.0,106.0,-48.32018
2017-11-29,09:30,P,10850.0,10758.93,10709.0,-0.04650297619047672,0.05582953382339273,-0.03755453300570144,4,95.0,141.0,96.0,43.689820000000005
2017-11-29,10:00,C,10600.0,10728.2,10709.0,-0.04650297619047672,-0.19540336838187455,0.07012387307580026,6,128.0,109.0,129.0,-21.34318
2017-11-29,10:00,P,10850.0,10728.2,10709.0,-0.04650297619047672,-0.19540336838187455,0.07012387307580026,6,120.0,141.0,121.0,18.664820000000002
2017-12-06,09:30,C,10400.0,10514.41,10393.0,-0.10425552080371991,-0.14231499051233776,0.041355116863850405,6,122.0,0.0,123.0,-123.623
2017-12-06,09:30,P,10600.0,10514.41,10393.0,-0.10425552080371991,-0.14231499051233776,0.041355116863850405,6,80.0,207.0,81.0,124.71114
2017-12-06,10:00,C,10400.0,10520.0,10393.0,-0.10425552080371991,-0.0948766603415585,0.05217882224128889,5,127.0,0.0,128.0,-128.628
2017-12-06,10:00,P,10650.0,10520.0,10393.0,-0.10425552080371991,-0.0948766603415585,0.05217882224128889,5,125.0,257.0,126.01626016260163,129.64986357723578
2017-12-13,09:30,C,10400.0,10481.32,10462.0,-0.009584052137245891,0.2204543276143056,-0.1828859044287423,6,68.0,62.0,69.0,-8.27824
2017-12-13,09:30,P,10600.0,10481.32,10462.0,-0.009584052137245891,0.2204543276143056,-0.1828859044287423,6,136.0,138.0,137.1757925072046,-0.5222082997117953
2017-12-13,10:00,C,10350.0,10452.61,10462.0,-0.009584052137245891,0.009584970765841305,-0.0974850017554818,7,94.0,112.0,95.0,15.695760000000002
2017-12-13,10:00,P,10550.0,10452.61,10462.0,-0.009584052137245891,0.009584970765841305,-0.0974850017554818,7,108.0,88.0,109.0,-22.318240000000003
2017-12-20,09:30,C,10400.0,10483.79,10497.0,0.11488750598371844,0.1721334990915091,-0.08470792934900939,6,79.0,97.0,80.0,15.710060000000002
2017-12-20,09:30,P,10600.0,10483.79,10497.0,0.11488750598371844,0.1721334990915091,-0.08470792934900939,6,125.0,103.0,126.08069164265129,-24.41671233429394
2017-12-20,10:00,C,10400.0,10488.15,10497.0,0.11488750598371844,0.25820024863727475,-0.06653746831606355,6,84.0,97.0,85.0,10.70506
2017-12-20,10:00,P,10600.0,10488.15,10497.0,0.11488750598371844,0.25820024863727475,-0.06653746831606355,6,118.0,103.0,119.0,-17.32894
2017-12-27,09:30,C,10350.0,10469.89,10479.0,-0.03845414343395248,0.577034045008662,-0.01881751499908102,6,118.0,129.0,119.0,8.67142
2017-12-27,09:30,P,10550.0,10469.89,10479.0,-0.03845414343395248,0.577034045008662,-0.01881751499908102,6,82.0,71.0,83.0,-13.292580000000001
2017-12-27,10:00,C,10350.0,10456.12,10479.0,-0.03845414343395248,0.41354106558952886,-0.014250273050542273,6,107.0,129.0,108.0,19.68242
2017-12-27,10:00,P,10550.0,10456.12,10479.0,-0.03845414343395248,0.41354106558952886,-0.014250273050542273,6,94.0,71.0,95.0,-25.304579999999998
2018-01-03,09:30,C,10700.0,10796.2,10792.0,0.027919962773381712,0.32564197990323507,-0.033302624708553275,6,93.0,92.0,94.0,-3.30984
2018-01-03,09:30,P,10900.0,10796.2,10792.0,0.027919962773381712,0.32564197990323507,-0.033302624708553275,6,108.0,108.0,109.0,-2.32484
2018-01-03,10:00,C,10700.0,10800.25,10792.0,0.027919962773381712,0.31633792333456423,-0.11852181079105018,5,88.0,92.0,89.0,1.69516
2018-01-03,10:00,P,10900.0,10800.25,10792.0,0.027919962773381712,0.31633792333456423,-0.11852181079105018,5,112.0,108.0,113.0,-6.32884
2018-01-10,09:30,C,10800.0,10891.92,10825.0,-0.10095447870778207,-0.10105649977032449,0.04914591744402674,5,93.0,25.0,94.0,-70.31049999999999
2018-01-10,09:30,P,11000.0,10891.92,10825.0,-0.10095447870778207,-0.10105649977032449,0.04914591744402674,5,109.0,175.0,110.0,63.6735
2018-01-10,10:00,C,10750.0,10882.49,10825.0,-0.10095447870778207,-0.19292604501607302,-0.004043842606293868,5,129.0,75.0,130.0,-56.346500000000006
2018-01-10,10:00,P,11000.0,10882.49,10825.0,-0.10095447870778207,-0.19292604501607302,-0.004043842606293868,5,118.0,175.0,119.0,54.6645
2018-01-17,09:30,C,10850.0,10967.48,11020.0,0.0,0.09128251939753973,0.017512847315348523,6,116.0,170.0,117.0,51.662600000000005
2018-01-17,09:30,P,11100.0,10967.48,11020.0,0.0,0.09128251939753973,0.017512847315348523,6,135.0,80.0,136.1671469740634,-57.52371412103746
2018-01-17,10:00,C,10850.0,10955.13,11020.0,0.0,0.0547695116385194,0.045184228422257,3,109.0,170.0,110.0,58.6696
2018-01-17,10:00,P,11050.0,10955.13,11020.0,0.0,0.0547695116385194,0.045184228422257,3,91.0,30.0,92.0,-63.3124
2018-01-24,09:30,C,11050.0,11165.24,11129.0,-0.026780931976433386,-0.5089740155371003,-0.020154156906826426,7,111.0,79.0,112.0,-34.33458
2018-01-24,09:30,P,11300.0,11165.24,11129.0,-0.026780931976433386,-0.5089740155371003,-0.020154156906826426,7,140.0,171.0,141.21037463976944,28.42583498559079
2018-01-24,10:00,C,11050.0,11148.66,11129.0,-0.026780931976433386,-0.5982677024734318,0.03453673870317253,6,100.0,79.0,101.0,-23.32358
2018-01-24,10:00,P,11250.0,11148.66,11129.0,-0.026780931976433386,-0.5982677024734318,0.03453673870317253,6,100.0,121.0,101.0,18.67642
2018-01-31,09:30,C,10900.0,11033.2,11139.0,0.2358490566037652,0.009049773755664958,0.13968847928105266,5,148.0,239.0,149.03786816269283,88.59031396914447
2018-01-31,09:30,P,11150.0,11033.2,11139.0,0.2358490566037652,0.009049773755664958,0.13968847928105266,5,103.0,11.0,104.0,-94.32678
2018-01-31,10:00,C,10950.0,11058.89,11139.0,0.2358490566037652,0.18099547511312153,0.03915444484331454,6,114.0,189.0,115.0,72.66222
2018-01-31,10:00,P,11150.0,11058.89,11139.0,0.2358490566037652,0.18099547511312153,0.03915444484331454,6,87.0,11.0,88.0,-78.31078
2018-02-07,09:30,C,10500.0,10624.47,10579.0,-0.19772149515111526,-0.16981132075472027,-0.23532623275646092,6,108.0,79.0,109.0,-31.320580000000003
2018-02-07,09:30,P,10750.0,10624.47,10579.0,-0.19772149515111526,-0.16981132075472027,-0.23532623275646092,6,152.0,171.0,153.31412103746396,16.32098484149857
2018-02-07,10:00,C,10550.0,10657.46,10579.0,-0.19772149515111526,0.21698113207546665,-0.07716266678681194,7,100.0,29.0,101.0,-73.31258
2018-02-07,10:00,P,10750.0,10657.46,10579.0,-0.19772149515111526,0.21698113207546665,-0.07716266678681194,7,103.0,171.0,104.0,65.68442
2018-02-21,09:30,C,10550.0,10635.24,10705.0,2.074130977530242,-0.12229539040451431,-0.16609045909392606,6,75.0,155.0,76.0,77.7099
2018-02-21,09:30,P,10750.0,10635.24,10705.0,2.074130977530242,-0.12229539040451431,-0.16609045909392606,6,131.0,45.0,132.13256484149855,-88.47879740634005
2018-02-21,10:00,C,10550.0,10659.33,10705.0,2.074130977530242,0.15051740357479026,-0.12345030468585705,5,101.0,155.0,102.0,51.6839
2018-02-21,10:00,P,10750.0,10659.33,10705.0,2.074130977530242,0.15051740357479026,-0.12345030468585705,5,105.0,45.0,106.0,-62.320100000000004
2018-03-01,09:30,C,10600.0,10724.33,10797.0,-1.4864362690449662,0.8015843078083673,-0.014268288588720202,6,127.0,197.0,128.0,67.65606
2018-03-01,09:30,P,10850.0,10724.33,10797.0,-1.4864362690449662,0.8015843078083673,-0.014268288588720202,6,129.0,53.0,130.11527377521614,-78.46132904899136
2018-03-01,10:00,C,10650.0,10761.46,10797.0,-1.4864362690449662,1.1505092417955387,-0.09129855930500863,7,97.0,147.0,98.0,47.68606
2018-03-01,10:00,P,10850.0,10761.46,10797.0,-1.4864362690449662,1.1505092417955387,-0.09129855930500863,7,106.0,53.0,107.0,-55.32294
2018-03-07,09:30,C,10650.0,10777.89,10761.0,-0.7780659503519805,0.5321135175504033,0.07097890581144739,6,136.0,111.0,137.0,-27.35222
2018-03-07,09:30,P,10900.0,10777.89,10761.0,-0.7780659503519805,0.5321135175504033,0.07097890581144739,6,118.0,139.0,119.02017291066282,18.645586916426517
2018-03-07,10:00,C,10700.0,10808.98,10761.0,-0.7780659503519805,0.933532486930555,0.09879859794796886,6,122.0,61.0,123.0,-63.33822
2018-03-07,10:00,P,10900.0,10808.98,10761.0,-0.7780659503519805,0.933532486930555,0.09879859794796886,6,80.0,139.0,81.0,56.703779999999995
2018-03-14,09:30,C,10950.0,11063.93,11044.0,0.19952838744785595,0.027154236060833448,-0.03634647412075198,7,107.0,94.0,108.0,-15.32888
2018-03-14,09:30,P,11150.0,11063.93,11044.0,0.19952838744785595,0.027154236060833448,-0.03634647412075198,7,95.0,106.0,96.0,8.68312
2018-03-14,10:00,C,10950.0,11057.3,11044.0,0.19952838744785595,-0.0633598841419225,-0.056410546598534284,6,100.0,94.0,101.0,-8.32188
2018-03-14,10:00,P,11150.0,11057.3,11044.0,0.19952838744785595,-0.0633598841419225,-0.056410546598534284,6,102.0,106.0,103.0,1.6761200000000003
2018-03-21,09:30,C,10950.0,11066.42,11045.0,-0.036251586006885717,0.3082502266545717,-0.028012090379658794,6,114.0,95.0,115.0,-21.3359
2018-03-21,09:30,P,11200.0,11066.42,11045.0,-0.036251586006885717,0.3082502266545717,-0.028012090379658794,6,133.0,155.0,134.14985590778096,19.49509423631126
2018-03-21,10:00,C,10900.0,11027.4,11045.0,-0.036251586006885717,-0.11786038077968852,-0.10210086586249778,6,118.0,145.0,119.0,24.6601
2018-03-21,10:00,P,11150.0,11027.4,11045.0,-0.036251586006885717,-0.11786038077968852,-0.10210086586249778,6,134.0,105.0,135.08943089430895,-31.445420325203255
2018-03-28,09:30,C,10800.0,10895.62,10862.0,-0.02756846167983884,-0.06434414927842802,0.0030283091848604116,7,99.0,62.0,100.0,-39.31724
2018-03-28,09:30,P,11000.0,10895.62,10862.0,-0.02756846167983884,-0.06434414927842802,0.0030283091848604116,7,103.0,138.0,104.0,32.678760000000004
2018-03-28,10:00,C,10800.0,10919.39,10862.0,-0.02756846167983884,0.21141649048626032,0.05657983075249007,6,122.0,62.0,123.0,-62.340239999999994
2018-03-28,10:00,P,11050.0,10919.39,10862.0,-0.02756846167983884,0.21141649048626032,0.05657983075249007,6,129.0,188.0,130.0487804878049,56.60393073170731
2018-04-09,09:30,C,10750.0,10866.5,10896.0,0.2961317786414952,0.11072153533862039,-0.014677857527878313,6,114.0,146.0,115.0,29.667080000000002
2018-04-09,09:30,P,11000.0,10866.5,10896.0,0.2961317786414952,0.11072153533862039,-0.014677857527878313,6,138.0,104.0,139.19308357348703,-36.55019665706052
2018-04-09,10:00,C,10750.0,10853.0,10896.0,0.2961317786414952,-0.018453589223099698,-0.003409236450824249,7,105.0,146.0,106.0,38.67608
2018-04-09,10:00,P,10950.0,10853.0,10896.0,0.2961317786414952,-0.018453589223099698,-0.003409236450824249,7,98.0,54.0,99.0,-46.316919999999996
2018-04-11,09:30,C,10900.0,10998.12,10975.0,-0.2366863905325478,0.31024728533626256,-0.03271864690218007,6,101.0,75.0,102.0,-28.3215
2018-04-11,09:30,P,11100.0,10998.12,10975.0,-0.2366863905325478,0.31024728533626256,-0.03271864690218007,6,102.0,125.0,103.0,20.6775
2018-04-11,10:00,C,10900.0,10990.95,10975.0,-0.2366863905325478,0.10037412172643201,-0.09388202159287262,6,83.0,75.0,84.0,-10.3035
2018-04-11,10:00,P,11100.0,10990.95,10975.0,-0.2366863905325478,0.10037412172643201,-0.09388202159287262,6,118.0,125.0,119.0,4.6615
2018-04-18,09:30,C,10800.0,10900.08,10846.0,0.22170900692841666,0.4240022121854592,-0.055409844788217866,6,97.0,46.0,98.0,-53.31492
2018-04-18,09:30,P,11000.0,10900.08,10846.0,0.22170900692841666,0.4240022121854592,-0.055409844788217866,6,103.0,154.0,104.0,48.67908
2018-04-18,10:00,C,10750.0,10882.89,10846.0,0.22170900692841666,0.2396534242787407,-0.07223361785659854,5,125.0,96.0,126.0,-31.34292
2018-04-18,10:00,P,11000.0,10882.89,10846.0,0.22170900692841666,0.2396534242787407,-0.07223361785659854,5,125.0,154.0,126.01626016260163,26.640803577235772
2018-04-25,09:30,C,10450.0,10531.75,10566.0,0.25812619502867395,0.21931915705157845,-0.07188901930842984,6,77.0,116.0,78.0,36.710679999999996
2018-04-25,09:30,P,10650.0,10531.75,10566.0,0.25812619502867395,0.21931915705157845,-0.07188901930842984,6,127.0,84.0,128.0979827089337,-45.43740069164264
2018-04-25,10:00,C,10400.0,10518.78,10566.0,0.25812619502867395,0.15256984838372123,-0.021204914595540636,5,115.0,166.0,116.0,48.67268
2018-04-25,10:00,P,10600.0,10518.78,10566.0,0.25812619502867395,0.15256984838372123,-0.021204914595540636,5,85.0,34.0,86.0,-53.29732
2018-05-02,09:30,C,10550.0,10664.21,10611.0,0.047054394880485795,0.22575486783933396,-0.039004046669843806,5,113.0,61.0,114.0,-54.32622
2018-05-02,09:30,P,10750.0,10664.21,10611.0,0.047054394880485795,0.22575486783933396,-0.039004046669843806,5,88.0,139.0,89.0,48.69878
2018-05-02,10:00,C,10550.0,10654.03,10611.0,0.047054394880485795,0.07525162261310392,-0.05547858019893104,6,97.0,61.0,98.0,-38.31022
2018-05-02,10:00,P,10750.0,10654.03,10611.0,0.047054394880485795,0.07525162261310392,-0.05547858019893104,6,105.0,139.0,106.0,31.68178
2018-05-09,09:30,C,10600.0,10731.77,10722.0,-0.037421648423607845,0.2620496022461394,-0.0881462818295653,6,125.0,122.0,126.0,-5.34044
2018-05-09,09:30,P,10850.0,10731.77,10722.0,-0.037421648423607845,0.2620496022461394,-0.0881462818295653,6,127.0,128.0,128.0979827089337,-1.440520691642633
2018-05-09,10:00,C,10600.0,10707.49,10722.0,-0.037421648423607845,0.01871782873186234,-0.0566928369020836,6,101.0,122.0,102.0,18.68356
2018-05-09,10:00,P,10800.0,10707.49,10722.0,-0.037421648423607845,0.01871782873186234,-0.0566928369020836,6,100.0,78.0,101.0,-24.31544
2018-05-16,09:30,C,10800.0,10911.32,10872.0,0.036896965224619827,0.5255878284923909,-0.08688575073687588,7,104.0,72.0,105.0,-34.32244
2018-05-16,09:30,P,11000.0,10911.32,10872.0,0.036896965224619827,0.5255878284923909,-0.08688575073687588,7,96.0,128.0,97.0,29.68556
2018-05-16,10:00,C,10800.0,10884.64,10872.0,0.036896965224619827,0.2766251728907321,-0.08323908451706719,6,77.0,72.0,78.0,-7.29544
2018-05-16,10:00,P,11000.0,10884.64,10872.0,0.036896965224619827,0.2766251728907321,-0.08323908451706719,6,125.0,128.0,126.01626016260163,0.6402835772357729
2018-05-23,09:30,C,10850.0,10960.24,10919.0,0.2567629527739479,-0.13719930485686094,-0.1240009890881022,7,99.0,69.0,100.0,-32.318380000000005
2018-05-23,09:30,P,11050.0,10960.24,10919.0,0.2567629527739479,-0.13719930485686094,-0.1240009890881022,7,105.0,131.0,106.0,23.67562
2018-05-23,10:00,C,10850.0,10957.56,10919.0,0.2567629527739479,-0.19207902679959643,-0.12165594457672624,5,93.0,69.0,94.0,-26.31238
2018-05-23,10:00,P,11050.0,10957.56,10919.0,0.2567629527739479,-0.19207902679959643,-0.12165594457672624,5,107.0,131.0,108.0,21.67362
2018-05-30,09:30,C,10750.0,10854.33,10835.0,-0.2853460972017663,-0.10154158589494866,-0.027624563762096432,7,108.0,85.0,109.0,-25.3257
2018-05-30,09:30,P,10950.0,10854.33,10835.0,-0.2853460972017663,-0.10154158589494866,-0.027624563762096432,7,93.0,115.0,94.0,19.6893
2018-05-30,10:00,C,10750.0,10846.65,10835.0,-0.2853460972017663,-0.15692790547401358,0.002304561649335568,7,98.0,85.0,99.0,-15.3157
2018-05-30,10:00,P,10950.0,10846.65,10835.0,-0.2853460972017663,-0.15692790547401358,0.002304561649335568,7,102.0,115.0,103.0,10.6803
2018-06-06,09:30,C,11050.0,11138.04,11200.0,0.09924215084806676,0.2073005858494792,0.0024243120789968486,6,90.0,150.0,91.0,57.685
2018-06-06,09:30,P,11250.0,11138.04,11200.0,0.09924215084806676,0.2073005858494792,0.0024243120789968486,6,111.0,50.0,112.0,-63.336
2018-06-06,10:00,C,11050.0,11141.33,11200.0,0.09924215084806676,0.27940513744930673,-0.09304395496924078,5,87.0,150.0,88.0,60.688
2018-06-06,10:00,P,11250.0,11141.33,11200.0,0.09924215084806676,0.27940513744930673,-0.09304395496924078,5,114.0,50.0,115.0,-66.339
2018-06-13,09:30,C,11050.0,11151.37,11169.0,0.12569581612498215,-0.24210903873744805,-0.05507595817814126,7,94.0,119.0,95.0,22.681620000000002
2018-06-13,09:30,P,11250.0,11151.37,11169.0,0.12569581612498215,-0.24210903873744805,-0.05507595817814126,7,108.0,81.0,109.0,-29.33238
2018-06-13,10:00,C,11050.0,11142.93,11169.0,0.12569581612498215,-0.31384505021521125,-0.03097601379105086,7,83.0,119.0,84.0,33.69262
2018-06-13,10:00,P,11250.0,11142.93,11169.0,0.12569581612498215,-0.31384505021521125,-0.03097601379105086,7,118.0,81.0,119.0,-39.34238
2018-06-20,09:30,C,10750.0,10842.63,10936.0,0.37742796649176125,-0.4860601614086524,0.06408099099639575,7,103.0,186.0,104.0,80.67728
2018-06-20,09:30,P,10950.0,10842.63,10936.0,0.37742796649176125,-0.4860601614086524,0.06408099099639575,7,99.0,14.0,100.0,-87.31872
2018-06-20,10:00,C,10750.0,10883.22,10936.0,0.37742796649176125,-0.16507703595011192,0.02931228239766437,6,137.0,186.0,138.0,46.643280000000004
2018-06-20,10:00,P,11000.0,10883.22,10936.0,0.37742796649176125,-0.16507703595011192,0.02931228239766437,6,114.0,64.0,115.0,-52.33372
2018-06-27,09:30,C,10650.0,10769.74,10728.0,0.09456264775413725,0.06613131790269566,-0.038115955003076296,6,117.0,78.0,118.0,-41.33256
2018-06-27,09:30,P,10900.0,10769.74,10728.0,0.09456264775413725,0.06613131790269566,-0.038115955003076296,6,136.0,172.0,137.1757925072046,33.4724717002882
2018-06-27,10:00,C,10650.0,10764.85,10728.0,0.09456264775413725,-0.018894662257906703,-0.04598854467159352,5,109.0,78.0,110.0,-33.32456
2018-06-27,10:00,P,10850.0,10764.85,10728.0,0.09456264775413725,-0.018894662257906703,-0.04598854467159352,5,92.0,122.0,93.0,27.69244
2018-07-04,09:30,C,10650.0,10744.05,10729.0,0.037757221068535074,0.3113795055670776,-0.03416123918731362,7,91.0,79.0,92.0,-14.30658
2018-07-04,09:30,P,10850.0,10744.05,10729.0,0.037757221068535074,0.3113795055670776,-0.03416123918731362,7,110.0,121.0,111.0,8.67442
2018-07-04,10:00,C,10600.0,10728.98,10729.0,0.037757221068535074,0.08492168333646966,-0.11340213870655313,6,119.0,129.0,120.0,7.665420000000001
2018-07-04,10:00,P,10850.0,10728.98,10729.0,0.037757221068535074,0.08492168333646966,-0.11340213870655313,6,130.0,121.0,131.0569105691057,-11.402547479674801
2018-07-18,09:30,C,10700.0,10828.45,10844.0,0.11093648886013607,-0.06464124111182912,-0.06279376864191111,5,122.0,144.0,123.0,19.66012
2018-07-18,09:30,P,10950.0,10828.45,10844.0,0.11093648886013607,-0.06464124111182912,-0.06279376864191111,5,129.0,106.0,130.11527377521614,-25.462269048991356
2018-07-18,10:00,C,10750.0,10835.41,10844.0,0.11093648886013607,-0.018468926031955935,-0.08167710318540689,5,75.0,94.0,76.0,16.70712
2018-07-18,10:00,P,10950.0,10835.41,10844.0,0.11093648886013607,-0.018468926031955935,-0.08167710318540689,5,128.0,106.0,129.04065040650406,-24.38657105691056
2018-07-25,09:30,C,10850.0,10978.52,10970.0,-0.13793103448276334,0.10128913443829823,-0.07233114912698624,6,119.0,120.0,120.0,-1.3394
2018-07-25,09:30,P,11100.0,10978.52,10970.0,-0.13793103448276334,0.10128913443829823,-0.07233114912698624,6,132.0,130.0,133.14121037463977,-4.493751585014409
2018-07-25,10:00,C,10850.0,10984.83,10970.0,-0.13793103448276334,0.1933701657458542,-0.060269373143895244,4,128.0,120.0,129.0,-10.3484
2018-07-25,10:00,P,11100.0,10984.83,10970.0,-0.13793103448276334,0.1933701657458542,-0.060269373143895244,4,123.0,130.0,124.0,4.6566
2018-08-01,09:30,C,10950.0,11065.46,11085.0,0.09071117561683106,-0.17219503353271826,-0.035106474007273736,6,112.0,135.0,113.0,20.665300000000002
2018-08-01,09:30,P,11200.0,11065.46,11085.0,0.09071117561683106,-0.17219503353271826,-0.035106474007273736,6,138.0,115.0,139.19308357348703,-25.553976657060517
2018-08-01,10:00,C,10950.0,11080.49,11085.0,0.09071117561683106,0.036251586006885717,0.005234316903601766,5,132.0,135.0,133.0,0.6453
2018-08-01,10:00,P,11200.0,11080.49,11085.0,0.09071117561683106,0.036251586006885717,0.005234316903601766,5,118.0,115.0,119.0,-5.3407
2018-08-08,09:30,C,10950.0,11078.31,11056.0,0.06367688529063109,0.454545454545463,-0.06210742779559908,6,122.0,106.0,123.0,-18.34412
2018-08-08,09:30,P,11200.0,11078.31,11056.0,0.06367688529063109,0.454545454545463,-0.06210742779559908,6,128.0,144.0,129.10662824207492,13.543145129683005
2018-08-08,10:00,C,10950.0,11077.63,11056.0,0.06367688529063109,0.4727272727272691,-0.05434576545377823,5,121.0,106.0,122.0,-17.34312
2018-08-08,10:00,P,11200.0,11077.63,11056.0,0.06367688529063109,0.4727272727272691,-0.05434576545377823,5,132.0,144.0,133.0731707317073,9.572636097560984
2018-08-15,09:30,C,10650.0,10767.77,10737.0,-0.046125461254609146,-0.6368251038301853,-0.023402739792177663,6,120.0,87.0,121.0,-35.33574
2018-08-15,09:30,P,10900.0,10767.77,10737.0,-0.046125461254609146,-0.6368251038301853,-0.023402739792177663,6,132.0,163.0,133.14121037463977,28.510908414985593
2018-08-15,10:00,C,10650.0,10761.69,10737.0,-0.046125461254609146,-0.6275957544993105,0.04487733991658249,6,115.0,87.0,116.0,-30.33074
2018-08-15,10:00,P,10850.0,10761.69,10737.0,-0.046125461254609146,-0.6275957544993105,0.04487733991658249,6,84.0,113.0,85.0,26.70026
2018-08-22,09:30,C,10700.0,10804.2,10791.0,-0.15786052558268704,0.22321428571427937,-0.0418797193678655,6,103.0,91.0,104.0,-14.31982
2018-08-22,09:30,P,10900.0,10804.2,10791.0,-0.15786052558268704,0.22321428571427937,-0.0418797193678655,6,102.0,109.0,103.0,4.68118
2018-08-22,10:00,C,10700.0,10788.1,10791.0,-0.15786052558268704,-0.027901785714290472,-0.06322559950754925,6,82.0,91.0,83.0,6.70118
2018-08-22,10:00,P,10900.0,10788.1,10791.0,-0.15786052558268704,-0.027901785714290472,-0.06322559950754925,6,121.0,109.0,122.0,-14.33782
2018-08-29,09:30,C,10950.0,11036.94,11061.0,0.04557054320086795,0.18219914366401913,-0.12862085831779613,5,78.0,111.0,79.0,30.69978
2018-08-29,09:30,P,11150.0,11036.94,11061.0,0.04557054320086795,0.18219914366401913,-0.12862085831779613,5,122.0,89.0,123.05475504322766,-35.39902979827089
2018-08-29,10:00,C,10950.0,11062.83,11061.0,0.04557054320086795,0.4099480732440597,-0.11542803735277163,7,101.0,111.0,102.0,7.67678
2018-08-29,10:00,P,11150.0,11062.83,11061.0,0.04557054320086795,0.4099480732440597,-0.11542803735277163,7,101.0,89.0,102.0,-14.323220000000001
2018-09-05,09:30,C,10950.0,11045.83,11000.0,-0.10923987255347933,0.31896473161396877,-0.05088450304311376,5,91.0,50.0,92.0,-43.312
2018-09-05,09:30,P,11150.0,11045.83,11000.0,-0.10923987255347933,0.31896473161396877,-0.05088450304311376,5,110.0,150.0,111.0,37.669000000000004
2018-09-05,10:00,C,10900.0,11022.55,11000.0,-0.10923987255347933,0.10935933655336072,0.01750968703022604,6,122.0,100.0,123.0,-24.343
2018-09-05,10:00,P,11150.0,11022.55,11000.0,-0.10923987255347933,0.10935933655336072,0.01750968703022604,6,128.0,150.0,129.04065040650406,19.61030894308944
2018-09-12,09:30,C,10650.0,10734.12,10724.0,-0.11137924633376484,-0.334510314068015,0.014302457937143132,6,86.0,74.0,87.0,-14.30148
2018-09-12,09:30,P,10850.0,10734.12,10724.0,-0.11137924633376484,-0.334510314068015,0.014302457937143132,6,116.0,126.0,117.0028818443804,7.665635273775223
2018-09-12,10:00,C,10600.0,10699.97,10724.0,-0.11137924633376484,-0.45530570525924574,0.111006043662365,6,115.0,124.0,116.0,6.66952
2018-09-12,10:00,P,10800.0,10699.97,10724.0,-0.11137924633376484,-0.45530570525924574,0.111006043662365,6,86.0,76.0,87.0,-12.30148
2018-09-19,09:30,C,10700.0,10820.96,10872.0,-0.07377351530800658,-0.10151347360649599,0.04232992013692982,6,122.0,172.0,123.0,47.65956
2018-09-19,09:30,P,10950.0,10820.96,10872.0,-0.07377351530800658,-0.10151347360649599,0.04232992013692982,6,127.0,78.0,128.0979827089337,-51.44352069164264
2018-09-19,10:00,C,10750.0,10834.3,10872.0,-0.07377351530800658,0.0369139904023541,0.08652228433604359,6,91.0,122.0,92.0,28.69056
2018-09-19,10:00,P,10950.0,10834.3,10872.0,-0.07377351530800658,0.0369139904023541,0.08652228433604359,6,110.0,78.0,111.0,-34.32844
2018-09-26,09:30,C,10900.0,11005.11,10962.0,-0.05469960798614171,0.1641886344978527,-0.07387530974473644,6,98.0,62.0,99.0,-38.318239999999996
2018-09-26,09:30,P,11100.0,11005.11,10962.0,-0.05469960798614171,0.1641886344978527,-0.07387530974473644,6,104.0,138.0,105.0,31.675760000000004
2018-09-26,10:00,C,10850.0,10973.7,10962.0,-0.05469960798614171,0.0,0.03289686513834322,5,129.0,112.0,130.0,-19.349239999999998
2018-09-26,10:00,P,11100.0,10973.7,10962.0,-0.05469960798614171,0.0,0.03289686513834322,5,122.0,138.0,123.0,13.657760000000001
2018-10-03,09:30,C,10800.0,10900.81,10852.0,0.0367782272894468,0.009191176470579876,0.02054808343254777,7,104.0,52.0,105.0,-54.322039999999994
2018-10-03,09:30,P,11000.0,10900.81,10852.0,0.0367782272894468,0.009191176470579876,0.02054808343254777,7,96.0,148.0,97.0,49.68596
2018-10-03,10:00,C,10800.0,10897.55,10852.0,0.0367782272894468,0.07352941176470562,0.046157926178502784,7,103.0,52.0,104.0,-53.321039999999996
2018-10-03,10:00,P,11000.0,10897.55,10852.0,0.0367782272894468,0.07352941176470562,0.046157926178502784,7,98.0,148.0,99.0,47.683960000000006
2018-10-11,09:30,C,9800.0,9931.31,9819.0,-4.213241616509034,-1.1968880909634994,0.01016455508937586,3,150.0,19.0,151.05189340813465,-133.39932530154277
2018-10-11,09:30,P,10000.0,9931.31,9819.0,-4.213241616509034,-1.1968880909634994,0.01016455508937586,3,92.0,181.0,93.0,86.71061999999999
2018-10-11,10:00,C,9800.0,9884.09,9819.0,-4.213241616509034,-1.645721125074806,0.048162343522983875,3,105.0,19.0,106.0,-88.30238
2018-10-11,10:00,P,10000.0,9884.09,9819.0,-4.213241616509034,-1.645721125074806,0.048162343522983875,3,121.0,181.0,122.0,57.68162
2018-10-17,09:30,C,10000.0,10089.13,9994.0,-0.049568751858830584,0.0,-0.11374354990844604,6,86.0,0.0,87.0,-87.587
2018-10-17,09:30,P,10200.0,10089.13,9994.0,-0.049568751858830584,0.0,-0.11374354990844604,6,120.0,206.0,121.03746397694523,83.64161855907783
2018-10-17,10:00,C,9950.0,10072.15,9994.0,-0.049568751858830584,-0.1487800039674636,-0.046374359249345964,6,116.0,44.0,117.0,-74.31688
2018-10-17,10:00,P,10150.0,10072.15,9994.0,-0.049568751858830584,-0.1487800039674636,-0.046374359249345964,6,87.0,156.0,88.0,66.71212000000001
2018-10-24,09:30,C,9600.0,9689.36,9774.0,0.04102984921530162,-0.9330462421818897,0.08936965497740035,6,103.0,174.0,104.0,68.70052
2018-10-24,09:30,P,9800.0,9689.36,9774.0,0.04102984921530162,-0.9330462421818897,0.08936965497740035,6,103.0,26.0,104.0,-79.29948
2018-10-24,10:00,C,9600.0,9719.04,9774.0,0.04102984921530162,-0.7997539218701943,-0.0811933884501681,6,111.0,174.0,112.0,60.692519999999995
2018-10-24,10:00,P,9800.0,9719.04,9774.0,0.04102984921530162,-0.7997539218701943,-0.0811933884501681,6,94.0,26.0,95.0,-70.29048
2018-10-31,09:30,C,9600.0,9684.48,9733.0,-0.3013300083125503,0.7712350182386585,-0.038105112280995,6,85.0,133.0,86.0,45.71934
2018-10-31,09:30,P,9800.0,9684.48,9733.0,-0.3013300083125503,0.7712350182386585,-0.038105112280995,6,124.0,67.0,125.07204610951008,-59.39177815561959
2018-10-31,10:00,C,9600.0,9710.47,9733.0,-0.3013300083125503,0.9275664408546103,-0.15150407186503845,5,96.0,133.0,97.0,34.70834
2018-10-31,10:00,P,9800.0,9710.47,9733.0,-0.3013300083125503,0.9275664408546103,-0.15150407186503845,5,106.0,67.0,107.0,-41.30166
2018-11-07,09:30,C,9750.0,9859.72,9889.0,-0.20397756246812726,0.5723045477772137,-0.028803420710477035,6,113.0,139.0,114.0,23.688219999999998
2018-11-07,09:30,P,9950.0,9859.72,9889.0,-0.20397756246812726,0.5723045477772137,-0.028803420710477035,6,95.0,61.0,96.0,-36.29378
2018-11-07,10:00,C,9750.0,9862.27,9889.0,-0.20397756246812726,0.5007664793050592,-0.062371637142405456,6,107.0,139.0,108.0,29.694219999999998
2018-11-07,10:00,P,9950.0,9862.27,9889.0,-0.20397756246812726,0.5007664793050592,-0.062371637142405456,6,99.0,61.0,100.0,-40.29778
2018-11-14,09:30,C,9700.0,9806.88,9788.0,0.1743410932212086,0.051187551187559244,-0.08249554636219347,5,99.0,88.0,100.0,-13.29576
2018-11-14,09:30,P,9900.0,9806.88,9788.0,0.1743410932212086,0.051187551187559244,-0.08249554636219347,5,104.0,112.0,105.0,5.69924
2018-11-14,10:00,C,9700.0,9791.93,9788.0,0.1743410932212086,-0.11261261261261701,-0.06791154138774402,5,86.0,88.0,87.0,-0.28276
2018-11-14,10:00,P,9900.0,9791.93,9788.0,0.1743410932212086,-0.11261261261261701,-0.06791154138774402,5,116.0,112.0,117.0,-6.31276
2018-11-21,09:30,C,9600.0,9672.64,9743.0,0.08287578990986422,0.13456163958183165,0.09208579499012659,6,82.0,143.0,83.0,58.72214
2018-11-21,09:30,P,9750.0,9672.64,9743.0,0.08287578990986422,0.13456163958183165,0.09208579499012659,6,78.0,7.0,79.0,-73.27386
2018-11-21,10:00,C,9600.0,9691.44,9743.0,0.08287578990986422,0.25877238381120105,-0.04963260521647639,5,88.0,143.0,89.0,52.71614
2018-11-21,10:00,P,9800.0,9691.44,9743.0,0.08287578990986422,0.25877238381120105,-0.04963260521647639,5,112.0,57.0,113.0,-57.30786
2018-11-28,09:30,C,9700.0,9777.91,9874.0,0.16386726751331793,-0.38854805725971886,-0.10204780704579086,6,73.0,174.0,74.0,98.72852
2018-11-28,09:30,P,9900.0,9777.91,9874.0,0.16386726751331793,-0.38854805725971886,-0.10204780704579086,6,130.0,26.0,131.12391930835733,-106.45252322766568
2018-11-28,10:00,C,9700.0,9776.88,9874.0,0.16386726751331793,-0.4294478527607337,-0.044517218441392226,6,69.0,174.0,70.0,102.73252000000001
2018-11-28,10:00,P,9850.0,9776.88,9874.0,0.16386726751331793,-0.4294478527607337,-0.044517218441392226,6,83.0,0.0,84.0,-84.584
2018-12-05,09:30,C,9850.0,9925.85,9904.0,0.07075710098050081,0.030303030303024947,0.004130322307960288,6,80.0,54.0,81.0,-28.27908
2018-12-05,09:30,P,10050.0,9925.85,9904.0,0.07075710098050081,0.030303030303024947,0.004130322307960288,6,123.0,146.0,124.06340057636886,20.614456023054768
2018-12-05,10:00,C,9850.0,9947.91,9904.0,0.07075710098050081,0.34343434343433454,0.08755845607602009,6,109.0,54.0,110.0,-57.30808
2018-12-05,10:00,P,10050.0,9947.91,9904.0,0.07075710098050081,0.34343434343433454,0.08755845607602009,6,93.0,146.0,94.0,50.70792
2018-12-12,09:30,C,9650.0,9764.72,9829.0,0.5046343975283252,-0.21518598217030727,-0.0640952787581417,6,110.0,179.0,111.0,66.69242
2018-12-12,09:30,P,9850.0,9764.72,9829.0,0.5046343975283252,-0.21518598217030727,-0.0640952787581417,6,90.0,21.0,91.0,-71.28757999999999
2018-12-12,10:00,C,9700.0,9780.65,9829.0,0.5046343975283252,0.12296341838302638,0.043557658683823774,5,87.0,129.0,88.0,39.71542
2018-12-12,10:00,P,9900.0,9780.65,9829.0,0.5046343975283252,0.12296341838302638,0.043557658683823774,5,112.0,71.0,113.0,-43.30958
2018-12-19,09:30,C,9650.0,9733.14,9768.0,0.11285523750896864,-0.12297601967616867,0.07163459846016851,6,95.0,118.0,96.0,20.70864
2018-12-19,09:30,P,9850.0,9733.14,9768.0,0.11285523750896864,-0.12297601967616867,0.07163459846016851,6,107.0,82.0,108.0,-27.30336
2018-12-19,10:00,C,9650.0,9764.71,9768.0,0.11285523750896864,0.010248001639689974,-0.04434621592613319,6,109.0,118.0,110.0,6.69464
2018-12-19,10:00,P,9850.0,9764.71,9768.0,0.11285523750896864,0.010248001639689974,-0.04434621592613319,6,92.0,82.0,93.0,-12.28836
2018-12-26,09:30,C,9500.0,9580.86,9489.0,0.46418398565248875,0.22051874409325656,-0.013048765847722965,5,80.0,0.0,81.0,-81.581
2018-12-26,09:30,P,9700.0,9580.86,9489.0,0.46418398565248875,0.22051874409325656,-0.013048765847722965,5,121.0,211.0,122.04610951008645,87.64206438040347
2018-12-26,10:00,C,9450.0,9562.13,9489.0,0.46418398565248875,0.031502677727601736,-0.08000794850206994,5,102.0,39.0,103.0,-65.29278
2018-12-26,10:00,P,9650.0,9562.13,9489.0,0.46418398565248875,0.031502677727601736,-0.08000794850206994,5,99.0,161.0,100.0,59.71022
2019-01-02,09:30,C,9600.0,9714.62,9550.0,0.8785529715762186,-0.6659836065573743,-0.012042401604828168,5,117.0,0.0,118.0,-118.618
2019-01-02,09:30,P,9800.0,9714.62,9550.0,0.8785529715762186,-0.6659836065573743,-0.012042401604828168,5,86.0,250.0,87.0,161.722
2019-01-02,10:00,C,9550.0,9636.77,9550.0,0.8785529715762186,-1.7622950819672134,-0.19193459483530795,6,72.0,0.0,73.0,-73.573
2019-01-02,10:00,P,9750.0,9636.77,9550.0,0.8785529715762186,-1.7622950819672134,-0.19193459483530795,6,136.0,200.0,137.10569105691056,61.56620325203253
2019-01-09,09:30,C,9550.0,9660.39,9735.0,0.03123373243103522,0.5516236469608637,-0.10360699310977273,5,103.0,185.0,104.0,79.7013
2019-01-09,09:30,P,9750.0,9660.39,9735.0,0.03123373243103522,0.5516236469608637,-0.10360699310977273,5,98.0,15.0,99.0,-85.2937
2019-01-09,10:00,C,9600.0,9695.95,9735.0,0.03123373243103522,1.0303913405495413,0.01722194550233258,5,100.0,135.0,101.0,32.7043
2019-01-09,10:00,P,9800.0,9695.95,9735.0,0.03123373243103522,1.0303913405495413,0.01722194550233258,5,107.0,65.0,108.0,-44.302699999999994
2019-01-16,09:30,C,9700.0,9783.24,9784.0,-0.14293006636039163,-0.10223903486351604,-0.11509750066697189,6,75.0,84.0,76.0,6.72832
2019-01-16,09:30,P,9900.0,9783.24,9784.0,-0.14293006636039163,-0.10223903486351604,-0.11509750066697189,6,126.0,116.0,127.0893371757925,-12.412106512968286
2019-01-16,10:00,C,9700.0,9785.01,9784.0,-0.14293006636039163,0.061343420918102964,0.04650639846272009,6,88.0,84.0,89.0,-6.284680000000001
2019-01-16,10:00,P,9900.0,9785.01,9784.0,-0.14293006636039163,0.061343420918102964,0.04650639846272009,6,112.0,116.0,113.0,1.69132
2019-01-23,09:30,C,9750.0,9858.19,9837.0,0.2345263587233637,0.03051881993896277,-0.04666000578177898,6,105.0,87.0,106.0,-20.30274
2019-01-23,09:30,P,9950.0,9858.19,9837.0,0.2345263587233637,0.03051881993896277,-0.04666000578177898,6,96.0,113.0,97.0,14.70626
2019-01-23,10:00,C,9750.0,9861.55,9837.0,0.2345263587233637,0.13224821973549794,-0.0004056449551925745,6,110.0,87.0,111.0,-25.30774
2019-01-23,10:00,P,9950.0,9861.55,9837.0,0.2345263587233637,0.13224821973549794,-0.0004056449551925745,6,89.0,113.0,90.0,21.713260000000002
2019-01-30,09:30,C,9800.0,9915.51,9930.0,0.16146937127863303,-0.26196473551637345,0.0005042915208419707,6,116.0,130.0,117.0,11.684399999999998
2019-01-30,09:30,P,10000.0,9915.51,9930.0,0.16146937127863303,-0.26196473551637345,0.0005042915208419707,6,85.0,70.0,86.0,-17.284599999999998
2019-01-30,10:00,C,9800.0,9920.08,9930.0,0.16146937127863303,-0.16120906801007084,0.03478506359617661,5,122.0,130.0,123.0,5.6784
2019-01-30,10:00,P,10000.0,9920.08,9930.0,0.16146937127863303,-0.16120906801007084,0.03478506359617661,5,78.0,70.0,79.0,-10.277600000000001
2019-02-11,09:30,C,9900.0,10007.46,10020.0,0.8564231738035222,-0.24975024975024684,-0.004595813214164357,6,107.0,120.0,108.0,10.6916
2019-02-11,09:30,P,10100.0,10007.46,10020.0,0.8564231738035222,-0.24975024975024684,-0.004595813214164357,6,95.0,80.0,96.0,-17.2964
2019-02-11,10:00,C,9900.0,10001.31,10020.0,0.8564231738035222,-0.20979020979020602,0.037846427802579186,6,105.0,120.0,106.0,12.6936
2019-02-11,10:00,P,10100.0,10001.31,10020.0,0.8564231738035222,-0.20979020979020602,0.037846427802579186,6,95.0,80.0,96.0,-17.2964
2019-02-13,09:30,C,10000.0,10094.04,10100.0,-0.02962085308056972,-0.5333333333333301,-0.04537874907236117,6,88.0,100.0,89.0,9.709
2019-02-13,09:30,P,10200.0,10094.04,10100.0,-0.02962085308056972,-0.5333333333333301,-0.04537874907236117,6,112.0,100.0,113.0,-14.315
2019-02-13,10:00,C,10000.0,10097.37,10100.0,-0.02962085308056972,-0.34567901234567877,0.049712912879606996,5,104.0,100.0,105.0,-6.307
2019-02-13,10:00,P,10200.0,10097.37,10100.0,-0.02962085308056972,-0.34567901234567877,0.049712912879606996,5,96.0,100.0,97.0,1.701
2019-02-20,09:30,C,10150.0,10240.51,10256.0,0.03929659102073213,0.5204753019738773,-0.06034284107374055,6,86.0,106.0,87.0,17.70788
2019-02-20,09:30,P,10350.0,10240.51,10256.0,0.03929659102073213,0.5204753019738773,-0.06034284107374055,6,115.0,94.0,116.0,-23.32112
2019-02-20,10:00,C,10150.0,10258.37,10256.0,0.03929659102073213,0.6775999214376993,-0.07106101206868498,4,102.0,106.0,103.0,1.6918800000000003
2019-02-20,10:00,P,10350.0,10258.37,10256.0,0.03929659102073213,0.6775999214376993,-0.07106101206868498,4,100.0,94.0,101.0,-8.30612
2019-02-27,09:30,C,10250.0,10354.7,10376.0,0.14478764478764727,-0.3662650602409667,0.0014485545839493241,5,105.0,126.0,106.0,18.68648
2019-02-27,09:30,P,10450.0,10354.7,10376.0,0.14478764478764727,-0.3662650602409667,0.0014485545839493241,5,96.0,74.0,97.0,-24.30452
2019-02-27,10:00,C,10250.0,10375.4,10376.0,0.14478764478764727,-0.1831325301204778,-0.06752649764812935,5,125.0,126.0,126.0,-1.33352
2019-02-27,10:00,P,10500.0,10375.4,10376.0,0.14478764478764727,-0.1831325301204778,-0.06752649764812935,5,127.0,124.0,128.03252032520325,-5.368072845528454
2019-03-06,09:30,C,10250.0,10345.24,10340.0,-0.15535488882415516,0.18477098123115265,-0.20299269226308203,5,75.0,90.0,76.0,12.7172
2019-03-06,09:30,P,10450.0,10345.24,10340.0,-0.15535488882415516,0.18477098123115265,-0.20299269226308203,5,125.0,110.0,126.08069164265129,-17.413572334293942
2019-03-06,10:00,C,10250.0,10337.75,10340.0,-0.15535488882415516,0.25284450063212116,-0.08996111358315906,5,79.0,90.0,80.0,8.7132
2019-03-06,10:00,P,10450.0,10337.75,10340.0,-0.15535488882415516,0.25284450063212116,-0.08996111358315906,5,120.0,110.0,121.0,-12.3278
2019-03-13,09:30,C,10250.0,10356.89,10365.0,-0.06775067750677266,0.038740920096858034,-0.12022190356175688,5,95.0,115.0,96.0,17.6967
2019-03-13,09:30,P,10450.0,10356.89,10365.0,-0.06775067750677266,0.038740920096858034,-0.12022190356175688,5,105.0,85.0,106.0,-22.3133
2019-03-13,10:00,C,10250.0,10349.94,10365.0,-0.06775067750677266,0.019370460048429017,-0.12661271863873003,5,91.0,115.0,92.0,21.7007
2019-03-13,10:00,P,10450.0,10349.94,10365.0,-0.06775067750677266,0.019370460048429017,-0.12661271863873003,5,113.0,85.0,114.0,-30.3213
2019-03-20,09:30,C,10450.0,10533.82,10545.0,-0.1712491675387673,0.2859048889735982,-0.12397231601360414,6,72.0,95.0,73.0,20.7161
2019-03-20,09:30,P,10650.0,10533.82,10545.0,-0.1712491675387673,0.2859048889735982,-0.12397231601360414,6,134.0,105.0,135.15850144092218,-31.5045599423631
2019-03-20,10:00,C,10400.0,10516.72,10545.0,-0.1712491675387673,0.10483179262366082,-0.1315796979371231,5,104.0,145.0,105.0,38.6841
2019-03-20,10:00,P,10600.0,10516.72,10545.0,-0.1712491675387673,0.10483179262366082,-0.1315796979371231,5,96.0,55.0,97.0,-43.307900000000004
2019-03-27,09:30,C,10400.0,10523.67,10541.0,-0.30366293414310075,-0.09518370454978387,0.006556996933415604,6,122.0,141.0,123.0,16.666179999999997
2019-03-27,09:30,P,10650.0,10523.67,10541.0,-0.30366293414310075,-0.09518370454978387,0.006556996933415604,6,130.0,109.0,131.12391930835733,-23.465863227665686
2019-03-27,10:00,C,10450.0,10530.39,10541.0,-0.30366293414310075,-0.04759185227488638,-0.01044604617150835,5,79.0,91.0,80.0,9.70918
2019-03-27,10:00,P,10650.0,10530.39,10541.0,-0.30366293414310075,-0.04759185227488638,-0.01044604617150835,5,122.0,109.0,123.0,-15.33382
2019-04-03,09:30,C,10600.0,10703.2,10724.0,0.243856687300692,-0.009356287425155152,0.022984661008940144,6,104.0,124.0,105.0,17.68052
2019-04-03,09:30,P,10800.0,10703.2,10724.0,0.243856687300692,-0.009356287425155152,0.022984661008940144,6,95.0,76.0,96.0,-21.31048
2019-04-03,10:00,C,10600.0,10698.22,10724.0,0.243856687300692,-0.037425149700598404,0.06602548995402469,7,100.0,124.0,101.0,21.68452
2019-04-03,10:00,P,10800.0,10698.22,10724.0,0.243856687300692,-0.037425149700598404,0.06602548995402469,7,101.0,76.0,102.0,-27.31648
2019-04-10,09:30,C,10750.0,10837.56,10866.0,0.08324854315049368,0.11090573012939586,-0.030862223121963517,4,88.0,116.0,89.0,25.69368
2019-04-10,09:30,P,10950.0,10837.56,10866.0,0.08324854315049368,0.11090573012939586,-0.030862223121963517,4,115.0,84.0,116.0,-33.33332
2019-04-10,10:00,C,10700.0,10827.72,10866.0,0.08324854315049368,0.03696857670980602,0.014037965307744926,5,128.0,166.0,129.0,35.65368
2019-04-10,10:00,P,10950.0,10827.72,10866.0,0.08324854315049368,0.03696857670980602,0.014037965307744926,5,121.0,84.0,122.0,-39.33932
2019-04-17,09:30,C,10850.0,10974.95,11005.0,0.027394758469556635,0.0912908526565559,-0.08701396946360629,6,116.0,155.0,117.0,36.6629
2019-04-17,09:30,P,11100.0,10974.95,11005.0,0.027394758469556635,0.0912908526565559,-0.08701396946360629,6,135.0,95.0,136.1671469740634,-42.52341412103746
2019-04-17,10:00,C,10850.0,10978.99,11005.0,0.027394758469556635,0.2738725579696899,0.049644065712350915,5,135.0,155.0,136.0,17.643900000000002
2019-04-17,10:00,P,11100.0,10978.99,11005.0,0.027394758469556635,0.2738725579696899,0.049644065712350915,5,115.0,95.0,116.0,-22.3361
2019-04-24,09:30,C,10950.0,11050.27,11002.0,-0.06330831147689508,-0.0633484162895881,0.03184171771593025,6,106.0,52.0,107.0,-56.32704
2019-04-24,09:30,P,11150.0,11050.27,11002.0,-0.06330831147689508,-0.0633484162895881,0.03184171771593025,6,94.0,148.0,95.0,51.684960000000004
2019-04-24,10:00,C,10950.0,11040.95,11002.0,-0.06330831147689508,-0.2081447963800942,0.05543312564026959,4,97.0,52.0,98.0,-47.318039999999996
2019-04-24,10:00,P,11150.0,11040.95,11002.0,-0.06330831147689508,-0.2081447963800942,0.05543312564026959,4,103.0,148.0,104.0,42.67596
2019-05-02,09:30,C,10950.0,11041.78,10999.0,-0.009134088417972475,0.7216589019822806,-0.01513027894979313,5,89.0,49.0,90.0,-42.30998
2019-05-02,09:30,P,11150.0,11041.78,10999.0,-0.009134088417972475,0.7216589019822806,-0.01513027894979313,5,112.0,151.0,113.0,36.66702
2019-05-02,10:00,C,10900.0,11011.07,10999.0,-0.009134088417972475,0.4110715264455944,-0.012396300202316413,6,109.0,99.0,110.0,-12.329979999999999
2019-05-02,10:00,P,11100.0,11011.07,10999.0,-0.009134088417972475,0.4110715264455944,-0.012396300202316413,6,91.0,101.0,92.0,7.68802
2019-05-08,09:30,C,10800.0,10919.8,10935.0,-0.20237328672615407,0.5253940455341555,0.013279239511698737,6,122.0,135.0,123.0,10.6583
2019-05-08,09:30,P,11050.0,10919.8,10935.0,-0.20237328672615407,0.5253940455341555,0.013279239511698737,6,129.0,115.0,130.11527377521614,-16.464089048991355
2019-05-08,10:00,C,10800.0,10927.64,10935.0,-0.20237328672615407,0.5346114849294814,0.0,6,123.0,135.0,124.0,9.6573
2019-05-08,10:00,P,11050.0,10927.64,10935.0,-0.20237328672615407,0.5346114849294814,0.0,6,127.0,115.0,128.03252032520325,-14.379252845528454
2019-05-15,09:30,C,10450.0,10570.18,10580.0,-0.1326636975267692,0.18977132555271226,-0.10681637989922721,6,110.0,130.0,111.0,17.6774
2019-05-15,09:30,P,10700.0,10570.18,10580.0,-0.1326636975267692,0.18977132555271226,-0.10681637989922721,6,141.0,120.0,142.21902017291066,-23.57283919308357
2019-05-15,10:00,C,10500.0,10590.35,10580.0,-0.1326636975267692,0.3795426511054245,-0.12036875321573826,7,81.0,80.0,82.0,-3.2935999999999996
2019-05-15,10:00,P,10700.0,10590.35,10580.0,-0.1326636975267692,0.3795426511054245,-0.12036875321573826,7,124.0,120.0,125.0081300813008,-6.344738211382106
2019-05-22,09:30,C,10400.0,10507.67,10474.0,-0.3710751665080836,0.2578550281730596,-0.0508968791175346,5,107.0,74.0,108.0,-35.317479999999996
2019-05-22,09:30,P,10600.0,10507.67,10474.0,-0.3710751665080836,0.2578550281730596,-0.0508968791175346,5,94.0,126.0,95.0,29.695520000000002
2019-05-22,10:00,C,10400.0,10495.75,10474.0,-0.3710751665080836,0.2196542832585191,0.0034299956934491505,5,96.0,74.0,97.0,-24.30648
2019-05-22,10:00,P,10600.0,10495.75,10474.0,-0.3710751665080836,0.2196542832585191,0.0034299956934491505,5,106.0,126.0,107.0,17.68352
2019-05-29,09:30,C,10200.0,10283.75,10290.0,-0.5643121229811254,0.5088062622309097,-0.06689854272026174,6,78.0,90.0,79.0,9.7152
2019-05-29,09:30,P,10400.0,10283.75,10290.0,-0.5643121229811254,0.5088062622309097,-0.06689854272026174,6,123.0,110.0,124.06340057636886,-15.393263976945232
2019-05-29,10:00,C,10200.0,10284.01,10290.0,-0.5643121229811254,0.45009784735812186,-0.07021625049113966,5,76.0,90.0,77.0,11.7172
2019-05-29,10:00,P,10400.0,10284.01,10290.0,-0.5643121229811254,0.45009784735812186,-0.07021625049113966,5,125.0,110.0,126.01626016260163,-17.348076422764226
2019-06-05,09:30,C,10400.0,10494.97,10461.0,0.09537434430137992,-0.10481181515007432,-0.001999864771040638,7,101.0,61.0,102.0,-42.31122
2019-06-05,09:30,P,10600.0,10494.97,10461.0,0.09537434430137992,-0.10481181515007432,-0.001999864771040638,7,100.0,139.0,101.0,36.68978
2019-06-05,10:00,C,10400.0,10484.75,10461.0,0.09537434430137992,-0.23820867079561436,0.04358740562420138,6,89.0,61.0,90.0,-30.29922
2019-06-05,10:00,P,10600.0,10484.75,10461.0,0.09537434430137992,-0.23820867079561436,0.04358740562420138,6,112.0,139.0,113.0,24.677780000000002
2019-06-12,09:30,C,10500.0,10605.08,10620.0,0.08508224617129745,0.018891092849715463,-0.05920852904517382,6,100.0,120.0,101.0,17.686600000000002
2019-06-12,09:30,P,10700.0,10605.08,10620.0,0.08508224617129745,0.018891092849715463,-0.05920852904517382,6,100.0,80.0,101.0,-22.313399999999998
2019-06-12,10:00,C,10500.0,10587.48,10620.0,0.08508224617129745,-0.028336639274584297,0.028527086090401887,6,89.0,120.0,90.0,28.6976
2019-06-12,10:00,P,10700.0,10587.48,10620.0,0.08508224617129745,-0.028336639274584297,0.028527086090401887,6,111.0,80.0,112.0,-33.324400000000004
2019-06-19,09:30,C,10600.0,10708.1,10770.0,0.20641771439293688,0.2528089887640528,-0.0355790134247691,6,106.0,170.0,107.0,61.6776
2019-06-19,09:30,P,10800.0,10708.1,10770.0,0.20641771439293688,0.2528089887640528,-0.0355790134247691,6,94.0,30.0,95.0,-66.3104
2019-06-19,10:00,C,10600.0,10694.14,10770.0,0.20641771439293688,0.1966292134831571,0.014860493611390524,6,100.0,170.0,101.0,67.6836
2019-06-19,10:00,P,10800.0,10694.14,10770.0,0.20641771439293688,0.1966292134831571,0.014860493611390524,6,100.0,30.0,101.0,-72.3164
2019-06-26,09:30,C,10550.0,10665.2,10665.0,0.1617814998096767,-0.11401425178146907,0.008439491192446802,6,116.0,115.0,117.0,-3.3303000000000003
2019-06-26,09:30,P,10750.0,10665.2,10665.0,0.1617814998096767,-0.11401425178146907,0.008439491192446802,6,85.0,85.0,86.0,-2.2992999999999997
2019-06-26,10:00,C,10550.0,10661.63,10665.0,0.1617814998096767,-0.16152019002375617,-0.005440681098234368,6,110.0,115.0,111.0,2.6757
2019-06-26,10:00,P,10750.0,10661.63,10665.0,0.1617814998096767,-0.16152019002375617,-0.005440681098234368,6,89.0,85.0,90.0,-6.3033
2019-07-03,09:30,C,10700.0,10794.02,10729.0,-0.2416581466679113,-0.3819994409764327,0.03159136156916098,7,98.0,29.0,99.0,-71.31358
2019-07-03,09:30,P,10900.0,10794.02,10729.0,-0.2416581466679113,-0.3819994409764327,0.03159136156916098,7,103.0,171.0,104.0,65.68142
2019-07-03,10:00,C,10650.0,10781.63,10729.0,-0.2416581466679113,-0.48448709587254335,0.019245459241035157,6,132.0,79.0,133.0,-55.34758
2019-07-03,10:00,P,10900.0,10781.63,10729.0,-0.2416581466679113,-0.48448709587254335,0.019245459241035157,6,119.0,171.0,120.0,49.665420000000005
2019-07-10,09:30,C,10650.0,10754.16,10792.0,0.10291916167664006,0.18693335825779034,0.04863682058406926,7,108.0,142.0,109.0,31.675159999999998
2019-07-10,09:30,P,10850.0,10754.16,10792.0,0.10291916167664006,0.18693335825779034,0.04863682058406926,7,93.0,58.0,94.0,-37.30984
2019-07-10,10:00,C,10650.0,10748.26,10792.0,0.10291916167664006,-0.06542667539022329,-0.06382517484469497,6,90.0,142.0,91.0,49.69316
2019-07-10,10:00,P,10850.0,10748.26,10792.0,0.10291916167664006,-0.06542667539022329,-0.06382517484469497,6,110.0,58.0,111.0,-54.32684
2019-07-17,09:30,C,10750.0,10842.24,10831.0,-0.13822336896424092,0.036910584109994815,-0.020475322624669,5,92.0,81.0,93.0,-13.30962
2019-07-17,09:30,P,10950.0,10842.24,10831.0,-0.13822336896424092,0.036910584109994815,-0.020475322624669,5,113.0,119.0,114.0,3.6693800000000003
2019-07-17,10:00,C,10750.0,10842.93,10831.0,-0.13822336896424092,0.12918704438498185,0.07862632229950206,6,101.0,81.0,102.0,-22.31862
2019-07-17,10:00,P,10950.0,10842.93,10831.0,-0.13822336896424092,0.12918704438498185,0.07862632229950206,6,100.0,119.0,101.0,16.682380000000002
2019-07-24,09:30,C,10850.0,10964.53,10923.0,-0.05543749422526334,-0.018489414810018978,0.001003678023736576,7,111.0,73.0,112.0,-40.33046
2019-07-24,09:30,P,11050.0,10964.53,10923.0,-0.05543749422526334,-0.018489414810018978,0.001003678023736576,7,89.0,127.0,90.0,35.691539999999996
2019-07-24,10:00,C,10850.0,10944.74,10923.0,-0.05543749422526334,-0.04622353702505855,0.0917761612335477,6,100.0,73.0,101.0,-29.31946
2019-07-24,10:00,P,11050.0,10944.74,10923.0,-0.05543749422526334,-0.04622353702505855,0.0917761612335477,6,100.0,127.0,101.0,24.68054
2019-07-31,09:30,C,10700.0,10807.0,10814.0,0.027990296697155692,0.01865497621491574,0.005274735037108513,4,108.0,114.0,109.0,3.6747199999999998
2019-07-31,09:30,P,10900.0,10807.0,10814.0,0.027990296697155692,0.01865497621491574,0.005274735037108513,4,91.0,86.0,92.0,-7.30828
2019-07-31,10:00,C,10700.0,10806.29,10814.0,0.027990296697155692,-0.04663744053726715,-0.049323855996552535,5,103.0,114.0,104.0,8.679720000000001
2019-07-31,10:00,P,10900.0,10806.29,10814.0,0.027990296697155692,-0.04663744053726715,-0.049323855996552535,5,97.0,86.0,98.0,-13.31428
2019-08-07,09:30,C,10300.0,10418.71,10383.0,-0.30882069098630005,0.09680542110357404,-0.13253091828283048,6,109.0,83.0,110.0,-28.31766
2019-08-07,09:30,P,10500.0,10418.71,10383.0,-0.30882069098630005,0.09680542110357404,-0.13253091828283048,6,92.0,117.0,93.0,22.69934
2019-08-07,10:00,C,10300.0,10423.92,10383.0,-0.30882069098630005,0.14520813165537216,-0.10886506965925857,5,114.0,83.0,115.0,-33.32266
2019-08-07,10:00,P,10550.0,10423.92,10383.0,-0.30882069098630005,0.14520813165537216,-0.10886506965925857,5,139.0,167.0,140.130081300813,25.52212861788618
2019-08-14,09:30,C,10400.0,10507.71,10444.0,-0.03823726221202639,0.1625705269197697,-0.09069254655725834,4,101.0,44.0,102.0,-59.31088
2019-08-14,09:30,P,10600.0,10507.71,10444.0,-0.03823726221202639,0.1625705269197697,-0.09069254655725834,4,100.0,156.0,101.0,53.69012
2019-08-14,10:00,C,10400.0,10509.66,10444.0,-0.03823726221202639,0.25820024863727475,-0.074117840706589,5,102.0,44.0,103.0,-60.31188
2019-08-14,10:00,P,10600.0,10509.66,10444.0,-0.03823726221202639,0.25820024863727475,-0.074117840706589,5,99.0,156.0,100.0,54.69112
2019-08-21,09:30,C,10400.0,10524.8,10528.0,0.16195103362866003,0.10462240821762503,-0.0023752630603890434,4,126.0,128.0,127.0,-0.3375600000000001
2019-08-21,09:30,P,10650.0,10524.8,10528.0,0.16195103362866003,0.10462240821762503,-0.0023752630603890434,4,127.0,122.0,128.0979827089337,-7.436640691642633
2019-08-21,10:00,C,10400.0,10505.35,10528.0,0.16195103362866003,0.04755564009890634,0.08611379390732754,5,120.0,128.0,121.0,5.6684399999999995
2019-08-21,10:00,P,10600.0,10505.35,10528.0,0.16195103362866003,0.04755564009890634,0.08611379390732754,5,82.0,72.0,83.0,-12.29356
2019-08-28,09:30,C,10350.0,10444.54,10426.0,0.13492675404780385,0.40423484119345154,-0.013972883036433847,6,97.0,76.0,98.0,-23.30652
2019-08-28,09:30,P,10550.0,10444.54,10426.0,0.13492675404780385,0.40423484119345154,-0.013972883036433847,6,103.0,124.0,104.0,18.68748
2019-08-28,10:00,C,10350.0,10433.11,10426.0,0.13492675404780385,0.19249278152069227,-0.005079849483097254,6,83.0,76.0,84.0,-9.29252
2019-08-28,10:00,P,10550.0,10433.11,10426.0,0.13492675404780385,0.19249278152069227,-0.005079849483097254,6,118.0,124.0,119.0,3.67248
2019-09-04,09:30,C,10500.0,10598.36,10657.0,0.07579346281383348,0.34081226924169705,0.029625827683354977,7,102.0,157.0,103.0,52.683859999999996
2019-09-04,09:30,P,10700.0,10598.36,10657.0,0.07579346281383348,0.34081226924169705,0.029625827683354977,7,98.0,43.0,99.0,-57.31214
2019-09-04,10:00,C,10500.0,10620.58,10657.0,0.07579346281383348,0.5964214711729587,0.014875740491770983,5,123.0,157.0,124.0,31.66286
2019-09-04,10:00,P,10750.0,10620.58,10657.0,0.07579346281383348,0.5964214711729587,0.014875740491770983,5,131.0,93.0,132.0650406504065,-40.41024569105691
2019-09-11,09:30,C,10700.0,10796.67,10753.0,0.08344149823846791,-0.07410838351088467,-0.029824424907298752,7,94.0,53.0,95.0,-43.31006
2019-09-11,09:30,P,10900.0,10796.67,10753.0,0.08344149823846791,-0.07410838351088467,-0.029824424907298752,7,107.0,147.0,108.0,37.67694
2019-09-11,10:00,C,10650.0,10766.42,10753.0,0.08344149823846791,-0.3056970819824034,-0.019782062962686586,4,115.0,103.0,116.0,-14.331059999999999
2019-09-11,10:00,P,10850.0,10766.42,10753.0,0.08344149823846791,-0.3056970819824034,-0.019782062962686586,4,85.0,97.0,86.0,9.69894
2019-09-18,09:30,C,10800.0,10889.86,10960.0,0.01833180568286963,-0.10997067448680342,0.05884302315442014,6,99.0,160.0,100.0,58.6808
2019-09-18,09:30,P,11000.0,10889.86,10960.0,0.01833180568286963,-0.10997067448680342,0.05884302315442014,6,101.0,40.0,102.0,-63.3212
2019-09-18,10:00,C,10800.0,10915.75,10960.0,0.01833180568286963,0.0458211143695042,0.019607016746603367,6,118.0,160.0,119.0,39.6618
2019-09-18,10:00,P,11000.0,10915.75,10960.0,0.01833180568286963,0.0458211143695042,0.019607016746603367,6,84.0,40.0,85.0,-46.3042
2019-09-25,09:30,C,10750.0,10865.93,10841.0,-0.04599816007360147,-0.07363092498849921,-0.00956762609717332,6,118.0,91.0,119.0,-29.33582
2019-09-25,09:30,P,10950.0,10865.93,10841.0,-0.04599816007360147,-0.07363092498849921,-0.00956762609717332,6,82.0,109.0,83.0,24.700180000000003
2019-09-25,10:00,C,10750.0,10841.8,10841.0,-0.04599816007360147,-0.4141739530602817,-0.060683864732158366,7,88.0,91.0,89.0,0.69418
2019-09-25,10:00,P,10950.0,10841.8,10841.0,-0.04599816007360147,-0.4141739530602817,-0.060683864732158366,7,114.0,109.0,115.0,-7.3318200000000004
2019-10-02,09:30,C,10850.0,10950.4,10953.0,0.11923323855820289,0.17405643092707201,-0.10810870037637477,5,91.0,103.0,92.0,9.688939999999999
2019-10-02,09:30,P,11050.0,10950.4,10953.0,0.11923323855820289,0.17405643092707201,-0.10810870037637477,5,110.0,97.0,111.0,-15.330060000000001
2019-10-02,10:00,C,10850.0,10958.23,10953.0,0.11923323855820289,0.21986075485525003,-0.08925980078089424,5,98.0,103.0,99.0,2.68194
2019-10-02,10:00,P,11050.0,10958.23,10953.0,0.11923323855820289,0.21986075485525003,-0.08925980078089424,5,102.0,97.0,103.0,-7.32206
2019-10-09,09:30,C,10850.0,10968.41,10911.0,0.09129918743722154,-0.09121590805436508,-0.04739120528595153,5,119.0,61.0,120.0,-60.33822
2019-10-09,09:30,P,11100.0,10968.41,10911.0,0.09129918743722154,-0.09121590805436508,-0.04739120528595153,5,133.0,189.0,134.14985590778096,53.49777423631126
2019-10-09,10:00,C,10850.0,10949.76,10911.0,0.09129918743722154,-0.14594545288698635,0.07735279908454018,4,109.0,61.0,110.0,-50.32822
2019-10-09,10:00,P,11050.0,10949.76,10911.0,0.09129918743722154,-0.14594545288698635,0.07735279908454018,4,92.0,139.0,93.0,44.688779999999994
2019-10-16,09:30,C,11050.0,11141.06,11146.0,-0.09848688333781164,-0.11650833482702572,0.00071786091804249,7,95.0,96.0,96.0,-1.3189199999999999
2019-10-16,09:30,P,11250.0,11141.06,11146.0,-0.09848688333781164,-0.11650833482702572,0.00071786091804249,7,105.0,104.0,106.0,-3.32892
2019-10-16,10:00,C,11000.0,11133.28,11146.0,-0.09848688333781164,-0.13443269403118352,0.08587206858268193,5,144.0,146.0,145.0,-0.36792
2019-10-16,10:00,P,11250.0,11133.28,11146.0,-0.09848688333781164,-0.13443269403118352,0.08587206858268193,5,107.0,104.0,108.0,-5.33092
2019-10-23,09:30,C,11150.0,11266.0,11217.0,-0.035622050048977894,0.13363028953230494,-0.09452131389062757,6,109.0,67.0,110.0,-44.33434
2019-10-23,09:30,P,11400.0,11266.0,11217.0,-0.035622050048977894,0.13363028953230494,-0.09452131389062757,6,138.0,183.0,139.19308357348703,42.443383342939484
2019-10-23,10:00,C,11150.0,11257.07,11217.0,-0.035622050048977894,0.062360801781746744,-0.07107257398211164,5,99.0,67.0,100.0,-34.32434
2019-10-23,10:00,P,11350.0,11257.07,11217.0,-0.035622050048977894,0.062360801781746744,-0.07107257398211164,5,101.0,133.0,102.0,29.673659999999998
2019-10-30,09:30,C,11200.0,11322.78,11368.0,-0.07067137809186885,-0.008840169731261227,-0.018811385392303315,5,120.0,168.0,121.0,45.65164
2019-10-30,09:30,P,11450.0,11322.78,11368.0,-0.07067137809186885,-0.008840169731261227,-0.018811385392303315,5,128.0,82.0,129.10662824207492,-48.46309487031699
2019-10-30,10:00,C,11200.0,11326.63,11368.0,-0.07067137809186885,-0.035360678925033806,-0.06594821079060065,5,118.0,168.0,119.0,47.65364
2019-10-30,10:00,P,11450.0,11326.63,11368.0,-0.07067137809186885,-0.035360678925033806,-0.06594821079060065,5,129.0,82.0,130.0487804878049,-49.40618926829269
2019-11-06,09:30,C,11500.0,11633.74,11655.0,-0.03434065934065922,-0.0858811405015425,0.01512724072252336,6,139.0,155.0,140.0,13.6269
2019-11-06,09:30,P,11750.0,11633.74,11655.0,-0.03434065934065922,-0.0858811405015425,0.01512724072252336,6,114.0,95.0,115.0,-21.3481
2019-11-06,10:00,C,11550.0,11651.29,11655.0,-0.03434065934065922,0.051528684300916616,-0.009611159929712176,6,103.0,105.0,104.0,-0.33710000000000007
2019-11-06,10:00,P,11750.0,11651.29,11655.0,-0.03434065934065922,0.051528684300916616,-0.009611159929712176,6,97.0,95.0,98.0,-4.3311
2019-11-13,09:30,C,11400.0,11508.24,11476.0,-0.1567807682257616,0.25298787402947553,-0.08525608546813834,6,98.0,76.0,99.0,-24.32852
2019-11-13,09:30,P,11600.0,11508.24,11476.0,-0.1567807682257616,0.25298787402947553,-0.08525608546813834,6,102.0,124.0,103.0,19.667479999999998
2019-11-13,10:00,C,11350.0,11445.56,11476.0,-0.1567807682257616,-0.18319811567651945,-0.0027959026047352786,7,97.0,126.0,98.0,26.67248
2019-11-13,10:00,P,11550.0,11445.56,11476.0,-0.1567807682257616,-0.18319811567651945,-0.0027959026047352786,7,105.0,74.0,106.0,-33.33552
2019-11-20,09:30,C,11500.0,11596.83,11608.0,-0.060199518403847296,-0.15489200585147023,0.05027261901373592,7,103.0,108.0,104.0,2.66384
2019-11-20,09:30,P,11700.0,11596.83,11608.0,-0.060199518403847296,-0.15489200585147023,0.05027261901373592,7,99.0,92.0,100.0,-9.33216
2019-11-20,10:00,C,11500.0,11613.29,11608.0,-0.060199518403847296,-0.09465622579812871,-0.02497212164007112,6,110.0,108.0,111.0,-4.34316
2019-11-20,10:00,P,11750.0,11613.29,11608.0,-0.060199518403847296,-0.09465622579812871,-0.02497212164007112,6,133.0,142.0,134.08130081300814,6.55245788617885
2019-11-27,09:30,C,11500.0,11613.6,11641.0,-0.12040939193257438,0.025833118057350113,0.006285966708485802,5,116.0,141.0,117.0,22.65018
2019-11-27,09:30,P,11750.0,11613.6,11641.0,-0.12040939193257438,0.025833118057350113,0.006285966708485802,5,135.0,109.0,136.1671469740634,-28.536134121037463
2019-11-27,10:00,C,11500.0,11610.66,11641.0,-0.12040939193257438,0.017222078704892674,0.012058881797116783,5,110.0,141.0,111.0,28.65618
2019-11-27,10:00,P,11750.0,11610.66,11641.0,-0.12040939193257438,0.017222078704892674,0.012058881797116783,5,142.0,109.0,143.15447154471545,-35.530446016260164
2019-12-04,09:30,C,11400.0,11497.35,11474.0,0.09581046947129135,-0.07831534980856647,-0.07306444457976236,5,90.0,74.0,91.0,-18.32048
2019-12-04,09:30,P,11600.0,11497.35,11474.0,0.09581046947129135,-0.07831534980856647,-0.07306444457976236,5,110.0,126.0,111.0,13.659519999999999
2019-12-04,10:00,C,11400.0,11491.97,11474.0,0.09581046947129135,-0.034806822137134485,-0.011834566680823944,5,91.0,74.0,92.0,-19.321479999999998
2019-12-04,10:00,P,11600.0,11491.97,11474.0,0.09581046947129135,-0.034806822137134485,-0.011834566680823944,5,108.0,126.0,109.0,15.661519999999998
2019-12-11,09:30,C,11500.0,11640.78,11680.0,-0.129143349117522,0.16379310344827314,-0.14874380827408218,6,121.0,180.0,122.0,56.6444
2019-12-11,09:30,P,11750.0,11640.78,11680.0,-0.129143349117522,0.16379310344827314,-0.14874380827408218,6,128.0,70.0,129.10662824207492,-60.469334870317
2019-12-11,10:00,C,11550.0,11648.36,11680.0,-0.129143349117522,0.31896551724137634,-0.0815657183578622,6,89.0,130.0,90.0,38.676399999999994
2019-12-11,10:00,P,11750.0,11648.36,11680.0,-0.129143349117522,0.31896551724137634,-0.0815657183578622,6,113.0,70.0,114.0,-45.3476
2019-12-18,09:30,C,11950.0,12081.77,12119.0,-0.008279516476239479,0.08280202036929918,0.02466281055073516,6,137.0,169.0,138.0,29.619619999999998
2019-12-18,09:30,P,12200.0,12081.77,12119.0,-0.008279516476239479,0.08280202036929918,0.02466281055073516,6,113.0,81.0,114.0,-34.356379999999994
2019-12-18,10:00,C,11950.0,12081.7,12119.0,-0.008279516476239479,0.09108222240623576,0.04270659366772955,6,136.0,169.0,137.0,30.62062
2019-12-18,10:00,P,12200.0,12081.7,12119.0,-0.008279516476239479,0.09108222240623576,0.04270659366772955,6,112.0,81.0,113.0,-33.35538
2019-12-25,09:30,C,11900.0,11997.83,12016.0,0.008341675008338711,0.07506881307866031,0.012089831617823066,5,96.0,116.0,97.0,17.662679999999998
2019-12-25,09:30,P,12100.0,11997.83,12016.0,0.008341675008338711,0.07506881307866031,0.012089831617823066,5,104.0,84.0,105.0,-22.34532
2019-12-25,10:00,C,11850.0,11994.4,12016.0,0.008341675008338711,0.04170489615480388,-0.029265634701308718,6,138.0,166.0,139.0,25.62068
2019-12-25,10:00,P,12100.0,11994.4,12016.0,0.008341675008338711,0.04170489615480388,-0.029265634701308718,6,111.0,84.0,112.0,-29.35232
2020-01-02,09:30,C,11900.0,12036.03,12102.0,0.4168751042187724,-0.08302889405512603,0.03206901651138239,5,140.0,202.0,141.0,59.61696
2020-01-02,09:30,P,12150.0,12036.03,12102.0,0.4168751042187724,-0.08302889405512603,0.03206901651138239,5,110.0,48.0,111.0,-64.35304
2020-01-02,10:00,C,11950.0,12061.73,12102.0,0.4168751042187724,0.13284623048821498,0.047612095794868914,6,112.0,152.0,113.0,37.64496
2020-01-02,10:00,P,12200.0,12061.73,12102.0,0.4168751042187724,0.13284623048821498,0.047612095794868914,6,138.0,98.0,139.1219512195122,-42.503113170731716
2020-01-08,09:30,C,11700.0,11812.25,11840.0,-1.5115888478333894,0.5883356070941259,-0.05316770938071369,6,110.0,140.0,111.0,27.6522
2020-01-08,09:30,P,11950.0,11812.25,11840.0,-1.5115888478333894,0.5883356070941259,-0.05316770938071369,6,143.0,110.0,144.23631123919307,-35.617347550432264
2020-01-08,10:00,C,11700.0,11805.85,11840.0,-1.5115888478333894,0.6224420190996005,0.006182788640951564,6,109.0,140.0,110.0,28.653200000000002
2020-01-08,10:00,P,11900.0,11805.85,11840.0,-1.5115888478333894,0.6224420190996005,0.006182788640951564,6,92.0,60.0,93.0,-34.329800000000006
2020-01-15,09:30,C,12000.0,12131.4,12063.0,-0.1314168377823388,-0.12336540833950416,0.06773136192772533,7,144.0,63.0,145.00981767180926,-83.39608748948106
2020-01-15,09:30,P,12250.0,12131.4,12063.0,-0.1314168377823388,-0.12336540833950416,0.06773136192772533,7,107.0,187.0,108.0,77.65074
2020-01-15,10:00,C,12000.0,12130.59,12063.0,-0.1314168377823388,-0.06579488444773407,0.17692125684992677,8,151.0,63.0,152.0,-90.39326
2020-01-15,10:00,P,12250.0,12130.59,12063.0,-0.1314168377823388,-0.06579488444773407,0.17692125684992677,8,101.0,187.0,102.0,83.65674
2020-01-30,09:30,C,11500.0,11656.22,11436.0,-2.6951058201058253,-1.1045029736618472,0.09222915728288594,5,170.0,0.0,171.1921458625526,-171.86333800841516
2020-01-30,09:30,P,11750.0,11656.22,11436.0,-2.6951058201058253,-1.1045029736618472,0.09222915728288594,5,91.0,314.0,92.0,220.67927999999998
2020-01-30,10:00,C,11500.0,11628.41,11436.0,-2.6951058201058253,-1.282922684791843,0.1347559386778885,5,146.0,0.0,147.0,-147.647
2020-01-30,10:00,P,11750.0,11628.41,11436.0,-2.6951058201058253,-1.282922684791843,0.1347559386778885,5,112.0,314.0,113.0,199.65828
2020-02-05,09:30,C,11450.0,11565.37,11560.0,-0.16348304938909042,-0.6377660949754338,-0.101597457901903,7,111.0,110.0,112.0,-3.3432000000000004
2020-02-05,09:30,P,11700.0,11565.37,11560.0,-0.16348304938909042,-0.6377660949754338,-0.101597457901903,7,140.0,140.0,141.21037463976944,-2.58278501440921
2020-02-05,10:00,C,11450.0,11588.27,11560.0,-0.16348304938909042,-0.2413169008015137,0.06273336249960071,7,144.0,110.0,145.0,-36.376200000000004
2020-02-05,10:00,P,11700.0,11588.27,11560.0,-0.16348304938909042,-0.2413169008015137,0.06273336249960071,7,108.0,140.0,109.0,29.659799999999997
2020-02-12,09:30,C,11600.0,11733.49,11793.0,-0.09422648620867058,0.39440967161108453,-0.13697147294197132,7,117.0,193.0,118.0,73.64614
2020-02-12,09:30,P,11850.0,11733.49,11793.0,-0.09422648620867058,0.39440967161108453,-0.13697147294197132,7,137.0,57.0,138.1844380403458,-82.55848247838615
2020-02-12,10:00,C,11650.0,11745.03,11793.0,-0.09422648620867058,0.6259110006001878,-0.028863862189121292,7,94.0,143.0,95.0,46.66914
2020-02-12,10:00,P,11850.0,11745.03,11793.0,-0.09422648620867058,0.6259110006001878,-0.028863862189121292,7,109.0,57.0,110.0,-54.34586
2020-02-19,09:30,C,11550.0,11670.06,11760.0,0.3350803333619812,-0.2568933036478871,-0.16509288403382394,7,102.0,210.0,103.0,105.6618
2020-02-19,09:30,P,11800.0,11670.06,11760.0,0.3350803333619812,-0.2568933036478871,-0.16509288403382394,7,153.0,40.0,154.32276657060518,-115.71228933717579
2020-02-19,10:00,C,11600.0,11695.54,11760.0,0.3350803333619812,0.16269909231032553,0.012482217115361571,7,99.0,160.0,100.0,58.6648
2020-02-19,10:00,P,11800.0,11695.54,11760.0,0.3350803333619812,0.16269909231032553,0.012482217115361571,7,102.0,40.0,103.0,-64.3382
2020-02-26,09:30,C,11300.0,11435.87,11433.0,0.3614882736730829,0.28990600017571033,-0.10610830738894128,7,137.0,133.0,138.0,-6.3666599999999995
2020-02-26,09:30,P,11550.0,11435.87,11433.0,0.3614882736730829,0.28990600017571033,-0.10610830738894128,7,123.0,117.0,124.06340057636886,-8.416123976945233
2020-02-26,10:00,C,11350.0,11448.6,11433.0,0.3614882736730829,0.34261618202582333,-0.06684053944246982,7,93.0,83.0,94.0,-12.322659999999999
2020-02-26,10:00,P,11550.0,11448.6,11433.0,0.3614882736730829,0.34261618202582333,-0.06684053944246982,7,116.0,117.0,117.0,-1.34566
2020-03-04,09:30,C,11250.0,11340.35,11379.0,0.8262994224788933,-0.20267888614733387,-0.0221338240987079,6,92.0,129.0,93.0,34.67941999999999
2020-03-04,09:30,P,11450.0,11340.35,11379.0,0.8262994224788933,-0.20267888614733387,-0.0221338240987079,6,114.0,71.0,115.0,-45.342580000000005
2020-03-04,10:00,C,11200.0,11326.25,11379.0,0.8262994224788933,-0.3524850193866724,-0.03999706864750152,6,119.0,179.0,120.0,57.65242
2020-03-04,10:00,P,11450.0,11326.25,11379.0,0.8262994224788933,-0.3524850193866724,-0.03999706864750152,6,133.0,71.0,134.08130081300814,-64.44296211382115
2020-03-11,09:30,C,10900.0,11031.38,10907.0,-0.5975554549569995,-0.20038254850168746,-0.3334907571663437,6,100.0,7.0,101.0,-95.31914
2020-03-11,09:30,P,11150.0,11031.38,10907.0,-0.5975554549569995,-0.20038254850168746,-0.3334907571663437,6,158.0,243.0,159.36599423631122,82.25649976945246
2020-03-11,10:00,C,10900.0,11031.57,10907.0,-0.5975554549569995,-0.11840786956918148,-0.17433274436727264,6,111.0,7.0,112.0,-106.33014
2020-03-11,10:00,P,11150.0,11031.57,10907.0,-0.5975554549569995,-0.11840786956918148,-0.17433274436727264,6,149.0,243.0,150.21138211382114,91.42026650406503
2020-03-18,09:30,C,9300.0,9375.17,9264.0,-1.0982048574445624,-0.12812299807815064,-0.17059839601232807,6,91.0,0.0,92.0,-92.592
2020-03-18,09:30,P,9450.0,9375.17,9264.0,-1.0982048574445624,-0.12812299807815064,-0.17059839601232807,6,114.0,186.0,115.0,69.69972
2020-03-18,10:00,C,9400.0,9471.53,9264.0,-1.0982048574445624,0.9182148195601147,-0.27671023912279047,6,79.0,0.0,80.0,-80.58
2020-03-18,10:00,P,9550.0,9471.53,9264.0,-1.0982048574445624,0.9182148195601147,-0.27671023912279047,6,111.0,286.0,112.0,172.70272
2020-03-25,09:30,C,9550.0,9669.68,9625.0,-0.349465212326594,1.3390010626992632,-0.2435732348697539,5,114.0,75.0,115.0,-41.307500000000005
2020-03-25,09:30,P,9800.0,9669.68,9625.0,-0.349465212326594,1.3390010626992632,-0.2435732348697539,5,160.0,175.0,161.38328530259363,12.262831412103772
2020-03-25,10:00,C,9600.0,9712.26,9625.0,-0.349465212326594,1.8172157279489953,-0.25436832038673307,4,102.0,25.0,103.0,-79.29549999999999
2020-03-25,10:00,P,9800.0,9712.26,9625.0,-0.349465212326594,1.8172157279489953,-0.25436832038673307,4,117.0,175.0,118.0,55.689499999999995
2020-04-01,09:30,C,9600.0,9698.66,9684.0,0.13577023498694274,0.0,-0.21385985064868995,5,96.0,84.0,97.0,-14.29068
2020-04-01,09:30,P,9800.0,9698.66,9684.0,0.13577023498694274,0.0,-0.21385985064868995,5,125.0,116.0,126.08069164265129,-11.40045233429394
2020-04-01,10:00,C,9650.0,9724.88,9684.0,0.13577023498694274,0.39632874426365206,-0.11171333904586578,6,76.0,34.0,77.0,-44.27068
2020-04-01,10:00,P,9800.0,9724.88,9684.0,0.13577023498694274,0.39632874426365206,-0.11171333904586578,6,93.0,116.0,94.0,20.71232
2020-04-08,09:30,C,10000.0,10105.48,10131.0,-0.44026415849509615,1.266331658291464,-0.26093745516220235,6,89.0,131.0,90.0,39.70737999999999
2020-04-08,09:30,P,10200.0,10105.48,10131.0,-0.44026415849509615,1.266331658291464,-0.26093745516220235,6,124.0,69.0,125.07204610951008,-57.399738155619595
2020-04-08,10:00,C,9950.0,10059.1,10131.0,-0.44026415849509615,0.5728643216080354,-0.27768881745541263,6,84.0,181.0,85.0,94.71238000000001
2020-04-08,10:00,P,10150.0,10059.1,10131.0,-0.44026415849509615,0.5728643216080354,-0.27768881745541263,6,127.0,19.0,128.03252032520325,-110.36317284552845
2020-04-15,09:30,C,10300.0,10406.85,10451.0,-0.4042737510828731,0.38658548371508505,-0.1933301111648078,6,93.0,151.0,94.0,55.696979999999996
2020-04-15,09:30,P,10500.0,10406.85,10451.0,-0.4042737510828731,0.38658548371508505,-0.1933301111648078,6,117.0,49.0,118.0115273775216,-70.33855890489912
2020-04-15,10:00,C,10350.0,10431.23,10451.0,-0.4042737510828731,0.7828356045230578,-0.037194570743015465,6,83.0,101.0,84.0,15.70698
2020-04-15,10:00,P,10550.0,10431.23,10451.0,-0.4042737510828731,0.7828356045230578,-0.037194570743015465,6,121.0,99.0,122.0,-24.33102
2020-04-22,09:30,C,10100.0,10225.32,10285.0,0.1579622865040875,-0.03942828979792701,-0.049778052475252244,6,126.0,185.0,127.0,56.6673
2020-04-22,09:30,P,10350.0,10225.32,10285.0,0.1579622865040875,-0.03942828979792701,-0.049778052475252244,6,132.0,65.0,133.14121037463977,-69.48005158501441
2020-04-22,10:00,C,10100.0,10200.12,10285.0,0.1579622865040875,-0.27599802858551126,-0.06467512996271574,6,101.0,185.0,102.0,81.6923
2020-04-22,10:00,P,10300.0,10200.12,10285.0,0.1579622865040875,-0.27599802858551126,-0.06467512996271574,6,107.0,15.0,108.0,-94.3137
2020-04-29,09:30,C,10650.0,10757.23,10764.0,0.4999056781739286,0.6757390896292792,-0.13411491129177167,7,100.0,114.0,101.0,11.683720000000001
2020-04-29,09:30,P,10850.0,10757.23,10764.0,0.4999056781739286,0.6757390896292792,-0.13411491129177167,7,107.0,86.0,108.0,-23.32328
2020-04-29,10:00,C,10650.0,10745.45,10764.0,0.4999056781739286,0.4880337869544782,-0.13931581695186823,7,84.0,114.0,85.0,27.69972
2020-04-29,10:00,P,10850.0,10745.45,10764.0,0.4999056781739286,0.4880337869544782,-0.13931581695186823,7,120.0,86.0,121.0,-36.33628
2020-05-06,09:30,C,10650.0,10775.99,10757.0,-0.1592505854800974,0.45974854569337253,-0.1163260989755166,6,121.0,107.0,122.0,-16.33714
2020-05-06,09:30,P,10900.0,10775.99,10757.0,-0.1592505854800974,0.45974854569337253,-0.1163260989755166,6,133.0,143.0,134.14985590778096,7.500854236311259
2020-05-06,10:00,C,10700.0,10806.81,10757.0,-0.1592505854800974,0.8444361043347781,0.002961021848646439,6,111.0,57.0,112.0,-56.32714
2020-05-06,10:00,P,10900.0,10806.81,10757.0,-0.1592505854800974,0.8444361043347781,0.002961021848646439,6,93.0,143.0,94.0,47.69086
2020-05-13,09:30,C,10750.0,10846.96,10924.0,0.16720854621459225,0.5935268478160172,0.1314498941763942,7,116.0,174.0,117.0,55.66452
2020-05-13,09:30,P,10950.0,10846.96,10924.0,0.16720854621459225,0.5935268478160172,0.1314498941763942,7,89.0,26.0,90.0,-65.30848
2020-05-13,10:00,C,10750.0,10840.26,10924.0,0.16720854621459225,0.4636928498562565,0.07610946847915745,7,102.0,174.0,103.0,69.67852
2020-05-13,10:00,P,10950.0,10840.26,10924.0,0.16720854621459225,0.4636928498562565,0.07610946847915745,7,100.0,26.0,101.0,-76.31948
2020-05-27,09:30,C,10900.0,11024.27,11010.0,-0.06381620931716903,0.22806057288815573,-0.0416481790490586,6,119.0,110.0,120.0,-11.3402
2020-05-27,09:30,P,11150.0,11024.27,11010.0,-0.06381620931716903,0.22806057288815573,-0.0416481790490586,6,132.0,140.0,133.14121037463977,5.505448414985591
2020-05-27,10:00,C,10900.0,11017.44,11010.0,-0.06381620931716903,0.2645502645502562,-0.007260450510954142,6,120.0,110.0,121.0,-12.3412
2020-05-27,10:00,P,11150.0,11017.44,11010.0,-0.06381620931716903,0.2645502645502562,-0.007260450510954142,6,139.0,140.0,140.130081300813,-1.4904113821138165
2020-06-03,09:30,C,11150.0,11239.23,11321.0,0.32997413716222557,-0.19555555555555992,0.02037546011615099,6,93.0,171.0,94.0,75.67958
2020-06-03,09:30,P,11350.0,11239.23,11321.0,0.32997413716222557,-0.19555555555555992,0.02037546011615099,6,111.0,29.0,112.0,-84.33842
2020-06-03,10:00,C,11150.0,11247.29,11321.0,0.32997413716222557,-0.16000000000000458,0.07079683797840408,6,103.0,171.0,104.0,65.66958
2020-06-03,10:00,P,11350.0,11247.29,11321.0,0.32997413716222557,-0.16000000000000458,0.07079683797840408,6,100.0,29.0,101.0,-73.32742
2020-06-10,09:30,C,11550.0,11670.03,11714.0,0.22398345968297484,0.18050541516245744,0.043100235037663026,7,125.0,164.0,126.0,36.639720000000004
2020-06-10,09:30,P,11800.0,11670.03,11714.0,0.22398345968297484,0.18050541516245744,0.043100235037663026,7,132.0,86.0,133.14121037463977,-48.508631585014406
2020-06-10,10:00,C,11600.0,11720.91,11714.0,0.22398345968297484,0.6016847172081841,-0.03335548501519625,7,114.0,114.0,115.0,-2.3492800000000003
2020-06-10,10:00,P,11850.0,11720.91,11714.0,0.22398345968297484,0.6016847172081841,-0.03335548501519625,7,136.0,136.0,137.10569105691056,-2.4770767479674687
2020-06-24,09:30,C,11550.0,11680.51,11652.0,0.2954723211957999,0.051988562516247505,0.01078698781069587,6,132.0,102.0,133.0,-32.36604
2020-06-24,09:30,P,11800.0,11680.51,11652.0,0.2954723211957999,0.051988562516247505,0.01078698781069587,6,120.0,148.0,121.03746397694523,25.60845855907782
2020-06-24,10:00,C,11550.0,11674.1,11652.0,0.2954723211957999,-0.06931808335499667,0.008651786165536635,7,128.0,102.0,129.0,-28.36204
2020-06-24,10:00,P,11800.0,11674.1,11652.0,0.2954723211957999,-0.06931808335499667,0.008651786165536635,7,124.0,148.0,125.0081300813008,21.633821788617894
2020-07-01,09:30,C,11600.0,11707.54,11702.0,0.017421602787459634,0.8535098414910403,-0.07819276439194889,7,95.0,102.0,96.0,4.66996
2020-07-01,09:30,P,11800.0,11707.54,11702.0,0.017421602787459634,0.8535098414910403,-0.07819276439194889,7,107.0,98.0,108.0,-11.34204
2020-07-01,10:00,C,11600.0,11708.8,11702.0,0.017421602787459634,0.827381989200493,-0.109692587378174,5,94.0,102.0,95.0,5.67096
2020-07-01,10:00,P,11850.0,11708.8,11702.0,0.017421602787459634,0.827381989200493,-0.109692587378174,5,155.0,148.0,156.260162601626,-9.650462764227633
2020-07-08,09:30,C,12050.0,12152.0,12180.0,0.4002334695238918,0.4733826094178273,-0.10238817959743463,7,92.0,130.0,93.0,35.663399999999996
2020-07-08,09:30,P,12250.0,12152.0,12180.0,0.4002334695238918,0.4733826094178273,-0.10238817959743463,7,112.0,70.0,113.0,-44.3566
2020-07-08,10:00,C,12050.0,12156.73,12180.0,0.4002334695238918,0.4318578191180089,-0.1902298226386545,7,83.0,130.0,84.0,44.672399999999996
2020-07-08,10:00,P,12300.0,12156.73,12180.0,0.4002334695238918,0.4318578191180089,-0.1902298226386545,7,172.0,120.0,173.39837398373984,-54.81537235772358
2020-07-15,09:30,C,12150.0,12274.59,12220.0,0.3506768879464994,-0.2194229987809826,0.05891402626441167,8,130.0,70.0,131.0,-62.3754
2020-07-15,09:30,P,12400.0,12274.59,12220.0,0.3506768879464994,-0.2194229987809826,0.05891402626441167,8,122.0,180.0,123.05475504322766,55.577790201729115
2020-07-15,10:00,C,12150.0,12286.15,12220.0,0.3506768879464994,-0.1381552214546944,0.010906359139895017,6,140.0,70.0,141.0,-72.3854
2020-07-15,10:00,P,12400.0,12286.15,12220.0,0.3506768879464994,-0.1381552214546944,0.010906359139895017,6,110.0,180.0,111.0,67.6446
2020-09-16,09:30,C,12800.0,12950.39,12969.0,-0.007724393635100135,0.03862495171880198,-0.0016216579367345219,2,148.0,169.0,149.03786816269283,18.553713969144475
2020-09-16,09:30,P,12850.0,12950.39,12969.0,-0.007724393635100135,0.03862495171880198,-0.0016216579367345219,2,5.0,0.0,5.1,-5.605099999999999
2020-09-16,10:00,C,12850.0,12997.68,12969.0,-0.007724393635100135,0.36307454615682744,-0.0642315103635882,1,143.0,119.0,144.0,-26.40338
2020-09-16,10:00,P,12850.0,12997.68,12969.0,-0.007724393635100135,0.36307454615682744,-0.0642315103635882,1,1.5,0.0,1.6,-2.1016000000000004
2020-09-30,09:30,C,12400.0,12514.86,12529.0,0.0,0.2729608220937596,-0.05473410014341651,7,110.0,129.0,111.0,16.63842
2020-09-30,09:30,P,12650.0,12514.86,12529.0,0.0,0.2729608220937596,-0.05473410014341651,7,144.0,121.0,145.2449567723343,-25.640781729106624
2020-09-30,10:00,C,12400.0,12540.34,12529.0,0.0,0.4736673089274168,-0.07623507196079515,7,133.0,129.0,134.0,-6.384580000000001
2020-09-30,10:00,P,12650.0,12540.34,12529.0,0.0,0.4736673089274168,-0.07623507196079515,7,119.0,121.0,120.0,-0.37058
2020-10-07,09:30,C,12550.0,12682.54,12759.0,0.15873015873015817,0.3011093502377271,0.0152657318964744,8,128.0,209.0,129.0,78.61582
2020-10-07,09:30,P,12800.0,12682.54,12759.0,0.15873015873015817,0.3011093502377271,0.0152657318964744,8,125.0,41.0,126.08069164265129,-86.46195233429394
2020-10-07,10:00,C,12550.0,12684.01,12759.0,0.15873015873015817,0.4278922345483327,0.05400398131540918,6,143.0,209.0,144.0,63.60081999999999
2020-10-07,10:00,P,12800.0,12684.01,12759.0,0.15873015873015817,0.4278922345483327,0.05400398131540918,6,108.0,41.0,109.0,-69.36417999999999
2020-10-14,09:30,C,12800.0,12924.65,12900.0,0.2634433596776731,-0.262751159196295,0.05289875919927134,8,138.0,100.0,139.0,-40.397000000000006
2020-10-14,09:30,P,13050.0,12924.65,12900.0,0.2634433596776731,-0.262751159196295,0.05289875919927134,8,118.0,150.0,119.02017291066282,29.602806916426516
2020-10-14,10:00,C,12800.0,12918.81,12900.0,0.2634433596776731,-0.34003091190107915,0.05712949817385793,8,126.0,100.0,127.0,-28.384999999999998
2020-10-14,10:00,P,13050.0,12918.81,12900.0,0.2634433596776731,-0.34003091190107915,0.05712949817385793,8,125.0,150.0,126.01626016260163,22.599723577235775
2020-10-21,09:30,C,12800.0,12932.43,12860.0,0.21742506600404,0.18596001859600975,-0.060752167484295905,8,132.0,60.0,133.0,-74.3902
2020-10-21,09:30,P,13050.0,12932.43,12860.0,0.21742506600404,0.18596001859600975,-0.060752167484295905,8,121.0,190.0,122.04610951008645,66.57464438040347
2020-10-21,10:00,C,12800.0,12933.14,12860.0,0.21742506600404,0.2247016891368414,0.01546359868869196,8,137.0,60.0,138.0,-79.3952
2020-10-21,10:00,P,13050.0,12933.14,12860.0,0.21742506600404,0.2247016891368414,0.01546359868869196,8,116.0,190.0,117.0,71.6258
2020-10-28,09:30,C,12750.0,12863.7,12771.0,-0.12503907471084208,0.15649452269170805,-0.08797754241107736,7,107.0,21.0,108.0,-88.36342
2020-10-28,09:30,P,13000.0,12863.7,12771.0,-0.12503907471084208,0.15649452269170805,-0.08797754241107736,7,147.0,229.0,148.27089337175792,79.32541573487032
2020-10-28,10:00,C,12700.0,12845.98,12771.0,-0.12503907471084208,0.03129890453834605,-0.03292923017998994,7,143.0,71.0,144.0,-74.39942
2020-10-28,10:00,P,12950.0,12845.98,12771.0,-0.12503907471084208,0.03129890453834605,-0.03292923017998994,7,108.0,179.0,109.0,68.63558
2020-11-04,09:30,C,12600.0,12741.7,12865.0,-0.03131360576170694,-0.7752545027407964,-0.18545507913821924,7,132.0,265.0,133.0,130.6097
2020-11-04,09:30,P,12850.0,12741.7,12865.0,-0.03131360576170694,-0.7752545027407964,-0.18545507913821924,7,135.0,0.0,136.1671469740634,-136.80331412103746
2020-11-04,10:00,C,12650.0,12795.18,12865.0,-0.03131360576170694,-0.20360219263899637,-0.07635634105416234,7,142.0,215.0,143.0,70.5997
2020-11-04,10:00,P,12900.0,12795.18,12865.0,-0.03131360576170694,-0.20360219263899637,-0.07635634105416234,7,117.0,35.0,118.0,-84.3753
2020-11-11,09:30,C,13000.0,13131.67,13249.0,0.0687442713107167,0.24425616365162384,-0.05671027141003204,7,134.0,249.0,135.0,112.60002
2020-11-11,09:30,P,13250.0,13131.67,13249.0,0.0687442713107167,0.24425616365162384,-0.05671027141003204,7,118.0,1.0,119.02017291066282,-119.40417308357348
2020-11-11,10:00,C,13000.0,13153.5,13249.0,0.0687442713107167,0.47324631707503784,-0.04310895388938141,8,148.0,249.0,149.0,98.58602
2020-11-11,10:00,P,13300.0,13153.5,13249.0,0.0687442713107167,0.47324631707503784,-0.04310895388938141,8,154.0,51.0,155.2520325203252,-105.67226455284552
2020-11-18,09:30,C,13550.0,13685.0,13756.0,-0.10259416678880529,0.40346244131455045,0.030405267127808777,7,137.0,206.0,138.0,66.58688
2020-11-18,09:30,P,13800.0,13685.0,13756.0,-0.10259416678880529,0.40346244131455045,0.030405267127808777,7,117.0,44.0,118.0115273775216,-75.40465890489912
2020-11-18,10:00,C,13550.0,13669.39,13756.0,-0.10259416678880529,0.2787558685446001,0.03454008992131996,7,121.0,206.0,122.0,82.60288
2020-11-18,10:00,P,13800.0,13669.39,13756.0,-0.10259416678880529,0.2787558685446001,0.03454008992131996,7,132.0,44.0,133.0731707317073,-90.48136390243901
2020-11-25,09:30,C,13750.0,13870.06,13753.0,0.11535688536410404,-0.12242546449661162,0.1080035068695473,7,138.0,3.0,139.0,-137.41406
2020-11-25,09:30,P,14000.0,13870.06,13753.0,0.11535688536410404,-0.12242546449661162,0.1080035068695473,7,115.0,247.0,116.0,129.60894
2020-11-25,10:00,C,13700.0,13857.04,13753.0,0.11535688536410404,-0.25925392481636056,0.052613687786484675,7,163.0,53.0,164.03164556962025,-112.47073721518987
2020-11-25,10:00,P,14000.0,13857.04,13753.0,0.11535688536410404,-0.25925392481636056,0.052613687786484675,7,139.0,247.0,140.130081300813,105.45472861788619
2020-12-02,09:30,C,13800.0,13938.3,13981.0,0.050269299820460134,-0.272753373528567,-0.16778583695206684,8,116.0,181.0,117.0,62.60338
2020-12-02,09:30,P,14100.0,13938.3,13981.0,0.050269299820460134,-0.272753373528567,-0.16778583695206684,8,192.0,119.0,193.65994236311238,-76.13322230547548
2020-12-02,10:00,C,13750.0,13907.59,13981.0,0.050269299820460134,-0.3229974160206761,-0.010209055576076986,8,158.0,231.0,159.0,70.56138
2020-12-02,10:00,P,14050.0,13907.59,13981.0,0.050269299820460134,-0.3229974160206761,-0.010209055576076986,8,141.0,69.0,142.14634146341464,-74.56810780487805
2020-12-09,09:30,C,14250.0,14387.5,14398.0,0.16727069974908915,-0.027831895352070646,0.0013554006966565169,8,142.0,148.0,143.0,3.56904
2020-12-09,09:30,P,14550.0,14387.5,14398.0,0.16727069974908915,-0.027831895352070646,0.0013554006966565169,8,158.0,152.0,159.36599423631122,-8.813320230547534
2020-12-09,10:00,C,14200.0,14361.2,14398.0,0.16727069974908915,-0.22265516281658737,0.036275299584542786,7,170.0,198.0,171.0759493670886,25.465014683544297
2020-12-09,10:00,P,14500.0,14361.2,14398.0,0.16727069974908915,-0.22265516281658737,0.036275299584542786,7,123.0,102.0,124.0,-23.41196
2020-12-16,09:30,C,14100.0,14243.98,14323.0,-0.02816504717645385,0.28172982110157285,0.021074001355758654,8,143.0,223.0,144.00280504908835,77.56673214586256
2020-12-16,09:30,P,14400.0,14243.98,14323.0,-0.02816504717645385,0.28172982110157285,0.021074001355758654,8,162.0,77.0,163.40057636887607,-87.85043694524495
2020-12-16,10:00,C,14150.0,14272.95,14323.0,-0.02816504717645385,0.5845893787857381,0.03334713456338845,8,131.0,173.0,132.0,39.581540000000004
2020-12-16,10:00,P,14400.0,14272.95,14323.0,-0.02816504717645385,0.5845893787857381,0.03334713456338845,8,120.0,77.0,121.0,-45.40746
2020-12-30,09:30,C,14350.0,14477.07,14652.0,-0.07606140229566849,0.14531866306830565,0.0690395562137347,8,146.0,302.0,147.02384291725105,153.5360932398317
2020-12-30,09:30,P,14600.0,14477.07,14652.0,-0.07606140229566849,0.14531866306830565,0.0690395562137347,8,105.0,0.0,106.0,-106.606
2020-12-30,10:00,C,14400.0,14549.67,14652.0,-0.07606140229566849,0.6089543976195433,-0.02845362780318217,8,144.0,252.0,145.0,105.56196
2020-12-30,10:00,P,14700.0,14549.67,14652.0,-0.07606140229566849,0.6089543976195433,-0.02845362780318217,8,154.0,48.0,155.2520325203252,-108.70032455284553
2021-01-13,09:30,C,15450.0,15627.52,15760.0,0.12872497908218428,0.5720897345246501,0.047731047702903595,9,191.0,310.0,192.33941093969145,116.15304964936885
2021-01-13,09:30,P,15800.0,15627.52,15760.0,0.12872497908218428,0.5720897345246501,0.047731047702903595,9,167.0,40.0,168.44380403458212,-129.9274478386167
2021-01-13,10:00,C,15500.0,15657.62,15760.0,0.12872497908218428,0.7649289708812734,-0.0379142321346726,9,166.0,260.0,167.0506329113924,91.4671164556962
2021-01-13,10:00,P,15800.0,15657.62,15760.0,0.12872497908218428,0.7649289708812734,-0.0379142321346726,9,140.0,40.0,141.1382113821138,-102.59454959349593
2021-01-20,09:30,C,15750.0,15888.03,15766.0,0.18273471959673326,-0.24529844644317622,-0.15163159753235345,10,130.0,16.0,131.0,-116.44632
2021-01-20,09:30,P,16050.0,15888.03,15766.0,0.18273471959673326,-0.24529844644317622,-0.15163159753235345,10,194.0,284.0,195.6772334293948,86.81176933717582
2021-01-20,10:00,C,15750.0,15904.15,15766.0,0.18273471959673326,0.031448518774768175,-0.0661638715101387,9,164.0,16.0,165.0379746835443,-150.51833265822785
2021-01-20,10:00,P,16050.0,15904.15,15766.0,0.18273471959673326,0.031448518774768175,-0.0661638715101387,9,151.0,284.0,152.22764227642276,130.30481008130081
2021-01-27,09:30,C,15650.0,15817.44,15749.0,0.17199643266658793,0.356120826709061,-0.04653703741173132,9,166.0,99.0,167.164095371669,-69.64623946704067
2021-01-27,09:30,P,16000.0,15817.44,15749.0,0.17199643266658793,0.356120826709061,-0.04653703741173132,9,194.0,251.0,195.6772334293948,53.81210933717582
2021-01-27,10:00,C,15650.0,15789.34,15749.0,0.17199643266658793,0.324324324324321,0.06269949840400635,9,154.0,99.0,155.0,-57.46998
2021-01-27,10:00,P,15950.0,15789.34,15749.0,0.17199643266658793,0.324324324324321,0.06269949840400635,9,153.0,201.0,154.2439024390244,45.28687365853658
2021-02-03,09:30,C,15600.0,15765.31,15767.0,0.25278058645095136,-0.7249117498739244,0.09737438070529514,10,188.0,167.0,189.31837307152875,-23.823031444600282
2021-02-03,09:30,P,15900.0,15765.31,15767.0,0.25278058645095136,-0.7249117498739244,0.09737438070529514,10,134.0,133.0,135.15850144092218,-3.608999942363102
2021-02-03,10:00,C,15650.0,15817.3,15767.0,0.25278058645095136,-0.54210791729703,-0.07981229260968226,10,175.0,117.0,176.10759493670886,-60.59904253164557
2021-02-03,10:00,P,16000.0,15817.3,15767.0,0.25278058645095136,-0.54210791729703,-0.07981229260968226,10,200.0,233.0,201.6260162601626,29.857017723577236
2021-02-17,09:30,C,16100.0,16275.3,16326.0,2.9568190452070375,-0.04919746633048616,-0.1455594237591784,8,162.0,226.0,163.13604488078542,61.37429907433379
2021-02-17,09:30,P,16400.0,16275.3,16326.0,2.9568190452070375,-0.04919746633048616,-0.1455594237591784,8,152.0,74.0,153.31412103746396,-80.79395515850143
2021-02-17,10:00,C,16100.0,16287.58,16326.0,2.9568190452070375,0.12299366582622095,-0.02830676427281187,8,188.0,226.0,189.18987341772151,35.29441670886076
2021-02-17,10:00,P,16500.0,16287.58,16326.0,2.9568190452070375,0.12299366582622095,-0.02830676427281187,8,217.0,174.0,218.7642276422764,-46.30951186991869
2021-03-03,09:30,C,15750.0,15912.62,16183.0,0.15649452269170805,-0.6937500000000041,0.08193291302922567,10,195.0,433.0,196.36746143057502,235.1125111079944
2021-03-03,09:30,P,16050.0,15912.62,16183.0,0.15649452269170805,-0.6937500000000041,0.08193291302922567,10,133.0,0.0,134.14985590778096,-134.78400576368875
2021-03-03,10:00,C,15850.0,15991.45,16183.0,0.15649452269170805,-0.13125000000000497,0.057339987356441746,9,152.0,333.0,153.0,178.52334000000002
2021-03-03,10:00,P,16150.0,15991.45,16183.0,0.15649452269170805,-0.13125000000000497,0.057339987356441746,9,153.0,0.0,154.2439024390244,-154.89814634146342
2021-03-10,09:30,C,15750.0,15921.09,15877.0,0.06262917266863788,-0.5507917631595416,-0.027699246186851934,10,174.0,127.0,175.2201963534362,-49.71295654978963
2021-03-10,09:30,P,16100.0,15921.09,15877.0,0.06262917266863788,-0.5507917631595416,-0.027699246186851934,10,188.0,223.0,189.62536023054753,31.86747440922192
2021-03-10,10:00,C,15750.0,15922.62,15877.0,0.06262917266863788,-0.7448206797271095,-0.19662688494280767,10,155.0,127.0,156.0,-30.47354
2021-03-10,10:00,P,16100.0,15922.62,15877.0,0.06262917266863788,-0.7448206797271095,-0.19662688494280767,10,206.0,223.0,207.6747967479675,13.799988455284542
2021-03-17,09:30,C,16150.0,16293.28,16177.0,-0.1286370597243458,-0.11653581943081859,-0.059350022125836954,9,139.0,27.0,140.0,-114.46354
2021-03-17,09:30,P,16450.0,16293.28,16177.0,-0.1286370597243458,-0.11653581943081859,-0.059350022125836954,9,172.0,273.0,173.48703170028818,98.01594126801153
2021-03-17,10:00,C,16150.0,16321.04,16177.0,-0.1286370597243458,0.08586849852796341,-0.023035884516697802,9,170.0,27.0,171.0759493670886,-145.5705653164557
2021-03-17,10:00,P,16500.0,16321.04,16177.0,-0.1286370597243458,0.08586849852796341,-0.023035884516697802,9,182.0,323.0,183.47967479674796,138.01330552845528
2021-03-24,09:30,C,15950.0,16088.59,16029.0,-0.17448744313578457,0.14982208627254412,0.018401048362415295,9,140.0,79.0,141.0,-63.46158
2021-03-24,09:30,P,16250.0,16088.59,16029.0,-0.17448744313578457,0.14982208627254412,0.018401048362415295,9,166.0,221.0,167.43515850144092,52.076826340057636
2021-03-24,10:00,C,15900.0,16075.68,16029.0,-0.17448744313578457,-0.03745552156814158,-0.07314861235341308,10,167.0,129.0,168.05696202531644,-40.545598987341755
2021-03-24,10:00,P,16250.0,16075.68,16029.0,-0.17448744313578457,-0.03745552156814158,-0.07314861235341308,10,188.0,221.0,189.52845528455285,29.9614362601626
2021-03-31,09:30,C,16350.0,16517.95,16444.0,0.0907715582450841,-0.20556227327690468,0.03987532757974144,9,181.0,94.0,182.26928471248246,-89.78043399719493
2021-03-31,09:30,P,16700.0,16517.95,16444.0,0.0907715582450841,-0.20556227327690468,0.03987532757974144,9,170.0,256.0,171.46974063400575,83.02990962536025
2021-03-31,10:00,C,16350.0,16526.93,16444.0,0.0907715582450841,-0.19347037484884755,0.04473958714865667,9,174.0,94.0,175.1012658227848,-82.60524708860758
2021-03-31,10:00,P,16700.0,16526.93,16444.0,0.0907715582450841,-0.19347037484884755,0.04473958714865667,9,178.0,256.0,179.4471544715447,75.04451837398375
2021-04-07,09:30,C,16650.0,16802.54,16793.0,0.19110182143924348,-0.047684329737140985,-0.12176063739253173,7,138.0,143.0,139.0,2.5251399999999995
2021-04-07,09:30,P,16950.0,16802.54,16793.0,0.19110182143924348,-0.047684329737140985,-0.12176063739253173,7,180.0,157.0,181.55619596541786,-26.073612161383274
2021-04-07,10:00,C,16600.0,16743.15,16793.0,0.19110182143924348,-0.40531680276568727,-0.07191047742823864,7,131.0,193.0,132.0,59.532140000000005
2021-04-07,10:00,P,16900.0,16743.15,16793.0,0.19110182143924348,-0.40531680276568727,-0.07191047742823864,7,170.0,107.0,171.3821138211382,-65.88935593495934
2021-04-14,09:30,C,16650.0,16830.81,16816.0,-0.01186098920650247,-0.2135231316725994,0.041473386622870034,10,187.0,166.0,188.31136044880785,-23.835991809256655
2021-04-14,09:30,P,17000.0,16830.81,16816.0,-0.01186098920650247,-0.2135231316725994,0.041473386622870034,10,163.0,184.0,164.40922190201726,18.09004887608072
2021-04-14,10:00,C,16700.0,16844.57,16816.0,-0.01186098920650247,-0.1423487544483959,0.0249957103561238,8,155.0,116.0,156.0,-41.49232
2021-04-14,10:00,P,17000.0,16844.57,16816.0,-0.01186098920650247,-0.1423487544483959,0.0249957103561238,8,150.0,184.0,151.21951219512195,31.29294829268293
2021-04-21,09:30,C,17050.0,17246.81,17232.0,-0.08121120714658092,0.0058055152394764775,-0.10872243886175248,10,172.0,182.0,173.20617110799438,7.275982720897627
2021-04-21,09:30,P,17400.0,17246.81,17232.0,-0.08121120714658092,0.0058055152394764775,-0.10872243886175248,10,185.0,168.0,186.5994236311239,-20.13066305475502
2021-04-21,10:00,C,17000.0,17181.12,17232.0,-0.08121120714658092,-0.3715529753265612,-0.1622937516905565,10,163.0,232.0,164.03164556962025,66.45968278481013
2021-04-21,10:00,P,17350.0,17181.12,17232.0,-0.08121120714658092,-0.3715529753265612,-0.1622937516905565,10,195.0,118.0,196.58536585365854,-80.1265912195122
2021-04-28,09:30,C,17400.0,17589.84,17544.0,0.03990650476026758,-0.022794620469568372,-0.06469445230860016,9,185.0,144.0,186.29733520336606,-43.83451253856943
2021-04-28,09:30,P,17750.0,17589.84,17544.0,0.03990650476026758,-0.022794620469568372,-0.06469445230860016,9,170.0,206.0,171.46974063400575,33.00790962536024
2021-04-28,10:00,C,17400.0,17591.72,17544.0,0.03990650476026758,0.05128789605652884,-0.046146536850166786,9,193.0,144.0,194.22151898734177,-51.766620506329105
2021-04-28,10:00,P,17750.0,17591.72,17544.0,0.03990650476026758,0.05128789605652884,-0.046146536850166786,9,167.0,206.0,168.35772357723576,36.123038699187006
2021-05-12,09:30,C,16350.0,16506.83,15901.0,-0.458411243138912,-0.24238017330182604,-0.03501591467263143,10,181.0,0.0,182.26928471248246,-182.95155399719494
2021-05-12,09:30,P,16650.0,16506.83,15901.0,-0.458411243138912,-0.24238017330182604,-0.03501591467263143,10,180.0,749.0,181.55619596541786,565.9442278386167
2021-05-12,10:00,C,16150.0,16330.25,15901.0,-0.458411243138912,-1.1391868145185668,0.1555594600170629,9,237.0,0.0,238.5,-239.2385
2021-05-12,10:00,P,16500.0,16330.25,15901.0,-0.458411243138912,-1.1391868145185668,0.1555594600170629,9,169.0,599.0,170.3739837398374,427.13762227642275
2021-05-19,09:30,C,15950.0,16126.93,16137.0,-0.25366577986759564,-0.22329735764793357,-0.2519122826923237,9,189.0,187.0,190.32538569424963,-4.838451079943882
2021-05-19,09:30,P,16300.0,16126.93,16137.0,-0.25366577986759564,-0.22329735764793357,-0.2519122826923237,9,213.0,163.0,214.8414985590778,-53.37908005763687
2021-05-19,10:00,C,15900.0,16069.56,16137.0,-0.25366577986759564,-0.35975685398833557,-0.09406756055588272,10,197.0,237.0,198.24683544303798,37.23217772151898
2021-05-19,10:00,P,16250.0,16069.56,16137.0,-0.25366577986759564,-0.35975685398833557,-0.09406756055588272,10,203.0,113.0,204.65040650406505,-93.17779691056911
2021-05-26,09:30,C,16450.0,16635.27,16636.0,0.30182301098635733,-0.13240250361097328,-0.13522947220822035,9,176.0,186.0,177.23422159887798,7.255824179523142
2021-05-26,09:30,P,16800.0,16635.27,16636.0,0.30182301098635733,-0.13240250361097328,-0.13522947220822035,9,198.0,164.0,199.71181556195964,-37.2442473775216
2021-05-26,10:00,C,16450.0,16605.62,16636.0,0.30182301098635733,-0.2768415984593209,-0.10260708711486988,9,150.0,186.0,151.0,33.516279999999995
2021-05-26,10:00,P,16750.0,16605.62,16636.0,0.30182301098635733,-0.2768415984593209,-0.10260708711486988,9,164.0,114.0,165.33333333333334,-52.83138666666668
2021-06-02,09:30,C,17050.0,17201.05,17178.0,0.01747437092265436,-0.22130336031681574,-0.25448146568307073,10,129.0,128.0,130.0,-3.47356
2021-06-02,09:30,P,17350.0,17201.05,17178.0,0.01747437092265436,-0.22130336031681574,-0.25448146568307073,10,188.0,172.0,189.62536023054753,-19.158545590778076
2021-06-02,10:00,C,17050.0,17214.52,17178.0,0.01747437092265436,-0.1747131791974832,-0.19983385905903983,8,138.0,128.0,139.0,-12.48256
2021-06-02,10:00,P,17400.0,17214.52,17178.0,0.01747437092265436,-0.1747131791974832,-0.19983385905903983,8,231.0,222.0,232.8780487804878,-12.45448682926829
2021-06-09,09:30,C,16850.0,17001.4,16947.0,-0.2172126335564184,0.005883391186678466,0.08881386437359362,10,186.0,97.0,187.30434782608697,-91.83059217391305
2021-06-09,09:30,P,17150.0,17001.4,16947.0,-0.2172126335564184,0.005883391186678466,0.08881386437359362,10,138.0,203.0,139.19308357348703,62.32878334293948
2021-06-09,10:00,C,16850.0,17039.52,16947.0,-0.2172126335564184,0.16473495322704146,0.00874438290774382,9,200.0,97.0,201.26582278481013,-105.80602860759493
2021-06-09,10:00,P,17200.0,17039.52,16947.0,-0.2172126335564184,0.16473495322704146,0.00874438290774382,9,157.0,253.0,158.27642276422765,93.22636081300813
2021-06-16,09:30,C,17150.0,17347.59,17346.0,-0.02885336718795317,0.1558531516970607,-0.06617904975179112,9,210.0,196.0,211.4726507713885,-17.031043422159875
2021-06-16,09:30,P,17500.0,17347.59,17346.0,-0.02885336718795317,0.1558531516970607,-0.06617904975179112,9,153.0,154.0,154.32276657060518,-1.8240093371757875
2021-06-16,10:00,C,17200.0,17384.12,17346.0,-0.02885336718795317,0.30016162549064695,-0.04434600003105915,9,182.0,146.0,183.15189873417722,-38.681970632911394
2021-06-16,10:00,P,17550.0,17384.12,17346.0,-0.02885336718795317,0.30016162549064695,-0.04434600003105915,9,167.0,204.0,168.35772357723576,34.126998699187006
2021-06-23,09:30,C,17000.0,17152.4,17347.0,-0.011694538650453001,-0.09941520467836584,0.12330779725049368,10,178.0,347.0,179.24824684431977,166.22556490883593
2021-06-23,09:30,P,17300.0,17152.4,17347.0,-0.011694538650453001,-0.09941520467836584,0.12330779725049368,10,131.0,0.0,132.13256484149855,-132.76469740634005
2021-06-23,10:00,C,17050.0,17235.54,17347.0,-0.011694538650453001,0.543859649122802,0.1423136969826433,10,205.0,297.0,206.29746835443038,89.14929417721518
2021-06-23,10:00,P,17400.0,17235.54,17347.0,-0.011694538650453001,0.543859649122802,0.1423136969826433,10,152.0,53.0,153.2357723577236,-101.73594813008131
2021-06-30,09:30,C,17550.0,17725.32,17776.0,0.1193928023196289,0.4145371947756882,-0.023018231793603405,9,178.0,226.0,179.24824684431977,45.21698490883592
2021-06-30,09:30,P,17900.0,17725.32,17776.0,0.1193928023196289,0.4145371947756882,-0.023018231793603405,9,180.0,124.0,181.55619596541786,-59.093272161383275
2021-06-30,10:00,C,17550.0,17725.32,17776.0,0.1193928023196289,0.47132311186826037,-0.04924224476948735,10,182.0,226.0,183.15189873417722,41.309429367088605
2021-06-30,10:00,P,17900.0,17725.32,17776.0,0.1193928023196289,0.47132311186826037,-0.04924224476948735,10,178.0,124.0,179.4471544715447,-56.98212162601625
2021-07-07,09:30,C,17750.0,17918.59,17799.0,-0.16805781188728997,0.14589529207114094,-0.1347690092664,9,152.0,49.0,153.06591865357643,-105.57496457223002
2021-07-07,09:30,P,18100.0,17918.59,17799.0,-0.16805781188728997,0.14589529207114094,-0.1347690092664,9,210.0,301.0,211.81556195965416,87.61664247838618
2021-07-07,10:00,C,17750.0,17918.15,17799.0,-0.16805781188728997,0.26373379720554535,-0.13428167674617297,9,153.0,49.0,154.0,-106.50998
2021-07-07,10:00,P,18100.0,17918.15,17799.0,-0.16805781188728997,0.26373379720554535,-0.13428167674617297,9,203.0,301.0,204.65040650406505,94.78896308943088
2021-07-14,09:30,C,17650.0,17825.73,17796.0,-0.10076130765785951,0.09525944189174851,0.18035605595245752,9,211.0,146.0,212.4796633941094,-68.0480630575035
2021-07-14,09:30,P,18000.0,17825.73,17796.0,-0.10076130765785951,0.09525944189174851,0.18035605595245752,9,148.0,204.0,149.2795389048991,53.21526155619599
2021-07-14,10:00,C,17600.0,17776.1,17796.0,-0.10076130765785951,-0.31939930516642345,0.04458119258343718,11,193.0,196.0,194.22151898734177,0.22833949367089112
2021-07-14,10:00,P,17950.0,17776.1,17796.0,-0.10076130765785951,-0.31939930516642345,0.04458119258343718,11,160.0,154.0,161.3008130081301,-8.818033821138222
2021-07-21,09:30,C,17450.0,17609.84,17431.0,0.022661605574758603,-0.27754177286887227,-0.03003925545803643,10,167.0,0.0,168.1711079943899,-168.8392791023843
2021-07-21,09:30,P,17800.0,17609.84,17431.0,0.022661605574758603,-0.27754177286887227,-0.03003925545803643,10,197.0,369.0,198.70317002881842,168.74950680115276
2021-07-21,10:00,C,17350.0,17544.17,17431.0,0.022661605574758603,-0.48145001416028954,0.15379774399573165,9,,81.0,,
2021-07-21,10:00,P,17700.0,17544.17,17431.0,0.022661605574758603,-0.48145001416028954,0.15379774399573165,9,138.0,269.0,139.1219512195122,128.39030682926827
2021-07-28,09:30,C,16700.0,16914.13,17074.0,0.16437712809673766,-1.3421638729340102,0.1848293401214285,7,,374.0,,
2021-07-28,09:30,P,17100.0,16914.13,17074.0,0.16437712809673766,-1.3421638729340102,0.1848293401214285,7,182.0,26.0,183.57348703170027,-159.09854051873197
2021-07-28,10:00,C,16800.0,16952.59,17074.0,0.16437712809673766,-1.4418004923221206,-0.04093926712811502,9,188.0,274.0,189.18987341772151,83.27945670886076
2021-07-28,10:00,P,17100.0,16952.59,17074.0,0.16437712809673766,-1.4418004923221206,-0.04093926712811502,9,177.0,26.0,178.4390243902439,-153.95894341463415
2021-08-04,09:30,C,17400.0,17591.8,17601.0,0.0,0.15436510205248943,-0.09324390428691043,10,176.0,201.0,177.23422159887798,22.236524179523144
2021-08-04,09:30,P,17750.0,17591.8,17601.0,0.0,0.15436510205248943,-0.09324390428691043,10,176.0,149.0,177.521613832853,-30.051155446685858
2021-08-04,10:00,C,17400.0,17587.15,17601.0,0.0,0.20010291006804515,-0.015636505269500667,7,189.0,201.0,190.19620253164555,9.261581265822802
2021-08-04,10:00,P,17750.0,17587.15,17601.0,0.0,0.20010291006804515,-0.015636505269500667,7,164.0,149.0,165.33333333333334,-17.850686666666675
2021-08-11,09:30,C,17100.0,17276.25,17170.0,-0.16236590316033306,0.0522739153162588,-0.04451019682882862,8,178.0,70.0,179.24824684431977,-110.77089509116409
2021-08-11,09:30,P,17450.0,17276.25,17170.0,-0.16236590316033306,0.0522739153162588,-0.04451019682882862,8,180.0,280.0,181.55619596541786,96.91884783861673
2021-08-11,10:00,C,17100.0,17278.85,17170.0,-0.16236590316033306,0.15101353313584642,0.03277219157949984,8,169.0,70.0,170.06962025316454,-101.5830898734177
2021-08-11,10:00,P,17450.0,17278.85,17170.0,-0.16236590316033306,0.15101353313584642,0.03277219157949984,8,179.0,280.0,180.45528455284554,98.02086016260161
2021-08-18,09:30,C,16350.0,16495.29,16785.0,0.31730534537466326,0.12773722627736905,-0.26836260034817094,10,144.0,435.0,145.00981767180926,288.50947251051895
2021-08-18,09:30,P,16650.0,16495.29,16785.0,0.31730534537466326,0.12773722627736905,-0.26836260034817094,10,196.0,0.0,197.69452449567723,-198.39221902017292
2021-08-18,10:00,C,16300.0,16472.85,16785.0,0.31730534537466326,0.042579075425797086,-0.14635973413642533,10,170.0,485.0,171.0759493670886,312.41727468354435
2021-08-18,10:00,P,16650.0,16472.85,16785.0,0.31730534537466326,0.042579075425797086,-0.14635973413642533,10,220.0,0.0,221.78861788617886,-222.51040650406503
2021-08-25,09:30,C,16750.0,16902.45,17010.0,-0.10112426387484108,0.33940693104679287,-0.09755381876761504,10,147.0,260.0,148.03085553997195,110.48091360448808
2021-08-25,09:30,P,17050.0,16902.45,17010.0,-0.10112426387484108,0.33940693104679287,-0.09755381876761504,10,170.0,40.0,171.46974063400575,-132.98141037463975
2021-08-25,10:00,C,16750.0,16926.75,17010.0,-0.10112426387484108,0.4346790520423971,-0.12500989563209997,10,166.0,260.0,167.0506329113924,91.44211645569621
2021-08-25,10:00,P,17100.0,16926.75,17010.0,-0.10112426387484108,0.4346790520423971,-0.12500989563209997,10,190.0,90.0,191.54471544715446,-103.0764601626016
2021-09-01,09:30,C,17300.0,17466.71,17484.0,0.08624159144483556,0.13212316176469674,0.01328395367106161,9,170.0,184.0,171.1921458625526,11.286981991584856
2021-09-01,09:30,P,17650.0,17466.71,17484.0,0.08624159144483556,0.13212316176469674,0.01328395367106161,9,199.0,166.0,200.72046109510086,-36.27086155619596
2021-09-01,10:00,C,17250.0,17446.26,17484.0,0.08624159144483556,0.09765625,0.14038291044511375,9,226.0,234.0,227.43037974683543,4.992509873417736
2021-09-01,10:00,P,17600.0,17446.26,17484.0,0.08624159144483556,0.09765625,0.14038291044511375,9,140.0,116.0,141.1382113821138,-26.629029593495922
2021-09-08,09:30,C,17250.0,17419.35,17192.0,-0.17216642754662725,-0.0919804541534952,-0.139263133845291,9,154.0,0.0,155.07994389901822,-155.73502384291723
2021-09-08,09:30,P,17600.0,17419.35,17192.0,-0.17216642754662725,-0.0919804541534952,-0.139263133845291,9,208.0,408.0,209.79827089337175,196.64809083573488
2021-09-08,10:00,C,17200.0,17387.38,17192.0,-0.17216642754662725,-0.15521701638402385,-0.04460818663697408,8,179.0,0.0,180.13291139240505,-180.81304430379745
2021-09-08,10:00,P,17550.0,17387.38,17192.0,-0.17216642754662725,-0.15521701638402385,-0.04460818663697408,8,166.0,358.0,167.34959349593495,189.1392169105691
2021-09-15,09:30,C,17200.0,17352.72,17382.0,0.017241379310339866,-0.4941676722404198,-0.19172731500504137,9,133.0,182.0,134.0,46.51836
2021-09-15,09:30,P,17550.0,17352.72,17382.0,0.017241379310339866,-0.4941676722404198,-0.19172731500504137,9,233.0,168.0,235.014409221902,-68.59706363112392
2021-09-15,10:00,C,17200.0,17354.29,17382.0,0.017241379310339866,-0.5114060794115916,-0.2415958578957711,10,125.0,182.0,126.0,54.526360000000004
2021-09-15,10:00,P,17550.0,17354.29,17382.0,0.017241379310339866,-0.5114060794115916,-0.2415958578957711,10,238.0,168.0,239.9349593495935,-73.5225343089431
2021-09-22,09:30,C,16800.0,16984.43,16916.0,-2.201696293714417,0.5464805464805433,-0.07095309735294375,9,183.0,116.0,184.28330995792427,-69.80591326788219
2021-09-22,09:30,P,17150.0,16984.43,16916.0,-2.201696293714417,0.5464805464805433,-0.07095309735294375,9,183.0,234.0,184.5821325648415,47.89496530259367
2021-09-22,10:00,C,16700.0,16916.93,16916.0,-2.201696293714417,0.13068013068013862,-0.04001472920313054,9,217.0,216.0,218.373417721519,-3.930111139240509
2021-09-22,10:00,P,17100.0,16916.93,16916.0,-2.201696293714417,0.13068013068013862,-0.04001472920313054,9,192.0,184.0,193.5609756097561,-11.092856585365855
2021-09-29,09:30,C,16700.0,16883.92,16823.0,0.23094688221709792,-0.6617038875103343,-0.09618437075048503,9,180.0,123.0,181.26227208976158,-59.779994361851344
2021-09-29,09:30,P,17050.0,16883.92,16823.0,0.23094688221709792,-0.6617038875103343,-0.09618437075048503,9,189.0,227.0,190.63400576368875,34.83890023054756
2021-09-29,10:00,C,16750.0,16897.81,16823.0,0.23094688221709792,-0.5435424790263488,-0.058172289396202226,10,145.0,73.0,146.0,-74.48246
2021-09-29,10:00,P,17050.0,16897.81,16823.0,0.23094688221709792,-0.5435424790263488,-0.058172289396202226,10,164.0,227.0,165.33333333333334,60.16487333333332
2021-10-06,09:30,C,16250.0,16438.52,16364.0,0.09115770282588365,-0.6253794778384947,-0.1515014100161305,10,160.0,114.0,161.1220196353436,-48.61042165497895
2021-10-06,09:30,P,16600.0,16438.52,16364.0,0.09115770282588365,-0.6253794778384947,-0.1515014100161305,10,199.0,236.0,200.72046109510086,33.75153844380404
2021-10-06,10:00,C,16250.0,16409.9,16364.0,0.09115770282588365,-0.8196721311475419,-0.23936704774549789,9,134.0,114.0,135.0,-22.46228
2021-10-06,10:00,P,16550.0,16409.9,16364.0,0.09115770282588365,-0.8196721311475419,-0.23936704774549789,9,173.0,186.0,174.40650406504065,10.09180943089431
2021-10-13,09:30,C,16300.0,16444.96,16370.0,0.566141109149565,-0.3995157384987902,0.11918588741797187,8,175.0,70.0,176.22720897615707,-107.73083618513323
2021-10-13,09:30,P,16600.0,16444.96,16370.0,0.566141109149565,-0.3995157384987902,0.11918588741797187,8,142.0,230.0,143.22766570605185,85.3017066282421
2021-10-13,10:00,C,16250.0,16427.34,16370.0,0.566141109149565,-0.526634382566582,0.07237528502714863,8,190.0,120.0,191.20253164556962,-72.72113417721519
2021-10-13,10:00,P,16600.0,16427.34,16370.0,0.566141109149565,-0.526634382566582,0.07237528502714863,8,165.0,230.0,166.34146341463415,62.16479512195122
2021-10-20,09:30,C,16750.0,16938.49,16882.0,-0.023561288802498304,-0.1355093383609285,0.08029330672632007,9,202.0,132.0,203.4165497896213,-72.95760633941093
2021-10-20,09:30,P,17100.0,16938.49,16882.0,-0.023561288802498304,-0.1355093383609285,0.08029330672632007,9,152.0,218.0,153.31412103746396,63.19492484149857
2021-10-20,10:00,C,16750.0,16913.32,16882.0,-0.023561288802498304,-0.3476109114475934,-0.0013599545420572845,9,174.0,132.0,175.1012658227848,-44.61400708860758
2021-10-20,10:00,P,17100.0,16913.32,16882.0,-0.023561288802498304,-0.3476109114475934,-0.0013599545420572845,9,192.0,218.0,193.5609756097561,22.907823414634144
2021-10-27,09:30,C,16850.0,17019.22,17059.0,-0.21201413427561766,0.2596789423984891,-0.09237104485049219,9,151.0,209.0,152.05890603085552,55.44785506311362
2021-10-27,09:30,P,17200.0,17019.22,17059.0,-0.21201413427561766,0.2596789423984891,-0.09237104485049219,9,203.0,141.0,204.75504322766568,-65.30097827089334
2021-10-27,10:00,C,16850.0,17014.99,17059.0,-0.21201413427561766,0.22426817752596584,-0.10690573429665284,8,148.0,209.0,149.0,58.50982
2021-10-27,10:00,P,17200.0,17014.99,17059.0,-0.21201413427561766,0.22426817752596584,-0.10690573429665284,8,199.0,141.0,200.6178861788618,-61.15968406504066
2021-11-03,09:30,C,16950.0,17124.4,17113.0,-0.18115942028985588,0.052690123529064437,-0.16965435480243984,8,150.0,163.0,151.05189340813465,10.45479469845722
2021-11-03,09:30,P,17300.0,17124.4,17113.0,-0.18115942028985588,0.052690123529064437,-0.16965435480243984,8,199.0,187.0,200.72046109510086,-15.263441556195959
2021-11-03,10:00,C,16950.0,17136.92,17113.0,-0.18115942028985588,0.1580703705871933,-0.1663019693654233,7,163.0,163.0,164.03164556962025,-2.5379372151898725
2021-11-03,10:00,P,17300.0,17136.92,17113.0,-0.18115942028985588,0.1580703705871933,-0.1663019693654233,7,205.0,187.0,206.66666666666666,-21.215593333333324
2021-11-10,09:30,C,17400.0,17566.35,17554.0,-0.01709109553922339,0.06267806267805653,-0.004328570387102104,8,159.0,154.0,160.11500701262273,-7.626202019635349
2021-11-10,09:30,P,17750.0,17566.35,17554.0,-0.01709109553922339,0.06267806267805653,-0.004328570387102104,8,189.0,196.0,190.63400576368875,3.8242802305475636
2021-11-10,10:00,C,17350.0,17546.12,17554.0,-0.01709109553922339,0.07407407407407085,0.059790262498726765,10,202.0,204.0,203.27848101265823,-0.8328394936708912
2021-11-10,10:00,P,17700.0,17546.12,17554.0,-0.01709109553922339,0.07407407407407085,0.059790262498726765,10,145.0,146.0,146.1788617886179,-1.676120650406512
2021-11-17,09:30,C,17550.0,17713.28,17723.0,-0.17472663735768057,0.0,-0.019308376222021417,8,165.0,173.0,166.1570827489481,5.322300168302938
2021-11-17,09:30,P,17900.0,17713.28,17723.0,-0.17472663735768057,0.0,-0.019308376222021417,8,185.0,177.0,186.5994236311239,-11.140483054755022
2021-11-17,10:00,C,17550.0,17714.01,17723.0,-0.17472663735768057,0.028231042854720556,0.020436528770906293,9,165.0,173.0,166.04430379746836,5.435191898734173
2021-11-17,10:00,P,17900.0,17714.01,17723.0,-0.17472663735768057,0.028231042854720556,0.020436528770906293,9,181.0,177.0,182.47154471544715,-7.008476260162599
2021-11-24,09:30,C,17500.0,17683.7,17650.0,-0.08513536523071519,0.3692342649397773,-0.08893170576438347,9,172.0,150.0,173.20617110799438,-24.732377279102376
2021-11-24,09:30,P,17850.0,17683.7,17650.0,-0.08513536523071519,0.3692342649397773,-0.08893170576438347,9,182.0,200.0,183.57348703170027,14.889939481268032
2021-11-24,10:00,C,17500.0,17686.27,17650.0,-0.08513536523071519,0.43740059077481686,-0.03753535191371449,8,184.0,150.0,185.1645569620253,-36.702721518987325
2021-11-24,10:00,P,17850.0,17686.27,17650.0,-0.08513536523071519,0.43740059077481686,-0.03753535191371449,8,166.0,200.0,167.34959349593495,31.13005691056911
2021-12-01,09:30,C,17250.0,17406.0,17615.0,0.2948147291750969,0.14409221902016434,-0.13089268216974204,10,138.0,365.0,139.0,224.50869999999998
2021-12-01,09:30,P,17600.0,17406.0,17615.0,0.2948147291750969,0.14409221902016434,-0.13089268216974204,10,220.0,0.0,221.90201729106627,-222.62391930835733
2021-12-01,10:00,C,17250.0,17446.78,17615.0,0.2948147291750969,0.4899135446685854,-0.0345686910848797,10,190.0,365.0,191.20253164556962,172.2539658227848
2021-12-01,10:00,P,17600.0,17446.78,17615.0,0.2948147291750969,0.4899135446685854,-0.0345686910848797,10,158.0,0.0,159.28455284552845,-159.94383739837397
2021-12-08,09:30,C,17800.0,17956.8,17881.0,0.10040720700619232,0.19504040122597655,0.07114101730540945,9,184.0,81.0,185.29032258064515,-105.83323290322579
2021-12-08,09:30,P,18150.0,17956.8,17881.0,0.10040720700619232,0.19504040122597655,0.07114101730540945,9,205.0,269.0,206.77233429394812,60.66327337175793
2021-12-08,10:00,C,17750.0,17911.13,17881.0,0.10040720700619232,-0.16717748676511324,0.005524797131140069,9,170.0,131.0,171.0759493670886,-41.604645316455695
2021-12-08,10:00,P,18100.0,17911.13,17881.0,0.10040720700619232,-0.16717748676511324,0.005524797131140069,9,182.0,219.0,183.47967479674796,33.979225528455295
2021-12-15,09:30,C,17400.0,17565.12,17629.0,0.21081419862116757,-0.216056402092335,-0.10427445583190975,10,153.0,229.0,154.07293127629734,73.42041579242635
2021-12-15,09:30,P,17750.0,17565.12,17629.0,0.21081419862116757,-0.216056402092335,-0.10427445583190975,10,198.0,121.0,199.71181556195964,-80.2641073775216
2021-12-15,10:00,C,17450.0,17640.0,17629.0,0.21081419862116757,0.22174209688423652,-0.11275937489375609,8,181.0,179.0,182.14556962025316,-4.680295189873409
2021-12-15,10:00,P,17800.0,17640.0,17629.0,0.21081419862116757,0.22174209688423652,-0.11275937489375609,8,170.0,171.0,171.3821138211382,-1.9060759349593432
2021-12-22,09:30,C,17650.0,17838.57,17816.0,0.0,-0.17930184344707722,-0.019564436227514914,8,183.0,166.0,184.28330995792427,-19.823913267882197
2021-12-22,09:30,P,18000.0,17838.57,17816.0,0.0,-0.17930184344707722,-0.019564436227514914,8,168.0,184.0,169.45244956772333,13.021777982708942
2021-12-22,10:00,C,17650.0,17846.53,17816.0,0.0,-0.20171457387796465,-0.05506307608793004,6,183.0,166.0,184.15822784810126,-19.698706075949364
2021-12-22,10:00,P,18000.0,17846.53,17816.0,0.0,-0.20171457387796465,-0.05506307608793004,6,164.0,184.0,165.33333333333334,17.145013333333324
2021-12-29,09:30,C,18050.0,18230.22,18271.0,0.010993239157919277,0.19236053860951507,0.008280374580027505,9,186.0,221.0,187.30434782608697,32.14292782608695
2021-12-29,09:30,P,18400.0,18230.22,18271.0,0.010993239157919277,0.19236053860951507,0.008280374580027505,9,167.0,129.0,168.44380403458212,-40.977667838616696
2021-12-29,10:00,C,18000.0,18206.61,18271.0,0.010993239157919277,-0.016488046166529546,-0.014939949094328053,9,205.0,271.0,206.29746835443038,63.13081417721519
2021-12-29,10:00,P,18400.0,18206.61,18271.0,0.010993239157919277,-0.016488046166529546,-0.014939949094328053,9,198.0,129.0,199.60975609756096,-72.17478585365852
2022-01-05,09:30,C,18400.0,18580.25,18466.0,-0.2159827213822907,0.2759740259740351,-0.16335857476373894,9,140.0,66.0,141.0,-76.51032000000001
2022-01-05,09:30,P,18750.0,18580.25,18466.0,-0.2159827213822907,0.2759740259740351,-0.16335857476373894,9,214.0,284.0,215.850144092219,66.56468576368877
2022-01-05,10:00,C,18350.0,18526.02,18466.0,-0.2159827213822907,0.09740259740260715,-0.05273194092942357,8,168.0,116.0,169.0632911392405,-54.601674430379745
2022-01-05,10:00,P,18700.0,18526.02,18466.0,-0.2159827213822907,0.09740259740260715,-0.05273194092942357,8,181.0,234.0,182.47154471544715,49.9766637398374
2022-01-12,09:30,C,18200.0,18369.39,18317.0,0.13058381848849443,-0.19018638265499987,-0.00876407014304137,10,171.0,117.0,172.1991584852735,-56.73769764375877
2022-01-12,09:30,P,18550.0,18369.39,18317.0,0.13058381848849443,-0.19018638265499987,-0.00876407014304137,10,186.0,233.0,187.60806916426512,43.83798276657062
2022-01-12,10:00,C,18100.0,18300.77,18317.0,0.13058381848849443,-0.4890506982557219,0.07857442604606302,9,224.0,217.0,225.41772151898732,-10.009479240506309
2022-01-12,10:00,P,18500.0,18300.77,18317.0,0.13058381848849443,-0.4890506982557219,0.07857442604606302,9,187.0,183.0,188.52032520325204,-7.075185528455295
2022-01-19,09:30,C,18150.0,18328.47,18217.0,0.027388255915861137,0.36690214117518494,0.019973270743134375,10,181.0,67.0,182.26928471248246,-116.81589399719493
2022-01-19,09:30,P,18500.0,18328.47,18217.0,0.027388255915861137,0.36690214117518494,0.019973270743134375,10,171.0,283.0,172.47838616714697,108.9847954466859
2022-01-19,10:00,C,18150.0,18309.77,18217.0,0.027388255915861137,0.27380756804118445,0.018627070213139696,9,172.0,67.0,173.0886075949367,-107.62603620253162
2022-01-19,10:00,P,18500.0,18309.77,18217.0,0.027388255915861137,0.27380756804118445,0.018627070213139696,9,189.0,283.0,190.53658536585365,90.9085380487805
2022-01-26,09:30,C,17500.0,17667.13,17712.0,0.32907801418440297,-0.11310298026353527,0.1742998841398391,9,180.0,212.0,181.26227208976158,29.202225638148658
2022-01-26,09:30,P,17850.0,17667.13,17712.0,0.32907801418440297,-0.11310298026353527,0.1742998841398391,9,163.0,138.0,164.40922190201726,-27.92787112391928
2022-01-26,10:00,C,17550.0,17722.12,17712.0,0.32907801418440297,0.11875812927670815,0.048863500432205775,9,198.0,162.0,199.25316455696202,-38.80665772151898
2022-01-26,10:00,P,17900.0,17722.12,17712.0,0.32907801418440297,0.11875812927670815,0.048863500432205775,9,167.0,188.0,168.35772357723576,18.119678699187002
2022-02-07,09:30,C,17700.0,17859.97,17882.0,0.7244326221065078,0.2359948305894255,-0.07216279568411643,9,155.0,182.0,156.08695652173913,24.399316521739134
2022-02-07,09:30,P,18050.0,17859.97,17882.0,0.7244326221065078,0.2359948305894255,-0.07216279568411643,9,,168.0,,
2022-02-07,10:00,C,17600.0,17762.29,17882.0,0.7244326221065078,-0.3202786986570727,-0.008219628472783125,9,162.0,282.0,163.02531645569618,117.45401822784811
2022-02-07,10:00,P,17950.0,17762.29,17882.0,0.7244326221065078,-0.3202786986570727,-0.008219628472783125,9,184.0,68.0,185.4959349593496,-119.03907089430895
2022-02-09,09:30,C,17900.0,18081.23,18146.0,0.09972299168974352,0.12729687845915993,0.004701665495854268,8,184.0,246.0,185.29032258064515,59.161467096774196
2022-02-09,09:30,P,18250.0,18081.23,18146.0,0.09972299168974352,0.12729687845915993,0.004701665495854268,8,164.0,104.0,165.41786743515848,-62.94620530259365
2022-02-09,10:00,C,17900.0,18069.8,18146.0,0.09972299168974352,0.09962364401150392,-0.03562017827787867,8,170.0,246.0,171.0759493670886,73.39005468354429
2022-02-09,10:00,P,18250.0,18069.8,18146.0,0.09972299168974352,0.09962364401150392,-0.03562017827787867,8,178.0,104.0,179.4471544715447,-76.98952162601626
2022-02-16,09:30,C,18000.0,18169.32,18206.0,0.005499642523232318,-0.027496700395956974,0.009956959529622278,10,181.0,206.0,182.26928471248246,22.184326002805058
2022-02-16,09:30,P,18350.0,18169.32,18206.0,0.005499642523232318,-0.027496700395956974,0.009956959529622278,10,168.0,144.0,169.45244956772333,-26.98602201729106
2022-02-16,10:00,C,18000.0,18164.96,18206.0,0.005499642523232318,-0.10448746150462096,-0.0024774346989553386,11,164.0,206.0,165.0379746835443,39.432867341772166
2022-02-16,10:00,P,18350.0,18164.96,18206.0,0.005499642523232318,-0.10448746150462096,-0.0024774346989553386,11,187.0,144.0,188.52032520325204,-46.07296552845529
2022-02-23,09:30,C,17850.0,18036.68,18077.0,0.4026395257801241,0.23950094686420176,-0.08415739761821195,10,175.0,227.0,176.22720897615707,49.23502381486677
2022-02-23,09:30,P,18200.0,18036.68,18077.0,0.4026395257801241,0.23950094686420176,-0.08415739761821195,10,180.0,123.0,181.55619596541786,-60.099292161383275
2022-02-23,10:00,C,17850.0,18017.83,18077.0,0.4026395257801241,0.1782332627826566,-0.043287040248618514,10,163.0,227.0,164.03164556962025,61.44278278481013
2022-02-23,10:00,P,18200.0,18017.83,18077.0,0.4026395257801241,0.1782332627826566,-0.043287040248618514,10,185.0,123.0,186.5040650406504,-65.05210910569106
2022-03-02,09:30,C,17650.0,17806.95,17897.0,0.18022077044379525,0.07870474477176259,0.12642168230134754,10,180.0,247.0,181.26227208976158,64.19852563814865
2022-03-02,09:30,P,18000.0,17806.95,17897.0,0.18022077044379525,0.07870474477176259,0.12642168230134754,10,175.0,103.0,176.51296829971182,-75.04742126801153
2022-03-02,10:00,C,17700.0,17853.68,17897.0,0.18022077044379525,0.17989655947829863,-0.04279718838157143,8,151.0,197.0,152.0,43.49006
2022-03-02,10:00,P,18050.0,17853.68,17897.0,0.18022077044379525,0.17989655947829863,-0.04279718838157143,8,227.0,153.0,228.84552845528455,-77.43231398373983
2022-03-09,09:30,C,16800.0,16983.08,17026.0,0.27309427689385934,0.1302545885139228,-0.15056037665414634,10,165.0,226.0,166.1570827489481,58.33624016830294
2022-03-09,09:30,P,17150.0,16983.08,17026.0,0.27309427689385934,0.1302545885139228,-0.15056037665414634,10,168.0,124.0,169.45244956772333,-46.962422017291054
2022-03-09,10:00,C,16850.0,17038.77,17026.0,0.27309427689385934,0.4736530491415092,-0.17111846477932957,10,174.0,176.0,175.1012658227848,-0.6168870886075813
2022-03-09,10:00,P,17200.0,17038.77,17026.0,0.27309427689385934,0.4736530491415092,-0.17111846477932957,10,182.0,174.0,183.47967479674796,-11.003674471544706
2022-03-16,09:30,C,16800.0,16962.42,16937.0,-0.08190008190007703,-0.7728337236533989,-0.13334802538268464,10,158.0,137.0,159.10799438990182,-23.605842384291723
2022-03-16,09:30,P,17150.0,16962.42,16937.0,-0.08190008190007703,-0.7728337236533989,-0.13334802538268464,10,203.0,213.0,204.75504322766568,6.701461729106654
2022-03-16,10:00,C,16800.0,16964.98,16937.0,-0.08190008190007703,-0.6440281030444917,0.03672370335263686,10,174.0,137.0,175.1012658227848,-39.61510708860758
2022-03-16,10:00,P,17150.0,16964.98,16937.0,-0.08190008190007703,-0.6440281030444917,0.03672370335263686,10,180.0,213.0,181.46341463414635,30.016381951219508
2022-03-23,09:30,C,17500.0,17672.35,17706.0,0.15894641235241203,0.10201768306505876,0.016352619050197248,8,179.0,206.0,180.25525946704067,24.210365273492286
2022-03-23,09:30,P,17850.0,17672.35,17706.0,0.15894641235241203,0.10201768306505876,0.016352619050197248,8,170.0,144.0,171.46974063400575,-28.99533037463975
2022-03-23,10:00,C,17550.0,17706.16,17706.0,0.15894641235241203,0.3173883473135408,0.05418841407633934,9,154.0,156.0,155.0,-0.50912
2022-03-23,10:00,P,17900.0,17706.16,17706.0,0.15894641235241203,0.3173883473135408,0.05418841407633934,9,192.0,194.0,193.5609756097561,-1.108656585365855
2022-03-30,09:30,C,17550.0,17725.79,17759.0,-0.1186977164820302,0.3791522834021954,0.06719326781001733,10,187.0,209.0,188.31136044880785,19.145148190743345
2022-03-30,09:30,P,17900.0,17725.79,17759.0,-0.1186977164820302,0.3791522834021954,0.06719326781001733,10,160.0,141.0,161.38328530259363,-21.89984858789623
2022-03-30,10:00,C,17550.0,17718.99,17759.0,-0.1186977164820302,0.2829494652255127,0.056894122746831144,9,180.0,209.0,181.13924050632912,26.324440253164553
2022-03-30,10:00,P,17900.0,17718.99,17759.0,-0.1186977164820302,0.2829494652255127,0.056894122746831144,9,170.0,141.0,171.3821138211382,-31.908675934959344
2022-04-06,09:30,C,17300.0,17459.4,17513.0,-0.31439350634503427,-0.2523080451860782,-0.14178267936025835,11,130.0,213.0,131.0,80.51874
2022-04-06,09:30,P,17650.0,17459.4,17513.0,-0.31439350634503427,-0.2523080451860782,-0.14178267936025835,11,225.0,137.0,226.9452449567723,-91.52245020172909
2022-04-06,10:00,C,17250.0,17442.15,17513.0,-0.31439350634503427,-0.33258787774528287,-0.16104259745829408,9,160.0,263.0,161.0126582278481,100.47606911392404
2022-04-06,10:00,P,17600.0,17442.15,17513.0,-0.31439350634503427,-0.33258787774528287,-0.16104259745829408,9,181.0,87.0,182.47154471544715,-97.0042762601626
2022-04-13,09:30,C,17050.0,17197.38,17311.0,0.28182245185532917,0.6147540983606481,-0.10071863794904878,10,134.0,261.0,135.0,124.51877999999999
2022-04-13,09:30,P,17350.0,17197.38,17311.0,0.28182245185532917,0.6147540983606481,-0.10071863794904878,10,169.0,39.0,170.46109510086455,-132.97777619596542
2022-04-13,10:00,C,17000.0,17195.93,17311.0,0.28182245185532917,0.6615925058548022,0.003956497150170435,10,189.0,311.0,190.19620253164555,119.26738126582279
2022-04-13,10:00,P,17350.0,17195.93,17311.0,0.28182245185532917,0.6615925058548022,0.003956497150170435,10,162.0,39.0,163.3170731707317,-125.82661024390244
2022-04-20,09:30,C,16900.0,17068.25,17125.0,-0.18126534908198266,-0.11715775291429864,-0.1038711177949958,8,155.0,225.0,156.08695652173913,67.41445652173914
2022-04-20,09:30,P,17250.0,17068.25,17125.0,-0.18126534908198266,-0.11715775291429864,-0.1038711177949958,8,196.0,125.0,197.69452449567723,-74.2347190201729
2022-04-20,10:00,C,16850.0,17024.13,17125.0,-0.18126534908198266,-0.33389959580575335,-0.05292525086626476,9,164.0,275.0,165.0379746835443,108.45448734177216
2022-04-20,10:00,P,17200.0,17024.13,17125.0,-0.18126534908198266,-0.33389959580575335,-0.05292525086626476,9,190.0,75.0,191.54471544715446,-118.07876016260161
2022-04-27,09:30,C,16150.0,16306.9,16304.0,0.09873495834618051,0.3205720978977977,0.04531209857556728,9,172.0,154.0,173.20617110799438,-20.705457279102376
2022-04-27,09:30,P,16450.0,16306.9,16304.0,0.09873495834618051,0.3205720978977977,0.04531209857556728,9,141.0,146.0,142.21902017291066,2.3126808069164286
2022-04-27,10:00,C,16150.0,16308.86,16304.0,0.09873495834618051,0.33906664200726855,0.0695301990378594,9,164.0,154.0,165.0379746835443,-12.529092658227835
2022-04-27,10:00,P,16450.0,16308.86,16304.0,0.09873495834618051,0.33906664200726855,0.0695301990378594,9,145.0,146.0,146.1788617886179,-1.651120650406512
2022-05-04,09:30,C,16400.0,16578.57,16541.0,0.230764559421881,0.27870342320508446,0.03209153567649281,10,185.0,141.0,186.29733520336606,-46.81445253856943
2022-05-04,09:30,P,16750.0,16578.57,16541.0,0.230764559421881,0.27870342320508446,0.03209153567649281,10,170.0,209.0,171.46974063400575,36.02796962536024
2022-05-04,10:00,C,16400.0,16579.07,16541.0,0.230764559421881,0.2908209633444514,0.03197008083002384,8,185.0,141.0,186.17088607594937,-46.68787696202532
2022-05-04,10:00,P,16750.0,16579.07,16541.0,0.230764559421881,0.2908209633444514,0.03197008083002384,8,167.0,209.0,168.35772357723576,39.143098699187
2022-05-11,09:30,C,15850.0,15994.5,16028.0,0.13778417987098113,-0.29395209206329875,-0.03870336838103783,8,143.0,178.0,144.00280504908835,32.53263214586256
2022-05-11,09:30,P,16150.0,15994.5,16028.0,0.13778417987098113,-0.29395209206329875,-0.03870336838103783,8,154.0,122.0,155.33141210374637,-34.80730351585012
2022-05-11,10:00,C,15800.0,15970.12,16028.0,0.13778417987098113,-0.36274939020576324,0.06180674839519895,7,182.0,228.0,183.15189873417722,43.3443893670886
2022-05-11,10:00,P,16150.0,15970.12,16028.0,0.13778417987098113,-0.36274939020576324,0.06180674839519895,7,174.0,122.0,175.41463414634146,-54.9106087804878
2022-05-18,09:30,C,16050.0,16226.65,16302.0,-0.024715768660410475,0.1421508034610719,-0.10697956906039474,9,154.0,252.0,155.07994389901822,95.43893615708276
2022-05-18,09:30,P,16400.0,16226.65,16302.0,-0.024715768660410475,0.1421508034610719,-0.10697956906039474,9,203.0,98.0,204.75504322766568,-108.28583827089335
2022-05-18,10:00,C,16050.0,16197.87,16302.0,-0.024715768660410475,0.10506798516687343,-0.022039798814299516,9,145.0,252.0,146.0,104.52796
2022-05-18,10:00,P,16350.0,16197.87,16302.0,-0.024715768660410475,0.10506798516687343,-0.022039798814299516,9,150.0,48.0,151.21951219512195,-104.69677170731708
2022-05-25,09:30,C,15850.0,16023.22,16155.0,0.0688145136064966,-0.0062515628907244825,0.11164449595131298,6,183.0,305.0,184.28330995792427,119.20930673211781
2022-05-25,09:30,P,16200.0,16023.22,16155.0,0.0688145136064966,-0.0062515628907244825,0.11164449595131298,6,179.0,45.0,180.54755043227664,-137.0511979827089
2022-05-25,10:00,C,15850.0,16028.18,16155.0,0.0688145136064966,0.16879219804950552,0.17433857224768978,8,210.0,305.0,211.32911392405063,92.13645696202532
2022-05-25,10:00,P,16200.0,16028.18,16155.0,0.0688145136064966,0.16879219804950552,0.17433857224768978,8,143.0,45.0,144.16260162601625,-100.62986422764227
2022-06-01,09:30,C,16550.0,16738.72,16717.0,0.2952162911194156,0.2042410043851639,-0.17271476920301398,8,166.0,167.0,167.164095371669,-1.665599467040661
2022-06-01,09:30,P,16900.0,16738.72,16717.0,0.2952162911194156,0.2042410043851639,-0.17271476920301398,8,187.0,183.0,188.61671469740634,-7.139671412103744
2022-06-01,10:00,C,16600.0,16772.17,16717.0,0.2952162911194156,0.3964678320418136,-0.09987627267713517,9,152.0,117.0,153.0,-37.487339999999996
2022-06-01,10:00,P,16950.0,16772.17,16717.0,0.2952162911194156,0.3964678320418136,-0.09987627267713517,9,195.0,233.0,196.58536585365854,34.8837087804878
2022-06-08,09:30,C,16500.0,16662.88,16659.0,0.018119224497192832,0.525362318840572,-0.04193918637979133,9,165.0,159.0,166.1570827489481,-8.656419831697061
2022-06-08,09:30,P,16850.0,16662.88,16659.0,0.018119224497192832,0.525362318840572,-0.04193918637979133,9,187.0,191.0,188.61671469740634,0.8614885878962566
2022-06-08,10:00,C,16500.0,16668.22,16659.0,0.018119224497192832,0.6219806763285041,0.047583416489294095,8,178.0,159.0,179.126582278481,-21.63888886075949
2022-06-08,10:00,P,16850.0,16668.22,16659.0,0.018119224497192832,0.6219806763285041,0.047583416489294095,8,170.0,191.0,171.3821138211382,18.113324065040658
2022-06-15,09:30,C,15950.0,16103.51,16061.0,-0.012457954403888305,0.20558185895838132,-0.03486180494665092,9,144.0,111.0,145.00981767180926,-35.47604748948106
2022-06-15,09:30,P,16250.0,16103.51,16061.0,-0.012457954403888305,0.20558185895838132,-0.03486180494665092,9,160.0,189.0,161.38328530259363,26.13411141210377
2022-06-15,10:00,C,15900.0,16067.94,16061.0,-0.012457954403888305,0.006229753301778551,-0.08787477471197125,9,158.0,161.0,159.0,0.5197799999999999
2022-06-15,10:00,P,16250.0,16067.94,16061.0,-0.012457954403888305,0.006229753301778551,-0.08787477471197125,9,190.0,189.0,191.54471544715446,-4.057480162601614
2022-06-22,09:30,C,15400.0,15576.72,15388.0,-0.5389960387038095,-0.7182031862104976,0.06348448289030806,10,189.0,0.0,190.32538569424963,-191.01571107994388
2022-06-22,09:30,P,15750.0,15576.72,15388.0,-0.5389960387038095,-0.7182031862104976,0.06348448289030806,10,163.0,362.0,164.40922190201726,196.1186088760807
2022-06-22,10:00,C,15400.0,15558.78,15388.0,-0.5389960387038095,-0.9336641420736536,0.02088856752631152,9,161.0,0.0,162.01898734177215,-162.68100632911393
2022-06-22,10:00,P,15700.0,15558.78,15388.0,-0.5389960387038095,-0.9336641420736536,0.02088856752631152,9,141.0,312.0,142.14634146341464,168.40375219512194
2022-06-29,09:30,C,15150.0,15318.53,15261.0,-0.22585359372924163,0.4527296937416825,0.0013709101994940909,9,174.0,111.0,175.2201963534362,-65.70063654978964
2022-06-29,09:30,P,15450.0,15318.53,15261.0,-0.22585359372924163,0.4527296937416825,0.0013709101994940909,9,135.0,189.0,136.1671469740634,51.39146587896254
2022-06-29,10:00,C,15150.0,15312.8,15261.0,-0.22585359372924163,0.2796271637816261,-0.12322162849757179,9,151.0,111.0,152.0,-42.45722
2022-06-29,10:00,P,15450.0,15312.8,15261.0,-0.22585359372924163,0.2796271637816261,-0.12322162849757179,9,154.0,189.0,155.2520325203252,32.28749544715448
2022-07-06,09:30,C,14100.0,14222.09,14015.0,-0.27364580409766637,-0.6965454161682927,-0.03452832271816364,7,141.0,0.0,142.0,-142.642
2022-07-06,09:30,P,14350.0,14222.09,14015.0,-0.27364580409766637,-0.6965454161682927,-0.03452832271816364,7,145.0,335.0,146.25360230547548,187.31984409221903
2022-07-06,10:00,C,14050.0,14180.27,14015.0,-0.27364580409766637,-0.9568704706958364,0.04231759353952036,8,154.0,0.0,155.0,-155.655
2022-07-06,10:00,P,14300.0,14180.27,14015.0,-0.27364580409766637,-0.9568704706958364,0.04231759353952036,8,124.0,285.0,125.0081300813008,158.58656178861787
2022-07-13,09:30,C,14150.0,14303.53,14384.0,0.04918147965995434,0.0702247191011196,-0.10611911626124959,9,147.0,234.0,148.03085553997195,84.53343360448808
2022-07-13,09:30,P,14450.0,14303.53,14384.0,0.04918147965995434,0.0702247191011196,-0.10611911626124959,9,157.0,66.0,158.35734870317,-93.80338605187316
2022-07-13,10:00,C,14200.0,14333.69,14384.0,0.04918147965995434,0.3581460674157322,-0.02497718564328233,7,138.0,184.0,139.0,43.573319999999995
2022-07-13,10:00,P,14500.0,14333.69,14384.0,0.04918147965995434,0.3581460674157322,-0.02497718564328233,7,173.0,116.0,174.40650406504065,-59.86859056910569
2022-07-20,09:30,C,14750.0,14875.32,14713.0,0.06740815638692776,0.1886156955203777,-0.010554997925976695,8,128.0,0.0,129.0,-129.629
2022-07-20,09:30,P,15000.0,14875.32,14713.0,0.06740815638692776,0.1886156955203777,-0.010554997925976695,8,129.0,287.0,130.11527377521614,155.46035095100865
2022-07-20,10:00,C,14700.0,14873.39,14713.0,0.06740815638692776,0.18187942068035312,-0.03139291084883755,8,172.0,13.0,173.0886075949367,-161.55595620253163
2022-07-20,10:00,P,15000.0,14873.39,14713.0,0.06740815638692776,0.18187942068035312,-0.03139291084883755,8,136.0,287.0,137.10569105691056,148.46294325203252
2022-07-27,09:30,C,14650.0,14782.89,14887.0,0.2049180327868827,0.06816632583503957,0.04446375493364352,8,137.0,237.0,138.0,97.56425999999999
2022-07-27,09:30,P,14950.0,14782.89,14887.0,0.2049180327868827,0.06816632583503957,0.04446375493364352,8,159.0,63.0,160.37463976945244,-98.8327544092219
2022-07-27,10:00,C,14600.0,14759.89,14887.0,0.2049180327868827,-0.02044989775050743,0.06897290001910417,7,173.0,287.0,174.09493670886076,111.43322835443038
2022-07-27,10:00,P,14900.0,14759.89,14887.0,0.2049180327868827,-0.02044989775050743,0.06897290001910417,7,129.0,13.0,130.0487804878049,-118.4765692682927
2022-08-03,09:30,C,14550.0,14693.8,14707.0,-0.05466347796379001,0.12306009434606135,0.04443848604271938,8,153.0,157.0,154.07293127629734,1.4788557924263634
2022-08-03,09:30,P,14850.0,14693.8,14707.0,-0.05466347796379001,0.12306009434606135,0.04443848604271938,8,159.0,143.0,160.37463976945244,-18.829154409221893
2022-08-03,10:00,C,14600.0,14729.68,14707.0,-0.05466347796379001,0.3076502358651867,0.03429145701344671,8,141.0,107.0,142.0,-36.43614
2022-08-03,10:00,P,14900.0,14729.68,14707.0,-0.05466347796379001,0.3076502358651867,0.03429145701344671,8,170.0,193.0,171.3821138211382,20.152364065040658
2022-08-10,09:30,C,14800.0,14966.97,14945.0,-0.2481389578163795,0.1680785262874851,-0.16803746934902497,8,142.0,145.0,143.0,0.5581
2022-08-10,09:30,P,15100.0,14966.97,14945.0,-0.2481389578163795,0.1680785262874851,-0.16803746934902497,8,160.0,155.0,161.38328530259363,-7.843568587896228
2022-08-10,10:00,C,14800.0,14963.01,14945.0,-0.2481389578163795,0.22186365469947233,-0.08781371649773662,8,150.0,145.0,151.0,-7.4498999999999995
2022-08-10,10:00,P,15100.0,14963.01,14945.0,-0.2481389578163795,0.22186365469947233,-0.08781371649773662,8,150.0,155.0,151.21951219512195,2.3303682926829277
2022-08-17,09:30,C,15300.0,15442.97,15452.0,-0.09080295758204793,0.2466891716437214,-0.05779433734225403,8,143.0,152.0,144.00280504908835,6.54415214586256
2022-08-17,09:30,P,15600.0,15442.97,15452.0,-0.09080295758204793,0.2466891716437214,-0.05779433734225403,8,162.0,148.0,163.40057636887607,-16.87301694524495
2022-08-17,10:00,C,15300.0,15459.96,15452.0,-0.09080295758204793,0.27914827317578883,-0.08615660061758179,7,148.0,152.0,149.0,1.54196
2022-08-17,10:00,P,15600.0,15459.96,15452.0,-0.09080295758204793,0.27914827317578883,-0.08615660061758179,7,150.0,148.0,151.21951219512195,-4.679771707317073
2022-08-24,09:30,C,15000.0,15163.14,15097.0,-0.04639756081394886,0.08620689655172153,-0.1525299998746954,7,142.0,97.0,143.0,-47.44494
2022-08-24,09:30,P,15300.0,15163.14,15097.0,-0.04639756081394886,0.08620689655172153,-0.1525299998746954,7,160.0,203.0,161.38328530259363,40.15339141210377
2022-08-24,10:00,C,14950.0,15118.16,15097.0,-0.04639756081394886,-0.12599469496020754,-0.010650254250021973,7,163.0,147.0,164.03164556962025,-18.49761721518987
2022-08-24,10:00,P,15250.0,15118.16,15097.0,-0.04639756081394886,-0.12599469496020754,-0.010650254250021973,7,135.0,153.0,136.09756097560975,15.464401463414637
2022-08-31,09:30,C,14750.0,14922.46,15078.0,0.1889211254301415,0.0942824432621725,-0.02727412235291604,9,172.0,328.0,173.20617110799438,153.31906272089762
2022-08-31,09:30,P,15050.0,14922.46,15078.0,0.1889211254301415,0.0942824432621725,-0.02727412235291604,9,130.0,0.0,131.12391930835733,-131.75504322766568
2022-08-31,10:00,C,14800.0,14945.57,15078.0,0.1889211254301415,0.30978517071855727,-0.010504328184640643,8,146.0,278.0,147.0,129.55144
2022-08-31,10:00,P,15100.0,14945.57,15078.0,0.1889211254301415,0.30978517071855727,-0.010504328184640643,8,150.0,22.0,151.21951219512195,-130.67229170731707
2022-09-07,09:30,C,14300.0,14422.75,14416.0,-0.6533700137551612,-0.6645898234683312,-0.0009703865742838325,7,133.0,116.0,134.0,-19.42232
2022-09-07,09:30,P,14550.0,14422.75,14416.0,-0.6533700137551612,-0.6645898234683312,-0.0009703865742838325,7,128.0,134.0,129.10662824207492,3.4759451296830055
2022-09-07,10:00,C,14300.0,14458.28,14416.0,-0.6533700137551612,-0.47767393561786164,-0.05118486034833003,8,151.0,116.0,152.0,-37.44032
2022-09-07,10:00,P,14600.0,14458.28,14416.0,-0.6533700137551612,-0.47767393561786164,-0.05118486034833003,8,154.0,184.0,155.2520325203252,27.304395447154473
2022-09-14,09:30,C,14500.0,14641.97,14667.0,-0.08983484209799109,0.7954073869138156,-0.2147271108002835,9,118.0,167.0,119.0,46.58766
2022-09-14,09:30,P,14800.0,14641.97,14667.0,-0.08983484209799109,0.7954073869138156,-0.2147271108002835,9,188.0,133.0,189.62536023054753,-58.10832559077808
2022-09-14,10:00,C,14500.0,14669.54,14667.0,-0.08983484209799109,0.9821552081892282,-0.2270054706273339,8,138.0,167.0,139.0,26.56766
2022-09-14,10:00,P,14800.0,14669.54,14667.0,-0.08983484209799109,0.9821552081892282,-0.2270054706273339,8,172.0,133.0,173.39837398373984,-41.86511235772358
2022-09-21,09:30,C,14300.0,14469.3,14402.0,-0.06213324128409026,-0.027631942525563336,0.01506729829519049,8,166.0,102.0,167.164095371669,-66.61929946704066
2022-09-21,09:30,P,14600.0,14469.3,14402.0,-0.06213324128409026,-0.027631942525563336,0.01506729829519049,8,131.0,198.0,132.13256484149855,64.44726259365996
2022-09-21,10:00,C,14350.0,14476.44,14402.0,-0.06213324128409026,0.06907985631390279,0.06956231007657632,7,136.0,52.0,137.0,-86.42504
2022-09-21,10:00,P,14600.0,14476.44,14402.0,-0.06213324128409026,0.06907985631390279,0.06956231007657632,7,117.0,198.0,118.0,78.59396000000001
2022-09-28,09:30,C,13600.0,13725.09,13502.0,0.03625552896817652,-0.6523630037692074,0.08643911654266923,7,140.0,0.0,141.0,-141.641
2022-09-28,09:30,P,13850.0,13725.09,13502.0,0.03625552896817652,-0.6523630037692074,0.08643911654266923,7,122.0,348.0,123.05475504322766,223.55215020172912
2022-09-28,10:00,C,13500.0,13636.09,13502.0,0.03625552896817652,-1.32647144099739,0.04290035750297294,8,145.0,2.0,146.0,-145.41603999999998
2022-09-28,10:00,P,13750.0,13636.09,13502.0,0.03625552896817652,-1.32647144099739,0.04290035750297294,8,117.0,248.0,118.0,128.61196
2022-10-05,09:30,C,13750.0,13879.21,13823.0,-0.6435750958131425,0.7787481804949037,-0.25971593344643606,7,102.0,73.0,103.0,-31.37946
2022-10-05,09:30,P,14000.0,13879.21,13823.0,-0.6435750958131425,0.7787481804949037,-0.25971593344643606,7,159.0,177.0,160.37463976945244,15.188525590778104
2022-10-05,10:00,C,13750.0,13867.96,13823.0,-0.6435750958131425,0.6768558951965042,-0.25773251633904315,8,92.0,73.0,93.0,-21.36946
2022-10-05,10:00,P,14000.0,13867.96,13823.0,-0.6435750958131425,0.6768558951965042,-0.25773251633904315,8,165.0,177.0,166.34146341463415,9.215735121951218
2022-10-12,09:30,C,12900.0,13035.07,13090.0,0.2304324448882511,-0.24522951950340932,0.004297134578568063,7,142.0,190.0,143.0,45.5952
2022-10-12,09:30,P,13150.0,13035.07,13090.0,0.2304324448882511,-0.24522951950340932,0.004297134578568063,7,131.0,60.0,132.13256484149855,-73.52649740634004
2022-10-12,10:00,C,12900.0,13044.51,13090.0,0.2304324448882511,-0.04598053490688647,0.1309718525539183,8,162.0,190.0,163.02531645569618,25.54985822784812
2022-10-12,10:00,P,13150.0,13044.51,13090.0,0.2304324448882511,-0.04598053490688647,0.1309718525539183,8,103.0,60.0,104.0,-45.3658
2022-10-19,09:30,C,12950.0,13093.81,12999.0,0.35170884624207144,-0.17523809523809497,0.08158233055052255,8,160.0,49.0,161.1220196353436,-113.54312165497895
2022-10-19,09:30,P,13200.0,13093.81,12999.0,0.35170884624207144,-0.17523809523809497,0.08158233055052255,8,105.0,201.0,106.0,93.63402
2022-10-19,10:00,C,13000.0,13124.03,12999.0,0.35170884624207144,-0.030476190476191878,-0.035419935710911954,8,129.0,0.0,130.0,-130.63
2022-10-19,10:00,P,13250.0,13124.03,12999.0,0.35170884624207144,-0.030476190476191878,-0.035419935710911954,8,128.0,251.0,129.04065040650406,120.57032894308944
2022-10-26,09:30,C,12550.0,12661.8,12741.0,-0.7179647260808442,-0.22009118063197608,0.20006366020929311,8,142.0,191.0,143.0,46.60218
2022-10-26,09:30,P,12800.0,12661.8,12741.0,-0.7179647260808442,-0.22009118063197608,0.20006366020929311,8,121.0,59.0,122.04610951008645,-64.42297561959654
2022-10-26,10:00,C,12550.0,12657.88,12741.0,-0.7179647260808442,-0.1650683854739876,0.24354849285115332,7,151.0,191.0,152.0,37.59318
2022-10-26,10:00,P,12800.0,12657.88,12741.0,-0.7179647260808442,-0.1650683854739876,0.24354849285115332,7,117.0,59.0,118.0,-60.372820000000004
2022-11-02,09:30,C,12900.0,13050.59,13087.0,0.20759649392587676,0.1457837796362993,-0.005976654268946557,7,151.0,187.0,152.05890603085552,33.52729506311362
2022-11-02,09:30,P,13200.0,13050.59,13087.0,0.20759649392587676,0.1457837796362993,-0.005976654268946557,7,154.0,113.0,155.33141210374637,-43.748483515850126
2022-11-02,10:00,C,12950.0,13065.83,13087.0,0.20759649392587676,0.22251208470804862,-0.016226410473085817,7,118.0,137.0,119.0,16.61926
2022-11-02,10:00,P,13200.0,13065.83,13087.0,0.20759649392587676,0.22251208470804862,-0.016226410473085817,7,137.0,113.0,138.1138211382114,-26.513674959349604
2022-11-09,09:30,C,13350.0,13483.2,13615.0,0.0743107676302257,0.14108561669265995,-0.07705891558304478,8,127.0,265.0,128.0,135.5997
2022-11-09,09:30,P,13600.0,13483.2,13615.0,0.0743107676302257,0.14108561669265995,-0.07705891558304478,8,127.0,0.0,128.0979827089337,-128.72608069164264
2022-11-09,10:00,C,13400.0,13525.99,13615.0,0.0743107676302257,0.40840573253138057,-0.13253717397925247,8,115.0,215.0,116.0,97.6117
2022-11-09,10:00,P,13650.0,13525.99,13615.0,0.0743107676302257,0.40840573253138057,-0.13253717397925247,8,139.0,35.0,140.130081300813,-106.54251138211382
2022-11-16,09:30,C,14400.0,14523.07,14499.0,-0.5442176870748328,-0.7523939808481539,-0.05551514750773978,8,127.0,99.0,128.0,-30.41798
2022-11-16,09:30,P,14650.0,14523.07,14499.0,-0.5442176870748328,-0.7523939808481539,-0.05551514750773978,8,148.0,151.0,149.2795389048991,0.2812015561959883
2022-11-16,10:00,C,14450.0,14576.49,14499.0,-0.5442176870748328,-0.3009575923392571,0.0015092807042593748,7,133.0,49.0,134.0,-86.42398
2022-11-16,10:00,P,14700.0,14576.49,14499.0,-0.5442176870748328,-0.3009575923392571,0.0015092807042593748,7,128.0,201.0,129.04065040650406,70.54032894308943
2022-11-23,09:30,C,14450.0,14606.48,14621.0,0.0479189485213638,-0.2942182689018136,-0.05174162586424336,9,153.0,171.0,154.07293127629734,15.480575792426365
2022-11-23,09:30,P,14750.0,14606.48,14621.0,0.0479189485213638,-0.2942182689018136,-0.05174162586424336,9,149.0,129.0,150.28818443804033,-22.730892622478372
2022-11-23,10:00,C,14450.0,14610.57,14621.0,0.0479189485213638,-0.21895313034553388,0.009238317804982632,8,168.0,171.0,169.0632911392405,0.47522556962025464
2022-11-23,10:00,P,14750.0,14610.57,14621.0,0.0479189485213638,-0.21895313034553388,0.009238317804982632,8,135.0,129.0,136.09756097560975,-8.526078536585363
2022-11-30,09:30,C,14550.0,14721.02,14831.0,0.16420361247948545,0.2117486338797825,0.0005775572911370652,8,166.0,281.0,167.164095371669,112.37212053295933
2022-11-30,09:30,P,14850.0,14721.02,14831.0,0.16420361247948545,0.2117486338797825,0.0005775572911370652,8,136.0,19.0,137.1757925072046,-119.6095882997118
2022-11-30,10:00,C,14600.0,14758.84,14831.0,0.16420361247948545,0.4713114754098413,-0.06925024749170894,8,147.0,231.0,148.0,81.55538
2022-11-30,10:00,P,14900.0,14758.84,14831.0,0.16420361247948545,0.4713114754098413,-0.06925024749170894,8,152.0,69.0,153.2357723577236,-85.68562813008131
2022-12-07,09:30,C,14600.0,14767.53,14669.0,0.06166917911469838,0.8491405875505009,0.020657448703498282,9,170.0,69.0,171.1921458625526,-103.65671800841514
2022-12-07,09:30,P,14900.0,14767.53,14669.0,0.06166917911469838,0.8491405875505009,0.020657448703498282,9,135.0,231.0,136.1671469740634,93.40330587896254
2022-12-07,10:00,C,14650.0,14811.56,14669.0,0.06166917911469838,1.1025131822228307,-0.04361193211660508,9,160.0,19.0,161.0126582278481,-143.46705088607598
2022-12-07,10:00,P,14950.0,14811.56,14669.0,0.06166917911469838,1.1025131822228307,-0.04361193211660508,9,143.0,281.0,144.16260162601625,135.3998557723577
2022-12-14,09:30,C,14550.0,14706.68,14725.0,0.06164383561644282,0.5955233075501498,-0.0029237917090751964,9,160.0,175.0,161.1220196353436,12.422358345021053
2022-12-14,09:30,P,14850.0,14706.68,14725.0,0.06164383561644282,0.5955233075501498,-0.0029237917090751964,9,142.0,125.0,143.22766570605185,-19.665393371757904
2022-12-14,10:00,C,14550.0,14694.34,14725.0,0.06164383561644282,0.4928468752139148,0.011844260230642334,9,151.0,175.0,152.0,21.5535
2022-12-14,10:00,P,14850.0,14694.34,14725.0,0.06164383561644282,0.4928468752139148,0.011844260230642334,9,156.0,125.0,157.26829268292684,-33.72006097560977
2022-12-21,09:30,C,14150.0,14272.49,14219.0,-0.0492368291482026,0.3800140745953584,-0.05275961514208394,8,119.0,69.0,120.0,-52.404379999999996
2022-12-21,09:30,P,14400.0,14272.49,14219.0,-0.0492368291482026,0.3800140745953584,-0.05275961514208394,8,137.0,181.0,138.1844380403458,41.39299752161384
2022-12-21,10:00,C,14100.0,14260.86,14219.0,-0.0492368291482026,0.2111189303307448,-0.1376048342640157,9,141.0,119.0,142.0,-24.426379999999998
2022-12-21,10:00,P,14400.0,14260.86,14219.0,-0.0492368291482026,0.2111189303307448,-0.1376048342640157,9,165.0,181.0,166.34146341463415,13.207815121951217
2022-12-28,09:30,C,14100.0,14227.1,14130.0,-0.3441252896973057,-0.10570824524313016,-0.09144577813610111,8,117.0,30.0,118.0,-89.4006
2022-12-28,09:30,P,14350.0,14227.1,14130.0,-0.3441252896973057,-0.10570824524313016,-0.09144577813610111,8,133.0,220.0,134.14985590778096,84.43339423631126
2022-12-28,10:00,C,14050.0,14203.02,14130.0,-0.3441252896973057,-0.274841437632134,-0.10170999994537078,8,145.0,80.0,146.0,-67.4286
2022-12-28,10:00,P,14350.0,14203.02,14130.0,-0.3441252896973057,-0.274841437632134,-0.10170999994537078,8,158.0,220.0,159.28455284552845,59.27356260162602
