date,slot,cp,strike,spot,ssp,premkt_pct,o2e_pct,dev,npairs,fm_px,payoff,fm_entry,sj_t,sj_close,sj_bid,sj_ask,sj_day,entry,src,pnl,pnl_fm
2023-01-04,09:30,C,14050.0,14213.55,14223.0,0.1621774079819449,0.10559662090812161,0.14085270057966337,8,183.0,173.0,184.28330995792427,2023-01-04 09:30:25.413,183.0,182.0,183.0,True,183.0,sj_ask,-11.467459999999999,-12.752053267882198
2023-01-04,09:30,P,14350.0,14213.55,14223.0,0.1621774079819449,0.10559662090812161,0.14085270057966337,8,120.0,127.0,121.03746397694523,2023-01-04 09:30:04.198,120.0,120.0,122.0,True,122.0,sj_ask,3.59354,4.557038559077822
2023-01-04,10:00,C,14100.0,14241.12,14223.0,0.1621774079819449,0.2815909890883539,0.09708485693846747,7,160.0,123.0,161.0126582278481,2023-01-04 10:00:08.150,160.0,159.0,161.0,True,161.0,sj_ask,-39.445460000000004,-39.458130886075956
2023-01-04,10:00,P,14400.0,14241.12,14223.0,0.1621774079819449,0.2815909890883539,0.09708485693846747,7,146.0,177.0,147.1869918699187,2023-01-04 10:00:27.819,146.0,144.0,146.0,True,146.0,sj_ask,29.56954,28.381361138211382
2023-01-11,09:30,C,14650.0,14773.08,14753.0,-0.08743610438525229,-0.316391787277015,0.29769378694520787,8,168.0,103.0,169.1781206171108,2023-01-11 09:30:05.493,168.0,168.0,169.0,True,169.0,sj_ask,-67.46406,-67.64235873772792
2023-01-11,09:30,P,14900.0,14773.08,14753.0,-0.08743610438525229,-0.316391787277015,0.29769378694520787,8,87.0,147.0,88.0,2023-01-11 09:30:01.210,87.0,86.0,87.0,True,87.0,sj_ask,58.61794,57.61694
2023-01-11,10:00,C,14650.0,14774.8,14753.0,-0.08743610438525229,-0.3433187478963262,0.25570704554807033,7,162.0,103.0,163.02531645569618,2023-01-11 10:00:02.074,162.0,162.0,164.0,True,164.0,sj_ask,-62.45906,-61.48340177215188
2023-01-11,10:00,P,14900.0,14774.8,14753.0,-0.08743610438525229,-0.3433187478963262,0.25570704554807033,7,91.0,147.0,92.0,2023-01-11 10:00:01.036,91.0,90.0,92.0,True,92.0,sj_ask,53.61294,53.61294
2023-01-30,09:30,C,15200.0,15373.11,15450.0,3.747666044278475,-0.9705617688648971,0.21041471537101009,8,208.0,250.0,209.4586255259467,2023-01-30 09:30:00.375,208.0,207.0,208.0,True,208.0,sj_ask,40.483000000000004,39.022915848527354
2023-01-30,09:30,P,15500.0,15373.11,15450.0,3.747666044278475,-0.9705617688648971,0.21041471537101009,8,101.0,50.0,102.0,2023-01-30 09:30:00.340,101.0,101.0,103.0,True,103.0,sj_ask,-54.412,-53.410999999999994
2023-01-30,10:00,C,15250.0,15390.47,15450.0,3.747666044278475,-0.8934310322663563,0.12844305972408154,7,171.0,200.0,172.08227848101265,2023-01-30 10:00:00.565,171.0,171.0,172.0,True,172.0,sj_ask,26.519,26.436639240506334
2023-01-30,10:00,P,15500.0,15390.47,15450.0,3.747666044278475,-0.8934310322663563,0.12844305972408154,7,87.0,50.0,88.0,2023-01-30 10:00:01.167,87.0,87.0,88.0,True,88.0,sj_ask,-39.397,-39.397
2023-02-01,09:30,C,15200.0,15354.31,15359.0,-0.2728690228690267,-0.013029315960910726,-0.010160013702986692,8,154.0,159.0,155.07994389901822,2023-02-01 09:30:03.899,154.0,154.0,156.0,True,156.0,sj_ask,1.5368199999999999,2.4577961570827638
2023-02-01,09:30,P,15500.0,15354.31,15359.0,-0.2728690228690267,-0.013029315960910726,-0.010160013702986692,8,148.0,141.0,149.2795389048991,2023-02-01 09:30:01.063,148.0,148.0,150.0,True,150.0,sj_ask,-10.457180000000001,-9.735998443804013
2023-02-01,10:00,C,15200.0,15341.92,15359.0,-0.2728690228690267,0.0,-0.014065604322832659,8,151.0,159.0,152.0,2023-02-01 10:00:14.450,151.0,149.0,151.0,True,151.0,sj_ask,6.54182,5.54082
2023-02-01,10:00,P,15500.0,15341.92,15359.0,-0.2728690228690267,0.0,-0.014065604322832659,8,153.0,141.0,154.2439024390244,2023-02-01 10:00:21.256,153.0,152.0,153.0,True,153.0,sj_ask,-13.460180000000001,-14.70532634146342
2023-02-08,09:30,C,15400.0,15533.68,15615.0,-0.07748434170594676,0.26494345718901524,-0.11119669653147923,8,124.0,215.0,125.0,2023-02-08 09:30:00.604,124.0,124.0,125.0,True,125.0,sj_ask,88.5627,88.5627
2023-02-08,09:30,P,15700.0,15533.68,15615.0,-0.07748434170594676,0.26494345718901524,-0.11119669653147923,8,175.0,85.0,176.51296829971182,2023-02-08 09:31:13.397,175.0,174.0,176.0,True,176.0,sj_ask,-92.4883,-93.00178126801153
2023-02-08,10:00,C,15400.0,15577.59,15615.0,-0.07748434170594676,0.5815831987076026,-0.06728826988247061,9,166.0,215.0,167.0506329113924,2023-02-08 10:00:00.674,166.0,165.0,166.0,True,166.0,sj_ask,47.5217,46.47001645569621
2023-02-08,10:00,P,15750.0,15577.59,15615.0,-0.07748434170594676,0.5815831987076026,-0.06728826988247061,9,188.0,135.0,189.52845528455285,2023-02-08 10:00:43.768,188.0,185.0,188.0,True,188.0,sj_ask,-54.5003,-56.0302837398374
2023-02-15,09:30,C,15400.0,15531.45,15398.0,-1.38676844783715,0.1677202941555933,-0.08583447972337899,9,134.0,0.0,135.0,2023-02-15 09:30:08.677,134.0,132.0,134.0,True,134.0,sj_ask,-134.634,-135.635
2023-02-15,09:30,P,15700.0,15531.45,15398.0,-1.38676844783715,0.1677202941555933,-0.08583447972337899,9,170.0,302.0,171.46974063400575,2023-02-15 09:30:02.027,170.0,169.0,170.0,True,170.0,sj_ask,130.52204,129.05082962536025
2023-02-15,10:00,C,15350.0,15513.44,15398.0,-1.38676844783715,-0.025803122177781024,-0.09346396802887291,9,150.0,48.0,151.0,2023-02-15 10:00:14.011,150.0,150.0,152.0,True,152.0,sj_ask,-105.45996,-104.45895999999999
2023-02-15,10:00,P,15650.0,15513.44,15398.0,-1.38676844783715,-0.025803122177781024,-0.09346396802887291,9,152.0,252.0,153.2357723577236,2023-02-15 10:00:13.986,152.0,150.0,152.0,True,152.0,sj_ask,98.54004,97.3030318699187
2023-02-22,09:30,C,15250.0,15399.19,15433.0,-0.11710363671849633,0.0781606200742635,-0.10226641863001484,9,140.0,183.0,141.0,2023-02-22 09:30:00.972,140.0,139.0,140.0,True,140.0,sj_ask,41.551339999999996,40.55034
2023-02-22,09:30,P,15550.0,15399.19,15433.0,-0.11710363671849633,0.0781606200742635,-0.10226641863001484,9,165.0,117.0,166.4265129682997,2023-02-22 09:30:00.194,165.0,165.0,166.0,True,166.0,sj_ask,-50.47466,-50.90159948126801
2023-02-22,10:00,C,15250.0,15389.68,15433.0,-0.11710363671849633,0.0,-0.02763104429094332,9,130.0,183.0,131.0,2023-02-22 10:00:14.091,130.0,129.0,130.0,True,130.0,sj_ask,51.561339999999994,50.56034
2023-02-22,10:00,P,15550.0,15389.68,15433.0,-0.11710363671849633,0.0,-0.02763104429094332,9,172.0,117.0,173.39837398373984,2023-02-22 10:00:06.932,172.0,172.0,173.0,True,173.0,sj_ask,-57.481660000000005,-57.880432357723585
2023-03-01,09:30,C,15300.0,15466.77,15593.0,-0.18818948734588004,0.24705805864377872,-0.1437483066087486,9,147.0,293.0,148.03085553997195,2023-03-01 09:30:08.360,147.0,144.0,147.0,True,147.0,sj_ask,144.54114,143.50925360448807
2023-03-01,09:30,P,15600.0,15466.77,15593.0,-0.18818948734588004,0.24705805864377872,-0.1437483066087486,9,153.0,7.0,154.32276657060518,2023-03-01 09:30:08.377,153.0,155.0,157.0,True,157.0,sj_ask,-151.46886,-148.78894933717578
2023-03-01,10:00,C,15350.0,15521.88,15593.0,-0.18818948734588004,0.6306482023275439,-0.12917940474387324,9,153.0,243.0,154.0,2023-03-01 10:00:00.267,153.0,152.0,153.0,True,153.0,sj_ask,88.53514,87.53414000000001
2023-03-01,10:00,P,15700.0,15521.88,15593.0,-0.18818948734588004,0.6306482023275439,-0.12917940474387324,9,196.0,107.0,197.59349593495935,2023-03-01 10:00:00.799,196.0,195.0,197.0,True,197.0,sj_ask,-91.50886,-92.1029494308943
2023-03-08,09:30,C,15650.0,15793.87,15811.0,-0.10164538466425066,0.3688394276629481,0.0693020886914697,6,150.0,161.0,151.05189340813465,2023-03-08 09:30:00.239,150.0,149.0,150.0,True,150.0,sj_ask,9.53378,8.48083469845722
2023-03-08,09:30,P,15950.0,15793.87,15811.0,-0.10164538466425066,0.3688394276629481,0.0693020886914697,6,150.0,139.0,151.29682997118155,2023-03-08 09:30:04.689,150.0,150.0,151.0,True,151.0,sj_ask,-13.46722,-13.764346801152733
2023-03-08,10:00,C,15650.0,15809.56,15811.0,-0.10164538466425066,0.3688394276629481,-0.09069267957023674,7,148.0,161.0,149.0,2023-03-08 10:00:05.605,148.0,148.0,149.0,True,149.0,sj_ask,10.53478,10.53478
2023-03-08,10:00,P,15950.0,15809.56,15811.0,-0.10164538466425066,0.3688394276629481,-0.09069267957023674,7,152.0,139.0,153.2357723577236,2023-03-08 10:00:20.427,152.0,150.0,152.0,True,152.0,sj_ask,-14.468219999999999,-15.705228130081313
2023-03-15,09:30,C,15350.0,15517.28,15405.0,-0.0645911380958486,0.27145811789037744,0.03791439857316892,9,168.0,55.0,169.1781206171108,2023-03-15 09:30:06.825,168.0,167.0,168.0,True,168.0,sj_ask,-114.4761,-115.65539873772791
2023-03-15,09:30,P,15650.0,15517.28,15405.0,-0.0645911380958486,0.27145811789037744,0.03791439857316892,9,134.0,245.0,135.15850144092218,2023-03-15 09:30:06.825,134.0,134.0,136.0,True,136.0,sj_ask,107.55590000000001,108.3982400576369
2023-03-15,10:00,C,15350.0,15514.9,15405.0,-0.0645911380958486,0.3167011375387885,-0.010114304525599138,10,170.0,55.0,171.0759493670886,2023-03-15 10:00:16.995,170.0,170.0,171.0,True,171.0,sj_ask,-117.4791,-117.5551253164557
2023-03-15,10:00,P,15650.0,15514.9,15405.0,-0.0645911380958486,0.3167011375387885,-0.010114304525599138,10,130.0,245.0,131.0569105691057,2023-03-15 10:00:01.193,130.0,128.0,130.0,True,130.0,sj_ask,113.56190000000001,112.50393252032521
2023-03-22,09:30,C,15550.0,15705.69,15744.0,0.07703665660909742,0.5195971518378251,-0.1419463123544129,9,147.0,194.0,148.03085553997195,2023-03-22 09:30:00.318,147.0,147.0,149.0,True,149.0,sj_ask,43.53612,44.506233604488074
2023-03-22,09:30,P,15850.0,15705.69,15744.0,0.07703665660909742,0.5195971518378251,-0.1419463123544129,9,158.0,106.0,159.36599423631122,2023-03-22 09:30:10.331,158.0,157.0,158.0,True,158.0,sj_ask,-53.47288,-54.840240230547536
2023-03-22,10:00,C,15550.0,15716.81,15744.0,0.07703665660909742,0.6286484059272457,-0.04657578873425994,9,161.0,194.0,162.01898734177215,2023-03-22 10:00:00.570,161.0,160.0,161.0,True,161.0,sj_ask,31.52412,30.504113670886085
2023-03-22,10:00,P,15850.0,15716.81,15744.0,0.07703665660909742,0.6286484059272457,-0.04657578873425994,9,138.0,106.0,139.1219512195122,2023-03-22 10:02:12.535,138.0,138.0,139.0,True,139.0,sj_ask,-34.453880000000005,-34.575953170731715
2023-03-29,09:30,C,15650.0,15798.97,15749.0,0.22300095571838874,0.2924348378893882,-0.032787549339563515,9,146.0,99.0,147.02384291725105,2023-03-29 09:30:00.957,146.0,145.0,147.0,True,147.0,sj_ask,-49.46198,-49.48584676016829
2023-03-29,09:30,P,15950.0,15798.97,15749.0,0.22300095571838874,0.2924348378893882,-0.032787549339563515,9,157.0,201.0,158.35734870317,2023-03-29 09:30:01.990,157.0,155.0,157.0,True,157.0,sj_ask,42.528020000000005,41.16931394812683
2023-03-29,10:00,C,15600.0,15755.88,15749.0,0.22300095571838874,-0.006357279084556744,-0.03629955253821038,8,154.0,149.0,155.0,2023-03-29 10:00:07.557,154.0,153.0,155.0,True,155.0,sj_ask,-7.4699800000000005,-7.4699800000000005
2023-03-29,10:00,P,15900.0,15755.88,15749.0,0.22300095571838874,-0.006357279084556744,-0.03629955253821038,8,147.0,151.0,148.1951219512195,2023-03-29 10:00:05.869,147.0,146.0,147.0,True,147.0,sj_ask,2.5380199999999995,1.341702926829275
2023-04-06,09:30,C,15600.0,15765.02,15795.0,-0.8607149588490293,-0.29784537389100363,-0.02593953108431246,10,160.0,195.0,161.1220196353436,2023-04-06 09:30:10.578,160.0,160.0,161.0,True,161.0,sj_ask,32.5231,32.40095834502105
2023-04-06,09:30,P,15900.0,15765.02,15795.0,-0.8607149588490293,-0.29784537389100363,-0.02593953108431246,10,141.0,105.0,142.21902017291066,2023-04-06 09:30:01.550,141.0,140.0,141.0,True,141.0,sj_ask,-37.4569,-38.67713919308357
2023-04-06,10:00,C,15650.0,15804.02,15795.0,-0.8607149588490293,0.006337135614709055,-0.0208208213276051,7,147.0,145.0,148.0,2023-04-06 10:00:00.148,147.0,147.0,148.0,True,148.0,sj_ask,-4.463900000000001,-4.463900000000001
2023-04-06,10:00,P,15950.0,15804.02,15795.0,-0.8607149588490293,0.006337135614709055,-0.0208208213276051,7,154.0,155.0,155.2520325203252,2023-04-06 10:00:00.148,154.0,153.0,154.0,True,154.0,sj_ask,-0.4699000000000001,-1.7231845528455267
2023-04-12,09:30,C,15750.0,15889.89,15932.0,0.12549413314928426,-0.4198784232625208,0.07394424918267806,8,156.0,182.0,157.09396914446003,2023-04-12 09:30:34.316,156.0,155.0,157.0,True,157.0,sj_ask,23.52436,23.43029688639551
2023-04-12,09:30,P,16050.0,15889.89,15932.0,0.12549413314928426,-0.4198784232625208,0.07394424918267806,8,148.0,118.0,149.2795389048991,2023-04-12 09:30:03.003,148.0,147.0,148.0,True,148.0,sj_ask,-31.466639999999998,-32.747458443804014
2023-04-12,10:00,C,15750.0,15886.04,15932.0,0.12549413314928426,-0.3760105282947901,0.11136908469713269,7,160.0,182.0,161.0126582278481,2023-04-12 10:00:00.468,160.0,160.0,161.0,True,161.0,sj_ask,19.52036,19.507689113924048
2023-04-12,10:00,P,16050.0,15886.04,15932.0,0.12549413314928426,-0.3760105282947901,0.11136908469713269,7,141.0,118.0,142.14634146341464,2023-04-12 10:00:13.487,141.0,141.0,143.0,True,143.0,sj_ask,-26.46164,-25.607127804878058
2023-04-19,09:30,C,15750.0,15908.64,15775.0,-0.05031130117603144,0.11325740892216274,0.037911485797037514,9,163.0,25.0,164.1430575035063,2023-04-19 09:30:16.109,163.0,161.0,163.0,True,163.0,sj_ask,-139.4785,-140.6227005610098
2023-04-19,09:30,P,16050.0,15908.64,15775.0,-0.05031130117603144,0.11325740892216274,0.037911485797037514,9,142.0,275.0,143.22766570605185,2023-04-19 09:30:10.214,142.0,141.0,142.0,True,142.0,sj_ask,131.54250000000002,130.3136066282421
2023-04-19,10:00,C,15700.0,15874.79,15775.0,-0.05031130117603144,-0.08179701755489655,0.05052834249394955,9,178.0,75.0,179.126582278481,2023-04-19 10:00:02.233,178.0,178.0,180.0,True,180.0,sj_ask,-106.4955,-105.6212088607595
2023-04-19,10:00,P,16050.0,15874.79,15775.0,-0.05031130117603144,-0.08179701755489655,0.05052834249394955,9,172.0,275.0,173.39837398373984,2023-04-19 10:00:01.568,172.0,171.0,172.0,True,172.0,sj_ask,101.5125,100.11272764227641
2023-04-26,09:30,C,15150.0,15300.13,15379.0,0.4438062916068297,-0.3638726445744034,0.18331596025211727,7,191.0,229.0,192.33941093969145,2023-04-26 09:31:02.065,191.0,131.0,192.0,True,192.0,sj_ask,35.50042,35.16066964936886
2023-04-26,09:30,P,15450.0,15300.13,15379.0,0.4438062916068297,-0.3638726445744034,0.18331596025211727,7,122.0,71.0,123.05475504322766,2023-04-26 09:30:00.379,122.0,121.0,123.0,True,123.0,sj_ask,-53.43058,-53.48538979827089
2023-04-26,10:00,C,15150.0,15322.31,15379.0,0.4438062916068297,-0.2339181286549752,0.14940853410581045,9,172.0,229.0,173.0886075949367,2023-04-26 10:02:15.204,172.0,169.0,175.0,True,175.0,sj_ask,52.51742,54.430723797468374
2023-04-26,10:00,P,15500.0,15322.31,15379.0,0.4438062916068297,-0.2339181286549752,0.14940853410581045,9,164.0,121.0,165.33333333333334,2023-04-26 10:00:15.153,164.0,162.0,164.0,True,164.0,sj_ask,-44.47158,-45.80624666666668
2023-05-03,09:30,C,15400.0,15555.41,15567.0,0.10938103204221061,-0.1092615206632841,-0.06634599436058375,9,145.0,167.0,146.01683029453017,2023-05-03 09:30:07.912,145.0,145.0,147.0,True,147.0,sj_ask,18.54166,19.5258128751753
2023-05-03,09:30,P,15700.0,15555.41,15567.0,0.10938103204221061,-0.1092615206632841,-0.06634599436058375,9,155.0,133.0,156.3400576368876,2023-05-03 09:30:46.311,155.0,154.0,155.0,True,155.0,sj_ask,-23.466340000000002,-24.807737694524484
2023-05-03,10:00,C,15400.0,15566.96,15567.0,0.10938103204221061,0.025708593097251153,-0.02319051360241131,8,163.0,167.0,164.03164556962025,2023-05-03 10:00:00.157,163.0,162.0,163.0,True,163.0,sj_ask,2.52566,1.4929827848101271
2023-05-03,10:00,P,15700.0,15566.96,15567.0,0.10938103204221061,0.025708593097251153,-0.02319051360241131,8,136.0,133.0,137.10569105691056,2023-05-03 10:00:00.943,136.0,136.0,137.0,True,137.0,sj_ask,-5.44834,-5.554136747967469
2023-05-10,09:30,C,15500.0,15680.38,15611.0,-0.006372267890142336,-0.14019882742798417,-0.022542505584705053,8,178.0,111.0,179.24824684431977,2023-05-10 09:33:38.416,178.0,178.0,180.0,True,180.0,sj_ask,-70.49222,-69.73971509116409
2023-05-10,09:30,P,15850.0,15680.38,15611.0,-0.006372267890142336,-0.14019882742798417,-0.022542505584705053,8,170.0,239.0,171.46974063400575,2023-05-10 09:30:25.471,170.0,166.0,168.0,True,168.0,sj_ask,69.51978,66.04656962536025
2023-05-10,10:00,C,15450.0,15596.71,15611.0,-0.006372267890142336,-0.5098139179199546,0.16984024502131323,7,168.0,161.0,169.0632911392405,2023-05-10 10:00:46.199,168.0,168.0,169.0,True,169.0,sj_ask,-9.48122,-9.544574430379745
2023-05-10,10:00,P,15750.0,15596.71,15611.0,-0.006372267890142336,-0.5098139179199546,0.16984024502131323,7,128.0,139.0,129.04065040650406,2023-05-10 10:00:02.440,128.0,126.0,128.0,True,128.0,sj_ask,9.55978,8.51808894308944
2023-05-17,09:30,C,15600.0,15778.69,15953.0,0.08913790907933983,0.3816793893129722,0.007161385303444678,10,185.0,353.0,186.29733520336606,2023-05-17 09:30:04.911,185.0,183.0,185.0,True,185.0,sj_ask,166.49594,165.19730746143057
2023-05-17,09:30,P,15950.0,15778.69,15953.0,0.08913790907933983,0.3816793893129722,0.007161385303444678,10,168.0,0.0,169.45244956772333,2023-05-17 09:30:01.835,168.0,165.0,169.0,True,169.0,sj_ask,-169.669,-170.12190201729106
2023-05-17,10:00,C,15650.0,15783.53,15953.0,0.08913790907933983,0.45801526717557106,0.023056930983134105,8,143.0,303.0,144.0,2023-05-17 10:00:01.012,143.0,143.0,145.0,True,145.0,sj_ask,156.53593999999998,157.53694
2023-05-17,10:00,P,15950.0,15783.53,15953.0,0.08913790907933983,0.45801526717557106,0.023056930983134105,8,162.0,0.0,163.3170731707317,2023-05-17 10:03:35.193,162.0,160.0,162.0,True,162.0,sj_ask,-162.662,-163.98039024390243
2023-05-24,09:30,C,15950.0,16123.56,16149.0,0.11848341232227888,-0.006228589224543946,-0.08391908316232044,10,176.0,199.0,177.23422159887798,2023-05-24 09:30:18.388,176.0,175.0,176.0,True,176.0,sj_ask,21.50102,20.265564179523142
2023-05-24,09:30,P,16300.0,16123.56,16149.0,0.11848341232227888,-0.006228589224543946,-0.08391908316232044,10,178.0,151.0,179.53890489913545,2023-05-24 09:30:08.459,178.0,178.0,180.0,True,180.0,sj_ask,-30.50298,-30.041423804034583
2023-05-24,10:00,C,15950.0,16121.4,16149.0,0.11848341232227888,0.018685767673631837,0.03324890936849956,8,174.0,199.0,175.1012658227848,2023-05-24 10:00:02.026,174.0,174.0,175.0,True,175.0,sj_ask,22.502019999999998,22.400652911392417
2023-05-24,10:00,P,16300.0,16121.4,16149.0,0.11848341232227888,0.018685767673631837,0.03324890936849956,8,176.0,151.0,177.4308943089431,2023-05-24 10:00:04.414,176.0,176.0,178.0,True,178.0,sj_ask,-28.500980000000002,-27.93130520325204
2023-05-31,09:30,C,16450.0,16614.13,16602.0,0.07848819658273776,0.018098455598458685,0.21910385859886805,9,203.0,152.0,204.42356241234222,2023-05-31 09:30:14.027,203.0,201.0,203.0,True,203.0,sj_ask,-52.53504,-53.960025974754565
2023-05-31,09:30,P,16800.0,16614.13,16602.0,0.07848819658273776,0.018098455598458685,0.21910385859886805,9,150.0,198.0,151.29682997118155,2023-05-31 09:30:06.640,150.0,149.0,151.0,True,151.0,sj_ask,45.51696,45.21983319884727
2023-05-31,10:00,C,16400.0,16560.82,16602.0,0.07848819658273776,-0.31973938223938125,0.11720980313338902,9,187.0,202.0,188.18354430379748,2023-05-31 10:00:00.882,187.0,186.0,188.0,True,188.0,sj_ask,12.47996,12.296232151898728
2023-05-31,10:00,P,16750.0,16560.82,16602.0,0.07848819658273776,-0.31973938223938125,0.11720980313338902,9,163.0,148.0,164.3252032520325,2023-05-31 10:00:00.261,163.0,163.0,164.0,True,164.0,sj_ask,-17.49604,-17.82156845528454
2023-06-07,09:30,C,16700.0,16843.86,16907.0,-0.01786990707648428,0.23830801310693595,-0.01116155580213607,10,143.0,207.0,144.00280504908835,2023-06-07 09:30:01.715,143.0,141.0,143.0,True,143.0,sj_ask,62.51886,61.515052145862555
2023-06-07,09:30,P,17000.0,16843.86,16907.0,-0.01786990707648428,0.23830801310693595,-0.01116155580213607,10,161.0,93.0,162.39193083573485,2023-06-07 09:30:02.596,161.0,160.0,162.0,True,162.0,sj_ask,-70.50014,-70.89246276657059
2023-06-07,10:00,C,16700.0,16857.65,16907.0,-0.01786990707648428,0.3455466190050549,0.026767818553363742,6,155.0,207.0,156.0,2023-06-07 10:00:01.845,155.0,154.0,155.0,True,155.0,sj_ask,50.506859999999996,49.50586
2023-06-07,10:00,P,17050.0,16857.65,16907.0,-0.01786990707648428,0.3455466190050549,0.026767818553363742,6,190.0,143.0,191.54471544715446,2023-06-07 10:01:03.206,190.0,190.0,192.0,True,192.0,sj_ask,-50.53014,-50.07440016260162
2023-06-14,09:30,C,17050.0,17221.78,17244.0,-0.23203202041881532,-0.040700040700036855,-0.0282743509146699,8,178.0,194.0,179.24824684431977,2023-06-14 09:30:23.752,178.0,178.0,180.0,True,180.0,sj_ask,12.47512,13.227624908835914
2023-06-14,09:30,P,17400.0,17221.78,17244.0,-0.23203202041881532,-0.040700040700036855,-0.0282743509146699,8,179.0,156.0,180.54755043227664,2023-06-14 09:30:06.305,179.0,178.0,179.0,True,179.0,sj_ask,-24.52388,-26.072977982708913
2023-06-14,10:00,C,17050.0,17243.35,17244.0,-0.23203202041881532,0.09884295598581172,0.044648811007963474,9,205.0,194.0,206.29746835443038,2023-06-14 10:00:45.384,205.0,204.0,205.0,True,205.0,sj_ask,-12.54988,-13.848645822784809
2023-06-14,10:00,P,17400.0,17243.35,17244.0,-0.23203202041881532,0.09884295598581172,0.044648811007963474,9,144.0,156.0,145.17073170731706,2023-06-14 10:00:54.238,144.0,143.0,144.0,True,144.0,sj_ask,10.51112,9.339217560975623
2023-06-21,09:30,C,17000.0,17158.33,17230.0,-0.02913413355086769,0.02331409920148797,0.017776150575454785,8,161.0,230.0,162.1290322580645,2023-06-21 09:30:01.661,161.0,161.0,163.0,True,163.0,sj_ask,65.4924,66.36423870967742
2023-06-21,09:30,P,17350.0,17158.33,17230.0,-0.02913413355086769,0.02331409920148797,0.017776150575454785,8,188.0,120.0,189.62536023054753,2023-06-21 09:30:19.856,188.0,188.0,190.0,True,190.0,sj_ask,-71.5346,-71.15958559077808
2023-06-21,10:00,C,17000.0,17147.3,17230.0,-0.02913413355086769,-0.052456723203353484,0.046030631080540285,8,146.0,230.0,147.0,2023-06-21 10:00:31.543,146.0,146.0,147.0,True,147.0,sj_ask,81.5084,81.5084
2023-06-21,10:00,P,17300.0,17147.3,17230.0,-0.02913413355086769,-0.052456723203353484,0.046030631080540285,8,154.0,70.0,155.2520325203252,2023-06-21 10:00:10.970,154.0,152.0,154.0,True,154.0,sj_ask,-85.4986,-86.75188455284552
2023-06-28,09:30,C,16800.0,16981.88,16930.0,-0.21981939163497888,-0.07144983626079515,-0.04975739589221928,8,173.0,130.0,174.2131837307153,2023-06-28 09:30:12.020,173.0,173.0,175.0,True,175.0,sj_ask,-46.5136,-45.725996914446
2023-06-28,09:30,P,17150.0,16981.88,16930.0,-0.21981939163497888,-0.07144983626079515,-0.04975739589221928,8,180.0,220.0,181.55619596541786,2023-06-28 09:32:03.300,180.0,175.0,180.0,True,180.0,sj_ask,38.4814,36.92364783861672
2023-06-28,10:00,C,16800.0,16954.75,16930.0,-0.21981939163497888,-0.15480797856505246,0.012031096846776279,8,161.0,130.0,162.01898734177215,2023-06-28 10:00:18.496,161.0,161.0,162.0,True,162.0,sj_ask,-33.5006,-33.51960632911392
2023-06-28,10:00,P,17100.0,16954.75,16930.0,-0.21981939163497888,-0.15480797856505246,0.012031096846776279,8,140.0,170.0,141.1382113821138,2023-06-28 10:00:18.601,140.0,140.0,142.0,True,142.0,sj_ask,26.5194,27.382050406504078
2023-07-05,09:30,C,16950.0,17123.18,17026.0,0.011706860220095372,-0.1229076436848886,-0.017636560707146032,8,170.0,76.0,171.1921458625526,,,,,False,171.1921458625526,fm_model,-96.70385800841514,-96.70385800841514
2023-07-05,09:30,P,17300.0,17123.18,17026.0,0.011706860220095372,-0.1229076436848886,-0.017636560707146032,8,186.0,274.0,187.60806916426512,,,,,False,187.60806916426512,fm_model,84.86380276657061,84.86380276657061
2023-07-05,10:00,C,16950.0,17110.41,17026.0,0.011706860220095372,-0.2106988177455249,0.013851038798673443,7,163.0,76.0,164.03164556962025,,,,,False,164.03164556962025,fm_model,-89.53619721518987,-89.53619721518987
2023-07-05,10:00,P,17300.0,17110.41,17026.0,0.011706860220095372,-0.2106988177455249,0.013851038798673443,7,190.0,274.0,191.54471544715446,,,,,False,191.54471544715446,fm_model,80.92321983739839,80.92321983739839
2023-07-12,09:30,C,16750.0,16908.74,16914.0,-0.19511618281795595,-0.1244075829383906,-0.08639955150295808,8,148.0,164.0,149.03786816269283,2023-07-12 09:30:00.552,148.0,146.0,148.0,True,148.0,sj_ask,14.513720000000001,13.474813969144476
2023-07-12,09:30,P,17100.0,16908.74,16914.0,-0.19511618281795595,-0.1244075829383906,-0.08639955150295808,8,204.0,186.0,205.7636887608069,2023-07-12 09:30:04.064,204.0,204.0,206.0,True,206.0,sj_ask,-21.54428,-21.30773244956771
2023-07-12,10:00,C,16750.0,16899.07,16914.0,-0.19511618281795595,-0.1718009478672955,-0.12956439516016438,9,137.0,164.0,138.0,2023-07-12 10:00:06.988,137.0,137.0,138.0,True,138.0,sj_ask,24.523719999999997,24.523719999999997
2023-07-12,10:00,P,17050.0,16899.07,16914.0,-0.19511618281795595,-0.1718009478672955,-0.12956439516016438,9,166.0,136.0,167.34959349593495,2023-07-12 10:00:00.062,166.0,165.0,166.0,True,166.0,sj_ask,-31.50428,-32.855223089430886
2023-07-19,09:30,C,17100.0,17254.48,17103.0,0.09264084303166609,-0.185110198414995,0.0016227725997408626,11,165.0,3.0,166.1570827489481,2023-07-19 09:30:10.902,165.0,164.0,165.0,True,165.0,sj_ask,-163.50706,-164.66529983169707
2023-07-19,09:30,P,17450.0,17254.48,17103.0,0.09264084303166609,-0.185110198414995,0.0016227725997408626,11,191.0,347.0,192.65129682997116,2023-07-19 09:30:06.337,191.0,191.0,193.0,True,193.0,sj_ask,152.46493999999998,152.81399187319886
2023-07-19,10:00,C,17150.0,17310.46,17103.0,0.09264084303166609,0.0636316307051521,-0.10353431385853318,9,152.0,0.0,153.0,2023-07-19 10:00:01.340,152.0,152.0,153.0,True,153.0,sj_ask,-153.653,-153.653
2023-07-19,10:00,P,17500.0,17310.46,17103.0,0.09264084303166609,0.0636316307051521,-0.10353431385853318,9,208.0,397.0,209.6910569105691,2023-07-19 10:00:37.297,208.0,207.0,208.0,True,208.0,sj_ask,187.44994,185.75719203252032
2023-07-26,09:30,C,17000.0,17183.17,17154.0,-0.24350649350649567,-0.40102289898872323,0.0277006859411566,10,195.0,154.0,196.36746143057502,2023-07-26 09:30:20.919,195.0,194.0,195.0,True,195.0,sj_ask,-42.53808,-43.906908892005596
2023-07-26,09:30,P,17350.0,17183.17,17154.0,-0.24350649350649567,-0.40102289898872323,0.0277006859411566,10,165.0,196.0,166.4265129682997,2023-07-26 09:30:00.276,165.0,163.0,165.0,True,165.0,sj_ask,29.49192,28.063980518731995
2023-07-26,10:00,C,17050.0,17207.49,17154.0,-0.24350649350649567,-0.3603394164826246,-0.07212051157328148,9,149.0,104.0,150.0,2023-07-26 10:00:02.662,149.0,148.0,150.0,True,150.0,sj_ask,-47.49308,-47.49308
2023-07-26,10:00,P,17400.0,17207.49,17154.0,-0.24350649350649567,-0.3603394164826246,-0.07212051157328148,9,207.0,246.0,208.6829268292683,2023-07-26 10:00:52.472,207.0,207.0,208.0,True,208.0,sj_ask,36.44892,35.765310243902434
2023-08-02,09:30,C,17000.0,17173.35,16855.0,-0.2916642361313615,0.1930614871584968,-0.16919341245710262,10,157.0,0.0,158.1009817671809,2023-08-02 09:30:11.825,157.0,157.0,158.0,True,158.0,sj_ask,-158.658,-158.7590827489481
2023-08-02,09:30,P,17350.0,17173.35,16855.0,-0.2916642361313615,0.1930614871584968,-0.16919341245710262,10,195.0,495.0,196.685878962536,2023-08-02 09:30:29.767,195.0,195.0,197.0,True,197.0,sj_ask,296.4659,296.7803351585015
2023-08-02,10:00,C,16900.0,17082.02,16855.0,-0.2916642361313615,-0.22231322763704986,0.04349691804139688,9,180.0,0.0,181.13924050632912,2023-08-02 10:00:31.862,180.0,177.0,186.0,True,186.0,sj_ask,-186.686,-181.82037974683544
2023-08-02,10:00,P,17250.0,17082.02,16855.0,-0.2916642361313615,-0.22231322763704986,0.04349691804139688,9,162.0,395.0,163.3170731707317,2023-08-02 10:00:00.014,162.0,160.0,162.0,True,162.0,sj_ask,231.5009,230.18250975609757
2023-08-09,09:30,C,16750.0,16929.02,16870.0,0.2205268804386762,0.6184953910199242,0.026994172330307986,8,190.0,120.0,191.33239831697054,2023-08-09 09:30:00.052,190.0,188.0,190.0,True,190.0,sj_ask,-71.5274,-72.86113071528752
2023-08-09,09:30,P,17100.0,16929.02,16870.0,0.2205268804386762,0.6184953910199242,0.026994172330307986,8,162.0,230.0,163.40057636887607,2023-08-09 09:30:13.343,162.0,162.0,163.0,True,163.0,sj_ask,65.4996,65.09862305475505
2023-08-09,10:00,C,16750.0,16921.75,16870.0,0.2205268804386762,0.4460303300624524,-0.10362032755372175,9,158.0,120.0,159.0,2023-08-09 10:00:01.721,158.0,156.0,158.0,True,158.0,sj_ask,-39.495400000000004,-40.4964
2023-08-09,10:00,P,17100.0,16921.75,16870.0,0.2205268804386762,0.4460303300624524,-0.10362032755372175,9,189.0,230.0,190.53658536585365,2023-08-09 10:00:17.113,189.0,188.0,190.0,True,190.0,sj_ask,38.4726,37.93547804878049
2023-08-16,09:30,C,16150.0,16326.41,16364.0,-0.214263850627483,0.19018404907975572,-0.06363619675822108,9,192.0,214.0,193.34642356241233,2023-08-16 09:30:27.882,192.0,185.0,192.0,True,192.0,sj_ask,20.480719999999998,19.132950014025262
2023-08-16,09:30,P,16500.0,16326.41,16364.0,-0.214263850627483,0.19018404907975572,-0.06363619675822108,9,170.0,136.0,171.46974063400575,2023-08-16 09:30:00.647,170.0,169.0,171.0,True,171.0,sj_ask,-36.49828,-36.96849037463976
2023-08-16,10:00,C,16250.0,16394.91,16364.0,-0.214263850627483,0.5214723926380449,-0.11201854739323336,9,139.0,114.0,140.0,2023-08-16 10:00:05.089,139.0,139.0,140.0,True,140.0,sj_ask,-27.467280000000002,-27.467280000000002
2023-08-16,10:00,P,16550.0,16394.91,16364.0,-0.214263850627483,0.5214723926380449,-0.11201854739323336,9,167.0,186.0,168.35772357723576,2023-08-16 10:00:00.571,167.0,167.0,168.0,True,168.0,sj_ask,16.50472,16.146638699187
2023-08-23,09:30,C,16350.0,16525.18,16557.0,0.2748259435690681,0.47505938242280443,-0.08449271409105563,10,175.0,207.0,176.22720897615707,2023-08-23 09:30:01.119,175.0,175.0,177.0,True,177.0,sj_ask,28.49186,29.265423814866768
2023-08-23,09:30,P,16700.0,16525.18,16557.0,0.2748259435690681,0.47505938242280443,-0.08449271409105563,10,185.0,143.0,186.5994236311239,2023-08-23 09:30:37.251,185.0,185.0,192.0,True,192.0,sj_ask,-50.52314,-45.11716305475502
2023-08-23,10:00,C,16350.0,16509.32,16557.0,0.2748259435690681,0.3045252451428171,-0.06768875158730259,8,149.0,207.0,150.0,2023-08-23 10:00:00.480,149.0,148.0,149.0,True,149.0,sj_ask,56.51986,55.518860000000004
2023-08-23,10:00,P,16650.0,16509.32,16557.0,0.2748259435690681,0.3045252451428171,-0.06768875158730259,8,149.0,93.0,150.21138211382114,2023-08-23 10:01:10.749,149.0,149.0,150.0,True,150.0,sj_ask,-58.481139999999996,-58.69273349593497
2023-08-30,09:30,C,16600.0,16753.85,16724.0,0.04183850337695638,0.13143744772374788,0.06290636977723807,9,165.0,124.0,166.1570827489481,2023-08-30 09:30:29.178,165.0,164.0,166.0,True,166.0,sj_ask,-43.500479999999996,-43.65771983169706
2023-08-30,09:30,P,16900.0,16753.85,16724.0,0.04183850337695638,0.13143744772374788,0.06290636977723807,9,135.0,176.0,136.1671469740634,2023-08-30 09:30:01.706,135.0,133.0,135.0,True,135.0,sj_ask,39.53052,38.36220587896254
2023-08-30,10:00,C,16600.0,16767.8,16724.0,0.04183850337695638,0.1553351654916879,0.03872289621009717,9,170.0,124.0,171.0759493670886,2023-08-30 10:00:05.539,170.0,170.0,171.0,True,171.0,sj_ask,-48.50548,-48.5815053164557
2023-08-30,10:00,P,16950.0,16767.8,16724.0,0.04183850337695638,0.1553351654916879,0.03872289621009717,9,183.0,226.0,184.4878048780488,2023-08-30 10:00:11.820,183.0,183.0,186.0,True,186.0,sj_ask,38.47952,39.99322731707316
2023-09-06,09:30,C,16650.0,16793.96,16743.0,0.05970862192501425,-0.005967299200382303,-0.056039891350501136,8,135.0,93.0,136.0,2023-09-06 09:30:30.938,135.0,135.0,136.0,True,136.0,sj_ask,-44.47086,-44.47086
2023-09-06,09:30,P,16950.0,16793.96,16743.0,0.05970862192501425,-0.005967299200382303,-0.056039891350501136,8,174.0,207.0,175.5043227665706,2023-09-06 09:31:16.133,174.0,172.0,174.0,True,174.0,sj_ask,31.49114,29.985312910662834
2023-09-06,10:00,C,16600.0,16764.22,16743.0,0.05970862192501425,-0.1611170784103111,-0.04867555950051616,8,156.0,143.0,157.0,2023-09-06 10:00:18.941,156.0,156.0,157.0,True,157.0,sj_ask,-15.49186,-15.49186
2023-09-06,10:00,P,16950.0,16764.22,16743.0,0.05970862192501425,-0.1611170784103111,-0.04867555950051616,8,193.0,207.0,194.5691056910569,2023-09-06 10:04:42.699,193.0,193.0,200.0,True,200.0,sj_ask,5.46514,10.901465203252037
2023-09-13,09:30,C,16450.0,16634.89,16592.0,0.13899800568077936,0.36210018105009567,-0.061077292833155994,9,180.0,142.0,181.26227208976158,2023-09-13 09:30:17.377,180.0,178.0,180.0,True,180.0,sj_ask,-39.51184,-40.77537436185134
2023-09-13,09:30,P,16800.0,16634.89,16592.0,0.13899800568077936,0.36210018105009567,-0.061077292833155994,9,172.0,208.0,173.48703170028818,2023-09-13 09:30:16.806,172.0,172.0,174.0,True,174.0,sj_ask,32.49416,33.007641268011525
2023-09-13,10:00,C,16450.0,16600.49,16592.0,0.13899800568077936,0.12070006035003189,-0.06626146775176034,8,140.0,142.0,141.0,2023-09-13 10:00:00.007,140.0,139.0,140.0,True,140.0,sj_ask,0.5281599999999999,-0.47284000000000004
2023-09-13,10:00,P,16750.0,16600.49,16592.0,0.13899800568077936,0.12070006035003189,-0.06626146775176034,8,161.0,158.0,162.3089430894309,2023-09-13 10:00:16.593,161.0,159.0,161.0,True,161.0,sj_ask,-4.49284,-5.803092032520328
2023-09-20,09:30,C,16450.0,16596.55,16537.0,0.0,-0.13846246463187217,-0.057180765330511196,9,142.0,87.0,143.0,2023-09-20 09:30:06.497,142.0,141.0,142.0,True,142.0,sj_ask,-56.47274,-57.47374
2023-09-20,09:30,P,16750.0,16596.55,16537.0,0.0,-0.13846246463187217,-0.057180765330511196,9,162.0,213.0,163.40057636887607,2023-09-20 09:30:00.202,162.0,162.0,164.0,True,164.0,sj_ask,47.50526,48.10528305475505
2023-09-20,10:00,C,16500.0,16641.62,16537.0,0.0,0.0903016073686036,-0.13447657440898153,10,129.0,37.0,130.0,2023-09-20 10:00:05.493,129.0,129.0,130.0,True,130.0,sj_ask,-94.46074,-94.46074
2023-09-20,10:00,P,16800.0,16641.62,16537.0,0.0,0.0903016073686036,-0.13447657440898153,10,175.0,263.0,176.42276422764226,2023-09-20 10:00:30.116,175.0,174.0,175.0,True,175.0,sj_ask,86.49426,85.0700730081301
2023-09-27,09:30,C,16150.0,16304.72,16275.0,0.07391893556731866,0.35085559522343157,-0.08709358880785167,9,142.0,125.0,143.0,2023-09-27 09:30:00.018,142.0,141.0,142.0,True,142.0,sj_ask,-18.4675,-19.468500000000002
2023-09-27,09:30,P,16450.0,16304.72,16275.0,0.07391893556731866,0.35085559522343157,-0.08709358880785167,9,155.0,175.0,156.3400576368876,2023-09-27 09:30:15.020,155.0,155.0,156.0,True,156.0,sj_ask,17.5185,17.178102305475516
2023-09-27,10:00,C,16150.0,16299.32,16275.0,0.07391893556731866,0.418564569740254,0.010430151728035852,9,148.0,125.0,149.0,2023-09-27 10:00:28.288,148.0,147.0,149.0,True,149.0,sj_ask,-25.474500000000003,-25.474500000000003
2023-09-27,10:00,P,16450.0,16299.32,16275.0,0.07391893556731866,0.418564569740254,0.010430151728035852,9,149.0,175.0,150.21138211382114,2023-09-27 10:00:00.044,149.0,148.0,149.0,True,149.0,sj_ask,24.525499999999997,23.312906504065033
2023-10-04,09:30,C,16100.0,16264.78,16280.0,-0.12266176019626318,-0.44212465459011474,-0.1251767221786937,10,143.0,180.0,144.00280504908835,2023-10-04 09:30:00.436,143.0,143.0,145.0,True,145.0,sj_ask,33.529399999999995,34.527592145862556
2023-10-04,09:30,P,16450.0,16264.78,16280.0,-0.12266176019626318,-0.44212465459011474,-0.1251767221786937,10,210.0,170.0,211.81556195965416,2023-10-04 09:30:00.435,210.0,209.0,210.0,True,210.0,sj_ask,-41.5356,-43.352977521613816
2023-10-04,10:00,C,16100.0,16271.46,16280.0,-0.12266176019626318,-0.23334356770033926,-0.03521076994831285,9,166.0,180.0,167.0506329113924,2023-10-04 10:00:05.925,166.0,166.0,167.0,True,167.0,sj_ask,11.5074,11.45671645569621
2023-10-04,10:00,P,16450.0,16271.46,16280.0,-0.12266176019626318,-0.23334356770033926,-0.03521076994831285,9,186.0,170.0,187.5121951219512,2023-10-04 10:00:06.346,186.0,186.0,188.0,True,188.0,sj_ask,-19.5136,-19.02530731707316
2023-10-11,09:30,C,16550.0,16695.25,16674.0,1.099363210380866,-0.5526175054964666,0.16471011020604553,10,170.0,124.0,171.1921458625526,2023-10-11 09:30:02.144,170.0,169.0,171.0,True,171.0,sj_ask,-48.50448,-48.69681800841515
2023-10-11,09:30,P,16850.0,16695.25,16674.0,1.099363210380866,-0.5526175054964666,0.16471011020604553,10,131.0,176.0,132.13256484149855,2023-10-11 09:30:00.685,131.0,130.0,131.0,True,131.0,sj_ask,43.53552,42.40182259365995
2023-10-11,10:00,C,16500.0,16678.05,16674.0,1.099363210380866,-0.7189969695169052,0.12578148793864763,7,197.0,174.0,198.24683544303798,2023-10-11 10:00:50.131,197.0,195.0,197.0,True,197.0,sj_ask,-24.53048,-25.77856227848102
2023-10-11,10:00,P,16850.0,16678.05,16674.0,1.099363210380866,-0.7189969695169052,0.12578148793864763,7,149.0,176.0,150.21138211382114,2023-10-11 10:00:37.386,149.0,148.0,150.0,True,150.0,sj_ask,24.51652,24.304926504065033
2023-10-18,09:30,C,16400.0,16564.24,16426.0,-0.31197504199663717,-0.21064034665382314,0.1620041642681147,6,180.0,26.0,181.26227208976158,2023-10-18 09:30:13.317,180.0,180.0,182.0,True,182.0,sj_ask,-157.51051999999999,-156.77205436185133
2023-10-18,09:30,P,16750.0,16564.24,16426.0,-0.31197504199663717,-0.21064034665382314,0.1620041642681147,6,166.0,324.0,167.43515850144092,2023-10-18 09:30:01.170,166.0,166.0,167.0,True,167.0,sj_ask,155.50448,155.06888634005765
2023-10-18,10:00,C,16300.0,16485.72,16426.0,-0.31197504199663717,-0.6379393355801621,0.08730129860683444,9,238.0,126.0,239.50632911392404,2023-10-18 10:03:14.500,238.0,232.0,238.0,True,238.0,sj_ask,-113.56652,-115.07435544303796
2023-10-18,10:00,P,16650.0,16485.72,16426.0,-0.31197504199663717,-0.6379393355801621,0.08730129860683444,9,139.0,224.0,140.130081300813,2023-10-18 10:00:01.536,139.0,139.0,140.0,True,140.0,sj_ask,82.53148,82.40126861788619
2023-10-25,09:30,C,16250.0,16407.81,16389.0,-0.1403037882022784,0.24434941967013124,-0.10793771914373584,7,147.0,139.0,148.03085553997195,2023-10-25 09:30:05.670,147.0,146.0,147.0,True,147.0,sj_ask,-9.47478,-10.506666395511925
2023-10-25,09:30,P,16550.0,16407.81,16389.0,-0.1403037882022784,0.24434941967013124,-0.10793771914373584,7,158.0,161.0,159.36599423631122,2023-10-25 09:30:01.611,158.0,158.0,159.0,True,159.0,sj_ask,0.51322,0.14685976945246515
2023-10-25,10:00,C,16250.0,16438.37,16389.0,-0.1403037882022784,0.5497861942577842,0.0065089394504447284,9,191.0,139.0,192.20886075949366,2023-10-25 10:00:27.158,191.0,191.0,192.0,True,192.0,sj_ask,-54.51978,-54.72884962025315
2023-10-25,10:00,P,16600.0,16438.37,16389.0,-0.1403037882022784,0.5497861942577842,0.0065089394504447284,9,161.0,211.0,162.3089430894309,2023-10-25 10:01:53.743,161.0,161.0,167.0,True,167.0,sj_ask,42.50522,47.20096796747968
2023-11-01,09:30,C,15900.0,16082.13,16060.0,0.2365979702384724,-0.08696192310081452,-0.1137275848153485,9,162.0,160.0,163.13604488078542,2023-11-01 09:30:18.795,162.0,162.0,164.0,True,164.0,sj_ask,-5.4852,-4.620380925666205
2023-11-01,09:30,P,16250.0,16082.13,16060.0,0.2365979702384724,-0.08696192310081452,-0.1137275848153485,9,189.0,190.0,190.63400576368875,2023-11-01 09:30:18.488,189.0,183.0,189.0,True,189.0,sj_ask,-0.5102000000000001,-2.145839769452437
2023-11-01,10:00,C,15850.0,16030.45,16060.0,0.2365979702384724,-0.3105782967886217,-0.04158995224787243,8,176.0,210.0,177.1139240506329,2023-11-01 10:00:30.921,176.0,176.0,178.0,True,178.0,sj_ask,30.500799999999998,31.387762025316466
2023-11-01,10:00,P,16200.0,16030.45,16060.0,0.2365979702384724,-0.3105782967886217,-0.04158995224787243,8,170.0,140.0,171.3821138211382,2023-11-01 10:00:09.646,170.0,170.0,171.0,True,171.0,sj_ask,-32.4922,-32.87469593495934
2023-11-08,09:30,C,16550.0,16698.08,16734.0,-0.22073738217396333,-0.05979073243647104,-0.01760696229593517,7,152.0,184.0,153.06591865357643,2023-11-08 09:30:25.202,152.0,152.0,154.0,True,154.0,sj_ask,28.51132,29.44633542776999
2023-11-08,09:30,P,16850.0,16698.08,16734.0,-0.22073738217396333,-0.05979073243647104,-0.01760696229593517,7,153.0,116.0,154.32276657060518,2023-11-08 09:30:11.074,153.0,153.0,155.0,True,155.0,sj_ask,-40.48968,-39.81176933717579
2023-11-08,10:00,C,16550.0,16731.21,16734.0,-0.22073738217396333,0.20926756352765974,0.02462534509851677,8,184.0,184.0,185.1645569620253,2023-11-08 10:00:03.627,184.0,184.0,185.0,True,185.0,sj_ask,-2.51968,-2.6844015189873267
2023-11-08,10:00,P,16900.0,16731.21,16734.0,-0.22073738217396333,0.20926756352765974,0.02462534509851677,8,169.0,166.0,170.3739837398374,2023-11-08 10:00:23.826,169.0,167.0,169.0,True,169.0,sj_ask,-4.50368,-5.8790377235772375
2023-11-15,09:30,C,16950.0,17132.2,17123.0,0.05244449624148828,-0.10483401281304872,0.17420534506147334,9,201.0,173.0,202.4095371669004,2023-11-15 09:30:54.228,201.0,201.0,202.0,True,202.0,sj_ask,-30.544459999999997,-30.954406704067306
2023-11-15,09:30,P,17300.0,17132.2,17123.0,0.05244449624148828,-0.10483401281304872,0.17420534506147334,9,145.0,177.0,146.25360230547548,2023-11-15 09:30:07.895,145.0,143.0,145.0,True,145.0,sj_ask,30.51254,29.257684092219044
2023-11-15,10:00,C,16950.0,17101.06,17123.0,0.05244449624148828,-0.2679091438555603,0.08176786926025192,8,200.0,173.0,201.26582278481013,2023-11-15 10:02:05.169,200.0,197.0,200.0,True,200.0,sj_ask,-28.54246,-29.809548607594934
2023-11-15,10:00,P,17250.0,17101.06,17123.0,0.05244449624148828,-0.2679091438555603,0.08176786926025192,8,121.0,127.0,122.0,2023-11-15 10:00:06.277,121.0,120.0,121.0,True,121.0,sj_ask,4.53654,3.53554
2023-11-22,09:30,C,17150.0,17336.89,17289.0,-0.19041024753332358,0.15030639380275712,0.0623263302776178,8,190.0,139.0,191.33239831697054,2023-11-22 09:30:00.335,190.0,186.0,190.0,True,190.0,sj_ask,-52.535779999999995,-53.86951071528751
2023-11-22,09:30,P,17500.0,17336.89,17289.0,-0.19041024753332358,0.15030639380275712,0.0623263302776178,8,162.0,211.0,163.40057636887607,2023-11-22 09:30:04.797,162.0,160.0,162.0,True,162.0,sj_ask,47.49222,46.09024305475505
2023-11-22,10:00,C,17150.0,17338.34,17289.0,-0.19041024753332358,0.16186842409526836,0.050488293928419026,7,189.0,139.0,190.19620253164555,2023-11-22 10:00:07.968,189.0,187.0,189.0,True,189.0,sj_ask,-51.53478,-52.7321787341772
2023-11-22,10:00,P,17500.0,17338.34,17289.0,-0.19041024753332358,0.16186842409526836,0.050488293928419026,7,161.0,211.0,162.3089430894309,2023-11-22 10:00:04.306,161.0,160.0,161.0,True,161.0,sj_ask,48.49322,47.18296796747968
2023-11-29,09:30,C,17250.0,17435.69,17368.0,-0.12096774193548487,0.5767345290962567,-0.0648142040615085,8,173.0,118.0,174.2131837307153,2023-11-29 09:30:17.722,173.0,172.0,173.0,True,173.0,sj_ask,-56.520360000000004,-57.734756914446
2023-11-29,09:30,P,17600.0,17435.69,17368.0,-0.12096774193548487,0.5767345290962567,-0.0648142040615085,8,183.0,232.0,184.5821325648415,2023-11-29 09:33:03.275,183.0,180.0,188.0,True,188.0,sj_ask,42.464639999999996,45.88592530259367
2023-11-29,10:00,C,17200.0,17393.93,17368.0,-0.12096774193548487,0.3402733721667994,-0.06545535340811703,10,185.0,168.0,186.17088607594937,2023-11-29 10:00:25.031,185.0,184.0,185.0,True,185.0,sj_ask,-18.532359999999997,-19.704416962025316
2023-11-29,10:00,P,17550.0,17393.93,17368.0,-0.12096774193548487,0.3402733721667994,-0.06545535340811703,10,169.0,182.0,170.3739837398374,2023-11-29 10:00:00.639,169.0,167.0,169.0,True,169.0,sj_ask,11.48364,10.108282276422763
2023-12-06,09:30,C,17200.0,17381.91,17373.0,0.184597634842798,0.04606437496401661,-0.01041384385331856,9,179.0,173.0,180.25525946704067,2023-12-06 09:30:23.280,179.0,179.0,181.0,True,181.0,sj_ask,-9.52846,-8.782974726507714
2023-12-06,09:30,P,17550.0,17381.91,17373.0,0.184597634842798,0.04606437496401661,-0.01041384385331856,9,165.0,177.0,166.4265129682997,2023-12-06 09:30:41.052,165.0,165.0,166.0,True,166.0,sj_ask,9.48654,9.059600518731996
2023-12-06,10:00,C,17250.0,17419.82,17373.0,0.184597634842798,0.38578914032361133,0.03687413055739608,7,168.0,123.0,169.0632911392405,2023-12-06 10:00:00.742,168.0,167.0,168.0,True,168.0,sj_ask,-46.51546,-47.57981443037974
2023-12-06,10:00,P,17600.0,17419.82,17373.0,0.184597634842798,0.38578914032361133,0.03687413055739608,7,181.0,227.0,182.47154471544715,2023-12-06 10:00:01.606,181.0,181.0,184.0,True,184.0,sj_ask,41.468540000000004,42.9985237398374
2023-12-13,09:30,C,17300.0,17491.52,17449.0,0.017154620311066182,0.14864787605053387,0.043028152657353935,10,210.0,149.0,211.4726507713885,2023-12-13 09:30:00.444,210.0,208.0,210.0,True,210.0,sj_ask,-62.55898,-64.03310342215988
2023-12-13,09:30,P,17650.0,17491.52,17449.0,0.017154620311066182,0.14864787605053387,0.043028152657353935,10,143.0,201.0,144.23631123919307,2023-12-13 09:30:02.159,143.0,142.0,143.0,True,143.0,sj_ask,56.50802,55.27047244956774
2023-12-13,10:00,C,17300.0,17482.56,17449.0,0.017154620311066182,0.045737808015555714,0.04913032462047218,6,192.0,149.0,193.21518987341773,2023-12-13 10:00:22.441,192.0,192.0,193.0,True,193.0,sj_ask,-45.541979999999995,-45.757385063291146
2023-12-13,10:00,P,17650.0,17482.56,17449.0,0.017154620311066182,0.045737808015555714,0.04913032462047218,6,158.0,201.0,159.28455284552845,2023-12-13 10:00:02.161,158.0,158.0,162.0,True,162.0,sj_ask,37.489020000000004,40.20718260162602
2023-12-20,09:30,C,17450.0,17612.2,17636.0,0.09096594462447705,-0.017040613462082632,-0.022548016768447754,10,155.0,186.0,156.08695652173913,2023-12-20 09:30:03.189,155.0,154.0,155.0,True,155.0,sj_ask,29.492279999999997,28.404236521739133
2023-12-20,09:30,P,17800.0,17612.2,17636.0,0.09096594462447705,-0.017040613462082632,-0.022548016768447754,10,198.0,164.0,199.71181556195964,2023-12-20 09:31:03.195,198.0,193.0,200.0,True,200.0,sj_ask,-37.55272,-37.2642473775216
2023-12-20,10:00,C,17450.0,17636.89,17636.0,0.09096594462447705,0.2272081794944647,0.03951755696454118,7,195.0,186.0,196.23417721518987,2023-12-20 10:00:00.242,195.0,193.0,195.0,True,195.0,sj_ask,-10.54772,-11.783131392405064
2023-12-20,10:00,P,17800.0,17636.89,17636.0,0.09096594462447705,0.2272081794944647,0.03951755696454118,7,155.0,164.0,156.260162601626,2023-12-20 10:00:12.651,155.0,155.0,158.0,True,158.0,sj_ask,4.48928,6.230857235772367
2023-12-27,09:30,C,17650.0,17844.72,17883.0,0.033804721392760584,0.3491974091805128,-0.18927200875425987,8,165.0,233.0,166.1570827489481,2023-12-27 09:30:01.015,165.0,164.0,165.0,True,165.0,sj_ask,66.47734,65.31910016830294
2023-12-27,09:30,P,18000.0,17844.72,17883.0,0.033804721392760584,0.3491974091805128,-0.18927200875425987,8,,117.0,,,,,,True,,no_fill,,
2023-12-27,10:00,C,17650.0,17837.68,17883.0,0.033804721392760584,0.29287524640946305,-0.20716393856919924,7,158.0,233.0,159.0,2023-12-27 10:01:06.465,158.0,156.0,158.0,True,158.0,sj_ask,73.48434,72.48334
2023-12-27,10:00,P,18000.0,17837.68,17883.0,0.033804721392760584,0.29287524640946305,-0.20716393856919924,7,,117.0,,,,,,True,,no_fill,,
2024-01-03,09:30,C,17450.0,17616.32,17556.0,-0.0905284598845757,-0.4303998187790259,0.0769779239122137,8,179.0,106.0,180.25525946704067,2024-01-03 09:30:02.012,179.0,179.0,181.0,True,181.0,sj_ask,-76.53211999999999,-75.78663472650771
2024-01-03,09:30,P,17800.0,17616.32,17556.0,-0.0905284598845757,-0.4303998187790259,0.0769779239122137,8,171.0,244.0,172.47838616714697,2024-01-03 09:30:00.124,171.0,171.0,173.0,True,173.0,sj_ask,69.47588,69.9980154466859
2024-01-03,10:00,C,17450.0,17616.86,17556.0,-0.0905284598845757,-0.3964208857175189,0.08920768696563108,9,177.0,106.0,178.12025316455694,2024-01-03 10:00:00.651,177.0,177.0,180.0,True,180.0,sj_ask,-75.53112,-73.64949341772149
2024-01-03,10:00,P,17800.0,17616.86,17556.0,-0.0905284598845757,-0.3964208857175189,0.08920768696563108,9,174.0,244.0,175.41463414634146,2024-01-03 10:00:02.685,174.0,173.0,174.0,True,174.0,sj_ask,68.47488,67.05883121951221
2024-01-10,09:30,C,17300.0,17482.94,17481.0,0.011424001827831098,-0.0970929236392748,0.06518159363280152,8,201.0,181.0,202.4095371669004,2024-01-10 09:30:00.239,201.0,201.0,203.0,True,203.0,sj_ask,-23.55262,-22.96156670406731
2024-01-10,09:30,P,17650.0,17482.94,17481.0,0.011424001827831098,-0.0970929236392748,0.06518159363280152,8,152.0,169.0,153.31412103746396,2024-01-10 09:30:08.491,152.0,150.0,152.0,True,152.0,sj_ask,15.49838,14.182944841498573
2024-01-10,10:00,C,17300.0,17472.43,17481.0,0.011424001827831098,-0.16562910503169492,0.06530396391054571,8,181.0,181.0,182.14556962025316,2024-01-10 10:00:08.373,181.0,181.0,183.0,True,183.0,sj_ask,-3.5326199999999996,-2.677335189873409
2024-01-10,10:00,P,17650.0,17472.43,17481.0,0.011424001827831098,-0.16562910503169492,0.06530396391054571,8,172.0,169.0,173.39837398373984,2024-01-10 10:00:20.906,172.0,171.0,172.0,True,172.0,sj_ask,-4.52162,-5.921392357723584
2024-01-17,09:30,C,17150.0,17312.71,17168.0,-0.08656509695290637,-0.005776006469127015,-0.017037546131321024,10,162.0,18.0,163.13604488078542,2024-01-17 09:30:00.929,162.0,162.0,164.0,True,164.0,sj_ask,-147.50735999999998,-146.6425409256662
2024-01-17,09:30,P,17500.0,17312.71,17168.0,-0.08656509695290637,-0.005776006469127015,-0.017037546131321024,10,187.0,332.0,188.61671469740634,2024-01-17 09:30:25.572,187.0,187.0,190.0,True,190.0,sj_ask,140.46664,141.85130858789626
2024-01-17,10:00,C,17100.0,17276.16,17168.0,-0.08656509695290637,-0.17328019407382156,0.001157166331089421,8,,68.0,,,,,,True,,no_fill,,
2024-01-17,10:00,P,17450.0,17276.16,17168.0,-0.08656509695290637,-0.17328019407382156,0.001157166331089421,8,164.0,282.0,165.33333333333334,2024-01-17 10:00:07.628,164.0,164.0,166.0,True,166.0,sj_ask,114.49064,115.15797333333332
2024-01-24,09:30,C,17750.0,17921.25,17873.0,-0.12830525493696676,0.10612746467073553,0.03007911532801888,9,174.0,123.0,175.2201963534362,2024-01-24 09:30:17.850,174.0,174.0,176.0,True,176.0,sj_ask,-54.533460000000005,-53.75287654978963
2024-01-24,09:30,P,18100.0,17921.25,17873.0,-0.12830525493696676,0.10612746467073553,0.03007911532801888,9,174.0,227.0,175.5043227665706,2024-01-24 09:30:00.318,174.0,174.0,183.0,True,183.0,sj_ask,42.45954,49.96271291066283
2024-01-24,10:00,C,17750.0,17929.08,17873.0,-0.12830525493696676,0.13964140088253973,-0.023645750958944944,7,176.0,123.0,177.1139240506329,2024-01-24 10:00:24.713,176.0,176.0,178.0,True,178.0,sj_ask,-56.53546,-55.648497974683536
2024-01-24,10:00,P,18100.0,17929.08,17873.0,-0.12830525493696676,0.13964140088253973,-0.023645750958944944,7,172.0,227.0,173.39837398373984,2024-01-24 10:00:06.308,172.0,170.0,172.0,True,172.0,sj_ask,53.47054,52.070767642276415
2024-01-31,09:30,C,17750.0,17938.01,17896.0,-0.2826894296324989,-0.28904947192884833,-0.03874488860147185,10,187.0,146.0,188.31136044880785,2024-01-31 09:30:03.469,187.0,180.0,191.0,True,191.0,sj_ask,-46.54892,-43.857591809256654
2024-01-31,09:30,P,18100.0,17938.01,17896.0,-0.2826894296324989,-0.28904947192884833,-0.03874488860147185,10,169.0,204.0,170.46109510086455,2024-01-31 09:30:00.393,169.0,169.0,171.0,True,171.0,sj_ask,31.47108,32.010523804034584
2024-01-31,10:00,C,17750.0,17931.91,17896.0,-0.2826894296324989,-0.2946081156197877,-0.014275390119633524,10,168.0,146.0,169.0632911392405,2024-01-31 10:01:50.694,168.0,168.0,170.0,True,170.0,sj_ask,-25.52792,-24.590274430379747
2024-01-31,10:00,P,18100.0,17931.91,17896.0,-0.2826894296324989,-0.2946081156197877,-0.014275390119633524,10,170.0,204.0,171.3821138211382,2024-01-31 10:00:00.235,170.0,169.0,171.0,True,171.0,sj_ask,31.47108,31.088584065040656
2024-02-15,09:30,C,18400.0,18609.28,18632.0,3.083065321060219,0.14523937600861014,-0.07574414594445633,9,200.0,232.0,201.40252454417953,2024-02-15 09:30:04.752,200.0,200.0,203.0,True,203.0,sj_ask,27.42436,29.023432931276293
2024-02-15,09:30,P,18800.0,18609.28,18632.0,3.083065321060219,0.14523937600861014,-0.07574414594445633,9,196.0,168.0,197.69452449567723,2024-02-15 09:31:37.174,196.0,196.0,198.0,True,198.0,sj_ask,-31.57064,-31.264859020172906
2024-02-15,10:00,C,18400.0,18566.32,18632.0,3.083065321060219,-0.08606777837547597,-0.05924681144432453,9,157.0,232.0,158.0,2024-02-15 10:00:13.186,157.0,156.0,157.0,True,157.0,sj_ask,73.47036,72.46936
2024-02-15,10:00,P,18800.0,18566.32,18632.0,3.083065321060219,-0.08606777837547597,-0.05924681144432453,9,,168.0,,,,,,True,,no_fill,,
2024-02-21,09:30,C,18450.0,18657.81,18671.0,-0.09596928982725794,-0.32554168000853423,0.1399895664612627,8,,221.0,,,,,,True,,no_fill,,
2024-02-21,09:30,P,18850.0,18657.81,18671.0,-0.09596928982725794,-0.32554168000853423,0.1399895664612627,8,175.0,179.0,176.51296829971182,2024-02-21 09:30:53.016,175.0,173.0,175.0,True,175.0,sj_ask,2.45158,0.9370987319884729
2024-02-21,10:00,C,18500.0,18709.42,18671.0,-0.09596928982725794,-0.1547657167253691,0.014219853909702707,8,210.0,171.0,211.32911392405063,2024-02-21 10:02:10.748,210.0,206.0,210.0,True,210.0,sj_ask,-40.583420000000004,-41.913863037974686
2024-02-21,10:00,P,18900.0,18709.42,18671.0,-0.09596928982725794,-0.1547657167253691,0.014219853909702707,8,185.0,229.0,186.5040650406504,2024-02-21 10:04:05.063,185.0,184.0,185.0,True,185.0,sj_ask,42.441579999999995,40.93601089430894
2024-02-29,09:30,C,18650.0,18860.94,18993.0,-0.5604314264565979,0.32433007230965316,-0.0518286438310922,10,202.0,343.0,203.4165497896213,2024-02-29 09:30:00.038,202.0,200.0,202.0,True,202.0,sj_ask,139.41814,138.00017366058907
2024-02-29,09:30,P,19050.0,18860.94,18993.0,-0.5604314264565979,0.32433007230965316,-0.0518286438310922,10,190.0,57.0,191.64265129682997,2024-02-29 09:32:52.102,190.0,189.0,197.0,True,197.0,sj_ask,-141.57686,-136.2141539481268
2024-02-29,10:00,C,18650.0,18840.93,18993.0,-0.5604314264565979,0.20204168438962,-0.0017523476148029182,8,186.0,343.0,187.1772151898734,2024-02-29 10:00:14.729,186.0,181.0,186.0,True,186.0,sj_ask,155.43413999999999,154.2557475949367
2024-02-29,10:00,P,19050.0,18840.93,18993.0,-0.5604314264565979,0.20204168438962,-0.0017523476148029182,8,189.0,57.0,190.53658536585365,2024-02-29 10:04:01.426,189.0,189.0,196.0,True,196.0,sj_ask,-140.57586,-135.10698195121952
2024-03-06,09:30,C,19150.0,19366.8,19510.0,0.07785332433694059,0.24375064827300008,-0.1724565244330678,8,190.0,360.0,191.33239831697054,2024-03-06 09:30:02.898,190.0,188.0,190.0,True,190.0,sj_ask,168.4198,167.0860692847125
2024-03-06,09:30,P,19550.0,19366.8,19510.0,0.07785332433694059,0.24375064827300008,-0.1724565244330678,8,216.0,40.0,217.86743515850142,2024-03-06 09:30:00.556,216.0,216.0,227.0,True,227.0,sj_ask,-188.6172,-179.4755025936599
2024-03-06,10:00,C,19250.0,19442.71,19510.0,0.07785332433694059,0.6586453687376759,-0.11148025405355866,10,170.0,260.0,171.0759493670886,2024-03-06 10:00:02.670,170.0,169.0,170.0,True,170.0,sj_ask,88.43979999999999,87.3627746835443
2024-03-06,10:00,P,19650.0,19442.71,19510.0,0.07785332433694059,0.6586453687376759,-0.11148025405355866,10,,140.0,,,,,,True,,no_fill,,
2024-03-13,09:30,C,19800.0,19978.43,19931.0,0.01500675303887089,-0.2100630189056707,-0.14288717168481346,10,161.0,131.0,162.1290322580645,2024-03-13 09:30:08.532,161.0,0.0,0.0,True,,no_fill,,-32.68978129032258
2024-03-13,09:30,P,20200.0,19978.43,19931.0,0.01500675303887089,-0.2100630189056707,-0.14288717168481346,10,246.0,269.0,248.12680115273773,2024-03-13 09:30:06.479,246.0,0.0,0.0,True,,no_fill,,19.226452046109536
2024-03-13,10:00,C,19750.0,19964.17,19931.0,0.01500675303887089,-0.20506151845554044,-0.06480469197988614,10,207.0,181.0,208.31012658227849,2024-03-13 10:00:18.517,207.0,0.0,0.0,True,,no_fill,,-28.917056708860766
2024-03-13,10:00,P,20150.0,19964.17,19931.0,0.01500675303887089,-0.20506151845554044,-0.06480469197988614,10,,219.0,,,,,,True,,no_fill,,
2024-03-20,09:30,C,19750.0,19926.45,19748.0,0.015108022359866524,0.18126888217522286,-0.1463402883445708,10,150.0,0.0,151.05189340813465,2024-03-20 09:30:00.471,150.0,0.0,0.0,True,,no_fill,,-151.70294530154277
2024-03-20,09:30,P,20150.0,19926.45,19748.0,0.015108022359866524,0.18126888217522286,-0.1463402883445708,10,,402.0,,,,,,True,,no_fill,,
2024-03-20,10:00,C,19650.0,19840.32,19748.0,0.015108022359866524,-0.13091641490432515,-0.02253232026944718,10,,98.0,,,,,,True,,no_fill,,
2024-03-20,10:00,P,20050.0,19840.32,19748.0,0.015108022359866524,-0.13091641490432515,-0.02253232026944718,10,218.0,302.0,219.77235772357724,2024-03-20 10:00:24.162,218.0,0.0,0.0,True,,no_fill,,80.61290991869919
2024-03-27,09:30,C,20000.0,20178.34,20227.0,0.2234359483614723,0.13871686896209656,0.02423226101861964,10,184.0,227.0,185.29032258064515,2024-03-27 09:30:07.892,184.0,0.0,0.0,True,,no_fill,,40.1198470967742
2024-03-27,09:30,P,20400.0,20178.34,20227.0,0.2234359483614723,0.13871686896209656,0.02423226101861964,10,218.0,173.0,219.88472622478383,2024-03-27 09:30:14.603,218.0,0.0,0.0,True,,no_fill,,-48.509150951008614
2024-03-27,10:00,C,19950.0,20162.65,20227.0,0.2234359483614723,0.12880852117909125,0.06957955204256461,9,220.0,277.0,221.39240506329114,2024-03-27 10:03:46.152,220.0,0.0,0.0,True,,no_fill,,53.981662531645576
2024-03-27,10:00,P,20350.0,20162.65,20227.0,0.2234359483614723,0.12880852117909125,0.06957955204256461,9,176.0,123.0,177.4308943089431,2024-03-27 10:01:58.028,176.0,0.0,0.0,True,,no_fill,,-56.01286520325203
2024-04-03,09:30,C,20150.0,20344.55,20368.0,-0.39606865189966145,-0.004909180166912108,0.04738437279117047,11,213.0,218.0,214.49368863955118,2024-04-03 09:30:38.087,213.0,210.0,213.0,True,213.0,sj_ask,3.3796399999999998,1.884457671809268
2024-04-03,09:30,P,20550.0,20344.55,20368.0,-0.39606865189966145,-0.004909180166912108,0.04738437279117047,11,196.0,182.0,197.69452449567723,2024-04-03 09:30:00.095,196.0,196.0,197.0,True,197.0,sj_ask,-16.60436,-17.299579020172906
2024-04-03,10:00,C,20100.0,20289.4,20368.0,-0.39606865189966145,-0.363279332351496,0.009216530809075252,9,183.0,268.0,184.15822784810126,2024-04-03 10:01:59.580,183.0,177.0,183.0,True,183.0,sj_ask,83.40964,82.25025392405064
2024-04-03,10:00,P,20500.0,20289.4,20368.0,-0.39606865189966145,-0.363279332351496,0.009216530809075252,9,208.0,132.0,209.6910569105691,2024-04-03 10:00:04.345,208.0,207.0,209.0,True,209.0,sj_ask,-78.61636,-79.30810796747967
2024-04-10,09:30,C,20600.0,20806.06,20810.0,0.0,0.038420900970126404,-0.02018410789847991,10,207.0,210.0,208.4516129032258,2024-04-10 09:30:00.207,207.0,205.0,207.0,True,207.0,sj_ask,1.3768000000000002,-0.07626451612901941
2024-04-10,09:30,P,21000.0,20806.06,20810.0,0.0,0.038420900970126404,-0.02018410789847991,10,195.0,190.0,196.685878962536,2024-04-10 09:30:32.423,195.0,192.0,196.0,True,196.0,sj_ask,-7.6122,-8.298764841498546
2024-04-10,10:00,C,20600.0,20832.49,20810.0,0.0,0.18730189222937454,0.01737717052620047,10,238.0,210.0,239.50632911392404,2024-04-10 10:00:01.763,238.0,235.0,238.0,True,238.0,sj_ask,-29.6542,-31.16203544303796
2024-04-10,10:00,P,21050.0,20832.49,20810.0,0.0,0.18730189222937454,0.01737717052620047,10,,240.0,,,,,,True,,no_fill,,
2024-04-17,09:30,C,19900.0,20095.54,20238.0,0.09034330455732764,0.49142513288535916,-0.26260041592082173,11,153.0,338.0,154.07293127629734,2024-04-17 09:30:00.757,153.0,152.0,153.0,True,153.0,sj_ask,183.44224,182.36823579242636
2024-04-17,09:30,P,20300.0,20095.54,20238.0,0.09034330455732764,0.49142513288535916,-0.26260041592082173,11,246.0,62.0,248.12680115273773,2024-04-17 09:30:40.649,246.0,246.0,253.0,True,253.0,sj_ask,-192.65776,-187.7796879538905
2024-04-17,10:00,C,19900.0,20094.29,20238.0,0.09034330455732764,0.4663524220238635,-0.3035694131388156,10,145.0,338.0,146.0,2024-04-17 10:00:03.673,145.0,144.0,145.0,True,145.0,sj_ask,191.45023999999998,190.44924
2024-04-17,10:00,P,20300.0,20094.29,20238.0,0.09034330455732764,0.4663524220238635,-0.3035694131388156,10,252.0,62.0,254.04878048780486,2024-04-17 10:03:59.347,252.0,247.0,252.0,True,252.0,sj_ask,-191.65676000000002,-193.70758926829268
2024-04-24,09:30,C,19800.0,20004.43,20149.0,0.2414244039834923,0.7175112895132951,0.06313620473927806,11,223.0,349.0,224.56381486676017,2024-04-24 09:30:00.853,223.0,222.0,223.0,True,223.0,sj_ask,124.37402,122.80864131837308
2024-04-24,09:30,P,20200.0,20004.43,20149.0,0.2414244039834923,0.7175112895132951,0.06313620473927806,11,188.0,51.0,189.62536023054753,2024-04-24 09:30:00.070,188.0,188.0,189.0,True,189.0,sj_ask,-139.59198,-140.21796559077808
2024-04-24,10:00,C,19850.0,20068.28,20149.0,0.2414244039834923,0.9934771700953249,-0.01405024807157318,11,219.0,299.0,220.38607594936707,2024-04-24 10:00:07.335,219.0,219.0,220.0,True,220.0,sj_ask,77.37702,76.99055797468357
2024-04-24,10:00,P,20250.0,20068.28,20149.0,0.2414244039834923,0.9934771700953249,-0.01405024807157318,11,198.0,101.0,199.60975609756096,2024-04-24 10:01:40.043,198.0,194.0,198.0,True,198.0,sj_ask,-98.60097999999999,-100.21234585365852
2024-05-02,09:30,C,20100.0,20309.08,20251.0,-0.7498897220996947,0.4148148148148234,-0.02693192230411867,11,206.0,151.0,207.44460028050491,2024-05-02 09:30:08.230,206.0,206.0,209.0,True,209.0,sj_ask,-59.614020000000004,-58.05706488078542
2024-05-02,09:30,P,20500.0,20309.08,20251.0,-0.7498897220996947,0.4148148148148234,-0.02693192230411867,11,202.0,249.0,203.7463976945245,2024-05-02 09:30:15.100,202.0,200.0,202.0,True,202.0,sj_ask,45.39298,43.64483590778099
2024-05-02,10:00,C,20100.0,20304.22,20251.0,-0.7498897220996947,0.3851851851851773,0.014387723527065077,11,199.0,151.0,200.25949367088606,2024-05-02 10:00:00.732,199.0,199.0,201.0,True,201.0,sj_ask,-51.60602,-50.864773164556944
2024-05-02,10:00,P,20500.0,20304.22,20251.0,-0.7498897220996947,0.3851851851851773,0.014387723527065077,11,205.0,249.0,206.66666666666666,2024-05-02 10:00:15.565,205.0,204.0,207.0,True,207.0,sj_ask,40.38798,40.72164666666668
2024-05-08,09:30,C,20350.0,20566.56,20667.0,-0.04363213264167998,-0.05820157144242888,-0.01453236586748119,10,228.0,317.0,229.59887798036465,2024-05-08 09:30:06.605,228.0,222.0,228.0,True,228.0,sj_ask,87.35866,85.75818314165498
2024-05-08,09:30,P,20750.0,20566.56,20667.0,-0.04363213264167998,-0.05820157144242888,-0.01453236586748119,10,180.0,83.0,181.55619596541786,2024-05-08 09:30:03.411,180.0,178.0,181.0,True,181.0,sj_ask,-99.59434,-100.15109216138327
2024-05-08,10:00,C,20400.0,20608.35,20667.0,-0.04363213264167998,0.12125327383838425,0.026156655558584596,9,222.0,267.0,223.40506329113924,2024-05-08 10:00:44.876,222.0,217.0,222.0,True,222.0,sj_ask,43.36466,41.95819164556962
2024-05-08,10:00,P,20800.0,20608.35,20667.0,-0.04363213264167998,0.12125327383838425,0.026156655558584596,9,181.0,133.0,182.47154471544715,2024-05-08 10:00:44.280,181.0,181.0,183.0,True,183.0,sj_ask,-51.59634,-51.0673562601626
2024-05-15,09:30,C,20950.0,21153.38,21143.0,0.06613131790269566,-0.02832326283987996,0.14561477328063344,9,236.0,193.0,237.65497896213182,2024-05-15 09:32:16.454,236.0,233.0,236.0,True,236.0,sj_ask,-44.65886,-46.315493941093955
2024-05-15,09:30,P,21350.0,21153.38,21143.0,0.06613131790269566,-0.02832326283987996,0.14561477328063344,9,169.0,207.0,170.46109510086455,2024-05-15 09:31:11.810,169.0,167.0,170.0,True,170.0,sj_ask,35.40714,34.945583804034584
2024-05-15,10:00,C,21000.0,21230.46,21143.0,0.06613131790269566,0.41540785498488386,0.19193857965451588,12,271.0,143.0,272.7151898734177,2024-05-15 10:00:15.151,271.0,268.0,271.0,True,271.0,sj_ask,-129.69385999999997,-131.41076506329114
2024-05-15,10:00,P,21450.0,21230.46,21143.0,0.06613131790269566,0.41540785498488386,0.19193857965451588,12,175.0,307.0,176.42276422764226,2024-05-15 10:00:57.972,175.0,175.0,185.0,True,185.0,sj_ask,120.39214,128.9779530081301
2024-05-22,09:30,C,21100.0,21330.55,21553.0,-0.08446342264558648,0.3475320527873027,0.003515885944649355,12,235.0,453.0,236.64796633941094,2024-05-22 09:31:08.109,235.0,232.0,235.0,True,235.0,sj_ask,216.33393999999998,214.68432569424965
2024-05-22,09:30,P,21550.0,21330.55,21553.0,-0.08446342264558648,0.3475320527873027,0.003515885944649355,12,,0.0,,,,,,True,,no_fill,,
2024-05-22,10:00,C,21150.0,21372.58,21553.0,-0.08446342264558648,0.7044568637580406,0.05957931578253195,9,253.0,403.0,254.6012658227848,2024-05-22 10:00:13.067,253.0,253.0,255.0,True,255.0,sj_ask,146.31394,146.71307291139243
2024-05-22,10:00,P,21600.0,21372.58,21553.0,-0.08446342264558648,0.7044568637580406,0.05957931578253195,9,199.0,47.0,200.6178861788618,2024-05-22 10:00:04.944,199.0,200.0,205.0,True,205.0,sj_ask,-159.63606000000001,-155.24956406504066
2024-05-29,09:30,C,21600.0,21842.98,21730.0,-0.24636160408777474,-0.022867596615594454,0.015068097265724667,9,245.0,130.0,246.7180925666199,2024-05-29 09:32:01.913,245.0,239.0,245.0,True,245.0,sj_ask,-116.67960000000001,-118.39941065918653
2024-05-29,09:30,P,22050.0,21842.98,21730.0,-0.24636160408777474,-0.022867596615594454,0.015068097265724667,9,217.0,320.0,218.87608069164264,2024-05-29 09:30:02.082,217.0,204.0,217.0,True,217.0,sj_ask,101.3484,99.47044322766571
2024-05-29,10:00,C,21550.0,21778.02,21730.0,-0.24636160408777474,-0.15549965698604673,0.088044372895002,10,250.0,180.0,251.58227848101265,2024-05-29 10:00:26.925,250.0,250.0,260.0,True,260.0,sj_ask,-81.69460000000001,-73.26846075949366
2024-05-29,10:00,P,22000.0,21778.02,21730.0,-0.24636160408777474,-0.15549965698604673,0.088044372895002,10,202.0,270.0,203.6422764227642,2024-05-29 10:00:01.147,202.0,198.0,200.0,True,200.0,sj_ask,68.3654,64.71948130081302
2024-06-05,09:30,C,21100.0,21333.18,21491.0,0.2253309548399196,-0.2576112412178033,-0.15484522043168747,9,214.0,391.0,215.5007012622721,2024-06-05 09:31:04.093,214.0,214.0,219.0,True,219.0,sj_ask,170.35118,173.85397803646563
2024-06-05,09:30,P,21550.0,21333.18,21491.0,0.2253309548399196,-0.2576112412178033,-0.15484522043168747,9,262.0,59.0,264.2651296829971,2024-06-05 09:30:13.632,262.0,255.0,262.0,True,262.0,sj_ask,-204.69182,-206.9592148126801
2024-06-05,10:00,C,21150.0,21379.86,21491.0,0.2253309548399196,0.11709601873535203,-0.05776183416040248,10,225.0,341.0,226.4240506329114,2024-06-05 10:00:46.224,225.0,222.0,225.0,True,225.0,sj_ask,114.34518,112.91970531645569
2024-06-05,10:00,P,21600.0,21379.86,21491.0,0.2253309548399196,0.11709601873535203,-0.05776183416040248,10,230.0,109.0,231.869918699187,2024-06-05 10:00:17.252,230.0,230.0,242.0,True,242.0,sj_ask,-134.67182,-124.53160861788619
2024-06-12,09:30,C,21700.0,21894.99,22067.0,-0.03663506891972146,0.2382152182875963,-0.00653104323596887,9,198.0,367.0,199.3884992987377,2024-06-12 09:30:06.874,198.0,197.0,198.0,True,198.0,sj_ask,167.36066,165.97077220196354
2024-06-12,09:30,P,22100.0,21894.99,22067.0,-0.03663506891972146,0.2382152182875963,-0.00653104323596887,9,205.0,33.0,206.77233429394812,2024-06-12 09:30:13.047,205.0,205.0,210.0,True,210.0,sj_ask,-178.65134,-175.42044662824208
2024-06-12,10:00,C,21700.0,21898.85,22067.0,-0.03663506891972146,0.25195840395804137,-0.006666831054280564,10,203.0,367.0,204.28481012658227,2024-06-12 10:00:04.592,203.0,201.0,203.0,True,203.0,sj_ask,162.35566,161.06956506329115
2024-06-12,10:00,P,22100.0,21898.85,22067.0,-0.03663506891972146,0.25195840395804137,-0.006666831054280564,10,199.0,33.0,200.6178861788618,2024-06-12 10:00:05.751,199.0,199.0,203.0,True,203.0,sj_ask,-171.64434,-169.25984406504065
2024-06-19,09:30,C,22800.0,23030.71,23226.0,0.03922081317819792,0.3441366091653686,0.07454827913377926,11,242.0,426.0,243.6970546984572,2024-06-19 09:30:01.906,242.0,242.0,244.0,True,244.0,sj_ask,180.29148,180.59472824684434
2024-06-19,09:30,P,23250.0,23030.71,23226.0,0.03922081317819792,0.3441366091653686,0.07454827913377926,11,,24.0,,,,,,True,,no_fill,,
2024-06-19,10:00,C,22800.0,23041.84,23226.0,0.03922081317819792,0.45739675901725896,0.051322831892353094,10,268.0,426.0,269.69620253164555,2024-06-19 10:00:03.543,268.0,266.0,268.0,True,268.0,sj_ask,156.26748,154.56958126582282
2024-06-19,10:00,P,23250.0,23041.84,23226.0,0.03922081317819792,0.45739675901725896,0.051322831892353094,10,191.0,24.0,192.5528455284553,2024-06-19 10:00:04.687,191.0,186.0,193.0,True,193.0,sj_ask,-170.65752,-170.20991837398375
2024-06-26,09:30,C,22800.0,23038.8,22965.0,-0.04382889200561513,0.5831798649478248,0.09984047228883686,12,267.0,165.0,268.87237026647966,2024-06-26 09:30:00.448,267.0,263.0,266.0,True,266.0,sj_ask,-102.7253,-105.60054263674614
2024-06-26,09:30,P,23250.0,23038.8,22965.0,-0.04382889200561513,0.5831798649478248,0.09984047228883686,12,201.0,285.0,202.73775216138327,2024-06-26 09:30:29.137,201.0,194.0,202.0,True,202.0,sj_ask,81.3387,80.60021008645535
2024-06-26,10:00,C,22800.0,23036.28,22965.0,-0.04382889200561513,0.7454178724896954,0.1532909834269569,13,288.0,165.0,289.82278481012656,2024-06-26 10:00:00.306,288.0,286.0,288.0,True,288.0,sj_ask,-124.7473,-126.57190759493669
2024-06-26,10:00,P,23250.0,23036.28,22965.0,-0.04382889200561513,0.7454178724896954,0.1532909834269569,13,173.0,285.0,174.40650406504065,2024-06-26 10:00:03.739,173.0,164.0,173.0,True,173.0,sj_ask,110.3677,108.9597894308943
2024-07-03,09:30,C,22750.0,23003.69,23138.0,0.09544054487875542,-0.2513760672647636,0.17882206074820717,12,310.0,388.0,312.17391304347825,2024-07-03 09:31:01.043,310.0,300.0,310.0,True,310.0,sj_ask,76.22724,74.05115304347827
2024-07-03,09:30,P,23250.0,23003.69,23138.0,0.09544054487875542,-0.2513760672647636,0.17882206074820717,12,208.0,112.0,209.79827089337175,2024-07-03 09:30:55.564,208.0,208.0,209.0,True,209.0,sj_ask,-98.67176,-99.47082916426513
2024-07-03,10:00,C,22800.0,23024.64,23138.0,0.09544054487875542,-0.22970571663849526,0.09003098031071799,10,245.0,338.0,246.5506329113924,2024-07-03 10:00:01.007,245.0,245.0,249.0,True,249.0,sj_ask,87.28824,89.7400564556962
2024-07-03,10:00,P,23250.0,23024.64,23138.0,0.09544054487875542,-0.22970571663849526,0.09003098031071799,10,211.0,112.0,212.71544715447155,2024-07-03 10:00:01.004,211.0,208.0,211.0,True,211.0,sj_ask,-100.67376,-102.39092260162602
2024-07-10,09:30,C,23600.0,23840.4,23996.0,-0.029453841622484322,0.26937160654909587,-0.14648007376018013,9,214.0,396.0,215.5007012622721,2024-07-10 09:30:01.793,214.0,212.0,215.0,True,215.0,sj_ask,179.30508,178.80387803646565
2024-07-10,09:30,P,24100.0,23840.4,23996.0,-0.029453841622484322,0.26937160654909587,-0.14648007376018013,9,,104.0,,,,,,True,,no_fill,,
2024-07-10,10:00,C,23450.0,23690.25,23996.0,-0.029453841622484322,-0.18519297950250202,-0.11626760343771969,12,267.0,546.0,268.6898734177215,2024-07-10 10:02:15.797,267.0,267.0,277.0,True,277.0,sj_ask,267.24308,275.5615167088608
2024-07-10,10:00,P,23950.0,23690.25,23996.0,-0.029453841622484322,-0.18519297950250202,-0.11626760343771969,12,256.0,0.0,258.0813008130081,2024-07-10 10:00:01.301,256.0,239.0,256.0,True,256.0,sj_ask,-256.756,-258.8393821138211
2024-07-17,09:30,C,23700.0,23919.62,23680.0,-0.34906914893616525,-0.21684737281068012,0.19734365059786985,12,237.0,0.0,238.66199158485273,2024-07-17 09:30:01.867,237.0,237.0,253.0,True,253.0,sj_ask,-253.753,-239.40065357643758
2024-07-17,09:30,P,24150.0,23919.62,23680.0,-0.34906914893616525,-0.21684737281068012,0.19734365059786985,12,238.0,470.0,240.05763688760806,2024-07-17 09:30:00.166,238.0,236.0,238.0,True,238.0,sj_ask,230.2884,228.22870547550434
2024-07-17,10:00,C,23700.0,23935.95,23680.0,-0.34906914893616525,-0.14595496246871953,0.050347418075769035,10,254.0,0.0,255.60759493670886,2024-07-17 10:00:00.115,254.0,254.0,263.0,True,263.0,sj_ask,-263.763,-256.3632025316456
2024-07-17,10:00,P,24200.0,23935.95,23680.0,-0.34906914893616525,-0.14595496246871953,0.050347418075769035,10,263.0,520.0,265.1382113821138,2024-07-17 10:00:00.640,263.0,261.0,263.0,True,263.0,sj_ask,255.26340000000002,253.12305040650406
2024-07-26,09:30,C,21800.0,22009.61,22069.0,-3.2841587636108227,-0.013619030325040526,0.21812420451892134,10,279.0,269.0,280.95652173913044,2024-07-26 09:30:19.021,279.0,279.0,320.0,True,320.0,sj_ask,-52.76138,-13.678858260869568
2024-07-26,09:30,P,22250.0,22009.61,22069.0,-3.2841587636108227,-0.013619030325040526,0.21812420451892134,10,211.0,181.0,212.82420749279538,2024-07-26 09:30:12.085,211.0,211.0,219.0,True,219.0,sj_ask,-39.66038,-33.47841170028818
2024-07-26,10:00,C,21800.0,22040.51,22069.0,-3.2841587636108227,-0.07263482840021984,0.10533583623135723,7,290.0,269.0,291.8354430379747,2024-07-26 10:00:46.594,290.0,267.0,290.0,True,290.0,sj_ask,-22.731379999999998,-24.568658481012672
2024-07-26,10:00,P,22250.0,22040.51,22069.0,-3.2841587636108227,-0.07263482840021984,0.10533583623135723,7,200.0,181.0,201.6260162601626,2024-07-26 10:00:24.095,200.0,200.0,205.0,True,205.0,sj_ask,-25.646379999999997,-22.269022276422763
2024-07-31,09:30,C,21950.0,22173.54,22239.0,0.6941273175632423,0.52154195011338,0.01799201046512877,11,244.0,289.0,245.71107994389902,2024-07-31 09:30:01.394,244.0,244.0,246.0,True,246.0,sj_ask,41.309219999999996,41.598428976157074
2024-07-31,09:30,P,22400.0,22173.54,22239.0,0.6941273175632423,0.52154195011338,0.01799201046512877,11,300.0,161.0,302.5936599423631,2024-07-31 09:32:37.260,300.0,272.0,300.0,True,300.0,sj_ask,-140.74478000000002,-143.3410336023055
2024-07-31,10:00,C,21850.0,22087.61,22239.0,0.6941273175632423,0.11791383219954543,0.03721177847855195,11,254.0,389.0,255.60759493670886,2024-07-31 10:04:22.442,254.0,221.0,254.0,True,254.0,sj_ask,133.30122,131.6920174683544
2024-07-31,10:00,P,22300.0,22087.61,22239.0,0.6941273175632423,0.11791383219954543,0.03721177847855195,11,216.0,61.0,217.7560975609756,2024-07-31 10:00:00.184,216.0,213.0,215.0,True,215.0,sj_ask,-155.65978,-158.41863365853658
2024-08-07,09:30,C,20700.0,20905.29,21239.0,0.8858267716535417,1.9317073170731724,0.04239206053164857,11,271.0,539.0,272.90042075736324,2024-08-07 09:30:00.311,271.0,261.0,271.0,True,271.0,sj_ask,266.30422,264.4018988218794
2024-08-07,09:30,P,21100.0,20905.29,21239.0,0.8858267716535417,1.9317073170731724,0.04239206053164857,11,231.0,0.0,232.99711815561957,2024-08-07 09:30:29.752,231.0,190.0,231.0,True,231.0,sj_ask,-231.731,-233.7301152737752
2024-08-07,10:00,C,21000.0,21189.96,21239.0,0.8858267716535417,3.2097560975609785,-0.07866966108770468,9,213.0,239.0,214.34810126582278,2024-08-07 10:00:00.385,213.0,212.0,214.0,True,214.0,sj_ask,23.361220000000003,23.0127706329114
2024-08-07,10:00,P,21400.0,21189.96,21239.0,0.8858267716535417,3.2097560975609785,-0.07866966108770468,9,350.0,161.0,352.8455284552845,2024-08-07 10:02:34.995,350.0,340.0,455.0,True,455.0,sj_ask,-295.87978,-193.6231539837398
2024-08-14,09:30,C,21800.0,22040.05,22019.0,-0.040700040700036855,-0.31216069489684584,-0.008074840158989183,9,246.0,219.0,247.7251051893408,2024-08-14 09:30:07.072,246.0,246.0,251.0,True,251.0,sj_ask,-33.691379999999995,-30.41321029453015
2024-08-14,09:30,P,22250.0,22040.05,22019.0,-0.040700040700036855,-0.31216069489684584,-0.008074840158989183,9,211.0,231.0,212.82420749279538,2024-08-14 09:31:05.213,211.0,211.0,239.0,True,239.0,sj_ask,-9.67938,16.522588299711824
2024-08-14,10:00,C,21850.0,22081.93,22019.0,-0.040700040700036855,-0.1311979732175117,-0.0666689900485351,10,234.0,169.0,235.48101265822785,2024-08-14 10:00:12.017,234.0,231.0,239.0,True,239.0,sj_ask,-71.67938000000001,-68.15687367088609
2024-08-14,10:00,P,22300.0,22081.93,22019.0,-0.040700040700036855,-0.1311979732175117,-0.0666689900485351,10,217.0,281.0,218.7642276422764,2024-08-14 10:03:11.573,217.0,217.0,234.0,True,234.0,sj_ask,45.32562,60.57662813008132
2024-08-21,09:30,C,22050.0,22296.51,22200.0,-0.008963384574012245,-0.13894491506432072,-0.07109584033264671,11,238.0,150.0,239.66900420757364,2024-08-21 09:30:21.905,238.0,231.0,238.0,True,238.0,sj_ask,-89.682,-91.35267321178121
2024-08-21,09:30,P,22500.0,22296.51,22200.0,-0.008963384574012245,-0.13894491506432072,-0.07109584033264671,11,225.0,300.0,226.9452449567723,2024-08-21 09:30:18.217,225.0,222.0,225.0,True,225.0,sj_ask,73.331,71.38380979827092
2024-08-21,10:00,C,22100.0,22308.32,22200.0,-0.008963384574012245,-0.004482094034330419,-0.006320486309874251,11,206.0,100.0,207.30379746835442,2024-08-21 10:00:01.359,206.0,212.0,219.0,True,219.0,sj_ask,-120.663,-108.95510126582278
2024-08-21,10:00,P,22550.0,22308.32,22200.0,-0.008963384574012245,-0.004482094034330419,-0.006320486309874251,11,260.0,350.0,262.1138211382114,2024-08-21 10:00:15.241,260.0,260.0,267.0,True,267.0,sj_ask,81.289,86.18006504065039
2024-08-28,09:30,C,21950.0,22180.5,22336.0,-0.25631801420991085,-0.1577927054686401,-0.04328106543555199,11,218.0,386.0,219.5287517531557,2024-08-28 09:30:10.492,218.0,218.0,222.0,True,222.0,sj_ask,162.33128,164.80499949509115
2024-08-28,09:30,P,22400.0,22180.5,22336.0,-0.25631801420991085,-0.1577927054686401,-0.04328106543555199,11,242.0,64.0,244.0922190201729,2024-08-28 09:30:12.503,242.0,239.0,242.0,True,242.0,sj_ask,-179.68872,-181.78303123919306
2024-08-28,10:00,C,21950.0,22159.75,22336.0,-0.25631801420991085,-0.2975519588837239,-0.04273712561014831,10,192.0,386.0,193.21518987341773,2024-08-28 10:00:24.007,192.0,192.0,195.0,True,195.0,sj_ask,189.35828,191.14487493670885
2024-08-28,10:00,P,22400.0,22159.75,22336.0,-0.25631801420991085,-0.2975519588837239,-0.04273712561014831,10,253.0,64.0,255.0569105691057,2024-08-28 10:00:00.177,253.0,251.0,253.0,True,253.0,sj_ask,-190.69971999999999,-192.7586874796748
2024-09-04,09:30,C,21100.0,21280.88,21119.0,-0.5523310241527857,-0.1223759766544319,-0.0030077110191206735,7,216.0,19.0,217.51472650771387,2024-09-04 09:30:00.711,216.0,213.0,216.0,True,216.0,sj_ask,-198.63838,-200.1546212342216
2024-09-04,09:30,P,21500.0,21280.88,21119.0,-0.5523310241527857,-0.1223759766544319,-0.0030077110191206735,7,225.0,381.0,226.9452449567723,2024-09-04 09:30:21.718,225.0,225.0,269.0,True,269.0,sj_ask,110.30861999999999,152.40542979827092
2024-09-04,10:00,C,21100.0,21317.14,21119.0,-0.5523310241527857,-0.00941353666572553,-0.06764579498350631,9,229.0,19.0,230.44936708860757,2024-09-04 10:00:00.667,229.0,229.0,232.0,True,232.0,sj_ask,-214.65438,-213.10219645569617
2024-09-04,10:00,P,21550.0,21317.14,21119.0,-0.5523310241527857,-0.00941353666572553,-0.06764579498350631,9,262.0,431.0,264.130081300813,2024-09-04 10:00:00.629,262.0,257.0,262.0,True,262.0,sj_ask,167.31562,165.1834086178862
2024-09-11,09:30,C,20900.0,21117.8,21098.0,-0.21281626862141856,-0.023696682464457997,0.0787958628383656,11,256.0,198.0,257.79523141654977,2024-09-11 09:30:00.748,256.0,251.0,255.0,True,255.0,sj_ask,-58.67696,-61.47498664796632
2024-09-11,09:30,P,21350.0,21117.8,21098.0,-0.21281626862141856,-0.023696682464457997,0.0787958628383656,11,225.0,252.0,226.9452449567723,2024-09-11 09:30:13.618,225.0,222.0,225.0,True,225.0,sj_ask,25.35304,23.405849798270914
2024-09-11,10:00,C,20900.0,21095.3,21098.0,-0.21281626862141856,-0.1753554502369692,0.012941596424131951,12,207.0,198.0,208.31012658227849,2024-09-11 10:00:29.549,207.0,207.0,210.0,True,210.0,sj_ask,-13.631960000000001,-11.940396708860764
2024-09-11,10:00,P,21300.0,21095.3,21098.0,-0.21281626862141856,-0.1753554502369692,0.012941596424131951,12,213.0,202.0,214.73170731707316,2024-09-11 10:00:12.022,213.0,211.0,213.0,True,213.0,sj_ask,-12.63496,-14.368399024390232
2024-09-18,09:30,C,21550.0,21767.62,21619.0,0.3927003927003847,0.07823285780028666,-0.15392018925938222,10,205.0,69.0,206.437587657784,2024-09-18 09:30:04.077,205.0,203.0,205.0,True,205.0,sj_ask,-137.63738,-139.07640524544178
2024-09-18,09:30,P,22000.0,21767.62,21619.0,0.3927003927003847,0.07823285780028666,-0.15392018925938222,10,252.0,381.0,254.178674351585,2024-09-18 09:32:41.298,252.0,246.0,252.0,True,252.0,sj_ask,127.31562,125.13476697406344
2024-09-18,10:00,C,21600.0,21822.34,21619.0,0.3927003927003847,0.46939714680165334,0.009941209428299125,10,234.0,19.0,235.48101265822785,2024-09-18 10:00:00.616,234.0,232.0,235.0,True,235.0,sj_ask,-217.66738,-218.14887367088608
2024-09-18,10:00,P,22050.0,21822.34,21619.0,0.3927003927003847,0.46939714680165334,0.009941209428299125,10,,431.0,,,,,,True,,no_fill,,
2024-09-25,09:30,C,22500.0,22728.67,22749.0,0.04381161007667167,-0.07006787825706295,0.12235906158828413,13,259.0,249.0,260.81626928471246,2024-09-25 09:30:34.935,259.0,259.0,263.0,True,263.0,sj_ask,-15.71798,-13.532065553997175
2024-09-25,09:30,P,22950.0,22728.67,22749.0,0.04381161007667167,-0.07006787825706295,0.12235906158828413,13,198.0,201.0,199.71181556195964,2024-09-25 09:30:18.039,198.0,198.0,200.0,True,200.0,sj_ask,-0.65498,-0.366507377521599
2024-09-25,10:00,C,22500.0,22711.98,22749.0,0.04381161007667167,-0.2014451499890546,0.06523015373117724,12,226.0,249.0,227.43037974683543,2024-09-25 10:00:13.445,226.0,226.0,231.0,True,231.0,sj_ask,16.31402,19.88720987341774
2024-09-25,10:00,P,22950.0,22711.98,22749.0,0.04381161007667167,-0.2014451499890546,0.06523015373117724,12,224.0,201.0,225.8211382113821,2024-09-25 10:00:03.272,224.0,224.0,226.0,True,226.0,sj_ask,-26.680979999999998,-26.50193934959349
2024-10-04,09:30,C,22250.0,22478.76,22229.0,1.5645608768817931,0.6985804487035896,-0.04748623366519489,13,217.0,0.0,218.52173913043478,2024-10-04 09:30:05.292,217.0,217.0,219.0,True,219.0,sj_ask,-219.719,-219.24026086956522
2024-10-04,09:30,P,22700.0,22478.76,22229.0,1.5645608768817931,0.6985804487035896,-0.04748623366519489,13,265.0,471.0,267.29106628242073,2024-10-04 09:31:48.325,265.0,261.0,265.0,True,265.0,sj_ask,204.29042,201.99706265129686
2024-10-04,10:00,C,22150.0,22375.51,22229.0,1.5645608768817931,0.35376830415116967,-0.004467806106139838,14,239.0,79.0,240.5126582278481,2024-10-04 10:00:02.359,239.0,237.0,239.0,True,239.0,sj_ask,-161.68358,-163.19775088607597
2024-10-04,10:00,P,22600.0,22375.51,22229.0,1.5645608768817931,0.35376830415116967,-0.004467806106139838,14,223.0,371.0,224.8130081300813,2024-10-04 10:00:10.193,223.0,220.0,223.0,True,223.0,sj_ask,146.33241999999998,144.51759886178863
2024-10-09,09:30,C,22600.0,22850.0,22721.0,-0.09214163485586901,0.2283706631532656,-0.08847314984581356,12,203.0,121.0,204.42356241234222,2024-10-09 09:30:00.888,203.0,201.0,203.0,True,203.0,sj_ask,-83.65742,-85.08240597475456
2024-10-09,09:30,P,23100.0,22850.0,22721.0,-0.09214163485586901,0.2283706631532656,-0.08847314984581356,12,,379.0,,,,,,True,,no_fill,,
2024-10-09,10:00,C,22650.0,22861.64,22721.0,-0.09214163485586901,0.39525691699604515,0.04171508596286788,12,185.0,71.0,186.17088607594937,2024-10-09 10:00:00.960,185.0,185.0,188.0,True,188.0,sj_ask,-118.64242,-116.81147696202532
2024-10-09,10:00,P,23100.0,22861.64,22721.0,-0.09214163485586901,0.39525691699604515,0.04171508596286788,12,299.0,379.0,301.4308943089431,2024-10-09 10:01:09.953,299.0,297.0,310.0,True,310.0,sj_ask,67.23558,75.81325479674797
2024-10-16,09:30,C,22750.0,22989.36,22986.0,0.11805859204196967,0.13975629995195415,-0.08937477313145092,10,201.0,236.0,202.4095371669004,2024-10-16 09:30:31.247,201.0,197.0,201.0,True,201.0,sj_ask,33.33928,31.928333295932692
2024-10-16,09:30,P,23200.0,22989.36,22986.0,0.11805859204196967,0.13975629995195415,-0.08937477313145092,10,273.0,214.0,275.36023054755043,2024-10-16 09:30:10.801,273.0,261.0,273.0,True,273.0,sj_ask,-60.73272,-63.095310778097975
2024-10-16,10:00,C,22800.0,23044.65,22986.0,0.11805859204196967,0.48477966545836804,-0.16416185673440165,13,210.0,186.0,211.32911392405063,2024-10-16 10:00:00.627,210.0,211.0,213.0,True,213.0,sj_ask,-28.67272,-27.000163037974684
2024-10-16,10:00,P,23300.0,23044.65,22986.0,0.11805859204196967,0.48477966545836804,-0.16416185673440165,13,300.0,314.0,302.4390243902439,2024-10-16 10:00:00.627,300.0,286.0,300.0,True,300.0,sj_ask,12.240279999999998,9.798816585365854
2024-10-23,09:30,C,23200.0,23432.95,23335.0,-0.267391027545516,-0.24257383607115823,-0.07934072509484524,12,230.0,135.0,231.61290322580643,2024-10-23 09:30:13.345,230.0,230.0,235.0,True,235.0,sj_ask,-101.7017,-98.31121612903225
2024-10-23,09:30,P,23650.0,23432.95,23335.0,-0.267391027545516,-0.24257383607115823,-0.07934072509484524,12,232.0,315.0,234.0057636887608,2024-10-23 09:30:22.505,232.0,232.0,236.0,True,236.0,sj_ask,77.29729999999999,79.29353054755045
2024-10-23,10:00,C,23150.0,23371.4,23335.0,-0.267391027545516,-0.28938633075155096,0.11067791614061129,11,250.0,185.0,251.58227848101265,2024-10-23 10:00:00.275,250.0,250.0,273.0,True,273.0,sj_ask,-89.7397,-68.30056075949366
2024-10-23,10:00,P,23600.0,23371.4,23335.0,-0.267391027545516,-0.28938633075155096,0.11067791614061129,11,211.0,265.0,212.71544715447155,2024-10-23 10:00:07.360,211.0,211.0,213.0,True,213.0,sj_ask,50.320299999999996,50.60513739837398
2024-10-30,09:30,C,22750.0,22987.39,22837.0,0.07373671654737901,-0.182038834951459,0.028688058029258112,12,252.0,87.0,253.7671809256662,2024-10-30 09:30:14.313,252.0,252.0,257.0,True,257.0,sj_ask,-171.71374,-168.47768810659187
2024-10-30,09:30,P,23200.0,22987.39,22837.0,0.07373671654737901,-0.182038834951459,0.028688058029258112,12,210.0,363.0,211.81556195965416,2024-10-30 09:30:14.313,210.0,206.0,210.0,True,210.0,sj_ask,151.33326,149.51588247838617
2024-10-30,10:00,C,22800.0,23053.33,22837.0,0.07373671654737901,0.20804438280166426,0.07373271889401511,12,278.0,37.0,279.75949367088606,2024-10-30 10:00:12.787,278.0,274.0,278.0,True,278.0,sj_ask,-242.73474,-244.49599316455695
2024-10-30,10:00,P,23300.0,23053.33,22837.0,0.07373671654737901,0.20804438280166426,0.07373271889401511,12,223.0,463.0,224.8130081300813,2024-10-30 10:01:14.280,223.0,223.0,226.0,True,226.0,sj_ask,235.31726,236.50543886178863
2024-11-06,09:30,C,22950.0,23162.11,23261.0,0.0,-0.25376344086021074,0.0044463688059881434,10,232.0,311.0,233.62692847124825,2024-11-06 09:30:07.531,232.0,229.0,233.0,True,233.0,sj_ask,76.30178,75.6742246002805
2024-11-06,09:30,P,23400.0,23162.11,23261.0,0.0,-0.25376344086021074,0.0044463688059881434,10,246.0,139.0,248.12680115273773,2024-11-06 09:30:00.027,246.0,243.0,246.0,True,246.0,sj_ask,-108.71122,-110.84014795389047
2024-11-06,10:00,C,22900.0,23129.89,23261.0,0.0,-0.5505376344085988,-0.15283611515238826,10,216.0,361.0,217.36708860759492,2024-11-06 10:02:17.670,216.0,216.0,217.0,True,217.0,sj_ask,142.31778,141.9503243037975
2024-11-06,10:00,P,23350.0,23129.89,23261.0,0.0,-0.5505376344085988,-0.15283611515238826,10,246.0,89.0,248.0,2024-11-06 10:00:21.469,246.0,246.0,248.0,True,248.0,sj_ask,-160.71321999999998,-160.71321999999998
2024-11-13,09:30,C,22700.0,22932.42,22912.0,-0.35033939128530367,0.76027246758954,-0.039201595622684327,14,237.0,212.0,238.66199158485273,2024-11-13 09:30:08.419,237.0,238.0,241.0,True,241.0,sj_ask,-30.69924,-28.35889357643758
2024-11-13,09:30,P,23150.0,22932.42,22912.0,-0.35033939128530367,0.76027246758954,-0.039201595622684327,14,250.0,238.0,252.16138328530258,2024-11-13 09:30:45.456,250.0,246.0,250.0,True,250.0,sj_ask,-13.70824,-15.87178466858788
2024-11-13,10:00,C,22750.0,22971.72,22912.0,-0.35033939128530367,0.7690617446715065,-0.2511731571203435,13,180.0,162.0,181.13924050632912,2024-11-13 10:00:00.592,180.0,180.0,183.0,True,183.0,sj_ask,-22.64124,-20.778619746835446
2024-11-13,10:00,P,23200.0,22971.72,22912.0,-0.35033939128530367,0.7690617446715065,-0.2511731571203435,13,294.0,288.0,296.390243902439,2024-11-13 10:00:11.786,294.0,288.0,294.0,True,294.0,sj_ask,-7.7522400000000005,-10.144874146341449
2024-11-20,09:30,C,22600.0,22851.42,22686.0,0.20999212529531075,-0.336156465554871,-0.1111696393571171,10,235.0,86.0,236.64796633941094,2024-11-20 09:30:00.186,235.0,235.0,241.0,True,241.0,sj_ask,-156.69472000000002,-152.33833430575035
2024-11-20,09:30,P,23100.0,22851.42,22686.0,0.20999212529531075,-0.336156465554871,-0.1111696393571171,10,276.0,414.0,278.38616714697406,2024-11-20 09:30:00.792,276.0,269.0,276.0,True,276.0,sj_ask,136.27027999999999,133.88172668587896
2024-11-20,10:00,C,22600.0,22811.44,22686.0,0.20999212529531075,-0.33179079717104987,0.09535396047741784,11,225.0,86.0,226.4240506329114,2024-11-20 10:00:55.151,225.0,225.0,233.0,True,233.0,sj_ask,-148.68672,-142.1041946835443
2024-11-20,10:00,P,23050.0,22811.44,22686.0,0.20999212529531075,-0.33179079717104987,0.09535396047741784,11,237.0,364.0,238.9268292682927,2024-11-20 10:00:41.190,237.0,237.0,242.0,True,242.0,sj_ask,120.30427999999999,123.38052390243901
2024-11-27,09:30,C,22400.0,22603.74,22382.0,-0.22515562226833596,-0.06194690265486358,-0.05366988287753838,10,189.0,0.0,190.32538569424963,2024-11-27 09:30:09.263,189.0,189.0,191.0,True,191.0,sj_ask,-191.691,-191.01571107994388
2024-11-27,09:30,P,22850.0,22603.74,22382.0,-0.22515562226833596,-0.06194690265486358,-0.05366988287753838,10,268.0,468.0,270.31700288184436,2024-11-27 09:31:17.842,268.0,268.0,277.0,True,277.0,sj_ask,189.27536,195.96504011527378
2024-11-27,10:00,C,22350.0,22598.75,22382.0,-0.22515562226833596,-0.32743362831858525,-0.24715779598087906,10,196.0,32.0,197.2405063291139,2024-11-27 10:00:28.177,196.0,197.0,201.0,True,201.0,sj_ask,-170.64864,-166.88538683544303
2024-11-27,10:00,P,22800.0,22598.75,22382.0,-0.22515562226833596,-0.32743362831858525,-0.24715779598087906,10,258.0,418.0,260.0975609756098,2024-11-27 10:00:20.177,258.0,258.0,268.0,True,268.0,sj_ask,148.28436,156.1947014634146
2024-12-04,09:30,C,22850.0,23081.53,23201.0,0.1467668134334854,-0.4568965517241397,-0.22087600452737055,13,243.0,351.0,244.70406732117812,2024-12-04 09:31:01.281,243.0,239.0,244.0,True,244.0,sj_ask,105.29198,104.5872086115007
2024-12-04,09:30,P,23300.0,23081.53,23201.0,0.1467668134334854,-0.4568965517241397,-0.22087600452737055,13,225.0,99.0,226.9452449567723,2024-12-04 09:30:28.558,225.0,225.0,230.0,True,230.0,sj_ask,-132.69402,-129.63621020172909
2024-12-04,10:00,C,22950.0,23162.28,23201.0,0.1467668134334854,-0.17672413793103914,-0.09058827542462455,10,195.0,251.0,196.23417721518987,2024-12-04 10:00:00.378,195.0,191.0,195.0,True,195.0,sj_ask,54.34098,53.10556860759494
2024-12-04,10:00,P,23400.0,23162.28,23201.0,0.1467668134334854,-0.17672413793103914,-0.09058827542462455,10,255.0,199.0,257.0731707317073,2024-12-04 10:02:22.604,255.0,256.0,266.0,True,266.0,sj_ask,-68.73002000000001,-59.79426390243901
2024-12-11,09:30,C,22750.0,22959.4,22902.0,0.1619256017505455,0.052431511338313364,-0.024086375838228147,9,180.0,152.0,181.26227208976158,2024-12-11 09:30:01.310,180.0,178.0,180.0,True,180.0,sj_ask,-29.63804,-30.901574361851342
2024-12-11,09:30,P,23200.0,22959.4,22902.0,0.1619256017505455,0.052431511338313364,-0.024086375838228147,9,286.0,298.0,288.47262247838614,2024-12-11 09:30:00.076,286.0,286.0,300.0,True,300.0,sj_ask,-3.75804,7.780864899135471
2024-12-11,10:00,C,22850.0,23087.77,22902.0,0.1619256017505455,0.6204395508367266,-0.2233821037934125,11,190.0,52.0,191.20253164556962,2024-12-11 10:00:29.920,190.0,191.0,194.0,True,194.0,sj_ask,-143.65204,-140.8517741772152
2024-12-11,10:00,P,23300.0,23087.77,22902.0,0.1619256017505455,0.6204395508367266,-0.2233821037934125,11,296.0,398.0,298.4065040650406,2024-12-11 10:00:59.235,296.0,284.0,295.0,True,295.0,sj_ask,101.24696,97.83704943089434
2024-12-18,09:30,C,22750.0,22999.85,23105.0,-0.10452506423935803,0.00435976806034688,-0.2664922806808523,9,194.0,355.0,195.36044880785414,2024-12-18 09:30:00.038,194.0,194.0,196.0,True,196.0,sj_ask,157.3419,157.982090743338
2024-12-18,09:30,P,23250.0,22999.85,23105.0,-0.10452506423935803,0.00435976806034688,-0.2664922806808523,9,312.0,145.0,314.6974063400576,2024-12-18 09:30:43.897,312.0,301.0,312.0,True,312.0,sj_ask,-168.7741,-171.47420374639768
2024-12-18,10:00,C,22850.0,23091.46,23105.0,-0.10452506423935803,0.3531412128874756,-0.30400823971042934,12,175.0,255.0,176.10759493670886,2024-12-18 10:00:00.673,175.0,173.0,175.0,True,175.0,sj_ask,78.3629,77.25419746835442
2024-12-18,10:00,P,23300.0,23091.46,23105.0,-0.10452506423935803,0.3531412128874756,-0.30400823971042934,12,277.0,195.0,279.2520325203252,2024-12-18 10:00:04.208,277.0,277.0,291.0,True,291.0,sj_ask,-97.7531,-85.99338455284553
2024-12-25,09:30,C,23000.0,23227.53,23277.0,-0.05138746145940676,-0.20565552699228773,0.10448155708946416,10,254.0,277.0,255.78120617110798,2024-12-25 09:30:05.291,254.0,253.0,264.0,True,264.0,sj_ask,11.27046,19.49747262272091
2024-12-25,09:30,P,23450.0,23227.53,23277.0,-0.05138746145940676,-0.20565552699228773,0.10448155708946416,10,196.0,173.0,197.69452449567723,2024-12-25 09:30:01.355,196.0,196.0,199.0,True,199.0,sj_ask,-27.664540000000002,-26.357759020172907
2024-12-25,10:00,C,23050.0,23271.6,23277.0,-0.05138746145940676,-0.0814053127677794,0.056506764697683565,11,230.0,227.0,231.45569620253164,2024-12-25 10:01:17.266,230.0,230.0,233.0,True,233.0,sj_ask,-7.6985399999999995,-6.152691898734172
2024-12-25,10:00,P,23500.0,23271.6,23277.0,-0.05138746145940676,-0.0814053127677794,0.056506764697683565,11,222.0,223.0,223.8048780487805,2024-12-25 10:01:17.267,222.0,220.0,222.0,True,222.0,sj_ask,-0.68754,-2.4942229268292753
2025-01-02,09:30,C,22700.0,22940.53,22733.0,-0.6153312822290591,-0.013080444735125152,-0.21148733034233036,11,233.0,33.0,234.63394109396913,2025-01-02 09:30:54.100,233.0,226.0,233.0,True,233.0,sj_ask,-201.68766,-203.32323503506308
2025-01-02,09:30,P,23150.0,22940.53,22733.0,-0.6153312822290591,-0.013080444735125152,-0.21148733034233036,11,222.0,417.0,223.91930835734868,2025-01-02 09:30:10.805,222.0,222.0,227.0,True,227.0,sj_ask,188.31834,191.40211233429397
2025-01-02,10:00,C,22650.0,22903.84,22733.0,-0.6153312822290591,-0.29212993241770624,-0.11823866308225961,12,232.0,83.0,233.46835443037975,2025-01-02 10:02:52.402,232.0,232.0,239.0,True,239.0,sj_ask,-157.69366,-152.15648278481012
2025-01-02,10:00,P,23150.0,22903.84,22733.0,-0.6153312822290591,-0.29212993241770624,-0.11823866308225961,12,271.0,417.0,273.2032520325203,2025-01-02 10:00:28.297,271.0,271.0,283.0,True,283.0,sj_ask,132.26234000000002,142.06888471544718
2025-01-08,09:30,C,23350.0,23598.37,23458.0,0.30668313668698044,0.21656970571999334,0.05705029594840205,11,228.0,108.0,229.59887798036465,2025-01-08 09:30:02.368,228.0,226.0,228.0,True,228.0,sj_ask,-121.69716,-123.29763685834502
2025-01-08,09:30,P,23850.0,23598.37,23458.0,0.30668313668698044,0.21656970571999334,0.05705029594840205,11,269.0,392.0,271.32564841498555,2025-01-08 09:30:17.088,269.0,264.0,278.0,True,278.0,sj_ask,112.25283999999999,118.93386593659946
2025-01-08,10:00,C,23350.0,23560.83,23458.0,0.30668313668698044,0.152872733449394,0.003607649064885088,12,215.0,108.0,216.36075949367088,2025-01-08 10:00:00.895,215.0,215.0,217.0,True,217.0,sj_ask,-110.68616,-110.04628025316455
2025-01-08,10:00,P,23800.0,23560.83,23458.0,0.30668313668698044,0.152872733449394,0.003607649064885088,12,263.0,342.0,265.1382113821138,2025-01-08 10:01:01.032,263.0,255.0,263.0,True,263.0,sj_ask,77.26783999999999,75.12749040650408
2025-01-15,09:30,C,22400.0,22645.3,22519.0,0.17188946185375809,-0.4355860612460405,-0.06703413264986802,11,235.0,119.0,236.64796633941094,2025-01-15 09:30:01.115,235.0,235.0,238.0,True,238.0,sj_ask,-120.68838,-119.33499430575034
2025-01-15,09:30,P,22850.0,22645.3,22519.0,0.17188946185375809,-0.4355860612460405,-0.06703413264986802,11,229.0,331.0,230.97982708933716,2025-01-15 09:30:52.891,229.0,226.0,229.0,True,229.0,sj_ask,100.32062,98.3388130835735
2025-01-15,10:00,C,22450.0,22698.78,22519.0,0.17188946185375809,-0.4883843717001013,-0.357231121795587,11,174.0,69.0,175.1012658227848,2025-01-15 10:00:00.938,174.0,173.0,178.0,True,178.0,sj_ask,-110.62837999999999,-107.72674708860758
2025-01-15,10:00,P,22950.0,22698.78,22519.0,0.17188946185375809,-0.4883843717001013,-0.357231121795587,11,335.0,431.0,337.7235772357724,2025-01-15 10:00:18.581,335.0,325.0,335.0,True,335.0,sj_ask,94.21462000000001,91.48831918699184
2025-01-22,09:30,C,23300.0,23558.14,23589.0,0.11029099855772717,-0.021186440677967155,-0.0023343710673862095,12,259.0,289.0,260.81626928471246,2025-01-22 09:30:01.297,259.0,259.0,265.0,True,265.0,sj_ask,22.26322,26.451134446002825
2025-01-22,09:30,P,23800.0,23558.14,23589.0,0.11029099855772717,-0.021186440677967155,-0.0023343710673862095,12,235.0,211.0,237.03170028818442,2025-01-22 09:30:56.960,235.0,235.0,239.0,True,239.0,sj_ask,-29.71078,-27.74051198847261
2025-01-22,10:00,C,23400.0,23627.65,23589.0,0.11029099855772717,0.3220338983050741,0.1657689282890451,10,225.0,189.0,226.4240506329114,2025-01-22 10:00:04.558,225.0,225.0,227.0,True,227.0,sj_ask,-39.69878,-39.122254683544305
2025-01-22,10:00,P,23850.0,23627.65,23589.0,0.11029099855772717,0.3220338983050741,0.1657689282890451,10,,261.0,,,,,,True,,no_fill,,
2025-02-03,09:30,C,22500.0,22742.23,22678.0,-4.481132075471694,0.14550264550263758,-0.0042729451649070604,12,220.0,178.0,221.54277699859747,2025-02-03 09:30:25.335,220.0,220.0,228.0,True,228.0,sj_ask,-51.681560000000005,-45.217879775596074
2025-02-03,09:30,P,22950.0,22742.23,22678.0,-4.481132075471694,0.14550264550263758,-0.0042729451649070604,12,271.0,272.0,273.342939481268,2025-02-03 09:31:13.960,271.0,271.0,273.0,True,273.0,sj_ask,-2.72656,-3.069842420749258
2025-02-03,10:00,C,22400.0,22648.02,22678.0,-4.481132075471694,-0.22927689594356426,-0.20631463864079214,10,256.0,278.0,257.62025316455697,2025-02-03 10:00:33.148,256.0,254.0,256.0,True,256.0,sj_ask,20.29044,18.668566582278473
2025-02-03,10:00,P,22850.0,22648.02,22678.0,-4.481132075471694,-0.22927689594356426,-0.20631463864079214,10,228.0,172.0,229.85365853658536,2025-02-03 10:00:46.292,228.0,223.0,228.0,True,228.0,sj_ask,-57.681560000000005,-59.537072195121944
2025-02-05,09:30,C,23000.0,23218.92,23145.0,-0.02166190104843091,0.7539974866750399,-0.14538088413624806,11,194.0,145.0,195.36044880785414,2025-02-05 09:30:04.902,194.0,191.0,194.0,True,194.0,sj_ask,-50.6569,-52.01870925666199
2025-02-05,09:30,P,23450.0,23218.92,23145.0,-0.02166190104843091,0.7539974866750399,-0.14538088413624806,11,,305.0,,,,,,True,,no_fill,,
2025-02-05,10:00,C,22950.0,23194.47,23145.0,-0.02166190104843091,0.5286649044503156,-0.21111856618756808,10,190.0,195.0,191.20253164556962,2025-02-05 10:00:00.409,190.0,190.0,191.0,True,191.0,sj_ask,2.3461,2.1433658227848085
2025-02-05,10:00,P,23450.0,23194.47,23145.0,-0.02166190104843091,0.5286649044503156,-0.21111856618756808,10,,305.0,,,,,,True,,no_fill,,
2025-02-12,09:30,C,23250.0,23466.26,23315.0,0.08971291866028963,0.15365572580989806,-0.23158773299687962,12,208.0,65.0,209.4586255259467,2025-02-12 09:30:23.038,208.0,205.0,208.0,True,208.0,sj_ask,-144.6743,-146.13438415147263
2025-02-12,09:30,P,23700.0,23466.26,23315.0,0.08971291866028963,0.15365572580989806,-0.23158773299687962,12,252.0,385.0,254.178674351585,2025-02-12 09:30:02.830,252.0,246.0,255.0,True,255.0,sj_ask,128.27870000000001,129.10084697406344
2025-02-12,10:00,C,23250.0,23479.19,23315.0,0.08971291866028963,0.2304835887148471,-0.009114551167976881,9,220.0,65.0,221.39240506329114,2025-02-12 10:01:09.455,220.0,220.0,224.0,True,224.0,sj_ask,-160.69029999999998,-158.0800974683544
2025-02-12,10:00,P,23700.0,23479.19,23315.0,0.08971291866028963,0.2304835887148471,-0.009114551167976881,9,240.0,385.0,241.9512195121951,2025-02-12 10:02:27.306,240.0,240.0,245.0,True,245.0,sj_ask,138.2887,141.3405292682927
2025-02-19,09:30,C,23400.0,23648.76,23607.0,-0.05512912938382408,0.3436863543788249,0.1615474671695205,13,244.0,207.0,245.71107994389902,2025-02-19 09:30:19.071,244.0,244.0,246.0,True,246.0,sj_ask,-40.718140000000005,-40.42893102384293
2025-02-19,09:30,P,23900.0,23648.76,23607.0,-0.05512912938382408,0.3436863543788249,0.1615474671695205,13,260.0,293.0,262.24783861671466,2025-02-19 09:30:22.937,260.0,253.0,260.0,True,260.0,sj_ask,31.267860000000002,29.017773544668625
2025-02-19,10:00,C,23400.0,23642.68,23607.0,-0.05512912938382408,0.30974202308213794,-0.013237398144994028,9,235.0,207.0,236.4873417721519,2025-02-19 10:00:09.178,235.0,235.0,250.0,True,250.0,sj_ask,-44.72214,-31.195969113924043
2025-02-19,10:00,P,23900.0,23642.68,23607.0,-0.05512912938382408,0.30974202308213794,-0.013237398144994028,9,268.0,293.0,270.1788617886179,2025-02-19 10:00:09.819,268.0,258.0,268.0,True,268.0,sj_ask,23.25986,21.078819349593488
2025-02-26,09:30,C,23050.0,23267.45,23371.0,0.0994508583041398,0.38444924406046965,0.03881413573857406,14,233.0,321.0,234.63394109396913,2025-02-26 09:30:11.045,233.0,231.0,233.0,True,233.0,sj_ask,86.29957999999999,84.6640049649369
2025-02-26,09:30,P,23500.0,23267.45,23371.0,0.0994508583041398,0.38444924406046965,0.03881413573857406,14,248.0,129.0,250.14409221902017,2025-02-26 09:31:52.214,248.0,239.0,248.0,True,248.0,sj_ask,-120.71542000000001,-122.86165631123919
2025-02-26,10:00,C,23050.0,23270.44,23371.0,0.0994508583041398,0.4319654427645814,0.030166327331304643,11,222.0,321.0,223.40506329113924,2025-02-26 10:00:26.936,222.0,222.0,224.0,True,224.0,sj_ask,95.30857999999999,95.90411164556961
2025-02-26,10:00,P,23500.0,23270.44,23371.0,0.0994508583041398,0.4319654427645814,0.030166327331304643,11,233.0,129.0,234.89430894308944,2025-02-26 10:00:30.721,233.0,228.0,233.0,True,233.0,sj_ask,-105.70042000000001,-107.59662325203253
2025-03-05,09:30,C,22700.0,22915.39,22928.0,0.4744590280241212,0.8649984553598999,-0.1872555390066255,11,193.0,228.0,194.35343618513323,2025-03-05 09:30:00.365,193.0,191.0,193.0,True,193.0,sj_ask,33.348440000000004,31.993650378681636
2025-03-05,09:30,P,23150.0,22915.39,22928.0,0.4744590280241212,0.8649984553598999,-0.1872555390066255,11,,222.0,,,,,,True,,no_fill,,
2025-03-05,10:00,C,22650.0,22895.18,22928.0,0.4744590280241212,0.8914779999117384,-0.1177628894889593,9,225.0,278.0,226.4240506329114,2025-03-05 10:00:00.416,225.0,224.0,225.0,True,225.0,sj_ask,51.31644,49.8909653164557
2025-03-05,10:00,P,23100.0,22895.18,22928.0,0.4744590280241212,0.8914779999117384,-0.1177628894889593,9,267.0,172.0,269.1707317073171,2025-03-05 10:02:14.019,267.0,259.0,267.0,True,267.0,sj_ask,-96.72556,-98.89846243902441
2025-03-12,09:30,C,22000.0,22215.62,22235.0,0.37696430193479014,0.06787023211618504,-0.16870549143576663,12,183.0,235.0,184.28330995792427,2025-03-12 09:30:00.223,183.0,184.0,187.0,True,187.0,sj_ask,46.368300000000005,49.0877067321178
2025-03-12,09:30,P,22450.0,22215.62,22235.0,0.37696430193479014,0.06787023211618504,-0.16870549143576663,12,,215.0,,,,,,True,,no_fill,,
2025-03-12,10:00,C,22050.0,22297.38,22235.0,0.37696430193479014,0.5158137640830729,-0.13270790044799252,9,220.0,185.0,221.39240506329114,2025-03-12 10:00:00.154,220.0,220.0,221.0,True,221.0,sj_ask,-37.665699999999994,-38.058497468354425
2025-03-12,10:00,P,22500.0,22297.38,22235.0,0.37696430193479014,0.5158137640830729,-0.13270790044799252,9,246.0,265.0,248.0,2025-03-12 10:00:56.433,246.0,246.0,251.0,True,251.0,sj_ask,12.304300000000001,15.307299999999998
2025-03-19,09:30,C,22000.0,22227.81,21964.0,0.41089086557999366,-0.13490421800521624,-0.09173160385443913,9,213.0,0.0,214.49368863955118,2025-03-19 09:30:01.063,213.0,213.0,217.0,True,217.0,sj_ask,-217.717,-215.20818232819073
2025-03-19,09:30,P,22450.0,22227.81,21964.0,0.41089086557999366,-0.13490421800521624,-0.09173160385443913,9,260.0,486.0,262.24783861671466,2025-03-19 09:32:06.680,260.0,252.0,260.0,True,260.0,sj_ask,224.30072,222.05063354466864
2025-03-19,10:00,C,21950.0,22192.03,21964.0,0.41089086557999366,-0.36424138861408384,-0.12405353956032594,10,201.0,14.0,202.27215189873417,2025-03-19 10:01:05.367,201.0,201.0,205.0,True,205.0,sj_ask,-192.64428,-189.9137040506329
2025-03-19,10:00,P,22400.0,22192.03,21964.0,0.41089086557999366,-0.36424138861408384,-0.12405353956032594,10,247.0,436.0,249.0081300813008,2025-03-19 10:00:28.803,247.0,242.0,247.0,True,247.0,sj_ask,187.31372,185.3035817886179
2025-03-26,09:30,C,22100.0,22314.25,22300.0,0.17881890115785115,-0.2588245794100552,0.0655631326360595,11,225.0,200.0,226.57784011220195,2025-03-26 09:30:06.203,225.0,225.0,235.0,True,235.0,sj_ask,-36.681,-28.25041795231416
2025-03-26,09:30,P,22550.0,22314.25,22300.0,0.17881890115785115,-0.2588245794100552,0.0655631326360595,11,221.0,250.0,222.91066282420746,2025-03-26 09:30:00.073,221.0,218.0,221.0,True,221.0,sj_ask,27.333,25.420426512968326
2025-03-26,10:00,C,22100.0,22318.38,22300.0,0.17881890115785115,-0.3302244633852425,0.05386359246858374,10,221.0,200.0,222.39873417721518,2025-03-26 10:02:42.877,221.0,221.0,223.0,True,223.0,sj_ask,-24.669,-24.06713291139239
2025-03-26,10:00,P,22550.0,22318.38,22300.0,0.17881890115785115,-0.3302244633852425,0.05386359246858374,10,219.0,250.0,220.78048780487805,2025-03-26 10:00:57.028,219.0,219.0,224.0,True,224.0,sj_ask,24.33,27.552731707317072
2025-04-02,09:30,C,21150.0,21341.48,21284.0,-0.28592856473235173,0.047007944342603025,-0.24726738380611568,9,154.0,134.0,155.07994389901822,2025-04-02 09:30:06.738,154.0,153.0,155.0,True,155.0,sj_ask,-22.58068,-22.660703842917236
2025-04-02,09:30,P,21550.0,21341.48,21284.0,-0.28592856473235173,0.047007944342603025,-0.24726738380611568,9,276.0,266.0,278.38616714697406,2025-04-02 09:30:27.554,276.0,268.0,276.0,True,276.0,sj_ask,-11.70168,-14.090233314121035
2025-04-02,10:00,C,21150.0,21353.69,21284.0,-0.28592856473235173,0.24914210501574274,-0.07249064364948099,9,183.0,134.0,184.15822784810126,2025-04-02 10:01:04.923,183.0,183.0,188.0,True,188.0,sj_ask,-55.61368,-51.76806607594936
2025-04-02,10:00,P,21550.0,21353.69,21284.0,-0.28592856473235173,0.24914210501574274,-0.07249064364948099,9,250.0,266.0,252.03252032520325,2025-04-02 10:02:55.389,250.0,243.0,250.0,True,250.0,sj_ask,14.32432,12.289767154471546
2025-04-09,09:30,C,17900.0,18057.19,17430.0,-1.1301939058171784,0.644402106914721,0.2915548762760789,9,300.0,0.0,302.1037868162693,2025-04-09 09:30:05.042,300.0,286.0,300.0,True,300.0,sj_ask,-300.8,-302.90589060308554
2025-04-09,09:30,P,18250.0,18057.19,17430.0,-1.1301939058171784,0.644402106914721,0.2915548762760789,9,239.0,820.0,241.06628242074927,2025-04-09 09:30:01.241,239.0,235.0,240.0,True,240.0,sj_ask,578.4114,577.3440512968299
2025-04-09,10:00,C,17900.0,18093.65,17430.0,-1.1301939058171784,1.311218200156894,0.5186329311187898,8,360.0,0.0,362.27848101265823,2025-04-09 10:00:07.691,360.0,288.0,360.0,True,360.0,sj_ask,-360.86,-363.1407594936709
2025-04-09,10:00,P,18250.0,18093.65,17430.0,-1.1301939058171784,1.311218200156894,0.5186329311187898,8,163.0,820.0,164.3252032520325,2025-04-09 10:00:00.788,163.0,163.0,166.0,True,166.0,sj_ask,652.4853999999999,654.1618715447155
2025-04-16,09:30,C,19450.0,19650.51,19548.0,-1.0949641739832483,-0.06632314677822437,-0.31488209135110967,10,159.0,98.0,160.11500701262273,2025-04-16 09:31:00.656,159.0,159.0,160.0,True,160.0,sj_ask,-63.550959999999996,-63.66608201963535
2025-04-16,09:30,P,19850.0,19650.51,19548.0,-1.0949641739832483,-0.06632314677822437,-0.31488209135110967,10,275.0,302.0,277.3775216138328,2025-04-16 09:30:21.268,275.0,272.0,275.0,True,275.0,sj_ask,25.33404,22.954140864553356
2025-04-16,10:00,C,19450.0,19648.44,19548.0,-1.0949641739832483,0.005101780521399313,-0.22262102409743578,10,168.0,98.0,169.0632911392405,2025-04-16 10:00:08.017,168.0,168.0,173.0,True,173.0,sj_ask,-76.56396000000001,-72.62331443037975
2025-04-16,10:00,P,19850.0,19648.44,19548.0,-1.0949641739832483,0.005101780521399313,-0.22262102409743578,10,259.0,302.0,261.1056910569106,2025-04-16 10:00:11.932,259.0,255.0,259.0,True,259.0,sj_ask,41.35004,39.2422432520325
2025-04-23,09:30,C,19250.0,19460.34,19583.0,1.018052057094887,0.9818181818181726,-0.1059116806554683,9,196.0,333.0,197.37447405329593,2025-04-23 09:30:02.834,196.0,196.0,199.0,True,199.0,sj_ask,132.40934,134.03649147265077
2025-04-23,09:30,P,19650.0,19460.34,19583.0,1.018052057094887,0.9818181818181726,-0.1059116806554683,9,222.0,67.0,223.91930835734868,2025-04-23 09:30:07.593,222.0,222.0,232.0,True,232.0,sj_ask,-166.62366,-158.53488766570604
2025-04-23,10:00,C,19200.0,19387.54,19583.0,1.018052057094887,0.644155844155847,-0.0612969064394675,9,199.0,383.0,200.25949367088606,2025-04-23 10:00:17.430,199.0,198.0,199.0,True,199.0,sj_ask,182.40934,181.14858683544304
2025-04-23,10:00,P,19600.0,19387.54,19583.0,1.018052057094887,0.644155844155847,-0.0612969064394675,9,213.0,17.0,214.73170731707316,2025-04-23 10:00:02.385,213.0,213.0,216.0,True,216.0,sj_ask,-200.60766,-199.33809902439023
2025-04-30,09:30,C,20000.0,20223.41,20211.0,-0.31259303364096214,0.3334826539246327,-0.06358982879205444,11,219.0,211.0,220.53576437587657,2025-04-30 09:30:02.893,219.0,215.0,219.0,True,219.0,sj_ask,-9.62322,-11.160520140252444
2025-04-30,09:30,P,20450.0,20223.41,20211.0,-0.31259303364096214,0.3334826539246327,-0.06358982879205444,11,,239.0,,,,,,True,,no_fill,,
2025-04-30,10:00,C,20050.0,20247.19,20211.0,-0.31259303364096214,0.3932108904484588,-0.07038305669910816,9,190.0,161.0,191.20253164556962,2025-04-30 10:00:01.290,190.0,188.0,190.0,True,190.0,sj_ask,-30.59422,-31.79795417721519
2025-04-30,10:00,P,20450.0,20247.19,20211.0,-0.31259303364096214,0.3932108904484588,-0.07038305669910816,9,220.0,239.0,221.78861788617886,2025-04-30 10:00:00.019,220.0,220.0,222.0,True,222.0,sj_ask,15.373779999999998,15.585373495934965
2025-05-07,09:30,C,20350.0,20532.65,20466.0,0.9532276386625238,-0.36203522504892893,-0.19196287516862753,10,167.0,116.0,168.1711079943899,2025-05-07 09:30:00.572,167.0,166.0,168.0,True,168.0,sj_ask,-53.57732,-53.74859910238429
2025-05-07,09:30,P,20750.0,20532.65,20466.0,0.9532276386625238,-0.36203522504892893,-0.19196287516862753,10,290.0,284.0,292.50720461095096,2025-05-07 09:31:45.074,290.0,287.0,304.0,True,304.0,sj_ask,-21.71332,-10.209031815561914
2025-05-07,10:00,C,20300.0,20514.25,20466.0,0.9532276386625238,-0.36203522504892893,-0.09242486579870146,11,207.0,166.0,208.31012658227849,2025-05-07 10:00:09.017,207.0,206.0,207.0,True,207.0,sj_ask,-42.61632,-43.92775670886076
2025-05-07,10:00,P,20700.0,20514.25,20466.0,0.9532276386625238,-0.36203522504892893,-0.09242486579870146,11,206.0,234.0,207.6747967479675,2025-05-07 10:00:03.027,206.0,206.0,209.0,True,209.0,sj_ask,23.38168,24.70820845528454
2025-05-14,09:30,C,21450.0,21645.4,21751.0,0.0,-0.13378234995617966,0.02416176463115871,12,212.0,301.0,213.4866760168303,2025-05-14 09:30:36.164,212.0,207.0,212.0,True,212.0,sj_ask,87.35298,85.86481730715288
2025-05-14,09:30,P,21850.0,21645.4,21751.0,0.0,-0.13378234995617966,0.02416176463115871,12,196.0,99.0,197.69452449567723,2025-05-14 09:30:38.612,196.0,196.0,198.0,True,198.0,sj_ask,-100.63301999999999,-100.3272390201729
2025-05-14,10:00,C,21450.0,21672.19,21751.0,0.0,-0.009226368962489406,0.10483656160082955,10,229.0,301.0,230.44936708860757,2025-05-14 10:00:35.205,229.0,229.0,233.0,True,233.0,sj_ask,66.33198,68.88516354430382
2025-05-14,10:00,P,21900.0,21672.19,21751.0,0.0,-0.009226368962489406,0.10483656160082955,10,228.0,149.0,229.85365853658536,2025-05-14 10:00:35.294,228.0,221.0,226.0,True,226.0,sj_ask,-78.66102,-82.51853219512194
2025-05-21,09:30,C,21450.0,21668.36,21848.0,-0.050984936268827497,0.3988128362085064,-0.08427267054831322,11,195.0,398.0,196.36746143057502,2025-05-21 09:30:40.092,195.0,195.0,197.0,True,197.0,sj_ask,199.36604,199.9992111079944
2025-05-21,09:30,P,21900.0,21668.36,21848.0,-0.050984936268827497,0.3988128362085064,-0.08427267054831322,11,256.0,52.0,258.21325648414984,2025-05-21 09:30:14.883,256.0,256.0,260.0,True,260.0,sj_ask,-209.69696,-207.90842974063398
2025-05-21,10:00,C,21450.0,21657.53,21848.0,-0.050984936268827497,0.36171396772397557,-0.07092113440571035,9,187.0,398.0,188.18354430379748,2025-05-21 10:01:15.669,187.0,187.0,189.0,True,189.0,sj_ask,207.37404,208.19131215189873
2025-05-21,10:00,P,21850.0,21657.53,21848.0,-0.050984936268827497,0.36171396772397557,-0.07092113440571035,9,211.0,2.0,212.71544715447155,2025-05-21 10:00:45.414,211.0,209.0,211.0,True,211.0,sj_ask,-210.64796,-212.365122601626
2025-05-28,09:30,C,21350.0,21557.56,21387.0,0.07475238273220164,-0.042016806722688926,-0.03288788570787737,11,205.0,37.0,206.437587657784,2025-05-28 09:30:00.343,205.0,205.0,208.0,True,208.0,sj_ask,-172.63574,-171.07176524544178
2025-05-28,09:30,P,21750.0,21557.56,21387.0,0.07475238273220164,-0.042016806722688926,-0.03288788570787737,11,203.0,363.0,204.75504322766568,2025-05-28 09:30:00.162,203.0,201.0,203.0,True,203.0,sj_ask,158.36926,156.61246172910666
2025-05-28,10:00,C,21250.0,21467.8,21387.0,0.07475238273220164,-0.4948646125116696,0.031908030342897575,11,239.0,137.0,240.5126582278481,2025-05-28 10:01:17.087,239.0,234.0,239.0,True,239.0,sj_ask,-103.66674,-105.18091088607595
2025-05-28,10:00,P,21700.0,21467.8,21387.0,0.07475238273220164,-0.4948646125116696,0.031908030342897575,11,220.0,313.0,221.78861788617886,2025-05-28 10:00:18.425,220.0,220.0,221.0,True,221.0,sj_ask,90.35126,89.56185349593497
2025-06-04,09:30,C,21300.0,21518.25,21580.0,0.29693170570768146,0.7847744360902187,-0.00780760572334227,12,225.0,280.0,226.57784011220195,2025-06-04 09:30:00.382,225.0,223.0,225.0,True,225.0,sj_ask,53.343399999999995,51.76398204768584
2025-06-04,09:30,P,21750.0,21518.25,21580.0,0.29693170570768146,0.7847744360902187,-0.00780760572334227,12,254.0,170.0,256.1959654178674,2025-06-04 09:30:24.168,254.0,251.0,254.0,True,254.0,sj_ask,-85.68560000000001,-87.88376138328528
2025-06-04,10:00,C,21300.0,21514.51,21580.0,0.29693170570768146,0.7236842105263097,-0.041755827913902976,11,207.0,280.0,208.31012658227849,2025-06-04 10:00:20.642,207.0,207.0,208.0,True,208.0,sj_ask,70.3604,70.04996329113924
2025-06-04,10:00,P,21750.0,21514.51,21580.0,0.29693170570768146,0.7236842105263097,-0.041755827913902976,11,,170.0,,,,,,True,,no_fill,,
2025-06-11,09:30,C,22150.0,22371.55,22405.0,-0.0717102904266742,-0.049336203803374,-0.07183063525190159,11,194.0,255.0,195.36044880785414,2025-06-11 09:30:37.254,194.0,193.0,194.0,True,194.0,sj_ask,59.3579,57.99609074333801
2025-06-11,09:30,P,22600.0,22371.55,22405.0,-0.0717102904266742,-0.049336203803374,-0.07183063525190159,11,255.0,195.0,257.20461095100865,2025-06-11 09:30:12.211,255.0,250.0,255.0,True,255.0,sj_ask,-61.7031,-63.90991556195965
2025-06-11,10:00,C,22150.0,22349.65,22405.0,-0.0717102904266742,-0.17491926803013813,-0.05060445704013761,9,187.0,255.0,188.18354430379748,2025-06-11 10:00:18.487,187.0,183.0,187.0,True,187.0,sj_ask,66.3649,65.18017215189873
2025-06-11,10:00,P,22550.0,22349.65,22405.0,-0.0717102904266742,-0.17491926803013813,-0.05060445704013761,9,222.0,145.0,223.8048780487805,2025-06-11 10:04:03.411,222.0,213.0,222.0,True,222.0,sj_ask,-78.67009999999999,-80.47678292682927
2025-06-18,09:30,C,22050.0,22274.11,22307.0,0.17671046669687218,0.3935049075037389,-0.341578263985054,11,160.0,257.0,161.1220196353436,2025-06-18 09:30:00.769,160.0,160.0,162.0,True,162.0,sj_ask,93.39186,94.27071834502105
2025-06-18,09:30,P,22500.0,22274.11,22307.0,0.17671046669687218,0.3935049075037389,-0.341578263985054,11,312.0,193.0,314.6974063400576,2025-06-18 09:30:48.625,312.0,305.0,312.0,True,312.0,sj_ask,-120.75814,-123.45824374639768
2025-06-18,10:00,C,22000.0,22242.81,22307.0,0.17671046669687218,0.4884888506942797,-0.15146374326094336,12,217.0,307.0,218.373417721519,2025-06-18 10:00:27.774,217.0,217.0,219.0,True,219.0,sj_ask,86.33486,86.96206886075949
2025-06-18,10:00,P,22450.0,22242.81,22307.0,0.17671046669687218,0.4884888506942797,-0.15146374326094336,12,236.0,143.0,237.91869918699186,2025-06-18 10:04:07.084,236.0,236.0,246.0,True,246.0,sj_ask,-104.69214,-96.60275788617885
2025-06-25,09:30,C,22100.0,22334.6,22407.0,-0.07673211464680474,-0.45171198843617644,-0.12590206681764027,11,210.0,307.0,211.4726507713885,2025-06-25 09:30:00.357,210.0,210.0,212.0,True,212.0,sj_ask,93.33986,93.86773657784013
2025-06-25,09:30,P,22550.0,22334.6,22407.0,-0.07673211464680474,-0.45171198843617644,-0.12590206681764027,11,253.0,143.0,255.1873198847262,2025-06-25 09:32:20.013,253.0,249.0,253.0,True,253.0,sj_ask,-111.70114,-113.89064720461093
2025-06-25,10:00,C,22100.0,22340.32,22407.0,-0.07673211464680474,-0.3658867106333008,-0.03276161627554508,11,240.0,307.0,241.51898734177215,2025-06-25 10:00:00.698,240.0,238.0,240.0,True,240.0,sj_ask,65.31186000000001,63.791353670886075
2025-06-25,10:00,P,22550.0,22340.32,22407.0,-0.07673211464680474,-0.3658867106333008,-0.03276161627554508,11,212.0,143.0,213.72357723577235,2025-06-25 10:00:00.730,212.0,212.0,215.0,True,215.0,sj_ask,-73.66314,-72.38544081300812
2025-07-02,09:30,C,22200.0,22440.5,22491.0,0.022428565020415903,-0.049331778634853496,0.13026560725031278,12,275.0,291.0,276.92847124824686,2025-07-02 09:31:00.099,275.0,266.0,278.0,True,278.0,sj_ask,11.272179999999999,12.344780280504887
2025-07-02,09:30,P,22650.0,22440.5,22491.0,0.022428565020415903,-0.049331778634853496,0.13026560725031278,12,186.0,159.0,187.60806916426512,2025-07-02 09:30:00.540,186.0,186.0,190.0,True,190.0,sj_ask,-32.63982,-30.245497233429383
2025-07-02,10:00,C,22200.0,22424.42,22491.0,0.022428565020415903,-0.10763297156696217,-0.059157137649179514,10,258.0,291.0,259.63291139240505,2025-07-02 10:01:09.591,258.0,255.0,258.0,True,258.0,sj_ask,31.29218,29.657635696202547
2025-07-02,10:00,P,22650.0,22424.42,22491.0,0.022428565020415903,-0.10763297156696217,-0.059157137649179514,10,200.0,159.0,201.6260162601626,2025-07-02 10:00:00.518,200.0,200.0,203.0,True,203.0,sj_ask,-45.652820000000006,-44.27746227642277
2025-07-09,09:30,C,22050.0,22285.77,22490.0,-0.08083348302496685,-0.07191011235955225,-0.004128037360529024,11,258.0,440.0,259.8092566619916,2025-07-09 09:30:28.333,258.0,255.0,258.0,True,258.0,sj_ask,180.29219999999998,178.48113408134643
2025-07-09,09:30,P,22500.0,22285.77,22490.0,-0.08083348302496685,-0.07191011235955225,-0.004128037360529024,11,198.0,10.0,199.71181556195964,2025-07-09 09:30:22.728,198.0,198.0,200.0,True,200.0,sj_ask,-191.6498,-191.3613273775216
2025-07-09,10:00,C,22200.0,22424.77,22490.0,-0.08083348302496685,0.5842696629213551,-0.008338658332163185,14,230.0,290.0,231.45569620253164,2025-07-09 10:00:00.259,230.0,229.0,230.0,True,230.0,sj_ask,58.3202,56.863048101265825
2025-07-09,10:00,P,22650.0,22424.77,22490.0,-0.08083348302496685,0.5842696629213551,-0.008338658332163185,14,225.0,160.0,226.8292682926829,2025-07-09 10:02:25.448,225.0,223.0,229.0,True,229.0,sj_ask,-70.6788,-68.5058975609756
2025-07-11,09:30,C,22450.0,22663.88,22744.0,-0.2833990169596623,0.35081486744525936,-0.008471614795668714,9,230.0,294.0,231.61290322580643,2025-07-11 09:30:13.934,230.0,226.0,230.0,True,230.0,sj_ask,62.31512,60.700603870967754
2025-07-11,09:30,P,22900.0,22663.88,22744.0,-0.2833990169596623,0.35081486744525936,-0.008471614795668714,9,217.0,156.0,218.87608069164264,2025-07-11 09:31:05.500,217.0,211.0,217.0,True,217.0,sj_ask,-62.67188,-64.54983677233429
2025-07-11,10:00,C,22500.0,22749.81,22744.0,-0.2833990169596623,0.781562236333766,-0.04984540890378142,9,242.0,244.0,243.53164556962025,2025-07-11 10:01:05.904,242.0,238.0,242.0,True,242.0,sj_ask,0.30311999999999995,-1.2300572151898728
2025-07-11,10:00,P,23000.0,22749.81,22744.0,-0.2833990169596623,0.781562236333766,-0.04984540890378142,9,,256.0,,,,,,True,,no_fill,,
2025-07-16,09:30,C,22750.0,22968.56,23047.0,-0.07434619085104899,0.4989277430084371,-0.022464905116248435,11,233.0,297.0,234.63394109396913,2025-07-16 09:30:10.027,233.0,231.0,233.0,True,233.0,sj_ask,62.30606,60.670484964936904
2025-07-16,09:30,P,23200.0,22968.56,23047.0,-0.07434619085104899,0.4989277430084371,-0.022464905116248435,11,228.0,153.0,229.97118155619594,2025-07-16 09:30:09.794,228.0,228.0,234.0,True,234.0,sj_ask,-82.69493999999999,-78.66209273775213
2025-07-16,10:00,C,22800.0,23040.25,23047.0,-0.07434619085104899,0.7877806468554516,0.12440001234870213,12,237.0,247.0,238.5,2025-07-16 10:00:01.024,237.0,235.0,237.0,True,237.0,sj_ask,8.302059999999999,6.80056
2025-07-16,10:00,P,23250.0,23040.25,23047.0,-0.07434619085104899,0.7877806468554516,0.12440001234870213,12,,203.0,,,,,,True,,no_fill,,
2025-07-18,09:30,C,23100.0,23326.78,23323.0,-0.10267818944126317,-0.27408993576016893,0.1574981373723361,7,277.0,223.0,278.9424964936886,2025-07-18 09:31:35.750,277.0,265.0,277.0,True,277.0,sj_ask,-55.74346,-57.68789899018231
2025-07-18,09:30,P,23550.0,23326.78,23323.0,-0.10267818944126317,-0.27408993576016893,0.1574981373723361,7,185.0,227.0,186.5994236311239,2025-07-18 09:30:00.377,185.0,185.0,198.0,True,198.0,sj_ask,27.335539999999998,38.74751694524498
2025-07-18,10:00,C,23150.0,23379.37,23323.0,-0.10267818944126317,-0.19700214132761795,0.047989160095607275,11,245.0,173.0,246.5506329113924,2025-07-18 10:03:27.014,245.0,245.0,251.0,True,251.0,sj_ask,-79.71746,-75.26364354430379
2025-07-18,10:00,P,23600.0,23379.37,23323.0,-0.10267818944126317,-0.19700214132761795,0.047989160095607275,11,224.0,277.0,225.8211382113821,2025-07-18 10:04:16.003,224.0,191.0,224.0,True,224.0,sj_ask,51.309540000000005,49.486580650406516
2025-07-23,09:30,C,22950.0,23183.59,23270.0,0.08265541392962206,0.3651221420498896,-0.0006481511488465319,12,196.0,320.0,197.37447405329593,2025-07-23 09:30:05.485,196.0,196.0,199.0,True,199.0,sj_ask,119.3356,120.96275147265078
2025-07-23,09:30,P,23400.0,23183.59,23270.0,0.08265541392962206,0.3651221420498896,-0.0006481511488465319,12,263.0,130.0,265.2737752161383,2025-07-23 09:30:05.492,263.0,256.0,263.0,True,263.0,sj_ask,-134.7284,-137.00444899135442
2025-07-23,10:00,C,23050.0,23284.28,23270.0,0.08265541392962206,0.9997391984699622,0.150500690479205,12,232.0,220.0,233.46835443037975,2025-07-23 10:00:00.505,232.0,230.0,232.0,True,232.0,sj_ask,-13.6974,-15.167222784810129
2025-07-23,10:00,P,23500.0,23284.28,23270.0,0.08265541392962206,0.9997391984699622,0.150500690479205,12,227.0,230.0,228.84552845528455,2025-07-23 10:00:12.060,227.0,223.0,233.0,True,233.0,sj_ask,-4.6984,-0.5397739837398359
2025-07-25,09:30,C,23100.0,23354.83,23356.0,0.01719690455717071,-0.11605914718019195,-0.14882583438372565,7,220.0,256.0,221.54277699859747,2025-07-25 09:31:43.354,220.0,220.0,228.0,True,228.0,sj_ask,26.304879999999997,32.76856022440393
2025-07-25,09:30,P,23600.0,23354.83,23356.0,0.01719690455717071,-0.11605914718019195,-0.14882583438372565,7,,244.0,,,,,,True,,no_fill,,
2025-07-25,10:00,C,23150.0,23405.26,23356.0,0.01719690455717071,-0.10316368638239037,-0.15715464496403042,8,192.0,206.0,193.21518987341773,2025-07-25 10:01:11.413,192.0,185.0,192.0,True,192.0,sj_ask,12.34088,11.124474936708856
2025-07-25,10:00,P,23650.0,23405.26,23356.0,0.01719690455717071,-0.10316368638239037,-0.15715464496403042,8,,294.0,,,,,,True,,no_fill,,
2025-07-30,09:30,C,23050.0,23276.95,23416.0,0.08623291510370112,0.03446344720630101,-0.03806273563669027,11,217.0,366.0,218.52173913043478,2025-07-30 09:30:08.094,217.0,218.0,225.0,True,225.0,sj_ask,139.30668,145.79141913043478
2025-07-30,09:30,P,23500.0,23276.95,23416.0,0.08623291510370112,0.03446344720630101,-0.03806273563669027,11,234.0,84.0,236.0230547550432,2025-07-30 09:30:02.733,234.0,229.0,234.0,True,234.0,sj_ask,-151.70232000000001,-153.72739780979825
2025-07-30,10:00,C,23100.0,23346.55,23416.0,0.08623291510370112,0.4652565372851525,-0.09988685760906613,11,269.0,316.0,270.7025316455696,2025-07-30 10:00:10.751,269.0,260.0,269.0,True,269.0,sj_ask,45.26268,43.55844582278484
2025-07-30,10:00,P,23600.0,23346.55,23416.0,0.08623291510370112,0.4652565372851525,-0.09988685760906613,11,236.0,184.0,237.91869918699186,2025-07-30 10:04:54.727,236.0,236.0,243.0,True,243.0,sj_ask,-60.71132,-55.62493788617885
2025-08-01,09:30,C,23100.0,23351.41,23456.0,-1.199451679232355,1.2010058966354542,0.13536667410376513,11,292.0,356.0,294.0476858345021,2025-08-01 09:30:05.432,292.0,255.0,292.0,True,292.0,sj_ask,62.23888,60.189146479663414
2025-08-01,09:30,P,23600.0,23351.41,23456.0,-1.199451679232355,1.2010058966354542,0.13536667410376513,11,218.0,144.0,219.88472622478383,2025-08-01 09:30:05.432,218.0,218.0,224.0,True,224.0,sj_ask,-81.69312000000001,-77.57373095100863
2025-08-01,10:00,C,23200.0,23418.63,23456.0,-1.199451679232355,1.5045091918140852,-0.05370363266714584,11,248.0,256.0,249.56962025316454,2025-08-01 10:00:00.671,248.0,248.0,251.0,True,251.0,sj_ask,3.2798799999999995,4.711690126582291
2025-08-01,10:00,P,23650.0,23418.63,23456.0,-1.199451679232355,1.5045091918140852,-0.05370363266714584,11,211.0,194.0,212.71544715447155,2025-08-01 10:00:37.734,211.0,211.0,214.0,True,214.0,sj_ask,-21.68312,-20.39728260162602
2025-08-06,09:30,C,23250.0,23462.29,23479.0,0.10684673903751385,-0.05550100328737262,0.09786729433587382,11,230.0,229.0,231.61290322580643,2025-08-06 09:30:10.989,230.0,230.0,232.0,True,232.0,sj_ask,-4.70158,-4.31409612903224
2025-08-06,09:30,P,23700.0,23462.29,23479.0,0.10684673903751385,-0.05550100328737262,0.09786729433587382,11,221.0,221.0,222.91066282420746,2025-08-06 09:30:01.065,221.0,220.0,221.0,True,221.0,sj_ask,-1.6905800000000002,-3.6031534870316713
2025-08-06,10:00,C,23300.0,23523.46,23479.0,0.10684673903751385,0.11527131451991579,0.11821448434041759,11,212.0,179.0,213.34177215189874,2025-08-06 10:00:08.190,212.0,211.0,213.0,True,213.0,sj_ask,-35.68258,-36.02469392405064
2025-08-06,10:00,P,23750.0,23523.46,23479.0,0.10684673903751385,0.11527131451991579,0.11821448434041759,11,232.0,271.0,233.8861788617886,2025-08-06 10:00:48.056,232.0,232.0,237.0,True,237.0,sj_ask,32.29342,35.410354959349604
2025-08-08,09:30,C,23800.0,24054.22,24013.0,0.28723669969195065,-0.4483001950935983,0.037935429817570476,10,227.0,213.0,228.59186535764377,2025-08-08 09:31:33.982,227.0,227.0,229.0,True,229.0,sj_ask,-17.70926,-17.300717223001413
2025-08-08,09:30,P,24300.0,24054.22,24013.0,0.28723669969195065,-0.4483001950935983,0.037935429817570476,10,279.0,287.0,281.4121037463977,2025-08-08 09:32:08.977,279.0,280.0,285.0,True,285.0,sj_ask,0.23473999999999984,3.826224149855912
2025-08-08,10:00,C,23750.0,24007.53,24013.0,0.28723669969195065,-0.5188659665435247,0.04052854555003371,9,266.0,263.0,267.6835443037975,2025-08-08 10:01:21.411,266.0,262.0,266.0,True,266.0,sj_ask,-4.74626,-6.431487848101273
2025-08-08,10:00,P,24250.0,24007.53,24013.0,0.28723669969195065,-0.5188659665435247,0.04052854555003371,9,,237.0,,,,,,True,,no_fill,,
2025-08-13,09:30,C,24100.0,24341.75,24348.0,-0.06991568990335484,-0.016462260268335083,-0.13187680787826728,12,213.0,248.0,214.49368863955118,2025-08-13 09:30:03.125,213.0,209.0,213.0,True,213.0,sj_ask,33.300039999999996,31.80485767180927
2025-08-13,09:30,P,24600.0,24341.75,24348.0,-0.06991568990335484,-0.016462260268335083,-0.13187680787826728,12,286.0,252.0,288.47262247838614,2025-08-13 09:30:09.514,286.0,286.0,294.0,True,294.0,sj_ask,-43.78096,-38.24805510086453
2025-08-13,10:00,C,24100.0,24341.57,24348.0,-0.06991568990335484,0.12346695201250757,0.13531465596002823,10,234.0,248.0,235.48101265822785,2025-08-13 10:00:27.059,234.0,229.0,235.0,True,235.0,sj_ask,11.27804,10.796546329113918
2025-08-13,10:00,P,24600.0,24341.57,24348.0,-0.06991568990335484,0.12346695201250757,0.13531465596002823,10,276.0,252.0,278.2439024390244,2025-08-13 10:00:40.726,276.0,267.0,276.0,True,276.0,sj_ask,-25.76296,-28.00910634146342
2025-08-15,09:30,C,24000.0,24225.04,24342.0,-0.05762265393480792,-0.20179556873404225,0.119900365066683,8,250.0,342.0,251.7531556802244,2025-08-15 09:30:10.794,250.0,250.0,255.0,True,255.0,sj_ask,85.25816,88.50825116409537
2025-08-15,09:30,P,24450.0,24225.04,24342.0,-0.05762265393480792,-0.20179556873404225,0.119900365066683,8,191.0,108.0,192.65129682997116,2025-08-15 09:30:33.760,191.0,188.0,191.0,True,191.0,sj_ask,-84.67784,-86.33078812680112
2025-08-15,10:00,C,24000.0,24246.19,24342.0,-0.05762265393480792,-0.2388600609504965,0.012579161073067446,6,,342.0,,,,,,True,,no_fill,,
2025-08-15,10:00,P,24500.0,24246.19,24342.0,-0.05762265393480792,-0.2388600609504965,0.012579161073067446,6,,158.0,,,,,,True,,no_fill,,
2025-08-20,09:30,C,23700.0,23922.35,23637.0,-0.25188916876573986,-1.0142407683391252,-0.1962435757566161,13,225.0,0.0,226.57784011220195,2025-08-20 09:30:00.302,225.0,226.0,228.0,True,228.0,sj_ask,-228.728,-227.30441795231417
2025-08-20,09:30,P,24150.0,23922.35,23637.0,-0.25188916876573986,-1.0142407683391252,-0.1962435757566161,13,246.0,513.0,248.12680115273773,2025-08-20 09:30:01.247,246.0,242.0,246.0,True,246.0,sj_ask,265.28126000000003,263.15233204610956
2025-08-20,10:00,C,23750.0,23971.8,23637.0,-0.25188916876573986,-0.8403709223381406,-0.08347234962774452,12,209.0,0.0,210.32278481012656,2025-08-20 10:00:10.852,209.0,209.0,211.0,True,211.0,sj_ask,-211.711,-211.0331075949367
2025-08-20,10:00,P,24200.0,23971.8,23637.0,-0.25188916876573986,-0.8403709223381406,-0.08347234962774452,12,257.0,563.0,259.0894308943089,2025-08-20 10:00:02.855,257.0,253.0,257.0,True,257.0,sj_ask,304.27026,302.17873967479676
2025-08-22,09:30,C,23700.0,23918.19,23854.0,0.3235294117647003,-0.22197093437198445,-0.10077016852320098,10,195.0,154.0,196.36746143057502,2025-08-22 09:31:02.222,195.0,192.0,195.0,True,195.0,sj_ask,-42.67208,-44.040908892005596
2025-08-22,09:30,P,24150.0,23918.19,23854.0,0.3235294117647003,-0.22197093437198445,-0.10077016852320098,10,256.0,296.0,258.21325648414984,2025-08-22 09:30:49.529,256.0,256.0,263.0,True,263.0,sj_ask,31.25992,36.051450259366014
2025-08-22,10:00,C,23700.0,23960.95,23854.0,0.3235294117647003,-0.17590149516271136,-0.21932799238716383,9,212.0,154.0,213.34177215189874,2025-08-22 10:04:08.983,212.0,212.0,214.0,True,214.0,sj_ask,-61.69108,-61.03219392405064
2025-08-22,10:00,P,24200.0,23960.95,23854.0,0.3235294117647003,-0.17590149516271136,-0.21932799238716383,9,,346.0,,,,,,True,,no_fill,,
2025-08-27,09:30,C,24150.0,24414.88,24529.0,-0.024634586960092797,0.0862422997946588,0.03382938848262018,13,286.0,379.0,288.0056100981767,2025-08-27 09:30:11.115,286.0,282.0,285.0,True,285.0,sj_ask,92.22442000000001,89.21580429172512
2025-08-27,09:30,P,24650.0,24414.88,24529.0,-0.024634586960092797,0.0862422997946588,0.03382938848262018,13,217.0,121.0,218.87608069164264,2025-08-27 09:30:03.600,217.0,217.0,221.0,True,221.0,sj_ask,-101.71158,-99.58553677233428
2025-08-27,10:00,C,24250.0,24473.28,24529.0,-0.024634586960092797,0.4229979466119138,-0.0693087765144873,12,247.0,279.0,248.5632911392405,2025-08-27 10:00:28.076,247.0,244.0,247.0,True,247.0,sj_ask,30.26242,28.697565569620252
2025-08-27,10:00,P,24700.0,24473.28,24529.0,-0.024634586960092797,0.4229979466119138,-0.0693087765144873,12,208.0,171.0,209.6910569105691,2025-08-27 10:00:51.008,208.0,206.0,208.0,True,208.0,sj_ask,-38.69858,-40.391327967479675
2025-08-29,09:30,C,24200.0,24442.47,24347.0,-0.05324813631523151,-0.040981926970207194,-0.09226242802362616,12,266.0,147.0,267.8653576437588,2025-08-29 09:30:14.878,266.0,266.0,269.0,True,269.0,sj_ask,-123.75594000000001,-122.62016300140255
2025-08-29,09:30,P,24700.0,24442.47,24347.0,-0.05324813631523151,-0.040981926970207194,-0.09226242802362616,12,253.0,353.0,255.1873198847262,2025-08-29 09:31:16.938,253.0,251.0,253.0,True,253.0,sj_ask,98.26006,96.07055279538906
2025-08-29,10:00,C,24150.0,24379.97,24347.0,-0.05324813631523151,-0.27048071800336304,0.14713766580676246,9,253.0,197.0,254.6012658227848,2025-08-29 10:02:41.521,253.0,249.0,253.0,True,253.0,sj_ask,-57.73994,-59.34280708860758
2025-08-29,10:00,P,24600.0,24379.97,24347.0,-0.05324813631523151,-0.27048071800336304,0.14713766580676246,9,186.0,253.0,187.5121951219512,2025-08-29 10:00:11.877,186.0,185.0,187.0,True,187.0,sj_ask,64.32606,63.81335268292684
2025-09-03,09:30,C,23800.0,24046.1,24082.0,0.10860484544694682,0.14186764583159484,-0.06873886839936505,12,245.0,282.0,246.7180925666199,2025-09-03 09:30:00.876,245.0,241.0,244.0,True,244.0,sj_ask,36.27436,33.55354934081348
2025-09-03,09:30,P,24300.0,24046.1,24082.0,0.10860484544694682,0.14186764583159484,-0.06873886839936505,12,256.0,218.0,258.21325648414984,2025-09-03 09:30:46.811,256.0,252.0,256.0,True,256.0,sj_ask,-39.73764,-41.953109740633984
2025-09-03,10:00,C,23850.0,24096.29,24082.0,0.10860484544694682,0.3880497371276048,-0.04266254096102484,14,249.0,232.0,250.5759493670886,2025-09-03 10:00:35.711,249.0,249.0,251.0,True,251.0,sj_ask,-20.73264,-20.3081653164557
2025-09-03,10:00,P,24350.0,24096.29,24082.0,0.10860484544694682,0.3880497371276048,-0.04266254096102484,14,259.0,268.0,261.1056910569106,2025-09-03 10:00:03.777,259.0,259.0,263.0,True,263.0,sj_ask,3.25536,5.151563252032503
2025-09-05,09:30,C,24150.0,24396.52,24434.0,0.11506061228683251,-0.13955588392233764,-0.09392131107754387,12,218.0,284.0,219.5287517531557,2025-09-05 09:30:06.730,218.0,218.0,220.0,True,220.0,sj_ask,62.29132,62.76303949509116
2025-09-05,09:30,P,24650.0,24396.52,24434.0,0.11506061228683251,-0.13955588392233764,-0.09392131107754387,12,289.0,216.0,291.4985590778098,2025-09-05 09:33:08.054,289.0,289.0,295.0,True,295.0,sj_ask,-80.78368,-77.27873763688758
2025-09-05,10:00,C,24150.0,24399.44,24434.0,0.11506061228683251,-0.135451299101097,-0.12029255477203904,8,216.0,284.0,217.36708860759492,2025-09-05 10:01:32.558,216.0,214.0,216.0,True,216.0,sj_ask,66.29532,64.92686430379749
2025-09-05,10:00,P,24650.0,24399.44,24434.0,0.11506061228683251,-0.135451299101097,-0.12029255477203904,8,275.0,216.0,277.2357723577236,2025-09-05 10:02:52.367,275.0,267.0,275.0,True,275.0,sj_ask,-60.76368,-63.00168813008132
2025-09-10,09:30,C,24850.0,25119.64,25250.0,-0.028025783721019604,0.3163796555867071,-0.16218353013113807,12,230.0,400.0,231.61290322580643,2025-09-10 09:30:07.784,230.0,230.0,232.0,True,232.0,sj_ask,166.263,166.65048387096778
2025-09-10,09:30,P,25350.0,25119.64,25250.0,-0.028025783721019604,0.3163796555867071,-0.16218353013113807,12,,100.0,,,,,,True,,no_fill,,
2025-09-10,10:00,C,24900.0,25152.08,25250.0,-0.028025783721019604,0.5166199439327279,-0.1126330286317645,14,226.0,350.0,227.43037974683543,2025-09-10 10:00:04.142,226.0,224.0,226.0,True,226.0,sj_ask,122.269,120.83718987341774
2025-09-10,10:00,P,25400.0,25152.08,25250.0,-0.028025783721019604,0.5166199439327279,-0.1126330286317645,14,274.0,150.0,276.2276422764228,2025-09-10 10:00:39.102,274.0,274.0,279.0,True,279.0,sj_ask,-130.784,-128.00886991869922
2025-09-12,09:30,C,25200.0,25443.23,25405.0,0.03542052028808751,-0.07081595719569123,-0.059912395811789754,11,229.0,205.0,230.60589060308556,2025-09-12 09:30:00.515,229.0,225.0,229.0,True,229.0,sj_ask,-25.737099999999998,-27.34459649368864
2025-09-12,09:30,P,25700.0,25443.23,25405.0,0.03542052028808751,-0.07081595719569123,-0.059912395811789754,11,315.0,295.0,317.72334293948126,2025-09-12 09:33:59.977,315.0,315.0,329.0,True,329.0,sj_ask,-35.8371,-24.549166282420735
2025-09-12,10:00,C,25150.0,25411.57,25405.0,0.03542052028808751,0.10622393579353684,0.1919624480839488,13,316.0,255.0,318.0,2025-09-12 10:00:00.841,316.0,314.0,316.0,True,316.0,sj_ask,-62.8241,-64.8261
2025-09-12,10:00,P,25650.0,25411.57,25405.0,0.03542052028808751,0.10622393579353684,0.1919624480839488,13,181.0,245.0,182.47154471544715,2025-09-12 10:00:00.914,181.0,182.0,187.0,True,187.0,sj_ask,56.3049,60.8378837398374
2025-09-17,09:30,C,25300.0,25556.97,25433.0,0.00782656335602816,-0.13695413992800276,-0.1484860874992,13,213.0,133.0,214.49368863955118,2025-09-17 09:30:58.712,213.0,213.0,214.0,True,214.0,sj_ask,-82.72266,-83.21684232819074
2025-09-17,09:30,P,25800.0,25556.97,25433.0,0.00782656335602816,-0.13695413992800276,-0.1484860874992,13,273.0,367.0,275.36023054755043,2025-09-17 09:30:16.500,273.0,270.0,273.0,True,273.0,sj_ask,92.21834,89.85574922190202
2025-09-17,10:00,C,25250.0,25497.78,25433.0,0.00782656335602816,-0.22695257473782648,-0.005921682416631935,11,244.0,183.0,245.54430379746836,2025-09-17 10:00:56.118,244.0,243.0,248.0,True,248.0,sj_ask,-66.75666000000001,-64.29850810126582
2025-09-17,10:00,P,25750.0,25497.78,25433.0,0.00782656335602816,-0.22695257473782648,-0.005921682416631935,11,253.0,317.0,255.0569105691057,2025-09-17 10:00:11.176,253.0,251.0,254.0,True,254.0,sj_ask,61.23734,60.1793725203252
2025-09-19,09:30,C,25450.0,25719.47,25695.0,0.034828373514961264,-0.5222437137330727,0.18281122696166552,11,266.0,245.0,267.8653576437588,2025-09-19 09:34:07.199,266.0,260.0,266.0,True,266.0,sj_ask,-22.779899999999998,-24.647123001402544
2025-09-19,09:30,P,26000.0,25719.47,25695.0,0.034828373514961264,-0.5222437137330727,0.18281122696166552,11,275.0,305.0,277.3775216138328,2025-09-19 09:30:00.033,275.0,275.0,278.0,True,278.0,sj_ask,25.2081,25.831200864553356
2025-09-19,10:00,C,25400.0,25656.0,25695.0,0.034828373514961264,-0.6228239845261108,0.14164902225535236,10,340.0,295.0,342.1518987341772,2025-09-19 10:03:24.192,340.0,340.0,345.0,True,345.0,sj_ask,-51.8589,-49.0079506329114
2025-09-19,10:00,P,25900.0,25656.0,25695.0,0.034828373514961264,-0.6228239845261108,0.14164902225535236,10,209.0,205.0,210.6991869918699,2025-09-19 10:00:00.712,209.0,209.0,211.0,True,211.0,sj_ask,-7.7249,-7.4237861788617785
2025-09-24,09:30,C,25950.0,26217.89,26147.0,-0.15142337976983278,-0.6028207461328483,-0.08429210838972745,14,271.0,197.0,272.90042075736324,2025-09-24 09:30:37.222,271.0,271.0,272.0,True,272.0,sj_ask,-76.79494000000001,-77.69626117812061
2025-09-24,09:30,P,26500.0,26217.89,26147.0,-0.15142337976983278,-0.6028207461328483,-0.08429210838972745,14,298.0,353.0,300.57636887608066,2025-09-24 09:30:14.553,298.0,293.0,299.0,True,299.0,sj_ask,52.17806,50.60011475504326
2025-09-24,10:00,C,25850.0,26114.86,26147.0,-0.15142337976983278,-0.9478313618440981,-0.028830262304452292,16,273.0,297.0,274.7278481012658,2025-09-24 10:00:28.373,273.0,264.0,273.0,True,273.0,sj_ask,22.20406,20.47448405063293
2025-09-24,10:00,P,26400.0,26114.86,26147.0,-0.15142337976983278,-0.9478313618440981,-0.028830262304452292,16,286.0,253.0,288.3252032520325,2025-09-24 10:00:21.083,286.0,286.0,288.0,True,288.0,sj_ask,-36.810939999999995,-37.136468455284536
2025-09-26,09:30,C,25350.0,25581.97,25572.0,-0.2614178071659201,-1.2334258402713516,0.12731394163885135,14,273.0,222.0,274.91444600280505,2025-09-26 09:31:25.168,273.0,262.0,277.0,True,277.0,sj_ask,-56.78844,-54.700800448807854
2025-09-26,09:30,P,25850.0,25581.97,25572.0,-0.2614178071659201,-1.2334258402713516,0.12731394163885135,14,250.0,278.0,252.16138328530258,2025-09-26 09:30:00.456,250.0,244.0,249.0,True,249.0,sj_ask,27.23956,24.07501533141212
2025-09-26,10:00,C,25250.0,25498.0,25572.0,-0.2614178071659201,-1.5649090348442751,-0.04025534734334313,13,,322.0,,,,,,True,,no_fill,,
2025-09-26,10:00,P,25750.0,25498.0,25572.0,-0.2614178071659201,-1.5649090348442751,-0.04025534734334313,13,228.0,178.0,229.85365853658536,2025-09-26 10:00:02.738,228.0,228.0,230.0,True,230.0,sj_ask,-53.74144,-53.59495219512194
2025-10-01,09:30,C,26000.0,26256.91,26043.0,-0.1377726750861119,0.7243044378018038,0.08169778836228936,13,248.0,43.0,249.7391304347826,2025-10-01 09:30:00.812,248.0,245.0,248.0,True,248.0,sj_ask,-206.76886,-208.50972956521738
2025-10-01,09:30,P,26500.0,26256.91,26043.0,-0.1377726750861119,0.7243044378018038,0.08169778836228936,13,259.0,457.0,261.23919308357347,2025-10-01 09:30:09.479,259.0,254.0,259.0,True,259.0,sj_ask,196.22014000000001,193.97870772334295
2025-10-01,10:00,C,25950.0,26214.02,26043.0,-0.1377726750861119,0.8584348892465732,0.08314711249466367,13,324.0,93.0,326.05063291139237,2025-10-01 10:00:00.107,324.0,326.0,329.0,True,329.0,sj_ask,-237.84986,-234.89754354430377
2025-10-01,10:00,P,26500.0,26214.02,26043.0,-0.1377726750861119,0.8584348892465732,0.08314711249466367,13,232.0,457.0,233.8861788617886,2025-10-01 10:00:10.408,232.0,228.0,232.0,True,232.0,sj_ask,223.24714,221.3590749593496
2025-10-03,09:30,C,26200.0,26476.13,26698.0,0.20055246528172255,-0.041540785498483945,-0.06934749895752823,11,266.0,498.0,267.8653576437588,2025-10-03 09:30:00.966,266.0,262.0,266.0,True,266.0,sj_ask,230.20004,228.33281699859745
2025-10-03,09:30,P,26750.0,26476.13,26698.0,0.20055246528172255,-0.041540785498483945,-0.06934749895752823,11,291.0,52.0,293.5158501440922,2025-10-03 09:34:42.224,291.0,288.0,298.0,True,298.0,sj_ask,-247.83196,-243.34332599423632
2025-10-03,10:00,C,26300.0,26560.73,26698.0,0.20055246528172255,0.3285498489425942,-0.07066906321510635,12,245.0,398.0,246.5506329113924,2025-10-03 10:00:10.925,245.0,245.0,246.0,True,246.0,sj_ask,150.22003999999998,149.66885645569621
2025-10-03,10:00,P,26850.0,26560.73,26698.0,0.20055246528172255,0.3285498489425942,-0.07066906321510635,12,,152.0,,,,,,True,,no_fill,,
2025-10-08,09:30,C,26700.0,26965.6,27056.0,0.07766272189349,-0.35475407412881577,-0.07968854350183241,14,250.0,356.0,251.7531556802244,2025-10-08 09:30:03.405,250.0,249.0,250.0,True,250.0,sj_ask,104.20888,102.45397116409536
2025-10-08,09:30,P,27250.0,26965.6,27056.0,0.07766272189349,-0.35475407412881577,-0.07968854350183241,14,310.0,194.0,312.6801152737752,2025-10-08 09:30:00.077,310.0,306.0,310.0,True,310.0,sj_ask,-117.85112000000001,-120.53391538904897
2025-10-08,10:00,C,26750.0,27027.06,27056.0,0.07766272189349,-0.13303277779830314,0.0030713246697455787,14,283.0,306.0,284.7911392405063,2025-10-08 10:00:13.818,283.0,280.0,283.0,True,283.0,sj_ask,21.17588,19.382949620253182
2025-10-08,10:00,P,27300.0,27027.06,27056.0,0.07766272189349,-0.13303277779830314,0.0030713246697455787,14,272.0,244.0,274.2113821138211,2025-10-08 10:00:38.056,272.0,271.0,272.0,True,272.0,sj_ask,-29.813119999999998,-32.02671349593494
2025-10-13,09:30,C,26550.0,26814.89,26874.0,-2.725166415358027,1.361058601134224,-0.032895325730858405,12,276.0,324.0,277.93548387096774,2025-10-13 09:30:00.367,276.0,270.0,276.0,True,276.0,sj_ask,46.186519999999994,44.249100645161285
2025-10-13,09:30,P,27100.0,26814.89,26874.0,-2.725166415358027,1.361058601134224,-0.032895325730858405,12,286.0,226.0,288.47262247838614,2025-10-13 09:30:24.357,286.0,280.0,286.0,True,286.0,sj_ask,-61.82348,-64.29857510086453
2025-10-13,10:00,C,26600.0,26858.05,26874.0,-2.725166415358027,1.4291115311909186,-0.10608137845472543,12,234.0,274.0,235.48101265822785,2025-10-13 10:00:07.010,234.0,234.0,243.0,True,243.0,sj_ask,29.219520000000003,36.74602632911392
2025-10-13,10:00,P,27150.0,26858.05,26874.0,-2.725166415358027,1.4291115311909186,-0.10608137845472543,12,,276.0,,,,,,True,,no_fill,,
2025-10-15,09:30,C,26650.0,26919.31,27156.0,0.2501586827465152,0.22346368715084886,-0.03592168849022581,15,276.0,506.0,277.93548387096774,2025-10-15 09:30:47.950,276.0,276.0,280.0,True,280.0,sj_ask,224.17688,226.2434606451613
2025-10-15,09:30,P,27200.0,26919.31,27156.0,0.2501586827465152,0.22346368715084886,-0.03592168849022581,15,290.0,44.0,292.50720461095096,2025-10-15 09:30:49.405,290.0,290.0,293.0,True,293.0,sj_ask,-250.83612,-250.3428318155619
2025-10-15,10:00,C,26750.0,27019.67,27156.0,0.2501586827465152,0.6219739292365078,0.0059974610748136925,14,280.0,406.0,281.7721518987342,2025-10-15 10:00:04.967,280.0,276.0,280.0,True,280.0,sj_ask,124.17688,122.40295594936707
2025-10-15,10:00,P,27300.0,27019.67,27156.0,0.2501586827465152,0.6219739292365078,0.0059974610748136925,14,280.0,144.0,282.2764227642276,2025-10-15 10:00:04.965,280.0,280.0,283.0,True,283.0,sj_ask,-140.82611999999997,-140.10181918699183
2025-10-17,09:30,C,27150.0,27430.41,27383.0,-0.8766186526989683,0.8660232652012878,0.07384555271902071,16,300.0,233.0,302.1037868162693,2025-10-17 09:30:25.317,300.0,295.0,300.0,True,300.0,sj_ask,-68.84765999999999,-70.95355060308556
2025-10-17,09:30,P,27700.0,27430.41,27383.0,-0.8766186526989683,0.8660232652012878,0.07384555271902071,16,258.0,317.0,260.2305475504323,2025-10-17 09:30:14.945,258.0,255.0,258.0,True,258.0,sj_ask,57.19434,54.96156190201729
2025-10-17,10:00,C,27100.0,27377.88,27383.0,-0.8766186526989683,0.7265788411434437,0.09719834844074127,14,308.0,283.0,309.9493670886076,2025-10-17 10:00:13.951,308.0,308.0,316.0,True,316.0,sj_ask,-34.86366,-28.80697645569618
2025-10-17,10:00,P,27650.0,27377.88,27383.0,-0.8766186526989683,0.7265788411434437,0.09719834844074127,14,243.0,267.0,244.97560975609755,2025-10-17 10:00:16.536,243.0,240.0,243.0,True,243.0,sj_ask,22.20934,20.23175463414635
2025-10-22,09:30,C,27350.0,27618.54,27691.0,-0.15504994050409282,-0.06139400505598136,0.06557842451727636,14,279.0,341.0,280.95652173913044,2025-10-22 09:31:05.427,279.0,275.0,279.0,True,279.0,sj_ask,60.167179999999995,58.20870173913043
2025-10-22,09:30,P,27900.0,27618.54,27691.0,-0.15504994050409282,-0.06139400505598136,0.06557842451727636,14,265.0,209.0,267.29106628242073,2025-10-22 09:30:02.886,265.0,265.0,268.0,True,268.0,sj_ask,-60.82182,-60.11217734870315
2025-10-22,10:00,C,27350.0,27610.28,27691.0,-0.15504994050409282,-0.10111953773925819,0.05628791012479706,15,272.0,341.0,273.72151898734177,2025-10-22 10:00:22.333,272.0,272.0,274.0,True,274.0,sj_ask,65.17218,65.45093949367089
2025-10-22,10:00,P,27900.0,27610.28,27691.0,-0.15504994050409282,-0.10111953773925819,0.05628791012479706,15,276.0,209.0,278.2439024390244,2025-10-22 10:00:12.046,276.0,276.0,278.0,True,278.0,sj_ask,-70.83182000000001,-71.07596634146343
2025-10-27,09:30,C,27700.0,27996.68,28104.0,2.078822000866176,-0.6505444774430824,0.05699505519746184,14,385.0,404.0,387.6998597475456,2025-10-27 09:32:05.846,385.0,370.0,385.0,True,385.0,sj_ask,17.05292,14.350360392706866
2025-10-27,09:30,P,28300.0,27996.68,28104.0,2.078822000866176,-0.6505444774430824,0.05699505519746184,14,234.0,196.0,236.0230547550432,2025-10-27 09:30:07.931,234.0,231.0,236.0,True,236.0,sj_ask,-41.79808,-41.82115780979825
2025-10-27,10:00,C,27750.0,28023.09,28104.0,2.078822000866176,-0.49497949370669314,0.20534261954945343,11,334.0,354.0,336.1139240506329,2025-10-27 10:03:24.963,334.0,334.0,409.0,True,409.0,sj_ask,-56.97108,15.987882025316493
2025-10-27,10:00,P,28300.0,28023.09,28104.0,2.078822000866176,-0.49497949370669314,0.20534261954945343,11,221.0,196.0,222.79674796747966,2025-10-27 10:00:51.688,221.0,216.0,221.0,True,221.0,sj_ask,-26.783079999999998,-28.58162471544714
2025-10-29,09:30,C,27950.0,28220.66,28321.0,0.03544214070529961,0.2302922940655483,0.17309577649818886,12,279.0,371.0,280.95652173913044,2025-10-29 09:30:16.531,279.0,280.0,283.0,True,283.0,sj_ask,86.15058,88.19610173913044
2025-10-29,09:30,P,28500.0,28220.66,28321.0,0.03544214070529961,0.2302922940655483,0.17309577649818886,12,270.0,179.0,272.3342939481268,2025-10-29 09:31:11.009,270.0,270.0,272.0,True,272.0,sj_ask,-94.83842,-95.17304824207491
2025-10-29,10:00,C,27950.0,28227.36,28321.0,0.03544214070529961,0.21257750221435057,-0.026637224032860507,12,315.0,371.0,316.99367088607596,2025-10-29 10:02:43.823,315.0,309.0,315.0,True,315.0,sj_ask,54.11858,52.12291544303796
2025-10-29,10:00,P,28500.0,28227.36,28321.0,0.03544214070529961,0.21257750221435057,-0.026637224032860507,12,277.0,179.0,279.2520325203252,2025-10-29 10:00:04.376,277.0,276.0,277.0,True,277.0,sj_ask,-99.84342,-102.09770455284551
2025-10-31,09:30,C,28150.0,28424.94,28444.0,0.6645457758925444,0.010534447643806288,0.1915057425295963,14,288.0,294.0,290.0196353436185,2025-10-31 09:30:00.409,288.0,286.0,288.0,True,288.0,sj_ask,4.14312,2.1214650210378636
2025-10-31,09:30,P,28700.0,28424.94,28444.0,0.6645457758925444,0.010534447643806288,0.1915057425295963,14,263.0,256.0,265.2737752161383,2025-10-31 09:30:11.213,263.0,257.0,263.0,True,263.0,sj_ask,-8.83188,-11.107928991354429
2025-10-31,10:00,C,28150.0,28452.5,28444.0,0.6645457758925444,0.1966430226841842,0.07208583943802971,12,330.0,294.0,332.0886075949367,2025-10-31 10:00:08.040,330.0,328.0,330.0,True,330.0,sj_ask,-37.89888,-39.98957620253166
2025-10-31,10:00,P,28750.0,28452.5,28444.0,0.6645457758925444,0.1966430226841842,0.07208583943802971,12,265.0,306.0,267.1544715447154,2025-10-31 10:00:54.010,265.0,257.0,265.0,True,265.0,sj_ask,39.16612,37.009493983739866
2025-11-05,09:30,C,27250.0,27538.7,27752.0,-0.7237030667813116,-0.7361963190184007,-0.14420749610247752,13,293.0,502.0,295.05469845722297,2025-11-05 09:30:19.339,293.0,283.0,293.0,True,293.0,sj_ask,207.15196,205.09520684431982
2025-11-05,09:30,P,27800.0,27538.7,27752.0,-0.7237030667813116,-0.7361963190184007,-0.14420749610247752,13,311.0,48.0,313.6887608069164,2025-11-05 09:30:08.304,311.0,311.0,315.0,True,315.0,sj_ask,-268.87004,-267.55748956772334
2025-11-05,10:00,C,27150.0,27444.43,27752.0,-0.7237030667813116,-0.8155900396968563,-0.04657712699180916,13,,602.0,,,,,,True,,no_fill,,
2025-11-05,10:00,P,27700.0,27444.43,27752.0,-0.7237030667813116,-0.8155900396968563,-0.04657712699180916,13,240.0,0.0,241.9512195121951,2025-11-05 10:00:04.382,240.0,241.0,244.0,True,244.0,sj_ask,-244.744,-242.6931707317073
2025-11-07,09:30,C,27450.0,27729.21,27683.0,0.40484366528104054,-0.021600604816940372,0.023801881791185586,11,248.0,233.0,249.7391304347826,2025-11-07 09:33:48.055,248.0,248.0,256.0,True,256.0,sj_ask,-24.80966,-18.54252956521738
2025-11-07,09:30,P,28000.0,27729.21,27683.0,0.40484366528104054,-0.021600604816940372,0.023801881791185586,11,267.0,317.0,269.30835734870317,2025-11-07 09:30:42.281,267.0,267.0,276.0,True,276.0,sj_ask,39.170339999999996,45.868674293948125
2025-11-07,10:00,C,27450.0,27717.13,27683.0,0.40484366528104054,-0.2232062497749987,-0.17852253752346225,11,218.0,233.0,219.37974683544303,2025-11-07 10:01:01.106,218.0,211.0,219.0,True,219.0,sj_ask,12.22734,11.847213417721527
2025-11-07,10:00,P,28000.0,27717.13,27683.0,0.40484366528104054,-0.2232062497749987,-0.17852253752346225,11,325.0,317.0,327.6422764227642,2025-11-07 10:00:01.149,325.0,325.0,332.0,True,332.0,sj_ask,-16.88566,-12.523578699186977
2025-11-12,09:30,C,27600.0,27863.46,28058.0,-0.05017381643550589,0.05378464627630031,0.06233709186160841,15,286.0,458.0,288.0056100981767,2025-11-12 09:31:35.568,286.0,286.0,289.0,True,289.0,sj_ask,167.14984,168.14522429172513
2025-11-12,09:30,P,28150.0,27863.46,28058.0,-0.05017381643550589,0.05378464627630031,0.06233709186160841,15,260.0,92.0,262.24783861671466,2025-11-12 09:30:25.488,260.0,260.0,265.0,True,265.0,sj_ask,-174.82616,-172.07124645533136
2025-11-12,10:00,C,27600.0,27878.28,28058.0,-0.05017381643550589,0.14701136648858082,0.09164620618782315,13,305.0,458.0,306.93037974683546,2025-11-12 10:00:11.527,305.0,305.0,309.0,True,309.0,sj_ask,147.12984,149.2015298734177
2025-11-12,10:00,P,28150.0,27878.28,28058.0,-0.05017381643550589,0.14701136648858082,0.09164620618782315,13,230.0,92.0,231.869918699187,2025-11-12 10:01:08.062,230.0,230.0,232.0,True,232.0,sj_ask,-141.79316,-141.66294861788617
2025-11-14,09:30,C,27150.0,27436.55,27455.0,0.156551498161428,-0.30897855325335843,-0.16753241459231405,14,,305.0,,,,,,True,,no_fill,,
2025-11-14,09:30,P,27700.0,27436.55,27455.0,0.156551498161428,-0.30897855325335843,-0.16753241459231405,14,277.0,245.0,279.39481268011525,2025-11-14 09:30:03.363,277.0,277.0,280.0,True,280.0,sj_ask,-36.829100000000004,-36.22330749279537
2025-11-14,10:00,C,27200.0,27476.56,27455.0,0.156551498161428,-0.08724100327154316,0.06969541466042006,12,300.0,255.0,301.8987341772152,2025-11-14 10:00:21.633,300.0,300.0,303.0,True,303.0,sj_ask,-49.8521,-48.74973291139242
2025-11-14,10:00,P,27750.0,27476.56,27455.0,0.156551498161428,-0.08724100327154316,0.06969541466042006,12,265.0,295.0,267.1544715447154,2025-11-14 10:01:02.698,265.0,266.0,268.0,True,268.0,sj_ask,25.1829,26.029273983739866
2025-11-19,09:30,C,26550.0,26820.83,26615.0,-0.3679476696647588,0.1902488156078741,0.14855189864166896,12,310.0,65.0,312.17391304347825,2025-11-19 09:30:02.534,310.0,310.0,312.0,True,312.0,sj_ask,-248.8443,-249.0183869565217
2025-11-19,09:30,P,27100.0,26820.83,26615.0,-0.3679476696647588,0.1902488156078741,0.14855189864166896,12,250.0,485.0,252.16138328530258,2025-11-19 09:30:02.533,250.0,249.0,250.0,True,250.0,sj_ask,233.2177,231.05415533141212
2025-11-19,10:00,C,26500.0,26761.82,26615.0,-0.3679476696647588,-0.1678666020069386,0.010873996537519304,12,315.0,115.0,316.99367088607596,2025-11-19 10:01:59.928,315.0,315.0,316.0,True,316.0,sj_ask,-202.8483,-203.84296455696202
2025-11-19,10:00,P,27050.0,26761.82,26615.0,-0.3679476696647588,-0.1678666020069386,0.010873996537519304,12,288.0,435.0,290.3414634146341,2025-11-19 10:00:20.213,288.0,284.0,288.0,True,288.0,sj_ask,145.1797,142.83589512195127
2025-11-21,09:30,C,26500.0,26753.23,26503.0,0.22480329711502822,-0.1271028037383215,-0.0071031625516693175,12,264.0,3.0,265.85133239831697,2025-11-21 09:30:01.180,264.0,259.0,264.0,True,264.0,sj_ask,-262.79406,-264.6472437307153
2025-11-21,09:30,P,27000.0,26753.23,26503.0,0.22480329711502822,-0.1271028037383215,-0.0071031625516693175,12,258.0,497.0,260.2305475504323,2025-11-21 09:30:46.951,258.0,258.0,265.0,True,265.0,sj_ask,230.20494000000002,234.9791619020173
2025-11-21,10:00,C,26450.0,26710.68,26503.0,0.22480329711502822,-0.34766355140186667,-0.05836527075457898,14,243.0,53.0,244.5379746835443,2025-11-21 10:02:48.255,243.0,241.0,245.0,True,245.0,sj_ask,-193.77506,-193.31257265822782
2025-11-21,10:00,P,27000.0,26710.68,26503.0,0.22480329711502822,-0.34766355140186667,-0.05836527075457898,14,310.0,497.0,312.520325203252,2025-11-21 10:00:20.312,310.0,305.0,310.0,True,310.0,sj_ask,185.15994,182.63709447154474
2025-11-26,09:30,C,27050.0,27339.0,27283.0,0.029433406916856697,0.6914815359717608,0.015106972361556004,15,298.0,233.0,300.0897615708275,2025-11-26 09:30:00.693,298.0,298.0,301.0,True,301.0,sj_ask,-69.84666,-68.9355113323983
2025-11-26,09:30,P,27600.0,27339.0,27283.0,0.029433406916856697,0.6914815359717608,0.015106972361556004,15,276.0,317.0,278.38616714697406,2025-11-26 09:30:23.187,276.0,276.0,285.0,True,285.0,sj_ask,30.16934,36.789786685878965
2025-11-26,10:00,C,27050.0,27310.37,27283.0,0.029433406916856697,0.43401500662056947,0.05397718730451029,11,238.0,233.0,239.50632911392404,2025-11-26 10:00:09.775,238.0,238.0,241.0,True,241.0,sj_ask,-9.78666,-8.291495443037963
2025-11-26,10:00,P,27600.0,27310.37,27283.0,0.029433406916856697,0.43401500662056947,0.05397718730451029,11,303.0,317.0,305.4634146341463,2025-11-26 10:01:53.623,303.0,303.0,309.0,True,309.0,sj_ask,6.14534,9.685461951219535
2025-11-28,09:30,C,27350.0,27627.63,27789.0,0.12701868989293263,0.21747009786154958,0.0194001586759196,12,282.0,439.0,283.97755960729313,2025-11-28 09:30:00.081,282.0,283.0,286.0,True,286.0,sj_ask,151.15822,153.1826828330996
2025-11-28,09:30,P,27900.0,27627.63,27789.0,0.12701868989293263,0.21747009786154958,0.0194001586759196,12,282.0,111.0,284.4380403458213,2025-11-28 09:30:25.483,282.0,279.0,282.0,True,282.0,sj_ask,-172.83778,-175.27825838616715
2025-11-28,10:00,C,27350.0,27634.56,27789.0,0.12701868989293263,0.29720913374411406,0.05218250995702167,12,299.0,439.0,300.8924050632911,2025-11-28 10:00:00.809,299.0,301.0,307.0,True,307.0,sj_ask,130.13722,136.2509225316456
2025-11-28,10:00,P,27900.0,27634.56,27789.0,0.12701868989293263,0.29720913374411406,0.05218250995702167,12,252.0,111.0,254.04878048780486,2025-11-28 10:01:49.281,252.0,252.0,256.0,True,256.0,sj_ask,-146.81178,-144.85860926829267
2025-12-03,09:30,C,27450.0,27733.46,27749.0,0.02877697841725535,-0.06472957422324344,0.14429431714031438,14,331.0,299.0,333.3211781206171,2025-12-03 09:31:37.302,331.0,337.0,340.0,True,340.0,sj_ask,-42.894980000000004,-36.209479298737726
2025-12-03,09:30,P,28000.0,27733.46,27749.0,0.02877697841725535,-0.06472957422324344,0.14429431714031438,14,225.0,251.0,226.9452449567723,2025-12-03 09:30:16.817,225.0,225.0,228.0,True,228.0,sj_ask,21.217019999999998,22.272829798270912
2025-12-03,10:00,C,27500.0,27776.24,27749.0,0.02877697841725535,-0.039556962025311115,0.018325364140103773,12,281.0,249.0,282.77848101265823,2025-12-03 10:01:40.747,281.0,279.0,283.0,True,283.0,sj_ask,-35.83798,-35.61623949367089
2025-12-03,10:00,P,28050.0,27776.24,27749.0,0.02877697841725535,-0.039556962025311115,0.018325364140103773,12,273.0,301.0,275.2195121951219,2025-12-03 10:02:04.032,273.0,271.0,273.0,True,273.0,sj_ask,26.17202,23.950288292682956
2025-12-05,09:30,C,27550.0,27827.92,27892.0,0.09363970323417181,0.27345998848589126,0.12505210504376585,11,327.0,342.0,329.29312762973353,2025-12-05 09:31:10.934,327.0,322.0,327.0,True,327.0,sj_ask,13.11516,10.819739242636732
2025-12-05,09:30,P,28100.0,27827.92,27892.0,0.09363970323417181,0.27345998848589126,0.12505210504376585,11,244.0,208.0,246.10951008645532,2025-12-05 09:30:00.244,244.0,239.0,242.0,True,242.0,sj_ask,-35.799839999999996,-39.91345959654177
2025-12-05,10:00,C,27550.0,27817.21,27892.0,0.09363970323417181,0.1763097294185334,0.07467024834597602,13,280.0,342.0,281.7721518987342,2025-12-05 10:00:22.001,280.0,279.0,282.0,True,282.0,sj_ask,58.160160000000005,58.38823594936707
2025-12-05,10:00,P,28100.0,27817.21,27892.0,0.09363970323417181,0.1763097294185334,0.07467024834597602,13,263.0,208.0,265.1382113821138,2025-12-05 10:00:05.603,263.0,263.0,266.0,True,266.0,sj_ask,-59.82384,-58.961189593495924
2025-12-10,09:30,C,28000.0,28296.53,28359.0,-0.03534942910672356,0.1838820326036883,0.04388943819398916,10,311.0,359.0,313.18092566619913,2025-12-10 09:30:18.353,311.0,311.0,313.0,True,313.0,sj_ask,44.11982,43.93871340813467
2025-12-10,09:30,P,28600.0,28296.53,28359.0,-0.03534942910672356,0.1838820326036883,0.04388943819398916,10,299.0,241.0,301.58501440922186,2025-12-10 09:34:55.107,299.0,298.0,299.0,True,299.0,sj_ask,-59.86618,-62.453779423631076
2025-12-10,10:00,C,28000.0,28277.07,28359.0,-0.03534942910672356,-0.06718766575903867,-0.0910211555231133,12,255.0,359.0,256.6139240506329,2025-12-10 10:00:14.020,255.0,255.0,258.0,True,258.0,sj_ask,99.17482000000001,100.5622820253165
2025-12-10,10:00,P,28550.0,28277.07,28359.0,-0.03534942910672356,-0.06718766575903867,-0.0910211555231133,12,282.0,191.0,284.2926829268293,2025-12-10 10:03:58.126,282.0,282.0,286.0,True,286.0,sj_ask,-96.85318,-95.14415560975611
2025-12-12,09:30,C,27950.0,28221.65,28143.0,-0.1977261492832394,0.24764735017335227,0.23322162745272879,14,,193.0,,,,,,True,,no_fill,,
2025-12-12,09:30,P,28500.0,28221.65,28143.0,-0.1977261492832394,0.24764735017335227,0.23322162745272879,14,217.0,357.0,218.87608069164264,2025-12-12 09:30:00.044,217.0,213.0,216.0,True,216.0,sj_ask,139.22114,136.3421832276657
2025-12-12,10:00,C,27950.0,28210.97,28143.0,-0.1977261492832394,0.16981532583315584,0.1940566344751593,13,,193.0,,,,,,True,,no_fill,,
2025-12-12,10:00,P,28500.0,28210.97,28143.0,-0.1977261492832394,0.16981532583315584,0.1940566344751593,13,237.0,357.0,238.9268292682927,2025-12-12 10:00:03.440,237.0,237.0,238.0,True,238.0,sj_ask,117.19914,116.27138390243901
2025-12-17,09:30,C,27350.0,27646.14,27483.0,-0.20951486471841863,0.19185520361990616,-0.04989018319433991,14,339.0,133.0,341.3772791023843,2025-12-17 09:30:07.833,339.0,339.0,343.0,True,343.0,sj_ask,-211.89265999999998,-210.26831638148667
2025-12-17,09:30,P,27900.0,27646.14,27483.0,-0.20951486471841863,0.19185520361990616,-0.04989018319433991,14,217.0,417.0,218.87608069164264,2025-12-17 09:30:02.445,217.0,217.0,221.0,True,221.0,sj_ask,194.22934,196.35538322766573
2025-12-17,10:00,C,27450.0,27707.48,27483.0,-0.20951486471841863,0.3583710407239815,0.05724156300506156,15,273.0,33.0,274.7278481012658,2025-12-17 10:00:42.223,273.0,272.0,275.0,True,275.0,sj_ask,-243.82466,-243.55223594936706
2025-12-17,10:00,P,28000.0,27707.48,27483.0,-0.20951486471841863,0.3583710407239815,0.05724156300506156,15,289.0,517.0,291.349593495935,2025-12-17 10:02:10.143,289.0,288.0,292.0,True,292.0,sj_ask,223.15834,223.8093969105691
2025-12-19,09:30,C,27550.0,27837.96,27741.0,-0.05392773683264851,0.35251798561151126,-0.056728618490869964,12,210.0,191.0,211.4726507713885,2025-12-19 09:30:55.114,210.0,0.0,0.0,True,,no_fill,,-22.238943422159874
2025-12-19,09:30,P,28100.0,27837.96,27741.0,-0.05392773683264851,0.35251798561151126,-0.056728618490869964,12,348.0,359.0,351.0086455331412,2025-12-19 09:31:00.479,348.0,0.0,0.0,True,,no_fill,,6.0855258213256676
2025-12-19,10:00,C,27500.0,27802.2,27741.0,-0.05392773683264851,0.3237410071942337,-0.21963260475649782,10,278.0,241.0,279.75949367088606,2025-12-19 10:01:03.309,278.0,0.0,0.0,True,,no_fill,,-40.594073164556946
2025-12-19,10:00,P,28100.0,27802.2,27741.0,-0.05392773683264851,0.3237410071942337,-0.21963260475649782,10,302.0,359.0,304.4552845528455,2025-12-19 10:02:46.666,302.0,0.0,0.0,True,,no_fill,,52.685440162601644
2025-12-24,09:30,C,28150.0,28416.44,28348.0,0.010503466143818585,-0.16803780850691563,-0.010134856940147152,13,263.0,198.0,264.8443197755961,2025-12-24 09:30:00.031,263.0,0.0,0.0,True,,no_fill,,-68.67612409537168
2025-12-24,09:30,P,28700.0,28416.44,28348.0,0.010503466143818585,-0.16803780850691563,-0.010134856940147152,13,282.0,352.0,284.4380403458213,2025-12-24 09:33:12.311,282.0,0.0,0.0,True,,no_fill,,65.71056161383287
2025-12-24,10:00,C,28050.0,28333.96,28348.0,0.010503466143818585,-0.33607561701383126,-0.028226578018997195,11,314.0,298.0,315.98734177215186,2025-12-24 10:03:01.457,314.0,0.0,0.0,True,,no_fill,,-19.870289113924017
2025-12-24,10:00,P,28600.0,28333.96,28348.0,0.010503466143818585,-0.33607561701383126,-0.028226578018997195,11,230.0,252.0,231.869918699187,2025-12-24 10:00:02.746,230.0,0.0,0.0,True,,no_fill,,18.33125138211382
2025-12-26,09:30,C,28200.0,28460.88,28547.0,0.25594278101115364,-0.11890190592760419,0.02181880274854109,11,,347.0,,,,,,True,,no_fill,,
2025-12-26,09:30,P,28750.0,28460.88,28547.0,0.25594278101115364,-0.11890190592760419,0.02181880274854109,11,,203.0,,,,,,True,,no_fill,,
2025-12-26,10:00,C,28200.0,28505.46,28547.0,0.25594278101115364,-0.03497114880224306,0.09661326587970809,12,294.0,347.0,295.86075949367086,2025-12-26 10:00:02.749,294.0,0.0,0.0,True,,no_fill,,49.272439746835474
2025-12-26,10:00,P,28800.0,28505.46,28547.0,0.25594278101115364,-0.03497114880224306,0.09661326587970809,12,,253.0,,,,,,True,,no_fill,,
2025-12-31,09:30,C,28550.0,28856.51,28982.0,-0.12812077980539627,0.09361348034115924,-0.16078730334742608,14,260.0,432.0,261.8232819074334,2025-12-31 09:30:26.339,260.0,260.0,262.0,True,262.0,sj_ask,168.15836,168.33525481065917
2025-12-31,09:30,P,29150.0,28856.51,28982.0,-0.12812077980539627,0.09361348034115924,-0.16078730334742608,14,336.0,168.0,338.90489913544667,2025-12-31 09:30:13.636,336.0,336.0,343.0,True,343.0,sj_ask,-176.92264,-172.82344403458214
2025-12-31,10:00,C,28600.0,28901.94,28982.0,-0.12812077980539627,0.20456279037515124,-0.00516259756961901,14,269.0,382.0,270.7025316455696,2025-12-31 10:00:33.187,269.0,267.0,269.0,True,269.0,sj_ask,111.15136,109.44712582278484
2025-12-31,10:00,P,29200.0,28901.94,28982.0,-0.12812077980539627,0.20456279037515124,-0.00516259756961901,14,,218.0,,,,,,True,,no_fill,,
2026-01-02,09:30,C,28750.0,29037.1,29337.0,0.041329429998282485,0.254759527662074,0.1297707452381225,12,327.0,587.0,329.29312762973353,2026-01-02 09:30:00.474,327.0,325.0,327.0,True,327.0,sj_ask,258.08626,255.79083924263674
2026-01-02,09:30,P,29350.0,29037.1,29337.0,0.041329429998282485,0.254759527662074,0.1297707452381225,12,,13.0,,,,,,True,,no_fill,,
2026-01-02,10:00,C,28800.0,29097.36,29337.0,0.041329429998282485,0.5473887148414569,0.07345149503181769,13,321.0,537.0,323.03164556962025,2026-01-02 10:00:08.508,321.0,321.0,324.0,True,324.0,sj_ask,211.08926,212.05858278481014
2026-01-02,10:00,P,29400.0,29097.36,29337.0,0.041329429998282485,0.5473887148414569,0.07345149503181769,13,,63.0,,,,,,True,,no_fill,,
2026-01-07,09:30,C,30000.0,30317.71,30401.0,0.01960592098813052,-0.33650233591426826,0.08745361746700375,16,411.0,401.0,413.8821879382889,2026-01-07 09:30:48.977,411.0,397.0,409.0,True,409.0,sj_ask,-10.01702,-14.904090126227182
2026-01-07,09:30,P,30600.0,30317.71,30401.0,0.01960592098813052,-0.33650233591426826,0.08745361746700375,16,216.0,199.0,217.86743515850142,2026-01-07 09:30:01.561,216.0,218.0,220.0,True,220.0,sj_ask,-22.82802,-20.693322593659925
2026-01-07,10:00,C,30050.0,30332.62,30401.0,0.01960592098813052,-0.36917246561468664,0.04705175792150129,14,,351.0,,,,,,True,,no_fill,,
2026-01-07,10:00,P,30650.0,30332.62,30401.0,0.01960592098813052,-0.36917246561468664,0.04705175792150129,14,291.0,249.0,293.3658536585366,2026-01-07 10:02:10.675,291.0,291.0,294.0,True,294.0,sj_ask,-46.90202,-46.26723951219513
2026-01-09,09:30,C,29650.0,29966.99,30320.0,-0.026265677326153813,-1.3825944170771765,0.1955189372003563,14,,670.0,,,,,,True,,no_fill,,
2026-01-09,09:30,P,30250.0,29966.99,30320.0,-0.026265677326153813,-1.3825944170771765,0.1955189372003563,14,279.0,0.0,281.4121037463977,2026-01-09 09:30:00.004,279.0,275.0,279.0,True,279.0,sj_ask,-279.779,-282.1935158501441
2026-01-09,10:00,C,29800.0,30104.01,30320.0,-0.026265677326153813,-0.6469622331691349,0.20837575533305674,15,387.0,520.0,389.4493670886076,2026-01-09 10:00:27.969,387.0,353.0,392.0,True,392.0,sj_ask,126.00160000000001,128.5547835443038
2026-01-09,10:00,P,30400.0,30104.01,30320.0,-0.026265677326153813,-0.6469622331691349,0.20837575533305674,15,220.0,80.0,221.78861788617886,2026-01-09 10:00:10.349,220.0,221.0,225.0,True,225.0,sj_ask,-146.8314,-143.61680650406504
2026-01-14,09:30,C,30550.0,30835.91,30841.0,0.14213722703191323,0.02258064516129643,0.23666946354166107,13,378.0,291.0,380.65077138849927,2026-01-14 09:30:41.705,378.0,375.0,378.0,True,378.0,sj_ask,-88.99482,-91.64824215988777
2026-01-14,09:30,P,31150.0,30835.91,30841.0,0.14213722703191323,0.02258064516129643,0.23666946354166107,13,228.0,309.0,229.97118155619594,2026-01-14 09:30:52.193,228.0,230.0,232.0,True,232.0,sj_ask,75.15118,77.18202726224786
2026-01-14,10:00,C,30600.0,30899.77,30841.0,0.14213722703191323,0.07419354838709147,0.11237780693673649,12,337.0,241.0,339.13291139240505,2026-01-14 10:01:17.541,337.0,337.0,340.0,True,340.0,sj_ask,-100.95682000000001,-100.08886430379746
2026-01-14,10:00,P,31200.0,30899.77,30841.0,0.14213722703191323,0.07419354838709147,0.11237780693673649,12,257.0,359.0,259.0894308943089,2026-01-14 10:01:03.975,257.0,257.0,260.0,True,260.0,sj_ask,97.12317999999999,98.03465967479677
2026-01-16,09:30,C,30800.0,31115.82,31421.0,0.14999202170098425,-0.5926964501943743,0.007318959282509585,12,410.0,621.0,412.875175315568,2026-01-16 09:34:09.174,410.0,399.0,410.0,True,410.0,sj_ask,208.96158,206.0835295091164
2026-01-16,09:30,P,31450.0,31115.82,31421.0,0.14999202170098425,-0.5926964501943743,0.007318959282509585,12,292.0,29.0,294.5244956772334,2026-01-16 09:30:17.290,292.0,286.0,292.0,True,292.0,sj_ask,-264.92042,-267.44744017291066
2026-01-16,10:00,C,30850.0,31166.21,31421.0,0.14999202170098425,-0.4301829073991459,0.08707436548647252,12,399.0,571.0,401.5253164556962,2026-01-16 10:03:52.367,399.0,360.0,399.0,True,399.0,sj_ask,169.97258,167.4447382278481
2026-01-16,10:00,P,31500.0,31166.21,31421.0,0.14999202170098425,-0.4301829073991459,0.08707436548647252,12,287.0,79.0,289.3333333333333,2026-01-16 10:01:24.105,287.0,282.0,287.0,True,287.0,sj_ask,-209.91542,-212.25108666666665
2026-01-21,09:30,C,31250.0,31558.17,31245.0,0.20812654093689265,0.7540899795501099,-0.0810697402599092,17,305.0,0.0,307.13884992987374,2026-01-21 09:30:05.737,305.0,303.0,305.0,True,305.0,sj_ask,-305.805,-307.9459887798036
2026-01-21,09:30,P,31850.0,31558.17,31245.0,0.20812654093689265,0.7540899795501099,-0.0810697402599092,17,269.0,605.0,271.32564841498555,2026-01-21 09:32:11.502,269.0,265.0,269.0,True,269.0,sj_ask,334.10609999999997,331.77812593659945
2026-01-21,10:00,C,31250.0,31586.81,31245.0,0.20812654093689265,0.7668711656441785,-0.14584229147813765,14,304.0,0.0,305.92405063291136,2026-01-21 10:00:01.946,304.0,298.0,302.0,True,302.0,sj_ask,-302.802,-306.7299746835443
2026-01-21,10:00,P,31900.0,31586.81,31245.0,0.20812654093689265,0.7668711656441785,-0.14584229147813765,14,335.0,655.0,337.7235772357724,2026-01-21 10:00:41.719,335.0,331.0,335.0,True,335.0,sj_ask,318.0401,315.31379918699184
2026-01-23,09:30,C,31450.0,31765.97,31930.0,-0.05310508559289717,-0.193780278168465,0.12422070865616419,17,373.0,480.0,375.6157082748948,2026-01-23 09:32:24.358,373.0,339.0,383.0,True,383.0,sj_ask,94.97840000000001,102.3700760168303
2026-01-23,09:30,P,32100.0,31765.97,31930.0,-0.05310508559289717,-0.193780278168465,0.12422070865616419,17,270.0,170.0,272.3342939481268,2026-01-23 09:30:29.759,270.0,270.0,274.0,True,274.0,sj_ask,-105.9126,-104.24522824207492
2026-01-23,10:00,C,31500.0,31837.87,31930.0,-0.05310508559289717,-0.015627441787779972,0.1967577740707549,15,363.0,430.0,365.29746835443035,2026-01-23 10:00:24.202,363.0,363.0,368.0,True,368.0,sj_ask,59.9934,62.698634177215226
2026-01-23,10:00,P,32150.0,31837.87,31930.0,-0.05310508559289717,-0.015627441787779972,0.1967577740707549,15,278.0,220.0,280.260162601626,2026-01-23 10:02:52.091,278.0,275.0,279.0,True,279.0,sj_ask,-60.9176,-62.17902276422763
2026-01-28,09:30,C,32300.0,32646.29,32718.0,0.1896256422803999,0.13737102387203493,-0.031880242877269094,13,377.0,418.0,379.6437587657784,2026-01-28 09:30:07.080,377.0,377.0,382.0,True,382.0,sj_ask,33.963640000000005,36.322237475455836
2026-01-28,09:30,P,32950.0,32646.29,32718.0,0.1896256422803999,0.13737102387203493,-0.031880242877269094,13,282.0,232.0,284.4380403458213,2026-01-28 09:32:14.228,282.0,278.0,282.0,True,282.0,sj_ask,-51.93635999999999,-54.37683838616714
2026-01-28,10:00,C,32250.0,32566.91,32718.0,0.1896256422803999,-0.09463337200072974,0.1485684243885732,9,379.0,468.0,381.3987341772152,2026-01-28 10:00:58.003,379.0,378.0,379.0,True,379.0,sj_ask,86.96664,84.56550708860759
2026-01-28,10:00,P,32900.0,32566.91,32718.0,0.1896256422803999,-0.09463337200072974,0.1485684243885732,9,282.0,182.0,284.2926829268293,2026-01-28 10:00:39.051,282.0,282.0,285.0,True,285.0,sj_ask,-104.93936,-104.23133560975612
2026-01-30,09:30,C,31900.0,32201.48,32253.0,0.04007027710137834,-0.3543258565442464,0.17877255268385905,15,339.0,353.0,341.3772791023843,2026-01-30 09:33:14.983,339.0,339.0,345.0,True,345.0,sj_ask,6.00994,9.636283618513307
2026-01-30,09:30,P,32500.0,32201.48,32253.0,0.04007027710137834,-0.3543258565442464,0.17877255268385905,15,245.0,247.0,247.11815561959654,2026-01-30 09:30:04.048,245.0,245.0,250.0,True,250.0,sj_ask,-4.89506,-2.0103337752161323
2026-01-30,10:00,C,31800.0,32108.96,32253.0,0.04007027710137834,-0.8195711116588567,0.022424108408103383,10,,453.0,,,,,,True,,no_fill,,
2026-01-30,10:00,P,32450.0,32108.96,32253.0,0.04007027710137834,-0.8195711116588567,0.022424108408103383,10,336.0,197.0,338.7317073170732,2026-01-30 10:00:16.611,336.0,333.0,336.0,True,336.0,sj_ask,-140.98106,-143.71549902439025
2026-02-04,09:30,C,31800.0,32120.34,32342.0,0.015573898146703513,0.4640298972282686,0.10967038724720712,18,350.0,542.0,352.45441795231415,2026-02-04 09:30:30.217,350.0,350.0,353.0,True,353.0,sj_ask,187.00016,187.54628762973354
2026-02-04,09:30,P,32450.0,32120.34,32342.0,0.015573898146703513,0.4640298972282686,0.10967038724720712,18,270.0,108.0,272.3342939481268,2026-02-04 09:31:35.154,270.0,270.0,274.0,True,274.0,sj_ask,-167.92084,-166.25346824207492
2026-02-04,10:00,C,31900.0,32232.94,32342.0,0.015573898146703513,0.8377452507007055,0.03824919802319915,17,352.0,442.0,354.2278481012658,2026-02-04 10:00:01.551,352.0,352.0,356.0,True,356.0,sj_ask,83.99716000000001,85.77108405063294
2026-02-04,10:00,P,32550.0,32232.94,32342.0,0.015573898146703513,0.8377452507007055,0.03824919802319915,17,314.0,208.0,316.5528455284553,2026-02-04 10:00:05.041,314.0,300.0,314.0,True,314.0,sj_ask,-107.96083999999999,-110.51623837398374
2026-02-06,09:30,C,30950.0,31252.07,31676.0,-0.9508816120906816,-0.44503782821539994,0.3295934970812153,14,400.0,726.0,402.80504908835906,2026-02-06 09:30:06.025,400.0,383.0,396.0,True,396.0,sj_ask,327.97048,321.1586258625526
2026-02-06,09:30,P,31550.0,31252.07,31676.0,-0.9508816120906816,-0.44503782821539994,0.3295934970812153,14,255.0,0.0,257.20461095100865,2026-02-06 09:30:04.995,255.0,252.0,256.0,True,256.0,sj_ask,-256.756,-257.96181556195967
2026-02-06,10:00,C,31200.0,31512.02,31676.0,-0.9508816120906816,0.42278593680462606,0.09063749002702348,17,345.0,476.0,347.1835443037975,2026-02-06 10:00:00.025,345.0,345.0,347.0,True,347.0,sj_ask,127.01947999999999,126.83575215189872
2026-02-06,10:00,P,31850.0,31512.02,31676.0,-0.9508816120906816,0.42278593680462606,0.09063749002702348,17,306.0,174.0,308.4878048780488,2026-02-06 10:00:33.434,306.0,291.0,314.0,True,314.0,sj_ask,-141.94752,-136.42981268292684
2026-02-11,09:30,C,32950.0,33297.65,33684.0,0.2615597378389678,0.32384779153797894,-0.05813794609086931,14,332.0,734.0,334.328190743338,2026-02-11 09:30:12.271,332.0,332.0,337.0,True,337.0,sj_ask,394.98932,397.6638010659187
2026-02-11,09:30,P,33650.0,33297.65,33684.0,0.2615597378389678,0.32384779153797894,-0.05813794609086931,14,,0.0,,,,,,True,,no_fill,,
2026-02-11,10:00,C,33000.0,33337.24,33684.0,0.2615597378389678,0.46178296200785063,-0.072114144331481,15,316.0,684.0,318.0,2026-02-11 10:00:00.418,316.0,314.0,316.0,True,316.0,sj_ask,366.01032000000004,364.00832
2026-02-11,10:00,P,33650.0,33337.24,33684.0,0.2615597378389678,0.46178296200785063,-0.072114144331481,15,,0.0,,,,,,True,,no_fill,,
2026-02-23,09:30,C,33650.0,33996.86,33839.0,1.3515911510706191,-0.40853249292363003,0.4114026724995279,18,540.0,189.0,545.0,2026-02-23 09:33:54.296,540.0,540.0,550.0,True,550.0,sj_ask,-363.22678,-358.22178
2026-02-23,09:30,P,34350.0,33996.86,33839.0,1.3515911510706191,-0.40853249292363003,0.4114026724995279,18,235.0,511.0,237.03170028818442,2026-02-23 09:30:00.235,235.0,235.0,240.0,True,240.0,sj_ask,269.08322,272.0544880115274
2026-02-23,10:00,C,33700.0,34044.38,33839.0,1.3515911510706191,-0.3851877790422842,0.16905104332249898,16,445.0,139.0,447.8164556962025,2026-02-23 10:00:00.293,445.0,411.0,445.0,True,445.0,sj_ask,-308.12178,-310.94105215189876
2026-02-23,10:00,P,34400.0,34044.38,33839.0,1.3515911510706191,-0.3851877790422842,0.16905104332249898,16,291.0,561.0,293.3658536585366,2026-02-23 10:00:08.309,291.0,285.0,289.0,True,289.0,sj_ask,270.03422,265.66400048780486
2026-02-25,09:30,C,34750.0,35104.27,35336.0,0.07951157177339407,-0.16173424509832168,0.017938519076854398,15,348.0,586.0,350.4403927068724,2026-02-25 09:30:12.673,348.0,343.0,347.0,True,347.0,sj_ask,236.94628,233.50244690042075
2026-02-25,09:30,P,35450.0,35104.27,35336.0,0.07951157177339407,-0.16173424509832168,0.017938519076854398,15,331.0,114.0,333.8616714697406,2026-02-25 09:34:08.492,331.0,331.0,334.0,True,334.0,sj_ask,-222.04072,-221.90225314121034
2026-02-25,10:00,C,34850.0,35179.13,35336.0,0.07951157177339407,0.25820730357801747,0.019755514844344013,15,351.0,486.0,353.22151898734177,2026-02-25 10:00:41.580,351.0,349.0,351.0,True,351.0,sj_ask,132.94228,130.7185394936709
2026-02-25,10:00,P,35550.0,35179.13,35336.0,0.07951157177339407,0.25820730357801747,0.019755514844344013,15,311.0,214.0,313.5284552845528,2026-02-25 10:04:20.984,311.0,294.0,311.0,True,311.0,sj_ask,-99.01772000000001,-101.54870373983738
2026-03-02,09:30,C,34800.0,35159.02,35194.0,-1.0142450142450188,1.6808657609947097,0.02764325862827377,15,410.0,394.0,412.875175315568,2026-03-02 09:30:52.992,410.0,397.0,410.0,True,410.0,sj_ask,-18.11388,-20.991930490883586
2026-03-02,09:30,P,35500.0,35159.02,35194.0,-1.0142450142450188,1.6808657609947097,0.02764325862827377,15,367.0,306.0,370.17291066282417,2026-03-02 09:30:07.085,367.0,356.0,367.0,True,367.0,sj_ask,-63.070879999999995,-66.246963573487
2026-03-02,10:00,C,34850.0,35187.35,35194.0,-1.0142450142450188,1.7413078517154013,0.17929307302635422,10,438.0,344.0,440.77215189873414,2026-03-02 10:02:09.009,438.0,422.0,436.0,True,436.0,sj_ask,-94.13988,-98.91680405063286
2026-03-02,10:00,P,35550.0,35187.35,35194.0,-1.0142450142450188,1.7413078517154013,0.17929307302635422,10,,356.0,,,,,,True,,no_fill,,
2026-03-04,09:30,C,32750.0,33088.77,32932.0,-0.25932991534517447,-0.9324287977047874,0.318161943190165,16,,182.0,,,,,,True,,no_fill,,
2026-03-04,09:30,P,33400.0,33088.77,32932.0,-0.25932991534517447,-0.9324287977047874,0.318161943190165,16,304.0,468.0,306.6282420749279,2026-03-04 09:30:00.019,304.0,297.0,304.0,True,304.0,sj_ask,162.03736,159.40648968299715
2026-03-04,10:00,C,33000.0,33336.14,32932.0,-0.25932991534517447,-0.21517587639341418,0.060787250316152175,15,419.0,0.0,421.6518987341772,2026-03-04 10:00:45.372,419.0,415.0,419.0,True,419.0,sj_ask,-419.919,-422.5735506329114
2026-03-04,10:00,P,33650.0,33336.14,32932.0,-0.25932991534517447,-0.21517587639341418,0.060787250316152175,15,315.0,718.0,317.5609756097561,2026-03-04 10:00:02.052,315.0,308.0,315.0,True,315.0,sj_ask,401.02636,398.46282341463416
2026-03-06,09:30,C,33150.0,33460.69,33573.0,0.21629416005768398,0.17985611510791255,-0.0878391363252018,16,335.0,423.0,337.3492286115007,2026-03-06 09:30:38.989,335.0,335.0,337.0,True,337.0,sj_ask,83.99154,83.64196215988783
2026-03-06,09:30,P,33800.0,33460.69,33573.0,0.21629416005768398,0.17985611510791255,-0.0878391363252018,16,380.0,227.0,383.28530259365994,2026-03-06 09:30:00.479,380.0,380.0,391.0,True,391.0,sj_ask,-166.06246,-158.3400478962536
2026-03-06,10:00,C,33300.0,33634.85,33573.0,0.21629416005768398,0.7494004796163134,-0.13885788129211485,14,330.0,273.0,332.0886075949367,2026-03-06 10:00:03.819,330.0,324.0,330.0,True,330.0,sj_ask,-59.00146,-61.09215620253166
2026-03-06,10:00,P,33950.0,33634.85,33573.0,0.21629416005768398,0.7494004796163134,-0.13885788129211485,14,348.0,377.0,350.8292682926829,2026-03-06 10:00:18.869,348.0,348.0,364.0,True,364.0,sj_ask,10.96454,24.148442439024407
2026-03-11,09:30,C,33300.0,33635.84,34151.0,0.7128832502643068,0.8608020155364215,-0.0840755042670227,17,292.0,851.0,294.0476858345021,2026-03-11 09:30:03.932,292.0,292.0,297.0,True,297.0,sj_ask,552.0199799999999,554.9752464796634
2026-03-11,09:30,P,33950.0,33635.84,34151.0,0.7128832502643068,0.8608020155364215,-0.0840755042670227,17,418.0,0.0,421.6138328530259,2026-03-11 09:30:30.897,418.0,419.0,434.0,True,434.0,sj_ask,-434.934,-422.5354466858789
2026-03-11,10:00,C,33300.0,33628.29,34151.0,0.7128832502643068,1.0257640742629137,-0.12700577644607636,15,352.0,851.0,354.2278481012658,2026-03-11 10:00:13.105,352.0,352.0,355.0,True,355.0,sj_ask,493.96198,494.7349040506329
2026-03-11,10:00,P,33950.0,33628.29,34151.0,0.7128832502643068,1.0257640742629137,-0.12700577644607636,15,336.0,0.0,338.7317073170732,2026-03-11 10:04:58.754,336.0,336.0,346.0,True,346.0,sj_ask,-346.846,-339.5704390243903
2026-03-13,09:30,C,33000.0,33322.03,33421.0,0.6842981320510422,1.6287043840313542,-0.09735765794209872,14,351.0,421.0,353.4614305750351,2026-03-13 09:30:05.313,351.0,340.0,351.0,True,351.0,sj_ask,67.98058,65.51668799438988
2026-03-13,09:30,P,33650.0,33322.03,33421.0,0.6842981320510422,1.6287043840313542,-0.09735765794209872,14,300.0,229.0,302.5936599423631,2026-03-13 09:32:16.104,300.0,300.0,530.0,True,530.0,sj_ask,-303.19842,-75.56467360230546
2026-03-13,10:00,C,33100.0,33426.19,33421.0,0.6842981320510422,1.9838354151359372,0.0392727913248736,15,335.0,321.0,337.12025316455697,2026-03-13 10:00:00.983,335.0,326.0,335.0,True,335.0,sj_ask,-16.003420000000002,-18.12579341772153
2026-03-13,10:00,P,33750.0,33426.19,33421.0,0.6842981320510422,1.9838354151359372,0.0392727913248736,15,299.0,329.0,301.4308943089431,2026-03-13 10:00:22.411,299.0,296.0,391.0,True,391.0,sj_ask,-64.05942,25.59925479674796
2026-03-18,09:30,C,33900.0,34253.3,34264.0,0.48385677839359875,-0.17510068289265934,-0.13641314295239626,19,334.0,364.0,336.3422159887798,2026-03-18 09:30:07.728,334.0,334.0,340.0,True,340.0,sj_ask,21.97472,25.636161795231423
2026-03-18,09:30,P,34600.0,34253.3,34264.0,0.48385677839359875,-0.17510068289265934,-0.13641314295239626,19,394.0,336.0,397.40634005763684,2026-03-18 09:30:03.092,394.0,393.0,399.0,True,399.0,sj_ask,-65.08428,-63.489026397694474
2026-03-18,10:00,C,34000.0,34362.25,34264.0,0.48385677839359875,0.18093737232240947,-0.07676949565662006,14,353.0,264.0,355.23417721518985,2026-03-18 10:00:01.690,353.0,347.0,353.0,True,353.0,sj_ask,-91.03828,-93.27469139240505
2026-03-18,10:00,P,34700.0,34362.25,34264.0,0.48385677839359875,0.18093737232240947,-0.07676949565662006,14,360.0,436.0,362.9268292682927,2026-03-18 10:00:51.701,360.0,360.0,362.0,True,362.0,sj_ask,71.95272,71.02496390243901
2026-03-20,09:30,C,33250.0,33603.58,33538.0,0.07992421999880595,-0.6240941761069485,0.07833985072813743,19,375.0,288.0,377.6297335203366,2026-03-20 09:30:01.102,375.0,366.0,374.0,True,374.0,sj_ask,-88.04476,-91.67812325385691
2026-03-20,09:30,P,33950.0,33603.58,33538.0,0.07992421999880595,-0.6240941761069485,0.07833985072813743,19,297.0,412.0,299.5677233429395,2026-03-20 09:31:11.556,297.0,287.0,297.0,True,297.0,sj_ask,113.03224,110.46194893371758
2026-03-20,10:00,C,33300.0,33657.87,33538.0,0.07992421999880595,-0.6211363838031336,-0.14397996759113463,13,353.0,238.0,355.23417721518985,2026-03-20 10:00:23.664,353.0,338.0,359.0,True,359.0,sj_ask,-123.02976,-119.26017139240504
2026-03-20,10:00,P,34000.0,33657.87,33538.0,0.07992421999880595,-0.6211363838031336,-0.14397996759113463,13,354.0,462.0,356.8780487804878,2026-03-20 10:00:49.988,354.0,354.0,371.0,True,371.0,sj_ask,88.95824,103.09431317073171
2026-03-25,09:30,C,33250.0,33604.04,33511.0,0.9773155204877648,-0.3699757295921424,-0.004850413832535594,16,364.0,261.0,366.55259467040673,2026-03-25 09:31:26.684,364.0,360.0,364.0,True,364.0,sj_ask,-105.03422,-107.58936726507714
2026-03-25,09:30,P,33950.0,33604.04,33511.0,0.9773155204877648,-0.3699757295921424,-0.004850413832535594,16,,439.0,,,,,,True,,no_fill,,
2026-03-25,10:00,C,33350.0,33701.24,33511.0,0.9773155204877648,-0.1568697093470628,-0.09334353208839685,17,344.0,161.0,346.1772151898734,2026-03-25 10:00:07.757,344.0,335.0,345.0,True,345.0,sj_ask,-186.01522,-187.19361240506325
2026-03-25,10:00,P,34050.0,33701.24,33511.0,0.9773155204877648,-0.1568697093470628,-0.09334353208839685,17,403.0,539.0,406.2764227642276,2026-03-25 10:00:49.197,403.0,393.0,401.0,True,401.0,sj_ask,135.92878,130.64708081300816
2026-03-27,09:30,C,32550.0,32888.16,33110.0,-0.042673819611671604,0.43911810447352373,0.09725840149629184,16,372.0,560.0,374.60869565217394,2026-03-27 09:32:26.961,372.0,368.0,372.0,True,372.0,sj_ask,185.96579999999997,183.35449565217388
2026-03-27,09:30,P,33200.0,32888.16,33110.0,-0.042673819611671604,0.43911810447352373,0.09725840149629184,16,297.0,90.0,299.5677233429395,2026-03-27 09:30:06.392,297.0,297.0,300.0,True,300.0,sj_ask,-211.96220000000002,-211.52949106628242
2026-03-27,10:00,C,32550.0,32885.07,33110.0,-0.042673819611671604,0.341536303479395,0.0091538775947142,14,,560.0,,,,,,True,,no_fill,,
2026-03-27,10:00,P,33200.0,32885.07,33110.0,-0.042673819611671604,0.341536303479395,0.0091538775947142,14,311.0,90.0,313.5284552845528,2026-03-27 10:00:00.642,311.0,312.0,317.0,True,317.0,sj_ask,-228.97920000000002,-225.50418373983737
2026-04-01,09:30,C,32700.0,33008.65,33125.0,-0.1057913190666171,0.31468425670972966,0.0726793284417937,17,358.0,425.0,360.51051893408135,2026-04-01 09:30:00.676,358.0,355.0,358.0,True,358.0,sj_ask,64.9795,62.46647054698457
2026-04-01,09:30,P,33350.0,33008.65,33125.0,-0.1057913190666171,0.31468425670972966,0.0726793284417937,17,306.0,225.0,308.64553314121036,2026-04-01 09:34:16.453,306.0,297.0,306.0,True,306.0,sj_ask,-82.96849999999999,-85.61667867435158
2026-04-01,10:00,C,32700.0,33018.98,33125.0,-0.1057913190666171,0.46597476474325994,0.1877629947727666,13,364.0,425.0,366.30379746835445,2026-04-01 10:00:00.310,364.0,362.0,364.0,True,364.0,sj_ask,58.9735,56.6673987341772
2026-04-01,10:00,P,33350.0,33018.98,33125.0,-0.1057913190666171,0.46597476474325994,0.1877629947727666,13,270.0,225.0,272.1951219512195,2026-04-01 10:01:48.549,270.0,266.0,270.0,True,270.0,sj_ask,-46.932500000000005,-49.12981707317073
2026-04-07,09:30,C,32850.0,33173.3,33117.0,1.3805742211362215,0.40672451193057846,0.015807182482641124,15,360.0,267.0,362.52454417952316,2026-04-07 09:30:25.308,360.0,360.0,375.0,True,375.0,sj_ask,-110.03734,-97.54940872370268
2026-04-07,09:30,P,33500.0,33173.3,33117.0,1.3805742211362215,0.40672451193057846,0.015807182482641124,15,302.0,383.0,304.6109510086455,2026-04-07 09:30:05.802,302.0,300.0,302.0,True,302.0,sj_ask,79.03566,76.42209804034587
2026-04-07,10:00,C,32650.0,32955.06,33117.0,1.3805742211362215,-0.5664015425403734,-0.08622727630916427,18,318.0,467.0,320.0126582278481,2026-04-07 10:00:34.581,318.0,319.0,326.0,True,326.0,sj_ask,139.01166,145.00498911392407
2026-04-07,10:00,P,33300.0,32955.06,33117.0,1.3805742211362215,-0.5664015425403734,-0.08622727630916427,18,330.0,183.0,332.6829268292683,2026-04-07 10:01:02.608,330.0,330.0,338.0,True,338.0,sj_ask,-157.00034,-151.67794975609758
2026-04-08,09:30,C,34100.0,34466.98,34733.0,3.451261382295856,-0.06926207035872212,0.03735414166224915,14,341.0,633.0,343.39130434782606,2026-04-08 09:30:06.207,341.0,338.0,348.0,True,348.0,sj_ask,282.95734,287.5706443478261
2026-04-08,09:30,P,34800.0,34466.98,34733.0,3.451261382295856,-0.06926207035872212,0.03735414166224915,14,368.0,67.0,371.1815561959654,2026-04-08 09:31:09.101,368.0,368.0,370.0,True,370.0,sj_ask,-305.06466,-306.24739775216136
2026-04-08,10:00,C,34250.0,34603.81,34733.0,3.451261382295856,0.6522178292112768,0.09679004727106699,12,400.0,483.0,402.53164556962025,2026-04-08 10:00:08.650,400.0,397.0,400.0,True,400.0,sj_ask,80.90534,78.37116278481012
2026-04-08,10:00,P,34900.0,34603.81,34733.0,3.451261382295856,0.6522178292112768,0.09679004727106699,12,281.0,167.0,283.2845528455285,2026-04-08 10:00:00.174,281.0,278.0,281.0,True,281.0,sj_ask,-115.97566,-118.26249739837401
2026-04-10,09:30,C,34850.0,35192.62,35350.0,0.07665663505762588,0.33476126982325827,0.06793995596832136,16,397.0,500.0,399.78401122019636,2026-04-10 09:30:38.557,397.0,392.0,397.0,True,397.0,sj_ask,100.896,98.10920476858345
2026-04-10,09:30,P,35550.0,35192.62,35350.0,0.07665663505762588,0.33476126982325827,0.06793995596832136,16,323.0,200.0,325.7925072046109,2026-04-10 09:30:31.063,323.0,323.0,335.0,True,335.0,sj_ask,-137.042,-127.8252997118155
2026-04-10,10:00,C,34950.0,35293.05,35350.0,0.07665663505762588,0.5985985418025974,0.015441477508559842,15,321.0,400.0,323.03164556962025,2026-04-10 10:01:18.888,321.0,321.0,331.0,True,331.0,sj_ask,66.962,74.93832278481014
2026-04-10,10:00,P,35650.0,35293.05,35350.0,0.07665663505762588,0.5985985418025974,0.015441477508559842,15,378.0,300.0,381.0731707317073,2026-04-10 10:02:22.526,378.0,372.0,378.0,True,378.0,sj_ask,-80.085,-83.16124390243901
2026-04-15,09:30,C,36550.0,36909.68,36642.0,0.0,0.5636487406398993,0.14674340027591715,19,377.0,92.0,379.6437587657784,2026-04-15 09:30:42.587,377.0,377.0,382.0,True,382.0,sj_ask,-292.11484,-289.7562425245442
2026-04-15,09:30,P,37300.0,36909.68,36642.0,0.0,0.5636487406398993,0.14674340027591715,19,435.0,658.0,438.7608069164265,2026-04-15 09:31:25.507,435.0,421.0,478.0,True,478.0,sj_ask,177.78915999999998,217.06759227665708
2026-04-15,10:00,C,36650.0,37028.8,36642.0,0.0,0.8577263444520034,0.1529250429358031,18,410.0,0.0,412.59493670886076,2026-04-15 10:00:13.709,410.0,407.0,410.0,True,410.0,sj_ask,-410.91,-413.5075316455696
2026-04-15,10:00,P,37400.0,37028.8,36642.0,0.0,0.8577263444520034,0.1529250429358031,18,349.0,758.0,351.8373983739837,2026-04-15 10:00:13.888,349.0,349.0,357.0,True,357.0,sj_ask,398.91015999999996,404.0779242276423
2026-04-17,09:30,C,36550.0,36904.58,36813.0,0.005384594674628929,0.27459954233408634,0.1668137383860957,16,,263.0,,,,,,True,,no_fill,,
2026-04-17,09:30,P,37250.0,36904.58,36813.0,0.005384594674628929,0.27459954233408634,0.1668137383860957,16,296.0,437.0,298.5590778097982,2026-04-17 09:30:03.198,296.0,296.0,300.0,True,300.0,sj_ask,134.96374,136.406103112392
2026-04-17,10:00,C,36600.0,36964.81,36813.0,0.005384594674628929,0.37420918023960414,0.1493262445343202,11,,213.0,,,,,,True,,no_fill,,
2026-04-17,10:00,P,37350.0,36964.81,36813.0,0.005384594674628929,0.37420918023960414,0.1493262445343202,11,359.0,537.0,361.9186991869919,2026-04-17 10:04:17.040,359.0,359.0,362.0,True,362.0,sj_ask,172.90174000000002,172.98312211382114
2026-04-22,09:30,C,37550.0,37912.09,37900.0,0.6490080202617099,0.026212319790297478,-0.13189282272244585,17,386.0,350.0,388.70687237026647,2026-04-22 09:30:21.354,386.0,383.0,386.0,True,386.0,sj_ask,-38.144000000000005,-40.853579242636734
2026-04-22,09:30,P,38300.0,37912.09,37900.0,0.6490080202617099,0.026212319790297478,-0.13189282272244585,17,368.0,400.0,371.1815561959654,2026-04-22 09:33:15.606,368.0,368.0,377.0,True,377.0,sj_ask,20.865000000000002,26.689262247838624
2026-04-22,10:00,C,37600.0,37974.27,37900.0,0.6490080202617099,0.09174311926605228,-0.16521291241344827,17,317.0,300.0,319.00632911392404,2026-04-22 10:00:16.230,317.0,317.0,321.0,True,321.0,sj_ask,-23.079,-21.083335443037964
2026-04-22,10:00,P,38350.0,37974.27,37900.0,0.6490080202617099,0.09174311926605228,-0.16521291241344827,17,,450.0,,,,,,True,,no_fill,,
2026-04-24,09:30,C,38200.0,38598.06,38880.0,0.6623386863616076,1.1671323011044565,-0.2653373374867041,18,337.0,680.0,339.3632538569425,2026-04-24 09:30:00.617,337.0,337.0,343.0,True,343.0,sj_ask,334.8794,338.51978288920054
2026-04-24,09:30,P,39000.0,38598.06,38880.0,0.6623386863616076,1.1671323011044565,-0.2653373374867041,18,485.0,120.0,489.193083573487,2026-04-24 09:31:44.590,485.0,481.0,500.0,True,500.0,sj_ask,-382.2776,-371.4598766570605
2026-04-24,10:00,C,38550.0,38915.29,38880.0,0.6623386863616076,1.9739418783780271,-0.32937456862415226,15,294.0,330.0,295.86075949367086,2026-04-24 10:00:00.080,294.0,285.0,292.0,True,292.0,sj_ask,35.9304,32.065779746835474
2026-04-24,10:00,P,39300.0,38915.29,38880.0,0.6623386863616076,1.9739418783780271,-0.32937456862415226,15,,420.0,,,,,,True,,no_fill,,
2026-04-29,09:30,C,38750.0,39122.01,39335.0,0.6005929905476215,-0.8791374880346647,0.18868684038485517,14,,585.0,,,,,,True,,no_fill,,
2026-04-29,09:30,P,39500.0,39122.01,39335.0,0.6005929905476215,-0.8791374880346647,0.18868684038485517,14,350.0,165.0,353.02593659942363,2026-04-29 09:30:02.745,350.0,343.0,350.0,True,350.0,sj_ask,-187.1367,-190.16566253602306
2026-04-29,10:00,C,38850.0,39250.83,39335.0,0.6005929905476215,-0.5718172200110838,0.12848548404480464,15,481.0,485.0,484.04430379746833,2026-04-29 10:01:22.762,481.0,481.0,496.0,True,496.0,sj_ask,-13.2827,-1.3150481012657993
2026-04-29,10:00,P,39650.0,39250.83,39335.0,0.6005929905476215,-0.5718172200110838,0.12848548404480464,15,331.0,315.0,333.6910569105691,2026-04-29 10:00:20.220,331.0,321.0,331.0,True,331.0,sj_ask,-18.1177,-20.811447967479673
2026-05-04,09:30,C,39700.0,40098.69,40705.0,1.5085720023092941,-0.24480712166171648,-0.02847974758264371,18,425.0,1005.0,427.9803646563815,2026-05-04 09:34:26.294,425.0,425.0,450.0,True,450.0,sj_ask,552.7358999999999,574.7775549789621
2026-05-04,09:30,P,40500.0,40098.69,40705.0,1.5085720023092941,-0.24480712166171648,-0.02847974758264371,18,438.0,0.0,441.7867435158501,2026-05-04 09:30:39.445,438.0,411.0,438.0,True,438.0,sj_ask,-438.938,-442.728530259366
2026-05-04,10:00,C,39950.0,40335.37,40705.0,1.5085720023092941,0.4945598417408492,0.07579978442809887,12,424.0,755.0,426.6835443037975,2026-05-04 10:04:53.279,424.0,397.0,424.0,True,424.0,sj_ask,328.7619,326.07567215189874
2026-05-04,10:00,P,40750.0,40335.37,40705.0,1.5085720023092941,0.4945598417408492,0.07579978442809887,12,,45.0,,,,,,True,,no_fill,,
2026-05-06,09:30,C,41000.0,41429.17,41216.0,0.22861268198772766,0.33133253301320664,0.005382862751246442,19,463.0,216.0,466.24684431977556,2026-05-06 09:30:20.075,463.0,463.0,473.0,True,473.0,sj_ask,-259.29732,-252.53741116409535
2026-05-06,09:30,P,41850.0,41429.17,41216.0,0.22861268198772766,0.33133253301320664,0.005382862751246442,19,369.0,634.0,372.1902017291066,2026-05-06 09:34:58.772,369.0,369.0,383.0,True,383.0,sj_ask,248.79268,259.6132880691643
2026-05-06,10:00,C,40700.0,41095.04,41216.0,0.22861268198772766,-0.600240096038418,0.1558770519752617,17,430.0,516.0,432.72151898734177,2026-05-06 10:00:04.205,430.0,430.0,441.0,True,441.0,sj_ask,72.73468,81.0214394936709
2026-05-06,10:00,P,41500.0,41095.04,41216.0,0.22861268198772766,-0.600240096038418,0.1558770519752617,17,430.0,284.0,433.4959349593496,2026-05-06 10:00:06.762,430.0,426.0,430.0,True,430.0,sj_ask,-148.25432,-151.75375089430895
2026-05-08,09:30,C,41500.0,41935.44,41610.0,0.4267900145442427,0.34188034188034067,0.00795699221880497,15,500.0,110.0,505.0,2026-05-08 09:30:14.097,500.0,500.0,505.0,True,505.0,sj_ask,-397.3372,-397.3372
2026-05-08,09:30,P,42350.0,41935.44,41610.0,0.4267900145442427,0.34188034188034067,0.00795699221880497,15,384.0,740.0,387.31988472622476,2026-05-08 09:30:25.129,384.0,375.0,410.0,True,410.0,sj_ask,327.7578,350.460595389049
2026-05-08,10:00,C,41450.0,41867.32,41610.0,0.4267900145442427,0.12345679012346622,0.12380312290867224,18,,160.0,,,,,,True,,no_fill,,
2026-05-08,10:00,P,42300.0,41867.32,41610.0,0.4267900145442427,0.12345679012346622,0.12380312290867224,18,430.0,690.0,433.4959349593496,2026-05-08 10:00:12.677,430.0,423.0,429.0,True,429.0,sj_ask,258.7388,254.23836910569105
2026-05-13,09:30,C,40800.0,41230.68,41485.0,0.24795799299883736,0.24976962995295615,0.06274994160400116,18,493.0,685.0,496.4572230014025,2026-05-13 09:30:00.899,493.0,490.0,493.0,True,493.0,sj_ask,189.6773,186.2166197755961
2026-05-13,09:30,P,41650.0,41230.68,41485.0,0.24795799299883736,0.24976962995295615,0.06274994160400116,18,366.0,165.0,369.164265129683,2026-05-13 09:32:37.258,366.0,366.0,396.0,True,396.0,sj_ask,-233.2257,-206.36312939481266
2026-05-13,10:00,C,40950.0,41366.92,41485.0,0.24795799299883736,0.5795625394054094,0.0483736563981263,20,464.0,535.0,466.9367088607595,2026-05-13 10:00:03.491,464.0,457.0,464.0,True,464.0,sj_ask,68.7063,65.76665443037975
2026-05-13,10:00,P,41800.0,41366.92,41485.0,0.24795799299883736,0.5795625394054094,0.0483736563981263,20,420.0,315.0,423.4146341463415,2026-05-13 10:00:03.490,420.0,424.0,428.0,True,428.0,sj_ask,-115.2577,-110.66774878048783
2026-05-15,09:30,C,41600.0,42040.01,41096.0,-0.18177955098089837,-0.4824748119767297,0.03125902503242628,20,452.0,0.0,455.1697054698457,2026-05-15 09:30:02.533,452.0,452.0,463.0,True,463.0,sj_ask,-463.963,-456.1248751753156
2026-05-15,09:30,P,42450.0,42040.01,41096.0,-0.18177955098089837,-0.4824748119767297,0.03125902503242628,20,470.0,1354.0,474.06340057636885,2026-05-15 09:30:23.938,470.0,462.0,470.0,True,470.0,sj_ask,881.70808,877.6406160230548
2026-05-15,10:00,C,41200.0,41626.16,41096.0,-0.18177955098089837,-1.3953928385601388,0.19277274144864354,20,495.0,0.0,498.13291139240505,2026-05-15 10:00:00.536,495.0,489.0,510.0,True,510.0,sj_ask,-511.01,-499.13104430379747
2026-05-15,10:00,P,42050.0,41626.16,41096.0,-0.18177955098089837,-1.3953928385601388,0.19277274144864354,20,339.0,954.0,341.7560975609756,2026-05-15 10:00:58.368,339.0,290.0,393.0,True,393.0,sj_ask,558.78508,610.0802263414635
2026-05-20,09:30,C,39850.0,40239.13,40080.0,-0.22172396611858103,0.1922548750343367,-0.25167716439751797,18,334.0,230.0,336.3422159887798,2026-05-20 09:30:22.057,334.0,334.0,344.0,True,344.0,sj_ask,-116.14559999999999,-108.48015820476857
2026-05-20,09:30,P,40650.0,40239.13,40080.0,-0.22172396611858103,0.1922548750343367,-0.25167716439751797,18,600.0,570.0,605.1873198847262,2026-05-20 09:30:48.623,600.0,590.0,600.0,True,600.0,sj_ask,-32.4016,-37.594107204610935
2026-05-20,10:00,C,39900.0,40295.07,40080.0,-0.22172396611858103,0.6217073231629566,-0.09289820840586716,17,438.0,180.0,440.77215189873414,2026-05-20 10:00:18.691,438.0,438.0,441.0,True,441.0,sj_ask,-263.2426,-263.0145240506329
2026-05-20,10:00,P,40700.0,40295.07,40080.0,-0.22172396611858103,0.6217073231629566,-0.09289820840586716,17,413.0,620.0,416.3577235772358,2026-05-20 10:00:26.782,413.0,415.0,422.0,True,422.0,sj_ask,195.7764,201.42431869918695
2026-05-22,09:30,C,41550.0,41948.29,42324.0,0.9691081811873392,-0.5972130059721303,-0.1714966144086172,16,410.0,774.0,412.875175315568,2026-05-22 09:30:56.922,410.0,408.0,410.0,True,410.0,sj_ask,361.74352,358.86546950911645
2026-05-22,09:30,P,42350.0,41948.29,42324.0,0.9691081811873392,-0.5972130059721303,-0.1714966144086172,16,,26.0,,,,,,True,,no_fill,,
2026-05-22,10:00,C,41600.0,42011.65,42324.0,0.9691081811873392,-0.2440989667267024,-0.14455142524659736,15,370.0,724.0,372.34177215189874,2026-05-22 10:00:01.707,370.0,367.0,370.0,True,370.0,sj_ask,351.78352,349.43940607594936
2026-05-22,10:00,P,42450.0,42011.65,42324.0,0.9691081811873392,-0.2440989667267024,-0.14455142524659736,15,,126.0,,,,,,True,,no_fill,,
2026-05-27,09:30,C,44200.0,44668.77,44332.0,0.11701696746029278,1.0833895257361226,0.006049701660071349,19,444.0,132.0,447.1136044880785,2026-05-27 09:30:02.258,444.0,446.0,456.0,True,456.0,sj_ask,-326.34264,-317.4473580925666
2026-05-27,09:30,P,45100.0,44668.77,44332.0,0.11701696746029278,1.0833895257361226,0.006049701660071349,19,585.0,768.0,590.057636887608,2026-05-27 09:34:08.757,585.0,580.0,585.0,True,585.0,sj_ask,180.52836,175.46566547550432
2026-05-27,10:00,C,43950.0,44397.41,44332.0,0.11701696746029278,0.4270622611822983,0.0015090827637287418,22,,382.0,,,,,,True,,no_fill,,
2026-05-27,10:00,P,44850.0,44397.41,44332.0,0.11701696746029278,0.4270622611822983,0.0015090827637287418,22,457.0,518.0,460.7154471544715,2026-05-27 10:00:07.955,457.0,449.0,459.0,True,459.0,sj_ask,56.65436,54.93719739837401
2026-05-29,09:30,C,44000.0,44452.42,44894.0,-0.29918060238004474,0.3650207143656825,0.17984603847081004,19,625.0,894.0,630.0,2026-05-29 09:30:53.504,625.0,615.0,625.0,True,625.0,sj_ask,266.47712,261.47212
2026-05-29,09:30,P,44900.0,44452.42,44894.0,-0.29918060238004474,0.3650207143656825,0.17984603847081004,19,373.0,6.0,376.2247838616714,2026-05-29 09:30:53.499,373.0,373.0,376.0,True,376.0,sj_ask,-372.27387999999996,-372.4988886455331
2026-05-29,10:00,C,44150.0,44595.87,44894.0,-0.29918060238004474,0.9181502631284255,0.2740214440840383,20,,744.0,,,,,,True,,no_fill,,
2026-05-29,10:00,P,45050.0,44595.87,44894.0,-0.29918060238004474,0.9181502631284255,0.2740214440840383,20,351.0,156.0,353.8536585365854,2026-05-29 10:00:09.752,351.0,341.0,351.0,True,351.0,sj_ask,-197.24887999999999,-200.10539219512196
2026-06-03,09:30,C,45950.0,46398.47,46445.0,0.06854303217238567,0.3103728755511792,0.08241333130460937,21,510.0,495.0,515.0,2026-06-03 09:30:05.946,510.0,500.0,510.0,True,510.0,sj_ask,-17.4389,-22.4439
2026-06-03,09:30,P,46850.0,46398.47,46445.0,0.06854303217238567,0.3103728755511792,0.08241333130460937,21,435.0,405.0,438.7608069164265,2026-06-03 09:30:41.533,435.0,429.0,435.0,True,435.0,sj_ask,-32.3639,-36.1284677233429
2026-06-03,10:00,C,46000.0,46476.48,46445.0,0.06854303217238567,0.3596044351213745,-0.006390261671540554,22,494.0,445.0,497.126582278481,2026-06-03 10:00:00.279,494.0,497.0,505.0,True,505.0,sj_ask,-62.4339,-54.55260886075949
2026-06-03,10:00,P,46900.0,46476.48,46445.0,0.06854303217238567,0.3596044351213745,-0.006390261671540554,22,463.0,455.0,466.7642276422764,2026-06-03 10:01:29.235,463.0,460.0,463.0,True,463.0,sj_ask,-10.391900000000001,-14.159891869918686
2026-06-05,09:30,C,44100.0,44561.21,44942.0,-1.4544042121617529,-1.6006831917316333,0.4328942098911437,20,,842.0,,,,,,True,,no_fill,,
2026-06-05,09:30,P,45000.0,44561.21,44942.0,-1.4544042121617529,-1.6006831917316333,0.4328942098911437,20,378.0,58.0,381.2680115273775,2026-06-05 09:30:00.233,378.0,381.0,397.0,True,397.0,sj_ask,-341.29584,-325.54811953890487
2026-06-05,10:00,C,44700.0,45159.98,44942.0,-1.4544042121617529,-0.49049662783567927,0.0009513638464575536,24,530.0,242.0,535.0,2026-06-05 10:00:25.838,530.0,530.0,540.0,True,540.0,sj_ask,-300.43884,-295.43384000000003
2026-06-05,10:00,P,45600.0,45159.98,44942.0,-1.4544042121617529,-0.49049662783567927,0.0009513638464575536,24,439.0,658.0,442.5691056910569,2026-06-05 10:00:16.315,439.0,429.0,550.0,True,550.0,sj_ask,105.55116,213.08948520325202
2026-06-10,09:30,C,44100.0,44526.49,43389.0,-0.08888281143170085,1.0675425990556375,-0.10383697751893406,21,380.0,0.0,382.6647966339411,2026-06-10 09:30:24.645,380.0,380.0,386.0,True,386.0,sj_ask,-386.886,-383.547461430575
2026-06-10,09:30,P,44950.0,44526.49,43389.0,-0.08888281143170085,1.0675425990556375,-0.10383697751893406,21,670.0,1561.0,675.792507204611,2026-06-10 09:30:58.526,670.0,625.0,895.0,True,895.0,sj_ask,663.23722,882.6639202881844
2026-06-10,10:00,C,43700.0,44163.87,43389.0,-0.08888281143170085,0.30110175870798894,-0.09281107048818016,20,489.0,0.0,492.09493670886076,2026-06-10 10:01:09.580,489.0,477.0,489.0,True,489.0,sj_ask,-489.989,-493.0870316455696
2026-06-10,10:00,P,44600.0,44163.87,43389.0,-0.08888281143170085,0.30110175870798894,-0.09281107048818016,20,510.0,1211.0,515.0,2026-06-10 10:00:02.041,510.0,505.0,510.0,True,510.0,sj_ask,698.62222,693.61722
2026-06-12,09:30,C,43650.0,44090.06,44097.0,1.2324816366995561,-1.8985510472078193,-0.049229010179285826,22,555.0,447.0,560.0,2026-06-12 09:33:14.941,555.0,540.0,555.0,True,555.0,sj_ask,-110.43694,-115.44194
2026-06-12,09:30,P,44550.0,44090.06,44097.0,1.2324816366995561,-1.8985510472078193,-0.049229010179285826,22,560.0,453.0,565.0,2026-06-12 09:30:02.189,560.0,560.0,570.0,True,570.0,sj_ask,-119.45194,-114.44694
2026-06-12,10:00,C,43850.0,44299.01,44097.0,1.2324816366995561,-1.3109572881657705,0.007991196344425688,18,485.0,247.0,488.06962025316454,2026-06-12 10:01:45.866,485.0,479.0,485.0,True,485.0,sj_ask,-240.36694,-243.4396298734177
2026-06-12,10:00,P,44750.0,44299.01,44097.0,1.2324816366995561,-1.3109572881657705,0.007991196344425688,18,473.0,653.0,476.8455284552845,2026-06-12 10:00:18.000,473.0,473.0,490.0,True,490.0,sj_ask,160.62806,173.79568601626022
2026-06-17,09:30,C,45150.0,45596.66,45670.0,0.7219013771657012,0.25361120299922657,-0.2022517937141366,21,394.0,520.0,396.76297335203367,2026-06-17 09:31:52.203,394.0,381.0,393.0,True,393.0,sj_ask,124.6936,120.9268636746143
2026-06-17,09:30,P,46050.0,45596.66,45670.0,0.7219013771657012,0.25361120299922657,-0.2022517937141366,21,,380.0,,,,,,True,,no_fill,,
2026-06-17,10:00,C,45150.0,45603.8,45670.0,0.7219013771657012,0.2359686845297082,-0.27995941918669276,16,325.0,520.0,327.05696202531647,2026-06-17 10:00:45.198,325.0,325.0,329.0,True,329.0,sj_ask,188.7576,190.70258101265821
2026-06-17,10:00,P,46050.0,45603.8,45670.0,0.7219013771657012,0.2359686845297082,-0.27995941918669276,16,645.0,380.0,650.2439024390244,2026-06-17 10:01:19.638,645.0,625.0,645.0,True,645.0,sj_ask,-267.5584,-272.8075463414634
2026-06-22,09:30,C,47200.0,47651.98,47778.0,0.39345094555147675,1.0703750526759315,-0.16440448749759362,16,427.0,578.0,429.9943899018233,2026-06-22 09:30:00.217,427.0,427.0,434.0,True,434.0,sj_ask,141.61044,145.6200557082749
2026-06-22,09:30,P,48100.0,47651.98,47778.0,0.39345094555147675,1.0703750526759315,-0.16440448749759362,16,525.0,322.0,530.0,2026-06-22 09:31:03.908,525.0,525.0,530.0,True,530.0,sj_ask,-210.48556,-210.48556
2026-06-22,10:00,C,47200.0,47656.04,47778.0,0.39345094555147675,1.3042562157606463,-0.10968479876025672,15,482.0,578.0,485.05063291139237,2026-06-22 10:00:06.651,482.0,477.0,482.0,True,482.0,sj_ask,93.56244,90.50875645569623
2026-06-22,10:00,P,48100.0,47656.04,47778.0,0.39345094555147675,1.3042562157606463,-0.10968479876025672,15,,322.0,,,,,,True,,no_fill,,
2026-06-24,09:30,C,45700.0,46172.06,46233.0,1.4088774428116846,-0.7853514874727852,0.24567906742444245,18,715.0,533.0,720.0140252454418,2026-06-24 09:31:08.680,715.0,715.0,740.0,True,740.0,sj_ask,-209.66466,-189.65869927068718
2026-06-24,09:30,P,46650.0,46172.06,46233.0,1.4088774428116846,-0.7853514874727852,0.24567906742444245,18,334.0,417.0,336.88760806916423,2026-06-24 09:31:12.110,334.0,321.0,334.0,True,334.0,sj_ask,80.74134,77.8508443227666
2026-06-24,10:00,C,46000.0,46465.86,46233.0,1.4088774428116846,-0.34572538307225953,0.16860253739494624,21,530.0,233.0,535.0,2026-06-24 10:00:11.097,530.0,520.0,530.0,True,530.0,sj_ask,-299.45466,-304.45966000000004
2026-06-24,10:00,P,46950.0,46465.86,46233.0,1.4088774428116846,-0.34572538307225953,0.16860253739494624,21,459.0,717.0,462.7317073170732,2026-06-24 10:00:24.572,459.0,448.0,459.0,True,459.0,sj_ask,255.61634,251.88090097560976
2026-06-26,09:30,C,45350.0,45790.3,44600.0,-0.20958410653858506,0.23627731956508136,-0.15486433866462868,15,,0.0,,,,,,True,,no_fill,,
2026-06-26,09:30,P,46250.0,45790.3,44600.0,-0.20958410653858506,0.23627731956508136,-0.15486433866462868,15,555.0,1650.0,560.0,2026-06-26 09:32:03.270,555.0,545.0,555.0,True,555.0,sj_ask,1092.5529999999999,1087.548
2026-06-26,10:00,C,44950.0,45414.87,44600.0,-0.20958410653858506,-0.7022686998184202,-0.11256163145666465,21,,0.0,,,,,,True,,no_fill,,
2026-06-26,10:00,P,45850.0,45414.87,44600.0,-0.20958410653858506,-0.7022686998184202,-0.11256163145666465,21,480.0,1250.0,483.9024390243902,2026-06-26 10:00:19.038,480.0,464.0,480.0,True,480.0,sj_ask,767.6279999999999,763.7216585365853
2026-07-01,09:30,C,46700.0,47183.99,46959.0,0.1855444041494403,-0.40196986278305813,-0.21215356535204677,19,422.0,259.0,424.9593267882188,2026-07-01 09:30:01.605,422.0,425.0,432.0,True,432.0,sj_ask,-175.37117999999998,-168.323466115007
2026-07-01,09:30,P,47650.0,47183.99,46959.0,0.1855444041494403,-0.40196986278305813,-0.21215356535204677,19,,691.0,,,,,,True,,no_fill,,
2026-07-01,10:00,C,46450.0,46938.09,46959.0,0.1855444041494403,-0.9554676319555533,-0.16447133619803544,20,395.0,509.0,397.5,2026-07-01 10:03:37.072,395.0,395.0,413.0,True,413.0,sj_ask,93.64782000000001,109.16332000000001
2026-07-01,10:00,P,47400.0,46938.09,46959.0,0.1855444041494403,-0.9554676319555533,-0.16447133619803544,20,,441.0,,,,,,True,,no_fill,,
2026-07-03,09:30,C,45800.0,46264.78,46825.0,0.07007094683366688,1.2778993435448527,-0.12297794789860594,18,430.0,1025.0,433.015427769986,2026-07-03 09:30:35.275,430.0,430.0,436.0,True,436.0,sj_ask,586.6274999999999,589.615056802244
2026-07-03,09:30,P,46750.0,46264.78,46825.0,0.07007094683366688,1.2778993435448527,-0.12297794789860594,18,,0.0,,,,,,True,,no_fill,,
2026-07-03,10:00,C,45900.0,46366.92,46825.0,0.07007094683366688,1.4529540481400538,-0.19807488891308567,20,447.0,925.0,449.8291139240506,2026-07-03 10:00:08.452,447.0,439.0,447.0,True,447.0,sj_ask,475.6165,472.7845569620253
2026-07-03,10:00,P,46850.0,46366.92,46825.0,0.07007094683366688,1.4529540481400538,-0.19807488891308567,20,585.0,25.0,590.0,2026-07-03 10:00:05.396,585.0,580.0,585.0,True,585.0,sj_ask,-562.5215000000001,-567.5265
2026-07-08,09:30,C,44900.0,45332.83,45530.0,0.8826066759572537,-0.23242555804060538,0.23881513802030963,21,590.0,630.0,595.0,2026-07-08 09:30:49.406,590.0,590.0,605.0,True,605.0,sj_ask,22.4844,32.4944
2026-07-08,09:30,P,45800.0,45332.83,45530.0,0.8826066759572537,-0.23242555804060538,0.23881513802030963,21,398.0,270.0,401.4409221902017,2026-07-08 09:30:01.834,398.0,373.0,398.0,True,398.0,sj_ask,-130.30859999999998,-133.7529631123919
2026-07-08,10:00,C,44850.0,45314.7,45530.0,0.8826066759572537,-0.2872429066350879,0.16445196347985025,22,,680.0,,,,,,True,,no_fill,,
2026-07-08,10:00,P,45750.0,45314.7,45530.0,0.8826066759572537,-0.2872429066350879,0.16445196347985025,22,515.0,220.0,520.0,2026-07-08 10:00:52.411,515.0,505.0,515.0,True,515.0,sj_ask,-297.4256,-302.43059999999997
2026-07-13,09:30,C,45450.0,45931.49,45605.0,-0.398646755877341,-0.5949547834364632,-0.1369587981217113,22,454.0,155.0,457.18373071528754,2026-07-13 09:30:46.560,454.0,448.0,454.0,True,454.0,sj_ask,-301.3661,-304.55301444600286
2026-07-13,09:30,P,46400.0,45931.49,45605.0,-0.398646755877341,-0.5949547834364632,-0.1369587981217113,22,565.0,795.0,570.0,2026-07-13 09:31:18.224,565.0,565.0,570.0,True,570.0,sj_ask,222.5179,222.5179
2026-07-13,10:00,C,45300.0,45774.72,45605.0,-0.398646755877341,-0.9454372376790254,-0.05207634994377486,20,469.0,305.0,471.96835443037975,2026-07-13 10:01:39.944,469.0,469.0,475.0,True,475.0,sj_ask,-172.3871,-169.35242278481013
2026-07-13,10:00,P,46250.0,45774.72,45605.0,-0.398646755877341,-0.9454372376790254,-0.05207634994377486,20,494.0,645.0,498.0162601626016,2026-07-13 10:00:00.386,494.0,494.0,499.0,True,499.0,sj_ask,143.5889,144.57362357723576
2026-07-15,09:30,C,45050.0,45482.19,45830.0,0.7508608241697301,0.14552510308027955,-0.14115722540302134,21,437.0,780.0,440.06451612903226,2026-07-15 09:30:01.256,437.0,431.0,437.0,True,437.0,sj_ask,340.64639999999997,337.5788193548387
2026-07-15,09:30,P,45950.0,45482.19,45830.0,0.7508608241697301,0.14552510308027955,-0.14115722540302134,21,487.0,120.0,491.21037463976944,2026-07-15 09:30:24.696,487.0,466.0,487.0,True,487.0,sj_ask,-369.40360000000004,-373.6181850144092
2026-07-15,10:00,C,45100.0,45553.56,45830.0,0.7508608241697301,0.2800255771393312,-0.07824892915868631,19,415.0,730.0,417.626582278481,2026-07-15 10:00:00.334,415.0,409.0,415.0,True,415.0,sj_ask,312.66839999999996,310.0391911392405
2026-07-15,10:00,P,46000.0,45553.56,45830.0,0.7508608241697301,0.2800255771393312,-0.07824892915868631,19,530.0,170.0,535.0,2026-07-15 10:00:00.337,530.0,530.0,540.0,True,540.0,sj_ask,-372.45660000000004,-367.45160000000004
2026-07-17,09:30,C,43600.0,44058.17,42928.0,-1.039919490103991,-0.09039548022599098,0.1778547042910139,21,530.0,0.0,535.0,2026-07-17 09:30:27.299,530.0,530.0,565.0,True,565.0,sj_ask,-566.065,-536.035
2026-07-17,09:30,P,44500.0,44058.17,42928.0,-1.039919490103991,-0.09039548022599098,0.1778547042910139,21,455.0,1572.0,458.9337175792507,2026-07-17 09:30:11.379,455.0,455.0,462.0,True,462.0,sj_ask,1107.67944,1110.7487887031702
2026-07-17,10:00,C,43450.0,43880.52,42928.0,-1.039919490103991,-0.42937853107344326,0.2573098348016112,17,525.0,0.0,530.0,2026-07-17 10:01:17.264,525.0,525.0,540.0,True,540.0,sj_ask,-541.04,-531.03
2026-07-17,10:00,P,44300.0,43880.52,42928.0,-1.039919490103991,-0.42937853107344326,0.2573098348016112,17,382.0,1372.0,385.1056910569106,2026-07-17 10:00:18.642,382.0,378.0,382.0,True,382.0,sj_ask,987.75944,984.6506432520325
2026-07-22,09:30,C,44500.0,44947.26,44841.0,0.08674184293053777,0.04444444444444695,-0.1777470643033241,22,411.0,341.0,413.8821879382889,2026-07-22 09:30:00.181,411.0,412.0,422.0,True,422.0,sj_ask,-83.31882,-75.19289012622718
2026-07-22,09:30,P,45400.0,44947.26,44841.0,0.08674184293053777,0.04444444444444695,-0.1777470643033241,22,540.0,559.0,545.0,2026-07-22 09:30:00.040,540.0,540.0,550.0,True,550.0,sj_ask,6.55318,11.55818
2026-07-22,10:00,C,44500.0,44962.7,44841.0,0.08674184293053777,-0.14444444444444704,-0.30899434406583826,21,383.0,341.0,385.42405063291136,2026-07-22 10:00:11.464,383.0,377.0,383.0,True,383.0,sj_ask,-44.27982,-46.70629468354427
2026-07-22,10:00,P,45400.0,44962.7,44841.0,0.08674184293053777,-0.14444444444444704,-0.30899434406583826,21,595.0,559.0,600.0,2026-07-22 10:00:44.280,595.0,590.0,595.0,True,595.0,sj_ask,-38.49182,-43.49682
2026-07-24,09:30,C,43900.0,44365.42,43688.0,-0.5068594985470076,0.41208169179911547,-0.3095493147364847,16,420.0,0.0,422.945301542777,2026-07-24 09:31:58.865,420.0,413.0,420.0,True,420.0,sj_ask,-420.92,-423.86824684431974
2026-07-24,09:30,P,44800.0,44365.42,43688.0,-0.5068594985470076,0.41208169179911547,-0.3095493147364847,16,482.0,1112.0,486.16714697406337,2026-07-24 09:33:53.446,482.0,469.0,482.0,True,482.0,sj_ask,627.6442400000001,623.4729258789627
2026-07-24,10:00,C,43800.0,44263.69,43688.0,-0.5068594985470076,0.09056740479100878,-0.318768482811127,15,360.0,0.0,362.27848101265823,2026-07-24 10:01:13.014,360.0,360.0,364.0,True,364.0,sj_ask,-364.864,-363.1407594936709
2026-07-24,10:00,P,44700.0,44263.69,43688.0,-0.5068594985470076,0.09056740479100878,-0.318768482811127,15,600.0,1012.0,605.0,2026-07-24 10:00:10.361,600.0,590.0,600.0,True,600.0,sj_ask,409.52624,404.52124
2026-07-29,09:30,C,40750.0,41147.63,40035.0,0.062068800878511965,-1.1952761541214385,0.4486066073174477,18,,0.0,,,,,,True,,no_fill,,
2026-07-29,09:30,P,41550.0,41147.63,40035.0,0.062068800878511965,-1.1952761541214385,0.4486066073174477,18,330.0,1515.0,332.8530259365994,2026-07-29 09:30:01.192,330.0,330.0,339.0,True,339.0,sj_ask,1173.8603,1180.013421037464
2026-07-29,10:00,C,40000.0,40354.54,40035.0,0.062068800878511965,-3.1420732434689236,0.5130456607417067,13,590.0,35.0,595.0,2026-07-29 10:00:14.029,590.0,590.0,600.0,True,600.0,sj_ask,-567.4007,-562.3957
2026-07-29,10:00,P,40750.0,40354.54,40035.0,0.062068800878511965,-3.1420732434689236,0.5130456607417067,13,329.0,715.0,331.6747967479675,2026-07-29 10:00:01.747,329.0,329.0,341.0,True,341.0,sj_ask,371.8583,381.19282845528454
2026-07-31,09:30,C,42200.0,42610.75,43181.0,1.1275950213813113,2.6316411140771434,0.12590408474724146,24,540.0,981.0,545.0,2026-07-31 09:30:02.770,540.0,535.0,540.0,True,540.0,sj_ask,438.59637999999995,433.59137999999996
2026-07-31,09:30,P,43050.0,42610.75,43181.0,1.1275950213813113,2.6316411140771434,0.12590408474724146,24,382.0,0.0,385.3025936599423,2026-07-31 09:30:07.121,382.0,373.0,382.0,True,382.0,sj_ask,-382.882,-386.1878962536023
2026-07-31,10:00,C,42150.0,42573.39,43181.0,1.1275950213813113,2.522973707212217,-0.1162045237163234,17,495.0,1031.0,498.13291139240505,2026-07-31 10:00:06.163,495.0,486.0,494.0,True,494.0,sj_ask,534.64238,530.5053356962026
2026-07-31,10:00,P,43000.0,42573.39,43181.0,1.1275950213813113,2.522973707212217,-0.1162045237163234,17,433.0,0.0,436.520325203252,2026-07-31 10:00:05.516,433.0,433.0,440.0,True,440.0,sj_ask,-440.94,-437.4568455284553
2026-08-05,09:30,C,44050.0,44489.28,44560.0,0.25595545476997383,-0.5621122880881457,-0.4208584650354785,21,450.0,510.0,453.1556802244039,2026-08-05 09:34:28.617,450.0,310.0,493.0,True,493.0,sj_ask,14.615800000000002,54.49996409537169
2026-08-05,09:30,P,44950.0,44489.28,44560.0,0.25595545476997383,-0.5621122880881457,-0.4208584650354785,21,605.0,390.0,610.2305475504322,2026-08-05 09:31:04.416,605.0,600.0,615.0,True,615.0,sj_ask,-227.5062,-222.73197809798265
2026-08-05,10:00,C,44400.0,44825.9,44560.0,0.25595545476997383,0.2709784336998533,-0.2065807241461104,19,412.0,160.0,414.60759493670884,2026-08-05 10:00:03.661,412.0,408.0,412.0,True,412.0,sj_ask,-254.3032,-256.91340253164554
2026-08-05,10:00,P,45250.0,44825.9,44560.0,0.25595545476997383,0.2709784336998533,-0.2065807241461104,19,,690.0,,,,,,True,,no_fill,,
2026-08-07,09:30,C,44050.0,44517.52,44237.0,0.10102597490064813,-0.47097873867408824,-0.24486678348384916,18,411.0,187.0,413.8821879382889,2026-08-07 09:34:45.730,411.0,411.0,600.0,True,600.0,sj_ask,-415.48474000000004,-229.1808101262272
2026-08-07,09:30,P,44950.0,44517.52,44237.0,0.10102597490064813,-0.47097873867408824,-0.24486678348384916,18,555.0,713.0,560.0,2026-08-07 09:34:27.899,555.0,540.0,555.0,True,555.0,sj_ask,155.56026,150.55526
2026-08-07,10:00,C,43850.0,44311.7,44237.0,0.10102597490064813,-0.8500044855118016,-0.23532898821980175,16,401.0,387.0,403.5379746835443,2026-08-07 10:00:00.989,401.0,386.0,403.0,True,403.0,sj_ask,-18.28774,-18.826252658227837
2026-08-07,10:00,P,44750.0,44311.7,44237.0,0.10102597490064813,-0.8500044855118016,-0.23532898821980175,16,575.0,513.0,580.0,2026-08-07 10:00:46.294,575.0,570.0,585.0,True,585.0,sj_ask,-74.46973999999999,-69.46473999999999
2026-08-12,09:30,C,44850.0,45281.26,45467.0,0.1568055831621784,-0.21389195148842077,-0.07279319136305196,20,457.0,617.0,460.20476858345023,2026-08-12 09:30:47.562,457.0,440.0,457.0,True,457.0,sj_ask,157.63366000000002,154.42568664796633
2026-08-12,09:30,P,45750.0,45281.26,45467.0,0.1568055831621784,-0.21389195148842077,-0.07279319136305196,20,,283.0,,,,,,True,,no_fill,,
2026-08-12,10:00,C,44950.0,45388.33,45467.0,0.1568055831621784,0.14332965821388655,0.06223107208005452,19,441.0,517.0,443.7911392405063,2026-08-12 10:03:50.045,441.0,441.0,450.0,True,450.0,sj_ask,64.64066,70.85572962025319
2026-08-12,10:00,P,45850.0,45388.33,45467.0,0.1568055831621784,0.14332965821388655,0.06223107208005452,19,485.0,383.0,488.9430894308943,2026-08-12 10:03:50.115,485.0,480.0,493.0,True,493.0,sj_ask,-112.40234,-108.3413725203252
2026-08-14,09:30,C,45750.0,46190.81,45892.0,0.16598762637693998,-0.6800671458701002,-0.09058269091211102,15,,142.0,,,,,,True,,no_fill,,
2026-08-14,09:30,P,46650.0,46190.81,45892.0,0.16598762637693998,-0.6800671458701002,-0.09058269091211102,15,545.0,758.0,550.0,2026-08-14 09:32:46.995,545.0,535.0,545.0,True,545.0,sj_ask,210.53716,205.53215999999998
2026-08-14,10:00,C,45700.0,46163.63,45892.0,0.16598762637693998,-0.7984332630310287,-0.15490287864613483,21,434.0,192.0,436.746835443038,2026-08-14 10:00:25.249,434.0,432.0,434.0,True,434.0,sj_ask,-244.35184,-247.10142227848104
2026-08-14,10:00,P,46650.0,46163.63,45892.0,0.16598762637693998,-0.7984332630310287,-0.15490287864613483,21,,758.0,,,,,,True,,no_fill,,
2026-08-19,09:30,C,44400.0,44841.48,44612.0,-0.6632904584771171,1.0218813444619945,-0.20692020995113913,22,400.0,212.0,402.80504908835906,2026-08-19 09:30:22.300,400.0,396.0,400.0,True,400.0,sj_ask,-190.29224,-193.1000941374474
2026-08-19,09:30,P,45300.0,44841.48,44612.0,-0.6632904584771171,1.0218813444619945,-0.20692020995113913,22,550.0,688.0,555.0,2026-08-19 09:30:22.000,550.0,550.0,560.0,True,560.0,sj_ask,125.54776,130.55276
2026-08-19,10:00,C,44350.0,44783.65,44612.0,-0.6632904584771171,1.0489510489510412,-0.06109207441979958,23,440.0,262.0,442.7848101265823,2026-08-19 10:00:06.864,440.0,432.0,444.0,True,444.0,sj_ask,-184.33623999999998,-183.11983493670883
2026-08-19,10:00,P,45250.0,44783.65,44612.0,-0.6632904584771171,1.0489510489510412,-0.06109207441979958,23,525.0,638.0,530.0,2026-08-19 10:01:03.237,525.0,505.0,525.0,True,525.0,sj_ask,110.58276,105.57776
2026-08-21,09:30,C,44500.0,44959.49,45121.0,0.18525131684670182,0.028961614721412232,-0.1738997747399551,18,400.0,621.0,402.80504908835906,2026-08-21 09:30:04.669,400.0,400.0,405.0,True,405.0,sj_ask,213.69258,215.88972586255258
2026-08-21,09:30,P,45400.0,44959.49,45121.0,0.18525131684670182,0.028961614721412232,-0.1738997747399551,18,525.0,279.0,530.0,2026-08-21 09:30:23.749,525.0,525.0,540.0,True,540.0,sj_ask,-263.44242,-253.43242
2026-08-21,10:00,C,44500.0,44957.02,45121.0,0.18525131684670182,0.2339207342883176,0.035727244070238307,20,475.0,621.0,478.00632911392404,2026-08-21 10:00:00.758,475.0,473.0,479.0,True,479.0,sj_ask,139.61857999999998,140.61324455696203
2026-08-21,10:00,P,45400.0,44957.02,45121.0,0.18525131684670182,0.2339207342883176,0.035727244070238307,20,433.0,279.0,436.520325203252,2026-08-21 10:01:23.130,433.0,425.0,437.0,True,437.0,sj_ask,-160.33942000000002,-159.85926552845527
2026-08-26,09:30,C,44700.0,45159.67,45850.0,-0.33452912824349923,-0.4526885282102211,-0.19574671614954742,21,409.0,1150.0,411.86816269284714,2026-08-26 09:30:50.450,409.0,402.0,409.0,True,409.0,sj_ask,738.674,735.80296914446
2026-08-26,09:30,P,45600.0,45159.67,45850.0,-0.33452912824349923,-0.4526885282102211,-0.19574671614954742,21,505.0,0.0,510.0,2026-08-26 09:30:17.196,505.0,505.0,510.0,True,510.0,sj_ask,-511.01,-511.01
2026-08-26,10:00,C,45000.0,45437.23,45850.0,-0.33452912824349923,0.24953074969635836,-0.16996326742333423,18,385.0,850.0,387.4367088607595,2026-08-26 10:00:00.636,385.0,381.0,385.0,True,385.0,sj_ask,462.69800000000004,460.25885443037976
2026-08-26,10:00,P,45900.0,45437.23,45850.0,-0.33452912824349923,0.24953074969635836,-0.16996326742333423,18,,50.0,,,,,,True,,no_fill,,
2026-08-28,09:30,C,45950.0,46398.88,46323.0,-0.04742605846339565,0.08411335892679617,-0.08563365130985212,20,397.0,373.0,399.78401122019636,2026-08-28 09:30:44.779,397.0,397.0,401.0,True,401.0,sj_ask,-30.32746,-29.110255231416556
2026-08-28,09:30,P,46850.0,46398.88,46323.0,-0.04742605846339565,0.08411335892679617,-0.08563365130985212,20,497.0,527.0,501.2968299711815,2026-08-28 09:32:26.388,497.0,497.0,510.0,True,510.0,sj_ask,14.56354,23.275413198847296
2026-08-28,10:00,C,45800.0,46244.33,46323.0,-0.04742605846339565,-0.2674373463313673,-0.04862861468557522,20,451.0,523.0,453.8544303797468,2026-08-28 10:00:30.538,451.0,451.0,459.0,True,459.0,sj_ask,61.61454,66.76525518987343
2026-08-28,10:00,P,46700.0,46244.33,46323.0,-0.04742605846339565,-0.2674373463313673,-0.04862861468557522,20,450.0,377.0,453.6585365853658,2026-08-28 10:00:44.489,450.0,450.0,460.0,True,460.0,sj_ask,-85.38646,-79.0386551219512
2026-09-02,09:30,C,46050.0,46510.95,46223.0,0.04713040125110535,-0.5181901886469276,0.014511775499603807,21,460.0,173.0,463.22580645161287,2026-09-02 09:30:04.499,460.0,461.0,478.0,True,478.0,sj_ask,-307.40246,-292.61349225806447
2026-09-02,09:30,P,47000.0,46510.95,46223.0,0.04713040125110535,-0.5181901886469276,0.014511775499603807,21,499.0,777.0,503.31412103746396,2026-09-02 09:30:04.438,499.0,498.0,505.0,True,505.0,sj_ask,269.57054,271.25810484149855
2026-09-02,10:00,C,45950.0,46410.59,46223.0,0.04713040125110535,-0.734459647545016,0.09998514025849614,18,480.0,273.0,483.0379746835443,2026-09-02 10:00:10.070,480.0,471.0,480.0,True,480.0,sj_ask,-209.40446,-212.44547265822786
2026-09-02,10:00,P,46850.0,46410.59,46223.0,0.04713040125110535,-0.734459647545016,0.09998514025849614,18,458.0,627.0,461.7235772357724,2026-09-02 10:00:49.189,458.0,453.0,458.0,True,458.0,sj_ask,166.61754,162.89023918699183
2026-09-04,09:30,C,45650.0,46122.79,46520.0,-0.17424226127734643,-0.40512002758263943,0.13285861527847498,23,,870.0,,,,,,True,,no_fill,,
2026-09-04,09:30,P,46600.0,46122.79,46520.0,-0.17424226127734643,-0.40512002758263943,0.13285861527847498,23,435.0,80.0,438.7608069164265,2026-09-04 09:30:08.834,435.0,435.0,438.0,True,438.0,sj_ask,-360.3684,-361.12996772334293
2026-09-04,10:00,C,45650.0,46113.51,46520.0,-0.17424226127734643,-0.5193293970607304,0.024632656831524713,19,,870.0,,,,,,True,,no_fill,,
2026-09-04,10:00,P,46550.0,46113.51,46520.0,-0.17424226127734643,-0.5193293970607304,0.024632656831524713,19,488.0,30.0,491.9674796747967,2026-09-04 10:01:21.873,488.0,480.0,488.0,True,488.0,sj_ask,-460.4184,-464.3898471544715
2026-09-09,09:30,C,46950.0,47449.12,47190.0,0.044628626075859934,0.7009941371399542,-0.20542656569267903,21,420.0,240.0,422.945301542777,2026-09-09 09:30:20.340,420.0,420.0,425.0,True,425.0,sj_ask,-187.36880000000002,-185.31204684431975
2026-09-09,09:30,P,47900.0,47449.12,47190.0,0.044628626075859934,0.7009941371399542,-0.20542656569267903,21,,710.0,,,,,,True,,no_fill,,
2026-09-09,10:00,C,46900.0,47392.75,47190.0,0.044628626075859934,0.7732177755119363,-0.029898822973850603,21,456.0,290.0,458.88607594936707,2026-09-09 10:01:02.761,456.0,456.0,462.0,True,462.0,sj_ask,-174.4058,-171.28876202531646
2026-09-09,10:00,P,47850.0,47392.75,47190.0,0.044628626075859934,0.7732177755119363,-0.029898822973850603,21,470.0,660.0,473.8211382113821,2026-09-09 10:00:00.430,470.0,465.0,477.0,True,477.0,sj_ask,180.5792,183.7612406504065
2026-09-11,09:30,C,45600.0,46045.0,46250.0,-0.5469699600625155,0.22479266695765165,-0.0545516299036819,20,480.0,650.0,483.36605890603084,2026-09-11 09:32:59.948,480.0,471.0,480.0,True,480.0,sj_ask,167.595,164.22557503506312
2026-09-11,09:30,P,46500.0,46045.0,46250.0,-0.5469699600625155,0.22479266695765165,-0.0545516299036819,20,500.0,250.0,505.0,2026-09-11 09:30:03.861,500.0,495.0,500.0,True,500.0,sj_ask,-252.425,-257.43
2026-09-11,10:00,C,45750.0,46187.51,46250.0,-0.5469699600625155,0.3928415539065977,-0.1548488700565731,18,,500.0,,,,,,True,,no_fill,,
2026-09-11,10:00,P,46650.0,46187.51,46250.0,-0.5469699600625155,0.3928415539065977,-0.1548488700565731,18,,400.0,,,,,,True,,no_fill,,
2026-09-16,09:30,C,45300.0,45773.87,45759.0,0.010982011465210384,0.5182940220494592,-0.09350273829447087,19,461.0,459.0,464.2328190743338,2026-09-16 09:30:22.148,461.0,461.0,468.0,True,468.0,sj_ask,-11.38318,-7.612231893408138
2026-09-16,09:30,P,46250.0,45773.87,45759.0,0.010982011465210384,0.5182940220494592,-0.09350273829447087,19,,491.0,,,,,,True,,no_fill,,
2026-09-16,10:00,C,45200.0,45678.64,45759.0,0.010982011465210384,0.1603197610576812,-0.14609985754170385,20,443.0,559.0,445.8037974683544,2026-09-16 10:00:46.645,443.0,443.0,449.0,True,449.0,sj_ask,107.63582,110.83521873417725
2026-09-16,10:00,P,46150.0,45678.64,45759.0,0.010982011465210384,0.1603197610576812,-0.14609985754170385,20,483.0,391.0,486.9268292682927,2026-09-16 10:03:07.416,483.0,475.0,489.0,True,489.0,sj_ask,-100.40418000000001,-98.328936097561
2026-09-18,09:30,C,46250.0,46722.63,47116.0,-0.16963528413910245,-0.20603228547153574,0.012168439430793043,18,497.0,866.0,500.4852734922861,2026-09-18 09:33:52.920,497.0,497.0,505.0,True,505.0,sj_ask,358.55268,363.0719212342216
2026-09-18,09:30,P,47200.0,46722.63,47116.0,-0.16963528413910245,-0.20603228547153574,0.012168439430793043,18,450.0,84.0,453.8904899135446,2026-09-18 09:30:01.008,450.0,445.0,450.0,True,450.0,sj_ask,-368.39232,-372.28670040345816
2026-09-18,10:00,C,46350.0,46797.36,47116.0,-0.16963528413910245,-0.17417162276975873,0.005513538450097055,16,,766.0,,,,,,True,,no_fill,,
2026-09-18,10:00,P,47250.0,46797.36,47116.0,-0.16963528413910245,-0.17417162276975873,0.005513538450097055,16,447.0,134.0,450.6341463414634,2026-09-18 10:00:11.885,447.0,443.0,447.0,True,447.0,sj_ask,-315.38932,-319.0271004878049
