date,slot,spot,ssp,npairs,dev_med,dev_vmax,K_vmax,move
2017-05-17,09:30,9998.56,10000.0,5,0.032404666271945715,0.03440495431341617,10000.0,0.014402073898645007
2017-05-17,10:00,9990.47,10000.0,3,0.05835561289908586,0.06135847462633848,10000.0,0.09539090753489798
2017-05-17,10:30,9992.98,10000.0,2,0.04423105019724094,0.04323034770408185,10000.0,0.07024931501915521
2017-05-17,11:00,9986.21,10000.0,3,0.06098409706987162,0.0489675262186573,10000.0,0.13809042669843397
2017-05-17,11:30,9974.92,10000.0,4,0.08350944167972996,0.08601572744442176,10000.0,0.2514305879144807
2017-05-17,12:00,9976.57,10000.0,3,0.023354720109214355,0.027364114119388105,10000.0,0.2348502541454689
2017-05-17,12:30,9975.57,10000.0,3,0.02435951028363359,0.02435951028363359,10000.0,0.2448982865139504
2017-05-17,13:00,9994.67,10000.0,4,-0.0007003732989618872,-0.00170090658321298,10000.0,0.053328424050014256
2017-05-24,09:30,10035.32,10046.0,4,-0.0853983729467489,-0.09486493704237153,10000.0,0.10642411004333496
2017-05-24,10:00,10034.23,10046.0,3,-0.07404653869803601,-0.07404653869803601,10000.0,0.11729848727806136
2017-05-24,10:30,10038.93,10046.0,4,-0.07749829912151451,-0.07301574968646696,10000.0,0.07042583223511034
2017-05-24,11:00,10053.87,10046.0,3,-0.10165088193579974,-0.10413900318982927,10000.0,-0.07827831471861613
2017-05-24,11:30,10055.1,10046.0,2,-0.059671211623951725,-0.06066573181768842,10000.0,-0.09050133762966706
2017-05-24,12:00,10054.13,10046.0,1,-0.021593608291947675,-0.021593608291947675,10000.0,-0.08086229241116571
2017-05-24,12:30,10049.17,10046.0,2,-0.04472816116857237,-0.03851064316755526,10000.0,-0.031544893757395887
2017-05-24,13:00,10048.86,10046.0,2,-0.04506669785526163,-0.02775818344080694,10000.0,-0.02846093984790743
2017-05-31,09:30,10095.09,10038.0,4,0.038731700262206736,0.049628086525244086,10100.0,-0.5655224470509923
2017-05-31,10:00,10093.94,10038.0,2,-0.0065844179237051215,0.010501350315128555,10100.0,-0.5541939024801046
2017-05-31,10:30,10062.75,10038.0,3,0.048197560309071186,0.055153909219640695,10100.0,-0.2459566221957199
2017-05-31,11:00,10065.74,10038.0,2,0.032387087288177074,0.03536749409382978,10100.0,-0.27558828262999047
2017-05-31,11:30,10064.37,10038.0,3,-0.024542022997975366,-0.024542022997975366,10100.0,-0.26201341961792357
2017-05-31,12:00,10039.62,10038.0,1,0.0745048119351166,0.0745048119351166,10000.0,-0.016136068895045153
2017-05-31,12:30,10040.11,10038.0,2,0.04556460444754551,0.03445652303808444,10100.0,-0.021015706003224555
2017-05-31,13:00,10041.95,10038.0,3,0.03833916719360175,0.042322457291654736,10100.0,-0.039334989718142754
2017-06-07,09:30,10233.19,10203.0,3,-0.018469314065328035,-0.02628701314058013,10200.0,-0.2950204188527761
2017-06-07,10:00,10223.52,10203.0,3,-0.022692771178611792,-0.027583454622281955,10200.0,-0.2007136485281058
2017-06-07,10:30,10215.07,10203.0,3,-0.03396941969070477,-0.03396941969070477,10200.0,-0.11815875955818456
2017-06-07,11:00,10189.2,10203.0,3,-0.03238723354140882,-0.03238723354140882,10200.0,0.1354375220822046
2017-06-07,11:30,10200.23,10203.0,2,-0.0480907120063101,-0.04931261353909866,10200.0,0.02715625039828584
2017-06-07,12:00,10202.08,10203.0,2,-0.009115788152996851,-0.009605884290253552,10200.0,0.00901776892554551
2017-06-07,12:30,10200.91,10203.0,2,-0.008528580900390992,-0.0177435150393368,10200.0,0.02048836819459332
2017-06-07,13:00,10199.71,10203.0,3,0.0038236381230571936,-0.001078462034698191,10200.0,0.03225581903800734
2017-06-14,09:30,10141.54,10049.0,5,-0.03096176714779686,-0.041808246084928946,10150.0,-0.9124846916740537
2017-06-14,10:00,10132.4,10049.0,5,-0.040464253286487395,-0.03849038727250509,10150.0,-0.8231021278275574
2017-06-14,10:30,10067.13,10049.0,6,0.007151988699871659,0.013608645165019695,10150.0,-0.1800910487894658
2017-06-14,11:00,10062.96,10049.0,5,0.006560218832984965,-0.028421060999928027,10100.0,-0.13872657746825112
2017-06-14,11:30,10061.35,10049.0,4,0.01540548733520719,0.023356706604982236,10100.0,-0.12274694747722581
2017-06-14,12:00,10065.54,10049.0,4,-0.02523448700039177,-0.016293214273666035,10100.0,-0.16432302688182965
2017-06-14,12:30,10057.04,10049.0,4,0.017003014803551597,0.025454805787772372,10100.0,-0.07994399942727881
2017-06-14,13:00,10050.65,10049.0,3,-0.004278381339095638,-0.004278381339095638,10100.0,-0.016416848661526817
2017-06-21,09:30,10301.05,10369.0,6,-0.04659719154842534,-0.04805335378431641,10300.0,0.6596414928575323
2017-06-21,10:00,10324.47,10369.0,5,-0.07555796652202185,-0.0762266731367256,10300.0,0.43130543262754895
2017-06-21,10:30,10330.33,10369.0,3,-0.05643575761858921,-0.061275874052424406,10300.0,0.3743346049932539
2017-06-21,11:00,10309.44,10369.0,6,-0.08429167830649176,-0.08477667070180273,10300.0,0.5777229413042706
2017-06-21,11:30,10311.89,10369.0,4,-0.038983653481744485,-0.0464512325092592,10300.0,0.5538266990823271
2017-06-21,12:00,10310.01,10369.0,2,0.005722593867518722,0.009602318523449505,10300.0,0.5721623936349118
2017-06-21,12:30,10330.53,10369.0,5,-0.07579475593216811,-0.07579475593216811,10300.0,0.37239134874975655
2017-06-21,13:00,10338.11,10369.0,5,0.046333420712296736,0.06277743223856991,10300.0,0.2987973623805429
2017-06-28,09:30,10448.76,10401.0,7,-0.0034453849069193687,-0.002488333543881893,10450.0,-0.4570877309843513
2017-06-28,10:00,10435.67,10401.0,5,0.02041076423457966,0.018494260550605546,10450.0,-0.33222591362126463
2017-06-28,10:30,10399.17,10401.0,6,0.026252095119139174,0.023367249501649034,10450.0,0.017597558266668756
2017-06-28,11:00,10386.97,10401.0,4,0.05516526956369505,0.05805350357226402,10450.0,0.13507307713414018
2017-06-28,11:30,10411.49,10401.0,4,0.010661298238767714,0.010661298238767714,10450.0,-0.10075407074299214
2017-06-28,12:00,10403.62,10401.0,4,0.006393124601683509,0.024799060327085343,10450.0,-0.025183541882545235
2017-06-28,12:30,10395.04,10401.0,2,0.016450153149960567,0.01789314904030448,10400.0,0.05733503670981577
2017-06-28,13:00,10395.01,10401.0,3,0.012409800471568921,0.012409800471568921,10400.0,0.05762380218969909
2017-07-05,09:30,10357.44,10390.0,5,-0.02741990298761321,-0.02838539252942862,10350.0,0.31436339481569764
2017-07-05,10:00,10312.54,10390.0,6,-0.03917560562189948,-0.03626652599652003,10350.0,0.7511243592752015
2017-07-05,10:30,10340.17,10390.0,5,-0.005512481903102717,-0.006479583991370053,10350.0,0.4819069705817247
2017-07-05,11:00,10338.8,10390.0,5,0.0715750377219937,0.0812473401168523,10350.0,0.49522188261694744
2017-07-05,11:30,10364.18,10390.0,6,0.005018114939669971,-0.005596197673141123,10350.0,0.24912728262149741
2017-07-05,12:00,10362.1,10390.0,5,-0.05886837610137308,-0.05886837610137308,10350.0,0.26925044151282496
2017-07-05,12:30,10363.06,10390.0,4,-0.014039856238701187,-0.014088502816722581,10350.0,0.25996182594716366
2017-07-05,13:00,10365.6,10390.0,4,0.013506212857905542,0.011576753878195234,10350.0,0.23539399552365836
2017-07-12,09:30,10434.54,10427.0,5,-0.04350934492560743,-0.04350934492560743,10400.0,-0.07226001337865551
2017-07-12,10:00,10421.77,10427.0,5,-0.04289098684773229,-0.05248628591881799,10400.0,0.05018341414173566
2017-07-12,10:30,10434.91,10427.0,5,-0.054819096979963344,-0.065261703263364,10400.0,-0.07580324123542814
2017-07-12,11:00,10435.05,10427.0,3,-0.027789756120932818,-0.03114503524180856,10400.0,-0.07714385652199951
2017-07-12,11:30,10438.9,10427.0,5,-0.02596031616025618,-0.03065457088389234,10400.0,-0.11399668547451558
2017-07-12,12:00,10425.84,10427.0,5,-0.009016060096844747,-0.009016060096844747,10450.0,0.011126201821620718
2017-07-12,12:30,10426.52,10427.0,2,0.027571975348406053,0.011217501603533186,10450.0,0.004603645319822824
2017-07-12,13:00,10431.8,10427.0,4,0.001871132967895539,-0.007668858682097213,10450.0,-0.046013152092627685
2017-07-19,09:30,10496.81,10500.0,5,-0.05058679732222737,-0.05058679732222737,10500.0,0.030390185208650777
2017-07-19,10:00,10519.72,10500.0,6,0.04781496085447534,0.041636089173491264,10500.0,-0.18745746084496417
2017-07-19,10:30,10526.59,10500.0,5,0.07514304252373982,0.07514304252373982,10500.0,-0.2525984198111675
2017-07-19,11:00,10535.71,10500.0,5,-0.008637291649071788,-0.00768813872059626,10500.0,-0.33894251075626824
2017-07-19,11:30,10529.93,10500.0,5,0.05384651180018185,0.0519471639412572,10500.0,-0.2842374070862852
2017-07-19,12:00,10524.2,10500.0,5,0.004750954941945551,0.0028505729651628897,10500.0,-0.2299462191900692
2017-07-19,12:30,10502.77,10500.0,6,-0.03779955192774187,-0.04065594124217364,10500.0,-0.02637399466998147
2017-07-19,13:00,10503.48,10500.0,4,-0.05360128262251185,-0.056933511559975614,10500.0,-0.03313187629242487
2017-07-26,09:30,10496.0,10422.0,5,0.018102134146347204,0.02381859756097615,10500.0,-0.7050304878048808
2017-07-26,10:00,10471.9,10422.0,5,-0.06684555811266035,-0.06684555811266035,10500.0,-0.476513335688844
2017-07-26,10:30,10449.75,10422.0,5,-0.003349362424942548,-0.003349362424942548,10450.0,-0.2655565922629721
2017-07-26,11:00,10452.18,10422.0,4,-0.0002870214634742574,0.002104824065396471,10450.0,-0.28874359224583257
2017-07-26,11:30,10451.08,10422.0,6,-0.007847588349962908,-0.007369076865215707,10450.0,-0.27824875515257697
2017-07-26,12:00,10448.81,10422.0,2,0.008517716371536643,0.012345903504806799,10450.0,-0.2565842426075271
2017-07-26,12:30,10442.14,10422.0,3,0.0011490972883221318,0.0053628853855736125,10450.0,-0.19287234225934258
2017-07-26,13:00,10437.21,10422.0,2,-0.006323528989066185,-0.008718805121288309,10450.0,-0.14572859988444264
2017-08-02,09:30,10498.02,10500.0,6,-0.06305951026956413,-0.06877487373810887,10500.0,0.01886069944618818
2017-08-02,10:00,10498.87,10500.0,6,-0.023241803371876202,-0.032098692525961425,10500.0,0.010763063072505297
2017-08-02,10:30,10495.24,10500.0,5,0.029156074563330137,0.029156074563330137,10500.0,0.04535389376516541
2017-08-02,11:00,10499.98,10500.0,2,-0.013523053123842832,-0.008380968344690043,10500.0,0.0001904765532856345
2017-08-02,11:30,10503.5,10500.0,4,-0.02146944244583726,-0.022849526348356353,10500.0,-0.03332222592469236
2017-08-02,12:00,10509.44,10500.0,4,-0.032256713963829675,-0.03368400219232459,10500.0,-0.089824005846173
2017-08-02,12:30,10506.19,10500.0,2,-0.014134262603027192,-0.01703757499151859,10500.0,-0.058917647596323786
2017-08-02,13:00,10495.29,10500.0,4,0.018675043757721,0.01915144793520618,10500.0,0.04487727351982773
2017-08-09,09:30,10527.15,10468.0,6,-0.042746612330962774,-0.04322157469019983,10500.0,-0.5618804709726755
2017-08-09,10:00,10520.35,10468.0,5,-0.00903011781928642,-0.00903011781928642,10500.0,-0.49760701877789026
2017-08-09,10:30,10495.58,10468.0,5,0.007812812631602384,0.010671158716335505,10500.0,-0.26277728338977013
2017-08-09,11:00,10491.48,10468.0,6,-0.037458966704401186,-0.03888869825801056,10500.0,-0.22380064585739712
2017-08-09,11:30,10474.29,10468.0,5,0.03542006188486102,0.03542006188486102,10500.0,-0.060051803033911444
2017-08-09,12:00,10478.15,10468.0,3,0.03674312736503538,0.03674312736503538,10500.0,-0.09686824487146195
2017-08-09,12:30,10485.83,10468.0,5,-0.006961776034897227,-0.006961776034897227,10500.0,-0.1700389954824688
2017-08-09,13:00,10488.72,10468.0,3,0.01697061223868701,0.01697061223868701,10500.0,-0.19754555369958515
2017-08-16,09:30,10306.93,10254.0,6,-0.09682805646298864,-0.10119405099288104,10300.0,-0.513537978816192
2017-08-16,10:00,10316.2,10254.0,5,-0.03489657044261074,-0.04071266551638475,10300.0,-0.6029351893139023
2017-08-16,10:30,10304.95,10254.0,4,-0.014556111383373649,-0.02280457450061224,10300.0,-0.4944225833216187
2017-08-16,11:00,10310.29,10254.0,4,-0.05668981845227683,-0.0571273940888295,10300.0,-0.5459594250016298
2017-08-16,11:30,10312.52,10254.0,6,-0.07538595513380542,-0.06613320507499187,10300.0,-0.5674655661273897
2017-08-16,12:00,10314.66,10254.0,5,-0.026758031772255997,-0.03548347691537668,10300.0,-0.5880950026467158
2017-08-16,12:30,10280.56,10254.0,6,-0.10077272055218356,-0.10466355918354875,10300.0,-0.2583516851222045
2017-08-16,13:00,10271.33,10254.0,6,-0.006133577637951193,-0.008080745142058365,10300.0,-0.16872206423121927
2017-08-23,09:30,10444.03,10393.0,6,-0.06587495439978608,-0.06539621199862511,10400.0,-0.48860449462516664
2017-08-23,10:00,10426.3,10393.0,6,-0.036446294466874196,-0.036446294466874196,10450.0,-0.31938463309131304
2017-08-23,10:30,10421.72,10393.0,4,0.00988320545938226,0.00940343820408085,10450.0,-0.2755783114495425
2017-08-23,11:00,10432.51,10393.0,5,-0.04994004319192058,-0.04994004319192058,10450.0,-0.37871998205609714
2017-08-23,11:30,10427.26,10393.0,4,-0.018648475661980912,-0.00824761250799444,10400.0,-0.32856186572503
2017-08-23,12:00,10429.81,10393.0,5,-0.013423333589013264,-0.014477732576145819,10400.0,-0.35293068617739953
2017-08-23,12:30,10427.66,10393.0,4,0.030591714727934427,0.03874311206926162,10450.0,-0.3323852139406114
2017-08-23,13:00,10423.33,10393.0,3,-0.006044133688554165,-0.006044133688554165,10450.0,-0.29098186472077403
2017-08-30,09:30,10564.58,10557.0,5,-0.05281800128353886,-0.05281800128353886,10550.0,-0.07174918453928258
2017-08-30,10:00,10544.82,10557.0,7,-0.03812298360712507,-0.04096798238376609,10550.0,0.11550695033202274
2017-08-30,10:30,10544.56,10557.0,6,-0.026174634124143115,-0.026174634124143115,10550.0,0.11797552482037954
2017-08-30,11:00,10544.32,10557.0,4,-0.02129240132544563,-0.022002367151219282,10550.0,0.1202543170161885
2017-08-30,11:30,10543.62,10557.0,3,0.05197455902241632,0.05102611816434344,10550.0,0.12690138681021867
2017-08-30,12:00,10549.38,10557.0,5,-0.0057814918334120335,0.010616737666113707,10550.0,0.0722317330497324
2017-08-30,12:30,10543.48,10557.0,3,0.024849480437216798,0.021055666629998804,10550.0,0.1282309066835685
2017-08-30,13:00,10564.76,10557.0,5,-0.01855224349631701,-0.01855224349631701,10550.0,-0.07345173955679574
2017-09-06,09:30,10588.56,10550.0,6,-0.04400976147842517,-0.03928768406658012,10600.0,-0.3641666100017371
2017-09-06,10:00,10582.3,10550.0,5,-0.03685399204331752,-0.042523836973062945,10600.0,-0.3052266520510605
2017-09-06,10:30,10588.85,10550.0,5,0.027859493712711902,0.030692662564857365,10600.0,-0.3668953663523489
2017-09-06,11:00,10549.63,10550.0,7,-0.027764011586972615,0.012986237432022207,10600.0,0.003507232007193828
2017-09-06,11:30,10532.24,10550.0,4,0.04709349578058131,0.04614403013984969,10550.0,0.16862509779496104
2017-09-06,12:00,10542.93,10550.0,4,0.021056765054872084,0.022479519450469,10550.0,0.06705915717926114
2017-09-06,12:30,10554.57,10550.0,3,-0.05087843464962605,-0.05277334841684578,10550.0,-0.04329877958078043
2017-09-06,13:00,10548.47,10550.0,3,0.01450447316055925,0.01450447316055925,10550.0,0.01450447316055925
2017-09-13,09:30,10592.04,10543.0,6,-0.051359322661176376,-0.0523034278571588,10600.0,-0.46298918810729894
2017-09-13,10:00,10566.59,10543.0,6,-0.07135698460903339,-0.07277655326837218,10600.0,-0.22325083115745104
2017-09-13,10:30,10555.46,10543.0,7,0.00606321278278088,0.00037895079894045836,10600.0,-0.11804317386451268
2017-09-13,11:00,10555.41,10543.0,5,-0.03647335786995942,-0.0398847605161623,10600.0,-0.11757004228163392
2017-09-13,11:30,10560.09,10543.0,3,-0.05766996304008565,-0.05766996304008565,10600.0,-0.16183574193022743
2017-09-13,12:00,10575.67,10543.0,3,-0.03753899280140027,-0.03753899280140027,10600.0,-0.30891659819188844
2017-09-13,12:30,10563.5,10543.0,4,-0.07147252331139442,-0.07478581909404758,10550.0,-0.19406446726937254
2017-09-13,13:00,10539.25,10543.0,5,0.027990606542216412,0.019451099461531562,10550.0,0.03558127950280543
2017-09-20,09:30,10520.13,10510.0,6,0.08906734042259945,0.08906734042259945,10550.0,-0.09629158575036323
2017-09-20,10:00,10529.26,10510.0,6,0.10675014198529009,0.11149881378178517,10550.0,-0.18291883760112038
2017-09-20,10:30,10540.47,10510.0,5,0.07618256111918686,0.07143893962984205,10550.0,-0.2890762935618518
2017-09-20,11:00,10540.45,10510.0,5,0.016981294961282423,-0.004458031428189457,10550.0,-0.28888709685070957
2017-09-20,11:30,10527.42,10510.0,6,0.06392829392197763,0.06440324409970888,10550.0,-0.16547264191986155
2017-09-20,12:00,10513.13,10510.0,6,-0.004280246986376746,-0.002187740473102995,10550.0,-0.029772294264407417
2017-09-20,12:30,10493.13,10510.0,6,0.1021620812855617,0.10168557904075559,10550.0,0.16077185739622468
2017-09-20,13:00,10492.12,10510.0,5,0.03030846006335519,0.03030846006335519,10550.0,0.17041360563927466
2017-09-27,09:30,10322.51,10335.0,5,0.03768463290421131,0.030903336494714218,10300.0,0.1209977030780296
2017-09-27,10:00,10345.61,10335.0,7,-0.030061059715191796,-0.02812787259522942,10300.0,-0.10255557671321469
2017-09-27,10:30,10350.05,10335.0,6,-0.010048178281518716,0.0006764899449507311,10300.0,-0.14540992555590604
2017-09-27,11:00,10350.4,10335.0,2,-0.012076827948676039,-0.015458339774310215,10300.0,-0.148786520327715
2017-09-27,11:30,10347.16,10335.0,4,-0.01266047881736676,-0.00927790814096996,10300.0,-0.1175201697857231
2017-09-27,12:00,10351.51,10335.0,5,-0.026093259241366518,-0.06482146083036655,10300.0,-0.15949363909226744
2017-09-27,12:30,10338.54,10335.0,5,-0.04101159351321826,-0.04101159351321826,10300.0,-0.03424081156527814
2017-09-27,13:00,10340.17,10335.0,5,-0.005512481903102717,-0.005512481903102717,10350.0,-0.04999917796322251
2017-10-05,09:30,10512.73,10522.0,5,-0.0735299013671975,-0.0735299013671975,10450.0,0.08817880797851174
2017-10-05,10:00,10513.08,10522.0,5,-0.029296837843906243,-0.029296837843906243,10500.0,0.08484668622326108
2017-10-05,10:30,10519.41,10522.0,4,-0.011027234417138043,-0.014354417215411974,10500.0,0.02462115270722709
2017-10-05,11:00,10519.97,10522.0,4,-0.001615967412793573,-0.0044676933489307125,10500.0,0.01929663297519646
2017-10-05,11:30,10518.05,10522.0,4,-0.04320300169324276,-0.027096277351779108,10500.0,0.03755448966300534
2017-10-05,12:00,10516.64,10522.0,2,0.009080403461136921,0.011981012947104297,10500.0,0.0509668487273629
2017-10-05,12:30,10523.09,10522.0,3,-0.017010212779711154,-0.017010212779711154,10500.0,-0.010358174262503628
2017-10-05,13:00,10519.93,10522.0,3,-0.025950743018243738,-0.025950743018243738,10500.0,0.019676937013834994
2017-10-11,09:30,10635.8,10641.0,5,-0.006581545346839857,-0.006581545346839857,10600.0,0.048891479719448405
2017-10-11,10:00,10645.74,10641.0,5,-0.0022544228959198165,-0.0022544228959198165,10600.0,-0.04452485219439417
2017-10-11,10:30,10648.81,10641.0,4,-0.01521531073516158,-0.02732699710108477,10650.0,-0.07334152830221763
2017-10-11,11:00,10638.24,10641.0,2,0.0057340311931386445,0.0024440132954328675,10650.0,0.025944141136124976
2017-10-11,11:30,10597.77,10641.0,6,-0.022834992644688024,-0.022363195275998393,10600.0,0.4079160049708541
2017-10-11,12:00,10620.47,10641.0,3,-0.053387467786270015,-0.05997851319197167,10600.0,0.19330594597037898
2017-10-11,12:30,10630.05,10641.0,3,-0.02775151575015178,-0.02775151575015178,10600.0,0.10300986354720987
2017-10-11,13:00,10641.19,10641.0,5,-0.016821426926882932,-0.027158616658484735,10600.0,-0.001785514590013637
2017-10-18,09:30,10751.64,10728.0,5,0.0005580543991579034,-0.00595258025751777,10750.0,-0.21987343326227426
2017-10-18,10:00,10706.5,10728.0,6,0.044412293462847696,0.04483257834024812,10750.0,0.20081259048241318
2017-10-18,10:30,10723.57,10728.0,5,0.04047050222588666,0.045040970497689514,10750.0,0.041310869421296026
2017-10-18,11:00,10713.36,10728.0,5,-0.07523316681229408,-0.07336633885167698,10750.0,0.13665180671609267
2017-10-18,11:30,10694.49,10728.0,6,-0.017626564716355375,-0.0186077129437634,10700.0,0.3133389249978302
2017-10-18,12:00,10702.61,10728.0,6,0.013922853631087584,0.0027096194292752784,10700.0,0.2372318527910533
2017-10-18,12:30,10703.91,10728.0,5,0.025131003530498575,0.019525575233725334,10700.0,0.22505794611502594
2017-10-18,13:00,10703.85,10728.0,4,0.01354652765126474,0.008875311219780357,10700.0,0.2256197536400384
2017-10-25,09:30,10780.96,10749.0,6,0.04312458386016571,0.05324201184311317,10750.0,-0.29644855374659773
2017-10-25,10:00,10757.9,10749.0,6,-0.058096840461430155,-0.06413891186941578,10750.0,-0.08272990081706899
2017-10-25,10:30,10751.04,10749.0,3,0.07496949132361763,0.07496949132361763,10750.0,-0.018974908473978758
2017-10-25,11:00,10746.91,10749.0,4,0.042156318980957064,0.03889920824291515,10750.0,0.019447450476461903
2017-10-25,11:30,10746.53,10749.0,4,0.07365199121919241,0.07407104120060737,10750.0,0.02298416326014241
2017-10-25,12:00,10749.15,10749.0,4,0.041863775275252646,0.04232892833386792,10750.0,-0.0013954591758347235
2017-10-25,12:30,10746.39,10749.0,6,0.03219685866603372,0.03545376633455888,10750.0,0.024287225756758346
2017-10-25,13:00,10751.86,10749.0,4,-0.003999442991470259,-0.006138472785177651,10750.0,-0.02660004873575872
2017-11-01,09:30,10817.88,10800.0,6,-0.08938993771935855,-0.07746434606410446,10800.0,-0.16528192215109483
2017-11-01,10:00,10832.12,10800.0,5,-0.03526548819623443,-0.03064958659986239,10800.0,-0.29652551855039455
2017-11-01,10:30,10824.72,10800.0,5,-0.02143242504193399,-0.02050861361770906,10800.0,-0.22836618406757436
2017-11-01,11:00,10820.14,10800.0,6,-0.049811603680333105,-0.05120081625560324,10800.0,-0.18613437534079624
2017-11-01,11:30,10820.93,10800.0,4,-0.03308669947608145,-0.04555985483687408,10800.0,-0.19342145268474997
2017-11-01,12:00,10791.11,10800.0,7,0.04809514498507195,0.05365527735330389,10800.0,0.08238262792241713
2017-11-01,12:30,10794.4,10800.0,3,-0.0037056251389611106,-0.0037056251389611106,10800.0,0.05187875194545555
2017-11-01,13:00,10798.18,10800.0,4,0.03259808597375624,0.03259808597375624,10800.0,0.016854692179602004
2017-11-08,09:30,10822.36,10816.0,6,-0.0338188712998011,-0.027350781160495607,10800.0,-0.0587672189799715
2017-11-08,10:00,10828.5,10816.0,4,-0.05152953352215994,-0.04802142494344519,10800.0,-0.11543611765248984
2017-11-08,10:30,10840.48,10816.0,4,-0.05377990642480568,-0.059775950880402995,10800.0,-0.22582025888152613
2017-11-08,11:00,10830.43,10816.0,4,-0.02890005290648867,-0.027976728532486117,10850.0,-0.13323570716952116
2017-11-08,11:30,10825.42,10816.0,5,-0.05745735500330973,-0.0593048583796274,10850.0,-0.08701740902431476
2017-11-08,12:00,10828.97,10816.0,3,-0.034814022016860235,-0.040354715176038614,10800.0,-0.11977131712433975
2017-11-08,12:30,10819.27,10816.0,3,0.00027728303295671,0.00027728303295671,10800.0,-0.030223850592514534
2017-11-08,13:00,10816.4,10816.0,4,0.013682774126977382,0.001849044044233139,10800.0,-0.003698088088455176
2017-11-15,09:30,10650.3,10638.0,7,-0.017839873055214284,-0.012206228932509777,10650.0,-0.11548970451535912
2017-11-15,10:00,10651.17,10638.0,6,-0.040089492515849035,-0.03915062852249962,10650.0,-0.12364838792358057
2017-11-15,10:30,10642.57,10638.0,4,-0.06408226584367904,-0.05703509584620292,10650.0,-0.04294075585126178
2017-11-15,11:00,10631.67,10638.0,5,-0.025113646303920323,-0.025113646303920323,10650.0,0.059539094046368035
2017-11-15,11:30,10626.5,10638.0,4,-0.048934268103328904,-0.048934268103328904,10650.0,0.10822001599775088
2017-11-15,12:00,10610.45,10638.0,6,-0.037227450296650755,-0.037227450296650755,10650.0,0.25964968498035645
2017-11-15,12:30,10625.11,10638.0,6,-0.018917451207572933,-0.026446785021527752,10650.0,0.12131639107735293
2017-11-15,13:00,10630.13,10638.0,3,-0.057666275012624446,-0.057666275012624446,10650.0,0.07403484247137104
2017-11-22,09:30,10837.25,10817.0,5,-0.06320791713765317,-0.06320791713765317,10800.0,-0.18685552146531226
2017-11-22,10:00,10847.57,10817.0,6,-0.023691942066284,-0.021848211166175524,10800.0,-0.28181426808031595
2017-11-22,10:30,10865.25,10817.0,6,-0.01242493269827949,-0.010584201928165449,10850.0,-0.44407629829041895
2017-11-22,11:00,10857.69,10817.0,6,0.004236628601461678,0.0019341130571781662,10850.0,-0.3747574299874157
2017-11-22,11:30,10852.93,10817.0,4,-0.003639325316318054,-0.010411934841569881,10850.0,-0.3310626715550602
2017-11-22,12:00,10866.71,10817.0,2,-0.03262318965485678,-0.06266846175152496,10850.0,-0.45745216353431095
2017-11-22,12:30,10842.47,10817.0,5,0.04362474602190858,0.03347945624936344,10850.0,-0.23490957318765826
2017-11-22,13:00,10818.38,10817.0,2,0.05107151420281619,0.04825121691049983,10800.0,-0.012756068838393197
2017-11-29,09:30,10757.71,10709.0,4,-0.03755453300570144,-0.03634602531579212,10750.0,-0.4527915327704468
2017-11-29,10:00,10723.88,10709.0,6,0.07012387307580026,0.0710563713879786,10750.0,-0.13875574885208186
2017-11-29,10:30,10730.92,10709.0,4,0.03964741182395093,0.05759058869136968,10750.0,-0.2042695314101728
2017-11-29,11:00,10730.09,10709.0,4,-0.028331542419496314,-0.02693360447115767,10750.0,-0.19655007553525117
2017-11-29,11:30,10709.72,10709.0,5,0.04369862143922543,0.044632352666562625,10750.0,-0.006722864836794518
2017-11-29,12:00,10723.87,10709.0,5,-0.0006527494272212664,-0.0006527494272212664,10750.0,-0.13866262832354925
2017-11-29,12:30,10717.99,10709.0,3,9.330107604288429e-05,9.330107604288429e-05,10750.0,-0.08387766736113189
2017-11-29,13:00,10708.11,10709.0,3,-0.00196113039556689,0.00550984253990805,10750.0,0.008311457390708377
2017-12-06,09:30,10518.65,10393.0,6,0.041355116863850405,0.041355116863850405,10550.0,-1.1945449273433328
2017-12-06,10:00,10521.51,10393.0,5,0.05217882224128889,0.051228388320678775,10550.0,-1.22140263137136
2017-12-06,10:30,10481.62,10393.0,5,0.036063127646279725,0.018890209719479856,10550.0,-0.8454799925965761
2017-12-06,11:00,10457.41,10393.0,6,0.04150167202012778,0.04006728243417523,10500.0,-0.6159268882065416
2017-12-06,11:30,10454.09,10393.0,4,0.13449281573050254,0.13688422426054725,10500.0,-0.5843645884051174
2017-12-06,12:00,10430.27,10393.0,5,0.04918376993117146,0.04439003017178145,10500.0,-0.3573253616636962
2017-12-06,12:30,10394.58,10393.0,5,0.033863802096867346,0.03771196142605682,10500.0,-0.015200229350298411
2017-12-06,13:00,10398.81,10393.0,5,-0.04337034718395749,-0.04529364417658055,10500.0,-0.055871777636085085
2017-12-13,09:30,10481.09,10462.0,6,-0.1828859044287423,-0.17736704865619624,10450.0,-0.1821375448545881
2017-12-13,10:00,10452.59,10462.0,7,-0.0974850017554818,-0.09653109899078194,10450.0,0.09002553434125371
2017-12-13,10:30,10465.88,10462.0,4,-0.01700764770854457,-0.01700764770854457,10450.0,-0.03707285006133709
2017-12-13,11:00,10482.87,10462.0,5,-0.09129179318260183,-0.09319966764826937,10450.0,-0.19908670049328947
2017-12-13,11:30,10468.97,10462.0,4,-0.08233856816858842,-0.08377137387917122,10450.0,-0.06657770535209995
2017-12-13,12:00,10471.07,10462.0,4,-0.07297104980182323,-0.0885296345072728,10450.0,-0.08661961003030294
2017-12-13,12:30,10466.33,10462.0,4,0.001624256066834473,0.005446035047618203,10450.0,-0.041370757467040775
2017-12-13,13:00,10457.29,10462.0,4,-0.012190235995090948,-0.000860643627553781,10450.0,0.045040349842073724
2017-12-20,09:30,10483.08,10497.0,6,-0.08470792934900939,-0.077076584362612,10450.0,0.13278540276331352
2017-12-20,10:00,10490.33,10497.0,6,-0.06653746831606355,-0.060341285736487116,10450.0,0.06358236585504162
2017-12-20,10:30,10492.41,10497.0,6,-0.08920734130671293,-0.08873080636383479,10500.0,0.04374590775617637
2017-12-20,11:00,10493.83,10497.0,5,-0.03173293258991183,-0.030779991671292528,10500.0,0.030208227120120945
2017-12-20,11:30,10496.16,10497.0,5,-0.04534991844636904,-0.04534991844636904,10500.0,0.00800292678464487
2017-12-20,12:00,10502.78,10497.0,4,-0.02980163347229281,-0.03218195563461368,10500.0,-0.055033048392905126
2017-12-20,12:30,10501.17,10497.0,4,-0.011141615648546654,-0.013046165332064596,10500.0,-0.039709860901215865
2017-12-20,13:00,10491.12,10497.0,6,-0.07692219705809356,-0.07739879059625032,10500.0,0.05604740008693376
2017-12-27,09:30,10468.97,10479.0,6,-0.01881751499908102,-0.022638330227320314,10450.0,0.0958069418481644
2017-12-27,10:00,10455.94,10479.0,6,-0.014250273050542273,-0.013772075968310205,10450.0,0.220544494325714
2017-12-27,10:30,10465.53,10479.0,5,-0.005064244237995563,-0.005064244237995563,10450.0,0.128708245067366
2017-12-27,11:00,10470.17,10479.0,6,-0.04651309386571323,-0.04937837685539126,10450.0,0.08433482932941327
2017-12-27,11:30,10479.65,10479.0,4,-0.05391401430391296,-0.06250208737886842,10450.0,-0.006202497220797465
2017-12-27,12:00,10489.63,10479.0,6,0.014013840335658223,0.020403960275205968,10450.0,-0.10133817875367379
2017-12-27,12:30,10475.26,10479.0,4,-0.007255189847316101,-0.0034366688750453456,10450.0,0.035703171090739616
2017-12-27,13:00,10478.66,10479.0,5,0.004199010178784768,-0.003435553782649148,10450.0,0.003244689683601365
2018-01-03,09:30,10794.95,10792.0,6,-0.033302624708553275,-0.032885747502309215,10750.0,-0.02732759299487464
2018-01-03,10:00,10799.7,10792.0,5,-0.11852181079105018,-0.1175958591442372,10750.0,-0.07129827680398826
2018-01-03,10:30,10796.76,10792.0,5,-0.06816859872776915,-0.06816859872776915,10750.0,-0.04408730026415064
2018-01-03,11:00,10786.12,10792.0,4,-0.02150912468988353,-0.018727772359294903,10750.0,0.05451450567950378
2018-01-03,11:30,10790.95,10792.0,3,-0.036604747496749024,-0.03104453268711893,10750.0,0.009730375916849887
2018-01-03,12:00,10790.68,10792.0,2,0.0034288849266261856,0.002965522098707929,10750.0,0.012232778657139676
2018-01-03,12:30,10789.79,10792.0,2,0.017423911723790653,0.01696050981623287,10800.0,0.020482326347393
2018-01-03,13:00,10796.1,10792.0,3,-0.06298570780189916,-0.06298570780189916,10800.0,-0.0379766767629075
2018-01-10,09:30,10887.12,10825.0,5,0.04914591744402674,0.03288289281278001,10900.0,-0.5705824864610687
2018-01-10,10:00,10880.74,10825.0,5,-0.004043842606293868,-0.003124787468500312,10900.0,-0.5122813338063414
2018-01-10,10:30,10885.92,10825.0,5,-0.02406778664550968,-0.02406778664550968,10900.0,-0.5596219703984606
2018-01-10,11:00,10855.98,10825.0,6,-0.015475341701076673,-0.018238795576264177,10900.0,-0.28537267017809675
2018-01-10,11:30,10836.07,10825.0,5,0.050123832636250754,0.050123832636250754,10900.0,-0.1021588084979097
2018-01-10,12:00,10845.53,10825.0,4,0.01309295165842217,0.0209302818764856,10850.0,-0.18929457573766406
2018-01-10,12:30,10842.03,10825.0,3,0.014480683045525744,0.02831573054122849,10850.0,-0.1570739059013948
2018-01-10,13:00,10824.28,10825.0,3,0.02291073497266982,0.02328099420929597,10850.0,0.006651712631233764
2018-01-17,09:30,10963.38,11020.0,6,0.017512847315348523,0.018424974779684966,10950.0,0.5164465703095367
2018-01-17,10:00,10955.15,11020.0,3,0.045184228422257,0.045184228422257,10950.0,0.5919590329662272
2018-01-17,10:30,10980.1,11020.0,6,0.02677618207301835,0.024589939982311293,10950.0,0.3633846686277975
2018-01-17,11:00,10993.93,11020.0,5,-0.025922405599243525,-0.027560663020420595,10950.0,0.23713085311620752
2018-01-17,11:30,10979.12,11020.0,5,-0.008379542258396544,-0.008379542258396544,10950.0,0.3723431386121856
2018-01-17,12:00,10974.58,11020.0,3,-0.004373464731666221,-0.012574513102092677,10950.0,0.413865496447241
2018-01-17,12:30,10972.2,11020.0,2,0.010025336760166592,0.005468365505545414,10950.0,0.4356464519421843
2018-01-17,13:00,11006.54,11020.0,6,0.01144773925318976,0.012356289987569546,11000.0,0.12229092884774584
2018-01-24,09:30,11163.95,11129.0,7,-0.020154156906826426,-0.020154156906826426,11200.0,-0.31306123728609414
2018-01-24,10:00,11147.53,11129.0,6,0.03453673870317253,0.03023091213927298,11200.0,-0.16622516378068664
2018-01-24,10:30,11137.53,11129.0,7,0.028462325129541277,0.024870864545367688,11200.0,-0.07658789695741408
2018-01-24,11:00,11131.35,11129.0,6,-0.051655908762193725,-0.051655908762193725,11150.0,-0.021111545320207092
2018-01-24,11:30,11151.0,11129.0,6,-0.009864586135766018,-0.008071025020173206,11150.0,-0.1972917227154536
2018-01-24,12:00,11145.99,11129.0,4,0.02565802325245059,0.04136016630196249,11150.0,-0.15243150227122193
2018-01-24,12:30,11121.61,11129.0,4,-0.003236941414064276,0.0026075361390986984,11150.0,0.06644721402746523
2018-01-24,13:00,11131.02,11129.0,3,-0.019045873603684704,-0.019045873603684704,11150.0,-0.018147483339359116
2018-01-31,09:30,11031.69,11139.0,5,0.13968847928105266,0.14331439697814474,11050.0,0.9727430701914175
2018-01-31,10:00,11058.77,11139.0,6,0.03915444484331454,0.0382501851471595,11050.0,0.7254875542216599
2018-01-31,10:30,11052.35,11139.0,6,0.04120998283354549,0.03302465086609807,11050.0,0.7839961637117865
2018-01-31,11:00,11057.64,11139.0,5,0.05028197698606629,0.049377624881996596,11050.0,0.7357808718677861
2018-01-31,11:30,11077.96,11139.0,6,0.08940954659153455,0.07618731246548105,11050.0,0.5510039754611951
2018-01-31,12:00,11101.93,11139.0,5,0.02044689526956578,0.02044689526956578,11050.0,0.33390590645050455
2018-01-31,12:30,11094.15,11139.0,5,0.031097470288399265,0.03560435004035245,11050.0,0.40426711374914603
2018-01-31,13:00,11111.6,11139.0,4,0.0062997228121974835,0.010799524820903628,11050.0,0.24658915007740312
2018-02-07,09:30,10623.55,10579.0,6,-0.23532623275646092,-0.24520993453223117,10600.0,-0.41935134677202335
2018-02-07,10:00,10652.82,10579.0,7,-0.07716266678681194,-0.08279497823111548,10600.0,-0.692962051362922
2018-02-07,10:30,10667.54,10579.0,6,-0.15879949829108453,-0.15879949829108453,10600.0,-0.8299945441966994
2018-02-07,11:00,10608.7,10579.0,7,-0.16590157135182304,-0.16590157135182304,10650.0,-0.2799589016561965
2018-02-07,11:30,10593.46,10579.0,7,-0.14121920505669738,-0.13649931183955522,10600.0,-0.13649931183955522
2018-02-07,12:00,10619.1,10579.0,5,-0.1393715098266468,-0.1421966079988013,10600.0,-0.3776214556789226
2018-02-07,12:30,10623.16,10579.0,6,-0.14270706644726738,-0.14741376388945904,10600.0,-0.41569551809442773
2018-02-07,13:00,10601.32,10579.0,5,-0.03037357612070135,-0.027543739836166647,10600.0,-0.21053981956963286
2018-02-21,09:30,10636.03,10705.0,6,-0.16609045909392606,-0.16951813787663417,10600.0,0.6484562379007963
2018-02-21,10:00,10660.16,10705.0,5,-0.12345030468585705,-0.11594572689340721,10600.0,0.42063158526701727
2018-02-21,10:30,10694.14,10705.0,7,-0.1322219458507079,-0.1322219458507079,10650.0,0.10155094285282384
2018-02-21,11:00,10703.3,10705.0,6,-0.07754617734716529,-0.07287472088046698,10650.0,0.015882951986778693
2018-02-21,11:30,10700.93,10705.0,4,-0.08513376108617021,-0.08812318181691259,10650.0,0.03803407741196363
2018-02-21,12:00,10699.99,10705.0,4,-0.12327114324405808,-0.12140198261867408,10650.0,0.04682247366587511
2018-02-21,12:30,10693.64,10705.0,4,-0.04759838558245355,-0.047130817944118775,10650.0,0.10623136742962114
2018-02-21,13:00,10708.41,10705.0,5,-0.03277797544173344,-0.034645666350086035,10650.0,-0.031844129987546044
2018-03-01,09:30,10723.08,10797.0,6,-0.014268288588720202,-0.014734572529528922,10700.0,0.6893541780906176
2018-03-01,10:00,10755.92,10797.0,7,-0.09129855930500863,-0.09315800043139255,10700.0,0.3819292073574454
2018-03-01,10:30,10767.89,10797.0,6,-0.03055380394857976,-0.02869642984837384,10700.0,0.27034080028678353
2018-03-01,11:00,10785.8,10797.0,6,-0.03754937046857587,-0.034304363144121996,10700.0,0.10384023438225753
2018-03-01,11:30,10783.66,10797.0,6,-0.019381470163931658,-0.02003030510976389,10700.0,0.12370568063162501
2018-03-01,12:00,10783.05,10797.0,5,-0.035689620809364886,-0.035704183881168916,10750.0,0.1293697052318299
2018-03-01,12:30,10784.02,10797.0,3,-0.047477656755090525,-0.047477656755090525,10750.0,0.12036327825801774
2018-03-01,13:00,10795.12,10797.0,4,-0.005881459367201858,0.0007410755971104521,10750.0,0.01741527653236208
2018-03-07,09:30,10777.85,10761.0,6,0.07097890581144739,0.07561804998212907,10750.0,-0.1563391585520324
2018-03-07,10:00,10809.87,10761.0,6,0.09879859794796886,0.10296146022106267,10800.0,-0.452086842857502
2018-03-07,10:30,10802.35,10761.0,5,-0.10035698943844373,-0.10506973019760446,10800.0,-0.38278707873750095
2018-03-07,11:00,10803.06,10761.0,6,-0.07652426216434582,-0.09682441826667221,10800.0,-0.3893341331067224
2018-03-07,11:30,10775.26,10761.0,4,0.01800420593098817,0.011507842966196336,10800.0,-0.13234019411132447
2018-03-07,12:00,10769.82,10761.0,4,-0.032267015011189226,-0.030826884757584327,10800.0,-0.08189551914515869
2018-03-07,12:30,10759.17,10761.0,5,-0.04991091320242225,-0.035039877611375836,10800.0,0.017008746957247745
2018-03-07,13:00,10766.82,10761.0,5,-0.01876134271772134,-0.01876134271772134,10800.0,-0.05405495773125324
2018-03-14,09:30,11060.22,11044.0,7,-0.03634647412075198,-0.038154756415331725,11050.0,-0.1466516940892615
2018-03-14,10:00,11053.75,11044.0,6,-0.056410546598534284,-0.04749519393870694,11050.0,-0.08820536017188907
2018-03-14,10:30,11070.29,11044.0,6,-0.08211167006466069,-0.08120835136208315,11050.0,-0.2374824869086578
2018-03-14,11:00,11048.47,11044.0,6,-0.08933363624102908,-0.08933363624102908,11050.0,-0.04045809057724448
2018-03-14,11:30,11021.45,11044.0,5,0.016785450190304196,0.017692771822219733,11050.0,0.20460102799539914
2018-03-14,12:00,11030.68,11044.0,5,0.014055323567152556,-0.010697436604090171,11050.0,0.12075411488683407
2018-03-14,12:30,11022.69,11044.0,3,0.049987797896888786,0.049987797896888786,11050.0,0.19332848878086395
2018-03-14,13:00,11032.69,11044.0,3,0.029095352085484194,0.029095352085484194,11050.0,0.10251353024510745
2018-03-21,09:30,11066.65,11045.0,6,-0.028012090379658794,-0.025753050832910684,11050.0,-0.1956328247482264
2018-03-21,10:00,11028.31,11045.0,6,-0.10210086586249778,-0.1043677589766756,11050.0,0.15133778430240774
2018-03-21,10:30,11034.42,11045.0,5,0.0034437695864308893,0.0034437695864308893,11050.0,0.09588179532771246
2018-03-21,11:00,11043.74,11045.0,6,0.01140917841239153,0.014125649462948253,11050.0,0.011409178412380427
2018-03-21,11:30,11042.78,11045.0,5,0.01919806425554338,0.022820340530183003,11050.0,0.020103633324208836
2018-03-21,12:00,11037.2,11045.0,4,0.028539847062658552,0.027180806726345708,11050.0,0.07067009748848996
2018-03-21,12:30,11035.51,11045.0,7,0.03996089088320609,0.04612383115958352,11050.0,0.08599511939184623
2018-03-21,13:00,11045.97,11045.0,5,0.05730596769681906,0.06545373561581691,11050.0,-0.008781483201558693
2018-03-28,09:30,10897.17,10862.0,7,0.0030283091848604116,-0.000642368614967026,10950.0,-0.3227443455502632
2018-03-28,10:00,10918.71,10862.0,6,0.05657983075249007,0.028300046434059922,10900.0,-0.5193837000891044
2018-03-28,10:30,10902.79,10862.0,6,-0.006787253537859916,0.0019261124904579319,10900.0,-0.3741244213637085
2018-03-28,11:00,10896.16,10862.0,6,-0.039555219453452084,-0.038178587685933074,10900.0,-0.31350494119029015
2018-03-28,11:30,10889.88,10862.0,5,-0.035629410057769206,-0.035629410057769206,10900.0,-0.25601751350794455
2018-03-28,12:00,10872.27,10862.0,5,0.02694929393769474,0.025109751689389448,10900.0,-0.09446049445056559
2018-03-28,12:30,10884.11,10862.0,5,0.0017456640919455424,-0.0010106476321936064,10900.0,-0.20314017407028206
2018-03-28,13:00,10876.63,10862.0,3,0.01351521565045033,0.01627342292604972,10900.0,-0.1345085748067132
2018-04-09,09:30,10865.96,10896.0,6,-0.014677857527878313,-0.027241035306579953,10900.0,0.2764596961520205
2018-04-09,10:00,10852.87,10896.0,7,-0.003409236450824249,-0.008016312735714681,10850.0,0.39740640033465446
2018-04-09,10:30,10839.25,10896.0,7,0.04013192794705134,0.03920935489079014,10850.0,0.5235602094240788
2018-04-09,11:00,10842.68,10896.0,6,0.07950064006315705,0.08134520247762289,10850.0,0.4917603396946024
2018-04-09,11:30,10880.66,10896.0,6,0.017829956188775142,0.015991676975479763,10850.0,0.14098409471483553
2018-04-09,12:00,10889.28,10896.0,5,0.04610038496575264,0.03416203826147601,10850.0,0.06171206911751437
2018-04-09,12:30,10887.72,10896.0,4,0.05691965920849862,0.033799546645219,10850.0,0.0760489799517261
2018-04-09,13:00,10891.86,10896.0,3,0.022402050705738752,0.011843109100739824,10850.0,0.038010036853197704
2018-04-11,09:30,11002.9,10975.0,6,-0.03271864690218007,-0.03544520081069091,11000.0,-0.2535695134918914
2018-04-11,10:00,10992.52,10975.0,6,-0.09388202159287262,-0.09206260256975352,11000.0,-0.15938110642510495
2018-04-11,10:30,10972.75,10975.0,6,-0.008202097661336172,0.00045567428401671606,11000.0,0.020505342780974267
2018-04-11,11:00,10975.01,10975.0,4,0.05002273346448316,0.05002273346448316,11000.0,-9.111609010625799e-05
2018-04-11,11:30,10972.64,10975.0,3,0.05887370769477318,0.05796234999053684,11000.0,0.021508041820395007
2018-04-11,12:00,10962.92,10975.0,3,0.06366916843323356,0.06366916843323356,11000.0,0.11018962101336793
2018-04-11,12:30,10964.5,10975.0,5,0.04377764603948897,0.04560171462446583,11000.0,0.095763600711396
2018-04-11,13:00,10961.42,10975.0,4,0.0436074888107596,0.0436074888107596,11000.0,0.12388905816946849
2018-04-18,09:30,10900.59,10846.0,6,-0.055409844788217866,-0.05403377248387464,10850.0,-0.500798580627293
2018-04-18,10:00,10882.21,10846.0,5,-0.07223361785659854,-0.06901171728902478,10900.0,-0.33274491118990834
2018-04-18,10:30,10851.75,10846.0,7,-0.051143824728727694,-0.052986845439673136,10850.0,-0.052986845439673136
2018-04-18,11:00,10842.9,10846.0,4,-0.008761493696335387,-0.005533574966110066,10850.0,0.028590137324879805
2018-04-18,11:30,10824.82,10846.0,6,0.0030485495370768945,0.006281859652168542,10850.0,0.19566145210729857
2018-04-18,12:00,10821.37,10846.0,6,-0.02513544957801761,-0.02190110863966588,10850.0,0.22760519231852516
2018-04-18,12:30,10836.68,10846.0,4,-0.06805809689258147,-0.06625645492900345,10850.0,0.08600420054849511
2018-04-18,13:00,10843.17,10846.0,3,-0.044838250164214166,-0.03845738838366142,10850.0,0.02609937868722767
2018-04-25,09:30,10530.12,10566.0,6,-0.07188901930842984,-0.07236384770544779,10500.0,0.3407368576996195
2018-04-25,10:00,10516.43,10566.0,5,-0.021204914595540636,-0.02786116581388054,10550.0,0.4713576755609905
2018-04-25,10:30,10495.08,10566.0,5,0.049737591328491426,0.05164324616868665,10500.0,0.6757452063252511
2018-04-25,11:00,10516.69,10566.0,6,0.040507041664250565,0.04288421547082866,10500.0,0.46887376161131034
2018-04-25,11:30,10536.8,10566.0,5,0.064535722420489,0.064535722420489,10500.0,0.2771239845114293
2018-04-25,12:00,10528.35,10566.0,5,-0.05630390054052192,-0.0261199523192146,10500.0,0.3576058926612502
2018-04-25,12:30,10545.58,10566.0,3,0.03053411950788565,0.024844532021961463,10500.0,0.1936356274382156
2018-04-25,13:00,10558.32,10566.0,5,0.006440418551445504,0.006440418551445504,10550.0,0.0727388448162225
2018-05-02,09:30,10665.56,10611.0,5,-0.039004046669843806,-0.04275443577270721,10650.0,-0.5115530736313878
2018-05-02,10:00,10652.76,10611.0,6,-0.05547858019893104,-0.06345773301942303,10650.0,-0.39201108445136024
2018-05-02,10:30,10669.58,10611.0,5,-0.074803289844938,-0.08041553650659505,10650.0,-0.5490375441207562
2018-05-02,11:00,10667.02,10611.0,6,-0.058310568462421886,-0.06768525792584246,10650.0,-0.5251701037403134
2018-05-02,11:30,10656.65,10611.0,3,-0.03143577015290999,-0.03518929494729095,10650.0,-0.42837101715830217
2018-05-02,12:00,10649.26,10611.0,6,0.052961426427744485,0.0473272321269258,10650.0,-0.35927378991592596
2018-05-02,12:30,10655.29,10611.0,4,-0.01661687861791994,-0.02271912217818306,10650.0,-0.41566207958676493
2018-05-02,13:00,10622.18,10611.0,4,0.02654822268121082,0.03784533871578066,10650.0,-0.10525146438866706
2018-05-09,09:30,10732.16,10722.0,6,-0.0881462818295653,-0.09000983958494801,10700.0,-0.09466873397340203
2018-05-09,10:00,10706.82,10722.0,6,-0.0566928369020836,-0.06369771790316614,10700.0,0.14177879146188843
2018-05-09,10:30,10719.34,10722.0,4,-0.07500461782162238,-0.07313883130865007,10700.0,0.024814960622565607
2018-05-09,11:00,10728.39,10722.0,5,-0.10057427069670721,-0.1024384833138936,10700.0,-0.05956159311881759
2018-05-09,11:30,10725.87,10722.0,4,-0.0025172783186866443,-0.014637507260495397,10700.0,-0.036080989234443805
2018-05-09,12:00,10734.61,10722.0,3,-0.08393411591105515,-0.0876603807683729,10700.0,-0.11747049962691491
2018-05-09,12:30,10727.95,10722.0,4,-0.08715551433405855,-0.09274838156405618,10700.0,-0.05546260003076453
2018-05-09,13:00,10723.57,10722.0,2,-0.004849131399331519,-0.003450343495670083,10700.0,-0.014640646724917161
2018-05-16,09:30,10910.84,10872.0,7,-0.08688575073687588,-0.09018554025171932,10850.0,-0.3559762584732229
2018-05-16,10:00,10884.31,10872.0,6,-0.08323908451706719,-0.08369846136317971,10850.0,-0.1130985795149142
2018-05-16,10:30,10877.1,10872.0,5,0.06987156503113212,0.06803283963556783,10850.0,-0.04688749758667843
2018-05-16,11:00,10887.61,10872.0,4,-0.04371942051561439,-0.04234170768424583,10850.0,-0.14337398198502882
2018-05-16,11:30,10886.08,10872.0,4,-0.04734565139229985,-0.03472324289368611,10900.0,-0.12933948675739604
2018-05-16,12:00,10885.44,10872.0,4,0.05383337742892458,0.05383337742892458,10900.0,-0.1234676779257482
2018-05-16,12:30,10886.9,10872.0,5,0.0725642744950239,0.08358669593733214,10900.0,-0.13686173290835546
2018-05-16,13:00,10879.47,10872.0,3,0.00946737295108857,0.00946737295108857,10900.0,-0.06866143295582994
2018-05-23,09:30,10959.59,10919.0,7,-0.1240009890881022,-0.1240009890881022,10950.0,-0.3703605700578261
2018-05-23,10:00,10957.13,10919.0,5,-0.12165594457672624,-0.12439388781551042,10950.0,-0.3479925856497035
2018-05-23,10:30,10940.56,10919.0,6,-0.06607428284727823,-0.09621332495159951,10950.0,-0.1970648668806696
2018-05-23,11:00,10926.11,10919.0,6,-0.07720229713011895,-0.07880206221611008,10950.0,-0.06507347994849644
2018-05-23,11:30,10905.73,10919.0,7,-0.09288695025457816,-0.09288695025457816,10950.0,0.1216791539860207
2018-05-23,12:00,10887.08,10919.0,6,0.04013932110354945,0.05070230034132095,10950.0,0.29319156284328685
2018-05-23,12:30,10910.82,10919.0,3,-0.03317807460849753,-0.03317807460849753,10900.0,0.07497145035846309
2018-05-23,13:00,10923.33,10919.0,4,-0.02316143520336711,-0.014922189478838721,10900.0,-0.03963992665240168
2018-05-30,09:30,10859.9,10835.0,7,-0.027624563762096432,-0.01749555704932959,10850.0,-0.22928387922540594
2018-05-30,10:00,10848.05,10835.0,7,0.002304561649335568,0.0041482109687907,10850.0,-0.1202981180949525
2018-05-30,10:30,10815.18,10835.0,6,-0.03541318776016378,-0.03402624829175194,10850.0,0.18326093509308805
2018-05-30,11:00,10808.3,10835.0,6,0.02821905387526691,0.02775644643469022,10850.0,0.24703237326870742
2018-05-30,11:30,10812.89,10835.0,4,0.08147682996867411,0.08240165210224859,10850.0,0.20447817373523414
2018-05-30,12:00,10834.01,10835.0,4,-0.0320710826582582,-0.02685986075331437,10850.0,0.009137890771748758
2018-05-30,12:30,10831.35,10835.0,5,-0.016986800148455217,0.006001098662666848,10850.0,0.03369847710581464
2018-05-30,13:00,10838.84,10835.0,3,0.009779644316165736,0.009779644316165736,10850.0,-0.03542814544730266
2018-06-06,09:30,11137.18,11200.0,6,0.0024243120789968486,0.001975365397699491,11100.0,0.5640566103807254
2018-06-06,10:00,11145.27,11200.0,5,-0.09304395496924078,-0.08766050530852887,11100.0,0.4910603332175745
2018-06-06,10:30,11154.18,11200.0,7,-0.03926779019166604,-0.03837126530144008,11100.0,0.4107877046990449
2018-06-06,11:00,11170.55,11200.0,5,-0.002238027670975473,0.00044760553421507865,11150.0,0.26363965964075753
2018-06-06,11:30,11174.23,11200.0,4,-0.01861425798465599,-0.01906171610929208,11150.0,0.23061991743502652
2018-06-06,12:00,11188.54,11200.0,5,-0.053983808432567226,-0.04325854847907484,11150.0,0.10242623255580785
2018-06-06,12:30,11186.98,11200.0,4,-0.024850317065011618,-0.023956420767712316,11150.0,0.11638529790882757
2018-06-06,13:00,11184.3,11200.0,5,0.028611535813594102,0.023246872848559086,11150.0,0.1403753475854641
2018-06-13,09:30,11148.24,11169.0,7,-0.05507595817814126,-0.0514879478733854,11150.0,0.18621773481732884
2018-06-13,10:00,11137.65,11169.0,7,-0.03097601379105086,-0.03187386926325475,11150.0,0.28147769053614713
2018-06-13,10:30,11146.44,11169.0,7,-0.015610365282547889,-0.011124628132386238,11150.0,0.20239646021509294
2018-06-13,11:00,11165.73,11169.0,5,-0.002955471787335906,-0.005642264321270574,11150.0,0.02928603861995782
2018-06-13,11:30,11161.18,11169.0,4,-0.036107293314863176,-0.04103508768785735,11150.0,0.07006427635787293
2018-06-13,12:00,11174.81,11169.0,5,-0.056547624373459726,-0.04662271662783102,11150.0,-0.05199193543334868
2018-06-13,12:30,11164.95,11169.0,4,0.015674051384018117,0.013882731225844935,11150.0,0.03627423320300416
2018-06-13,13:00,11167.03,11169.0,4,0.02301417655365956,0.01853671029807824,11150.0,0.01764121704697086
2018-06-20,09:30,10845.65,10936.0,7,0.06408099099639575,0.06408099099639575,10900.0,0.8330528829530781
2018-06-20,10:00,10882.81,10936.0,6,0.02931228239766437,0.02931228239766437,10900.0,0.4887524453702774
2018-06-20,10:30,10897.2,10936.0,5,0.0036706676944442407,0.0027530007708387316,10900.0,0.35605476636200173
2018-06-20,11:00,10854.69,10936.0,7,0.08300559481662084,0.07839929099771048,10900.0,0.7490771270298735
2018-06-20,11:30,10882.07,10936.0,3,0.040709166546437636,0.038871280923569174,10900.0,0.495585858205283
2018-06-20,12:00,10909.36,10936.0,4,-0.04867379937961713,-0.05188205357601339,10900.0,0.244193976548579
2018-06-20,12:30,10930.14,10936.0,5,-0.019845860766198875,0.013357559921467477,10900.0,0.05361321995875912
2018-06-20,13:00,10915.61,10936.0,3,-0.01200116163917464,-0.016581757684652754,10900.0,0.18679670673467097
2018-06-27,09:30,10769.03,10728.0,6,-0.038115955003076296,-0.03742212622678265,10750.0,-0.3809999600706937
2018-06-27,10:00,10763.55,10728.0,5,-0.04598854467159352,-0.042272298637524575,10750.0,-0.33028136627785143
2018-06-27,10:30,10780.83,10728.0,6,-0.044801745320166564,-0.0485120347876733,10750.0,-0.4900364814211855
2018-06-27,11:00,10767.54,10728.0,4,-0.02451813506149647,-0.021731983349959627,10750.0,-0.367214795580062
2018-06-27,11:30,10749.95,10728.0,6,0.038604830720134764,0.03395364629603659,10750.0,-0.2041869962185916
2018-06-27,12:00,10731.18,10728.0,5,0.03932465954348263,0.03559720366259622,10750.0,-0.029633274253160202
2018-06-27,12:30,10729.64,10728.0,3,0.03168715458670146,0.03317911877753765,10750.0,-0.015284762582901124
2018-06-27,13:00,10734.24,10728.0,3,0.042480883602369346,0.03502809700546283,10750.0,-0.058131735455879685
2018-07-04,09:30,10743.17,10729.0,7,-0.03416123918731362,-0.030437943363093023,10700.0,-0.1318977545733735
2018-07-04,10:00,10731.72,10729.0,6,-0.11340213870655313,-0.11386804724684563,10700.0,-0.02534542459176059
2018-07-04,10:30,10713.0,10729.0,5,-0.003733781387094126,0.0,10700.0,0.1493512554839871
2018-07-04,11:00,10724.09,10729.0,6,0.019209089069560648,0.015945408887829693,10700.0,0.045784770549284204
2018-07-04,11:30,10709.9,10729.0,6,-0.029739878232359906,-0.03361375923212062,10700.0,0.17833966703704185
2018-07-04,12:00,10713.42,10729.0,4,-0.021188378687669873,-0.02352190056956749,10700.0,0.1454250836800952
2018-07-04,12:30,10700.78,10729.0,5,-0.0026166316848041937,-0.014765278792761016,10700.0,0.2637190933745037
2018-07-04,13:00,10706.8,10729.0,5,0.007192006971590281,-0.0037359435125283724,10700.0,0.20734486494564663
2018-07-11,09:30,10647.88,10655.0,7,-0.01671694271534463,-0.012960326374822362,10650.0,0.06686777086144513
2018-07-11,10:00,10665.0,10655.0,6,-0.04116328375021183,-0.042194092827008145,10650.0,-0.09376465072667983
2018-07-11,10:30,10679.39,10655.0,6,0.012594787050446143,0.016012150506727885,10650.0,-0.22838383091168257
2018-07-11,11:00,10677.6,10655.0,4,-0.020369981738438403,-0.017326396530981114,10650.0,-0.21165805049824238
2018-07-11,11:30,10671.96,10655.0,5,-0.0005622209978239923,-0.0071214659724927465,10650.0,-0.15892113538655828
2018-07-11,12:00,10676.04,10655.0,5,-0.03380336554174024,0.009928775088896558,10650.0,-0.19707681874553407
2018-07-11,12:30,10671.15,10655.0,4,-0.01874212245164819,-0.019210675512937314,10650.0,-0.15134263879712506
2018-07-11,13:00,10677.11,10655.0,6,-0.09375196097071159,-0.09187879491736606,10650.0,-0.2070785071990544
2018-07-18,09:30,10829.1,10844.0,5,-0.06279376864191111,-0.05355939090045947,10800.0,0.1375922283476827
2018-07-18,10:00,10834.94,10844.0,5,-0.08167710318540689,-0.08066495984287991,10800.0,0.08361836798358446
2018-07-18,10:30,10857.27,10844.0,6,-0.003683977044049991,-0.004328896674776761,10800.0,-0.12222225292362054
2018-07-18,11:00,10861.87,10844.0,5,-0.029184661573011805,-0.028264009788381284,10800.0,-0.1645204739147199
2018-07-18,11:30,10833.7,10844.0,6,-0.04273648784167139,-0.057228832254918593,10850.0,0.0950737051976569
2018-07-18,12:00,10828.55,10844.0,3,-0.026043783108853358,-0.026043783108853358,10850.0,0.14267838260895171
2018-07-18,12:30,10795.08,10844.0,6,0.026869457268430263,0.025196663665294494,10800.0,0.4531694068038439
2018-07-18,13:00,10803.0,10844.0,5,0.04720910858095895,0.04720910858095895,10800.0,0.3795242062390125
2018-07-25,09:30,10977.29,10970.0,6,-0.07233114912698624,-0.07278663495272619,11000.0,-0.06640983339240014
2018-07-25,10:00,10984.02,10970.0,4,-0.060269373143895244,-0.06391102711029717,10950.0,-0.12763997152227535
2018-07-25,10:30,10985.89,10970.0,5,-0.09548611901265547,-0.09821689458021643,10950.0,-0.1446400792288971
2018-07-25,11:00,10979.14,10970.0,3,-0.006740054321197064,-0.006740054321197064,10950.0,-0.08324877904826167
2018-07-25,11:30,10975.04,10970.0,3,0.022414496894773706,0.022414496894773706,10950.0,-0.04592238388198
2018-07-25,12:00,10964.82,10970.0,4,0.00893767521947808,0.009849682894924605,10950.0,0.047241997588653994
2018-07-25,12:30,10965.1,10970.0,3,0.0045599219341330155,-0.000911984386831044,10950.0,0.04468723495454352
2018-07-25,13:00,10971.07,10970.0,4,0.018640037958894684,0.019414697016806315,10950.0,-0.009752922914529893
2018-08-01,09:30,11066.33,11085.0,6,-0.035106474007273736,-0.034609486613901286,11050.0,0.1687099517184043
2018-08-01,10:00,11080.72,11085.0,5,0.005234316903601766,0.004331848471950117,11050.0,0.03862564887480158
2018-08-01,10:30,11080.87,11085.0,5,-0.03943733659902415,-0.043047161459353056,11050.0,0.03727144168281793
2018-08-01,11:00,11084.94,11085.0,3,-0.06441171535436219,-0.06441171535436219,11050.0,0.0005412749189304122
2018-08-01,11:30,11079.7,11085.0,2,-0.012184445427226853,-0.010830618157542382,11050.0,0.04783523019575853
2018-08-01,12:00,11082.95,11085.0,2,-0.01172841640480482,-0.004060290807061939,11050.0,0.018496880343232824
2018-08-01,12:30,11091.17,11085.0,3,-0.010548932168563674,-0.016860259107021047,11050.0,-0.05562983887182904
2018-08-01,13:00,11085.78,11085.0,4,-0.008476876613650042,0.023633880520801398,11100.0,-0.007036040765739937
2018-08-08,09:30,11077.58,11056.0,6,-0.06210742779559908,-0.06391287627802722,11050.0,-0.19480789125422282
2018-08-08,10:00,11077.22,11056.0,5,-0.05434576545377823,-0.05434576545377823,11050.0,-0.19156430945670433
2018-08-08,10:30,11085.09,11056.0,5,-0.08921894183988588,-0.09012105449752728,11050.0,-0.26242457210541303
2018-08-08,11:00,11085.75,11056.0,5,-0.07441986333807105,-0.06810545069119156,11050.0,-0.2683625374918286
2018-08-08,11:30,11079.26,11056.0,5,-0.02292555332719104,-0.012997164091010927,11050.0,-0.2099418192189728
2018-08-08,12:00,11081.28,11056.0,3,-0.03772127407664083,-0.025088712967080706,11050.0,-0.22813249010945613
2018-08-08,12:30,11080.44,11056.0,5,-0.056502988520690245,-0.054510470703339475,11050.0,-0.22056885827639316
2018-08-08,13:00,11057.7,11056.0,4,0.054713005417028615,0.047930401439710835,11050.0,-0.01537390234859215
2018-08-15,09:30,10767.97,10737.0,6,-0.023402739792177663,-0.0229383997169319,10800.0,-0.28761224260468454
2018-08-15,10:00,10762.67,10737.0,6,0.04487733991658249,0.05045216475094705,10800.0,-0.2385095891632827
2018-08-15,10:30,10726.78,10737.0,6,0.045400390424710224,0.045866513529690955,10800.0,0.09527556265720438
2018-08-15,11:00,10691.03,10737.0,6,0.11757520089270557,0.12973492731755965,10800.0,0.4299866336545666
2018-08-15,11:30,10719.5,10737.0,6,0.03684873361630148,0.049442604599092554,10800.0,0.16325388311022593
2018-08-15,12:00,10710.39,10737.0,6,0.103731049943101,0.10186370430955716,10750.0,0.2484503365423718
2018-08-15,12:30,10698.56,10737.0,4,0.09805057876948187,0.09571381569108972,10750.0,0.35930069093410566
2018-08-15,13:00,10722.32,10737.0,5,0.04924307426006358,0.04924307426006358,10750.0,0.1369106685866539
2018-08-22,09:30,10805.16,10791.0,6,-0.0418797193678655,-0.047754961518386985,10800.0,-0.1310484990504568
2018-08-22,10:00,10786.77,10791.0,6,-0.06322559950754925,-0.06276206871936862,10800.0,0.039214704679890744
2018-08-22,10:30,10805.69,10791.0,6,-0.023043415089646357,-0.023968853446654226,10800.0,-0.1359468946453224
2018-08-22,11:00,10807.75,10791.0,3,-0.08281094584905446,-0.08003515995466115,10800.0,-0.15498137910295862
2018-08-22,11:30,10813.55,10791.0,4,-0.09479648682962916,-0.1095847339680156,10800.0,-0.20853466252988007
2018-08-22,12:00,10819.43,10791.0,4,-0.029391566838549155,-0.03170222460887606,10800.0,-0.26276800164148906
2018-08-22,12:30,10817.41,10791.0,4,-0.048900904864507266,-0.048163100039655404,10800.0,-0.24414346872310144
2018-08-22,13:00,10811.58,10791.0,5,-0.02747539934151444,-0.03681238079910054,10800.0,-0.19035145649386465
2018-08-29,09:30,11040.2,11061.0,5,-0.12862085831779613,-0.1240919548558983,11000.0,0.18840238401478526
2018-08-29,10:00,11063.17,11061.0,7,-0.11542803735277163,-0.12175533775581338,11000.0,-0.01961463124945384
2018-08-29,10:30,11066.6,11061.0,4,-0.08358484087253593,-0.07319321200730533,11000.0,-0.05060271447419051
2018-08-29,11:00,11081.27,11061.0,5,-0.0791425531550094,-0.07372801132000673,11000.0,-0.1829212716592976
2018-08-29,11:30,11073.43,11061.0,4,-0.03268613526933306,-0.048836367476967624,11000.0,-0.11225067571656311
2018-08-29,12:00,11073.23,11061.0,2,-0.02736328966345125,-0.026460210796674932,11050.0,-0.11044654540725007
2018-08-29,12:30,11078.55,11061.0,4,-0.04332696968465943,-0.040167711478478196,11050.0,-0.15841423290953172
2018-08-29,13:00,11074.97,11061.0,2,-0.014627579126619272,-0.015079047618182795,11050.0,-0.126140296542554
2018-09-05,09:30,11044.62,11000.0,5,-0.05088450304311376,-0.055411594061183234,11000.0,-0.4039976024525993
2018-09-05,10:00,11022.47,11000.0,6,0.01750968703022604,0.01750968703022604,11000.0,-0.20385630443991998
2018-09-05,10:30,11033.51,11000.0,6,-0.036796993884996576,-0.0363438289356699,11000.0,-0.30371114903597896
2018-09-05,11:00,11031.35,11000.0,5,-0.026741967211629802,-0.018583400943683603,11000.0,-0.2841900583337553
2018-09-05,11:30,11017.24,11000.0,5,-0.009897313106499439,-0.04756182129099784,11000.0,-0.15648202272074974
2018-09-05,12:00,11025.76,11000.0,4,-0.01188126714167237,-0.008706882790854298,11000.0,-0.2336346882210405
2018-09-05,12:30,11024.26,11000.0,3,-0.0368278687186252,-0.0368278687186252,11000.0,-0.2200601219492282
2018-09-05,13:00,11024.53,11000.0,6,-0.09551427589203909,-0.09188600330355401,11000.0,-0.222503816489239
2018-09-12,09:30,10732.21,10724.0,6,0.014302457937143132,0.007361018839557865,10750.0,-0.07649868945910354
2018-09-12,10:00,10702.12,10724.0,6,0.111006043662365,0.111006043662365,10750.0,0.2044454743546087
2018-09-12,10:30,10714.68,10724.0,6,0.025385732471705502,0.026319031459642872,10750.0,0.08698346567512782
2018-09-12,11:00,10715.05,10724.0,6,0.09939290997242889,0.10032617673272348,10750.0,0.08352737504724317
2018-09-12,11:30,10704.81,10724.0,5,0.06903438734551237,0.05128535676952595,10750.0,0.17926520881734742
2018-09-12,12:00,10684.56,10724.0,4,0.1655660130131853,0.16696990797937517,10750.0,0.36913078311133773
2018-09-12,12:30,10669.25,10724.0,6,0.10450593996766955,0.10075684795087803,10700.0,0.5131569697963689
2018-09-12,13:00,10686.57,10724.0,5,0.17994548297535218,0.17058794355906404,10700.0,0.35025270035193845
2018-09-19,09:30,10819.77,10872.0,6,0.04232992013692982,0.0492616756178732,10850.0,0.48272745169259945
2018-09-19,10:00,10829.58,10872.0,6,0.08652228433604359,0.0869839827583263,10850.0,0.39170494146587576
2018-09-19,10:30,10844.34,10872.0,6,0.11121008747420058,0.10936580741658375,10850.0,0.2550639319681913
2018-09-19,11:00,10845.51,10872.0,5,0.04969798561800243,0.052464107266514404,10850.0,0.24424854156235298
2018-09-19,11:30,10837.5,10872.0,6,0.10149942329873429,0.10149942329873429,10850.0,0.3183391003460212
2018-09-19,12:00,10850.58,10872.0,5,0.06193217321102118,0.06561861209264386,10850.0,0.19740880211012168
2018-09-19,12:30,10842.93,10872.0,5,0.1168503347342531,0.1168503347342531,10850.0,0.26810096532947636
2018-09-19,13:00,10846.76,10872.0,6,0.11699346164200097,0.11376669162035391,10850.0,0.232696215275352
2018-09-26,09:30,11005.03,10962.0,6,-0.07387530974473644,-0.07296663434811501,11000.0,-0.39100302316305013
2018-09-26,10:00,10973.45,10962.0,5,0.03289686513834322,0.02688306776810201,11000.0,-0.1043427545575959
2018-09-26,10:30,10975.14,10962.0,5,0.027793345088533705,0.026058893098412916,11000.0,-0.11972512423531478
2018-09-26,11:00,10985.51,10962.0,5,0.048609265253651834,0.04906463150093909,11000.0,-0.21400918118503753
2018-09-26,11:30,10962.08,10962.0,4,0.08000306511173338,0.08228365419702399,11000.0,-0.0007297885072921062
2018-09-26,12:00,10967.5,10962.0,2,0.0827414162852258,0.08661955778437314,11000.0,-0.0501481650330482
2018-09-26,12:30,10962.16,10962.0,4,0.04177986644924303,0.04323965349894987,11000.0,-0.0014595663628269584
2018-09-26,13:00,10964.57,10962.0,3,0.044963003565112736,0.044963003565112736,10950.0,-0.023439131675928593
2018-10-03,09:30,10901.26,10852.0,7,0.02054808343254777,0.02054808343254777,10900.0,-0.4518743704856165
2018-10-03,10:00,10897.37,10852.0,7,0.046157926178502784,0.037899052707213166,10900.0,-0.4163389882145929
2018-10-03,10:30,10911.19,10852.0,6,0.07414427013325842,0.0789098164361457,10900.0,-0.5424706196116125
2018-10-03,11:00,10897.18,10852.0,6,0.015783900054866518,0.01670156866271366,10900.0,-0.41460267702286835
2018-10-03,11:30,10884.12,10852.0,4,0.08254350304427449,0.09261198884245037,10900.0,-0.2951088374622879
2018-10-03,12:00,10868.06,10852.0,6,0.03196646500812639,0.052815313864651436,10900.0,-0.1477724635307487
2018-10-03,12:30,10847.46,10852.0,4,0.10414066329598182,0.10085310293839189,10900.0,0.04185311584463669
2018-10-03,13:00,10858.29,10852.0,4,-0.025143127307569735,-0.03306229618107448,10900.0,-0.05792808996629706
2018-10-11,09:30,9936.49,9819.0,3,0.01016455508937586,0.01016455508937586,10000.0,-1.1824094826241471
2018-10-11,10:00,9883.24,9819.0,3,0.048162343522983875,0.038044204127385406,10000.0,-0.6499892747722336
2018-10-11,10:30,9888.87,9819.0,3,-0.09475298997763115,-0.09475298997763115,10000.0,-0.7065519113912955
2018-10-11,11:00,9844.03,9819.0,3,-0.03078007685877182,-0.04601773867004555,9900.0,-0.254265783424068
2018-10-11,11:30,9802.78,9819.0,3,-0.14567296215971526,-0.15281379363814018,9900.0,0.16546326654274246
2018-10-11,12:00,9815.35,9819.0,3,-0.05552527418788422,-0.05552527418788422,9900.0,0.03718665152032674
2018-10-11,12:30,9829.85,9819.0,3,-0.008647130932826208,-0.008647130932826208,9900.0,-0.11037808308367314
2018-10-11,13:00,9859.51,9819.0,3,-0.1025405927880807,-0.1025405927880807,9900.0,-0.41087234558310204
2018-10-17,09:30,10092.88,9994.0,6,-0.11374354990844604,-0.10779876507002184,10100.0,-0.9797005413717308
2018-10-17,10:00,10070.22,9994.0,6,-0.046374359249345964,-0.04687087273167467,10100.0,-0.7568851524594189
2018-10-17,10:30,10090.93,9994.0,6,-0.04340531546646598,-0.050732650820650704,10100.0,-0.9605655772064625
2018-10-17,11:00,10084.24,9994.0,5,-0.08865318556480206,-0.08171166096799798,10100.0,-0.8948616851641722
2018-10-17,11:30,10064.83,9994.0,4,-0.08375700334730118,-0.08773123838157204,10100.0,-0.7037376686938601
2018-10-17,12:00,10051.41,9994.0,6,-0.10704965770971242,-0.10655221506236101,10100.0,-0.5711636476872339
2018-10-17,12:30,10015.09,9994.0,6,-0.14568016862555044,-0.15167112826744988,10050.0,-0.21058223141280363
2018-10-17,13:00,10019.0,9994.0,5,-0.0868350134744067,-0.0868350134744067,10050.0,-0.24952590078850534
2018-10-24,09:30,9690.09,9774.0,6,0.08936965497740035,0.08369375310239846,9800.0,0.8659362296944639
2018-10-24,10:00,9717.54,9774.0,6,-0.0811933884501681,-0.08788232412730856,9700.0,0.5810112435863379
2018-10-24,10:30,9713.66,9774.0,6,0.01276552813254117,0.00864761583172502,9700.0,0.6211870705789657
2018-10-24,11:00,9716.73,9774.0,6,0.11495636906655449,0.1273062028069205,9700.0,0.5893958152588308
2018-10-24,11:30,9770.75,9774.0,5,0.10797533454443009,0.10490494588439869,9750.0,0.03326254381701421
2018-10-24,12:00,9779.69,9774.0,6,-0.009611756609878563,0.0011247800288050058,9750.0,-0.05818180330869893
2018-10-24,12:30,9797.81,9774.0,5,0.030517023702225643,0.030517023702225643,9750.0,-0.2430134897492331
2018-10-24,13:00,9797.82,9774.0,3,-0.04613271115412321,-0.04613271115412321,9750.0,-0.24311530524137037
2018-10-31,09:30,9683.74,9733.0,6,-0.038105112280995,-0.037588782846287305,9600.0,0.5086877590682937
2018-10-31,10:00,9709.31,9733.0,5,-0.15150407186503845,-0.15047413255935282,9650.0,0.24399262151482137
2018-10-31,10:30,9735.02,9733.0,6,-0.14607057818063485,-0.14709779743646845,9650.0,-0.020749828968003037
2018-10-31,11:00,9714.25,9733.0,5,-0.11580924929871506,-0.11066217155210056,9700.0,0.19301541549785473
2018-10-31,11:30,9703.33,9733.0,5,-0.003400894332150628,-0.003400894332150628,9700.0,0.3057713176816579
2018-10-31,12:00,9713.49,9733.0,4,-0.04570962650910504,-0.04210639018519258,9700.0,0.20085468765602688
2018-10-31,12:30,9719.57,9733.0,4,-0.0861149207217915,-0.0861149207217915,9700.0,0.13817483695266475
2018-10-31,13:00,9724.59,9733.0,4,0.055632165469188255,0.05871712843419363,9700.0,0.08648179511938636
2018-11-07,09:30,9859.94,9889.0,6,-0.028803420710477035,-0.029817625665073955,9800.0,0.2947279598050301
2018-11-07,10:00,9860.17,9889.0,6,-0.062371637142405456,-0.06764589251503361,9850.0,0.2923884679473021
2018-11-07,10:30,9886.49,9889.0,6,-0.058867135807494364,-0.0707025445835674,9850.0,0.025388181245311614
2018-11-07,11:00,9873.78,9889.0,5,-0.007899710141412442,-0.007899710141412442,9850.0,0.1541456260925278
2018-11-07,11:30,9884.96,9889.0,6,0.07860609242742456,0.08335896149302968,9850.0,0.04087017044076546
2018-11-07,12:00,9895.87,9889.0,4,0.06169343592803411,0.06497660134983096,9850.0,-0.06942290066462853
2018-11-07,12:30,9892.02,9889.0,5,-0.04670431317366219,-0.05175889252145849,9900.0,-0.030529659260702946
2018-11-07,13:00,9901.81,9889.0,5,-0.053219582786756536,-0.06069597376641145,9900.0,-0.12937028684654184
2018-11-14,09:30,9806.59,9788.0,5,-0.08249554636219347,-0.08249554636219347,9800.0,-0.18956640381621037
2018-11-14,10:00,9792.15,9788.0,5,-0.06791154138774402,-0.0628054104563347,9800.0,-0.0423808867306974
2018-11-14,10:30,9777.57,9788.0,5,-0.03651213951932908,-0.03548939051317701,9800.0,0.10667272134079475
2018-11-14,11:00,9791.64,9788.0,4,-0.013174503964596962,-0.014706423030241833,9800.0,-0.03717456932648133
2018-11-14,11:30,9795.65,9788.0,4,0.03246404782109025,0.029094547069363763,9800.0,-0.07809588950197233
2018-11-14,12:00,9788.64,9788.0,4,0.07161362559048312,0.07518919890812104,9800.0,-0.0065381912093931405
2018-11-14,12:30,9792.51,9788.0,4,0.040965564020034595,0.015215710783045289,9800.0,-0.0460556078063723
2018-11-14,13:00,9780.2,9788.0,2,-0.018915768593691373,-0.01226968773645476,9800.0,0.07975297028690598
2018-11-21,09:30,9664.9,9743.0,6,0.09208579499012659,0.09932849796687737,9700.0,0.8080787178346371
2018-11-21,10:00,9691.21,9743.0,5,-0.04963260521647639,-0.04860074232215794,9700.0,0.534401792964978
2018-11-21,10:30,9705.61,9743.0,6,0.04317090837154813,0.0452315722556218,9700.0,0.3852411131294087
2018-11-21,11:00,9704.0,9743.0,5,0.17106347897775098,0.16591096455069732,9700.0,0.4018961253091424
2018-11-21,11:30,9718.61,9743.0,6,0.09970561633813046,0.09456084769323692,9700.0,0.2509618144981518
2018-11-21,12:00,9712.33,9743.0,5,0.04293511443700382,0.04293511443700382,9700.0,0.31578416301751844
2018-11-21,12:30,9716.55,9743.0,4,0.039108531320275475,0.03756477350500553,9700.0,0.2722159614266362
2018-11-21,13:00,9751.48,9743.0,5,0.028918687214662953,0.022765775041344583,9700.0,-0.0869611587164143
2018-11-28,09:30,9779.73,9874.0,6,-0.10204780704579086,-0.10562663795421479,9800.0,0.9639325421049394
2018-11-28,10:00,9771.5,9874.0,6,-0.044517218441392226,-0.047075679271357806,9800.0,1.0489689402855218
2018-11-28,10:30,9793.64,9874.0,6,0.03941333355117482,0.03941333355117482,9800.0,0.8205325088527005
2018-11-28,11:00,9826.97,9874.0,6,0.0008140861323557846,-0.006817971358419328,9800.0,0.4785808850541029
2018-11-28,11:30,9815.49,9874.0,4,0.07192712742817298,0.06734253715301453,9800.0,0.5960986155556292
2018-11-28,12:00,9820.36,9874.0,6,0.057378179680223074,0.05844999572317544,9800.0,0.5462121551552013
2018-11-28,12:30,9820.05,9874.0,3,0.05957199810591174,0.05957199810591174,9800.0,0.5493862047545761
2018-11-28,13:00,9847.05,9874.0,4,0.046206731965414694,0.047222264536084246,9800.0,0.2736860277951392
2018-12-05,09:30,9926.63,9904.0,6,0.004130322307960288,0.0037273475489651986,9950.0,-0.22797263522463806
2018-12-05,10:00,9947.64,9904.0,6,0.08755845607602009,0.09911898701602251,9950.0,-0.43869701758406654
2018-12-05,10:30,9933.72,9904.0,6,0.03150884059548442,0.027985487813242393,9950.0,-0.29918298482339845
2018-12-05,11:00,9935.36,9904.0,4,-0.00629073948351655,-0.0036234217985153805,9950.0,-0.31564029889203926
2018-12-05,11:30,9927.46,9904.0,5,0.09710439528338721,0.1011336233034621,9950.0,-0.23631422337636598
2018-12-05,12:00,9921.43,9904.0,4,-0.03326363227332818,-0.04061914461928051,9950.0,-0.17568032027641678
2018-12-05,12:30,9908.12,9904.0,6,-0.09557817224660203,-0.0950735356455068,9950.0,-0.041582055929889616
2018-12-05,13:00,9924.57,9904.0,6,-0.0747639444328485,-0.07426014426820116,9950.0,-0.20726338773366937
2018-12-12,09:30,9766.71,9829.0,6,-0.0640952787581417,-0.0676788806056372,9800.0,0.6377787402308543
2018-12-12,10:00,9780.14,9829.0,5,0.043557658683823774,0.049692540188583934,9750.0,0.4995838505379435
2018-12-12,10:30,9785.11,9829.0,4,-0.0031680788463328557,-0.0021461179281700993,9800.0,0.44853864698506385
2018-12-12,11:00,9775.27,9829.0,4,0.05145637920999091,0.04941039991734897,9800.0,0.5496523369686868
2018-12-12,11:30,9782.93,9829.0,5,0.04978058720648271,0.04978058720648271,9800.0,0.47092231059611134
2018-12-12,12:00,9782.41,9829.0,5,0.04794319600180952,0.04794319600180952,9800.0,0.4762630067641771
2018-12-12,12:30,9801.76,9829.0,3,0.006529439610836185,0.0075496645500328086,9800.0,0.2779092734366051
2018-12-12,13:00,9805.2,9829.0,6,0.05660261901847541,0.046913882429722165,9800.0,0.24272834822338663
2018-12-19,09:30,9735.19,9768.0,6,0.07163459846016851,0.11104046248711086,9750.0,0.33702475247014974
2018-12-19,10:00,9764.08,9768.0,6,-0.04434621592613319,-0.046906621002695825,9750.0,0.04014715160056692
2018-12-19,10:30,9760.7,9768.0,6,-0.02940276734580971,-0.027661950474866526,9750.0,0.07478971795054079
2018-12-19,11:00,9757.68,9768.0,6,0.012096229357638766,-0.022341376228773857,9750.0,0.10576284526648827
2018-12-19,11:30,9754.1,9768.0,5,0.05228570549820066,0.04510923611609208,9750.0,0.14250417773038482
2018-12-19,12:00,9758.65,9768.0,6,0.09786189688123503,0.11323287544897642,9750.0,0.09581243307219545
2018-12-19,12:30,9755.75,9768.0,4,0.08969069523101503,0.08354047612946225,9750.0,0.12556697332342104
2018-12-19,13:00,9758.43,9768.0,4,0.10729184920115209,0.10524233918776105,9750.0,0.0980690541408702
2018-12-26,09:30,9579.45,9489.0,5,-0.013048765847722965,-0.01722437091901119,9550.0,-0.9442086967414665
2018-12-26,10:00,9561.55,9489.0,5,-0.08000794850206994,-0.041538189499934486,9550.0,-0.7587681913497235
2018-12-26,10:30,9556.52,9489.0,4,-0.1786215065735286,-0.17495908552487283,9550.0,-0.7065333405884222
2018-12-26,11:00,9536.84,9489.0,5,-0.08430465437190282,-0.08640178507764995,9550.0,-0.5016336648198005
2018-12-26,11:30,9545.59,9489.0,4,-0.04913263611783791,-0.04808503193621805,9550.0,-0.5928392063769827
2018-12-26,12:00,9542.01,9489.0,4,-0.048836670680502126,-0.04307268594353486,9550.0,-0.5555433289212708
2018-12-26,12:30,9526.09,9489.0,4,-0.13216335348500974,-0.1300638562096279,9550.0,-0.38935176971873764
2018-12-26,13:00,9519.85,9489.0,2,-0.16281769145522484,-0.159141162938492,9550.0,-0.3240597278318491
2019-01-02,09:30,9715.67,9550.0,5,-0.012042401604828168,-0.01410093179370353,9750.0,-1.705183481942063
2019-01-02,10:00,9633.49,9550.0,6,-0.19193459483530795,-0.18570632242312923,9700.0,-0.8666641061546687
2019-01-02,10:30,9619.06,9550.0,6,-0.05915472553813528,-0.05988111104411331,9700.0,-0.7179495709559891
2019-01-02,11:00,9607.34,9550.0,6,0.009471924590986891,0.012074101676429194,9700.0,-0.5968353363157819
2019-01-02,11:30,9586.36,9550.0,6,-0.08459936826908931,-0.09450928193810437,9700.0,-0.3792889063210736
2019-01-02,12:00,9584.88,9550.0,5,-0.030047324536131015,-0.08978092827849338,9700.0,-0.36390648604884834
2019-01-02,12:30,9573.05,9550.0,5,-0.16347976872573833,-0.1540783762750686,9600.0,-0.24078010665357086
2019-01-02,13:00,9572.35,9550.0,4,-0.08984209729063775,-0.08305170621635272,9600.0,-0.2334849854006671
2019-01-09,09:30,9661.51,9735.0,5,-0.10360699310977273,-0.10464202800598565,9600.0,0.7606471452185071
2019-01-09,10:00,9696.93,9735.0,5,0.01722194550233258,0.022378216610818846,9650.0,0.392598482200035
2019-01-09,10:30,9709.56,9735.0,6,0.04160847659421263,0.042638389381211006,9650.0,0.26200981300903425
2019-01-09,11:00,9726.36,9735.0,6,0.006065989743331279,0.005551922815927313,9650.0,0.08883076505494802
2019-01-09,11:30,9721.76,9735.0,5,0.010697651454050217,0.010697651454050217,9650.0,0.13618933197281358
2019-01-09,12:00,9728.09,9735.0,6,0.10186994569334473,0.1049537987415805,9650.0,0.0710314152110092
2019-01-09,12:30,9729.46,9735.0,6,0.12219940338734636,0.13402593771905114,9700.0,0.056940467405186546
2019-01-09,13:00,9726.35,9735.0,4,0.12440432433543647,0.12594652670323558,9700.0,0.0889336698761678
2019-01-16,09:30,9783.01,9784.0,6,-0.11509750066697189,-0.11458641052192187,9800.0,0.010119584872136933
2019-01-16,10:00,9783.6,9784.0,6,0.04650639846272009,0.05008381372908488,9800.0,0.0040884745901248465
2019-01-16,10:30,9797.32,9784.0,5,0.0447061033017393,0.04776816517171323,9800.0,-0.13595554702714452
2019-01-16,11:00,9785.89,9784.0,4,-0.018803142875017942,-0.011138486126449632,9800.0,-0.01931352181558932
2019-01-16,11:30,9783.7,9784.0,5,0.013287406604844954,0.012265298404479097,9800.0,0.0030663246011197742
2019-01-16,12:00,9782.19,9784.0,6,-0.042321811373530194,-0.041810678385922895,9800.0,0.01850301415122768
2019-01-16,12:30,9768.9,9784.0,4,0.09699365392589199,0.10134201394220721,9800.0,0.15457216267953378
2019-01-16,13:00,9782.42,9784.0,6,0.13064251994905351,0.1337092457694533,9800.0,0.01615142265409819
2019-01-23,09:30,9858.55,9837.0,6,-0.04666000578177898,-0.04615283180589014,9850.0,-0.2185919836081296
2019-01-23,10:00,9860.84,9837.0,6,-0.0004056449551925745,0.0016225798207925024,9850.0,-0.24176439329712807
2019-01-23,10:30,9859.11,9837.0,6,0.012377650288952768,-0.007201461389527708,9850.0,-0.22425959341157986
2019-01-23,11:00,9844.96,9837.0,5,0.007516536380047789,0.015642521655756525,9850.0,-0.0808535534933541
2019-01-23,11:30,9845.5,9837.0,5,-0.018282464069874216,-0.02437661875983599,9850.0,-0.08633385810776772
2019-01-23,12:00,9835.28,9837.0,5,0.014437819767199045,0.018504811250918962,9850.0,0.01748806337997788
2019-01-23,12:30,9839.18,9837.0,4,0.06931471931603816,0.07033106417404511,9850.0,-0.022156317904542533
2019-01-23,13:00,9844.12,9837.0,5,-0.019504028800954032,-0.02458320296786498,9850.0,-0.07232744013686565
2019-01-30,09:30,9914.9,9930.0,6,0.0005042915208419707,0.0,9950.0,0.15229603929440838
2019-01-30,10:00,9918.05,9930.0,5,0.03478506359617661,0.032768538170313555,9900.0,0.1204873941954343
2019-01-30,10:30,9921.23,9930.0,5,0.0823486603979573,0.08335659993772282,9950.0,0.08839629763648382
2019-01-30,11:00,9924.42,9930.0,4,0.04221394613326268,0.06529348818369307,9900.0,0.05622494815817891
2019-01-30,11:30,9952.5,9930.0,4,0.08540567696557755,0.0813865862848484,9950.0,-0.22607385079125297
2019-01-30,12:00,9948.63,9930.0,3,0.11127160222061949,0.10524062107044596,9950.0,-0.18726196471272605
2019-01-30,12:30,9929.6,9930.0,4,0.08267095613923026,0.08862391234287781,9950.0,0.004028359651941926
2019-01-30,13:00,9928.62,9930.0,4,0.029208091948151882,0.027999863022243332,9950.0,0.013899212579393527
2019-02-11,09:30,10009.11,10020.0,6,-0.004595813214164357,-0.021080795395400642,10000.0,0.10880088239613173
2019-02-11,10:00,10001.67,10020.0,6,0.037846427802579186,0.04829193524680253,10000.0,0.18326939401120956
2019-02-11,10:30,10002.15,10020.0,5,-0.021495378493618933,-0.021495378493618933,10000.0,0.17846163074939358
2019-02-11,11:00,10034.8,10020.0,6,-0.04035954877026904,-0.04085781480446249,10000.0,-0.1474867461234819
2019-02-11,11:30,10028.11,10020.0,3,-0.06189136421123065,-0.06587792551308036,10000.0,-0.08087266693325157
2019-02-11,12:00,10023.27,10020.0,3,-0.02264729973352475,-0.02264729973352475,10000.0,-0.03262408375710457
2019-02-11,12:30,10025.84,10020.0,2,-0.034311339498738214,-0.029324226199500814,10000.0,-0.05824948333505997
2019-02-11,13:00,10021.66,10020.0,4,-0.04136070005505976,-0.038516573102664875,10000.0,-0.016564122111506485
2019-02-13,09:30,10092.83,10100.0,6,-0.04537874907236117,-0.04785575502609385,10100.0,0.0710405307530193
2019-02-13,10:00,10097.98,10100.0,5,0.049712912879606996,0.049712912879606996,10100.0,0.02000400080015563
2019-02-13,10:30,10080.26,10100.0,6,-0.007539488068764033,-0.00853152597255491,10100.0,0.1958282822070112
2019-02-13,11:00,10077.68,10100.0,4,0.02500575529289506,0.02500575529289506,10100.0,0.2214795468798325
2019-02-13,11:30,10094.06,10100.0,5,0.06379989815792353,0.06974398804842075,10100.0,0.05884648991585362
2019-02-13,12:00,10093.43,10100.0,4,-0.019616720975929036,-0.01713986226683506,10100.0,0.06509184687464309
2019-02-13,12:30,10087.1,10100.0,5,-0.015164084312302428,0.015861843344477933,10100.0,0.12788611196479227
2019-02-13,13:00,10093.03,10100.0,4,-0.006241931312994664,-0.003269583068710169,10100.0,0.06905755754218479
2019-02-20,09:30,10241.48,10256.0,6,-0.06034284107374055,-0.06229568382694062,10200.0,0.14177638388201963
2019-02-20,10:00,10258.79,10256.0,4,-0.07106101206868498,-0.06911146441247462,10200.0,-0.02719618980406846
2019-02-20,10:30,10246.28,10256.0,4,-0.013468302642527519,-0.007612518884914099,10200.0,0.09486369687339291
2019-02-20,11:00,10233.79,10256.0,4,-0.06928029596073859,-0.06830314086962996,10200.0,0.21702614573877455
2019-02-20,11:30,10231.27,10256.0,4,-0.05351157727910838,-0.05150875697739199,10200.0,0.24170997344414857
2019-02-20,12:00,10228.85,10256.0,5,-0.044486377880015304,-0.05328067182528429,10200.0,0.26542573212042786
2019-02-20,12:30,10233.41,10256.0,5,-0.0020521018897823318,0.0008794722384797282,10200.0,0.22074753185887808
2019-02-20,13:00,10251.59,10256.0,5,0.008876671813839998,0.008876671813839998,10250.0,0.043017717251658816
2019-02-27,09:30,10355.15,10376.0,5,0.0014485545839493241,-0.00241425763991554,10400.0,0.2013490871692003
2019-02-27,10:00,10381.11,10376.0,5,-0.06752649764812935,-0.06752649764812935,10350.0,-0.04922402324992747
2019-02-27,10:30,10384.02,10376.0,5,-0.005007694515235528,-0.0030816581632175932,10350.0,-0.07723405771561387
2019-02-27,11:00,10371.02,10376.0,4,0.024972645373566582,0.02584123837385821,10350.0,0.048018420560369535
2019-02-27,11:30,10356.69,10376.0,4,0.024235542436812363,0.023269982977192072,10350.0,0.18644953165538602
2019-02-27,12:00,10360.07,10376.0,5,0.00318530666298944,0.00318530666298944,10350.0,0.15376343982231866
2019-02-27,12:30,10361.82,10376.0,4,-0.0059835048282996794,-0.00984383052398119,10350.0,0.13684854591182738
2019-02-27,13:00,10375.08,10376.0,4,0.038264765187356886,0.015614337431624215,10350.0,0.00886740150436438
2019-03-06,09:30,10345.2,10340.0,5,-0.20299269226308203,-0.20395932413099782,10300.0,-0.05026485713182094
2019-03-06,10:00,10337.67,10340.0,5,-0.08996111358315906,-0.08386802828876938,10300.0,0.022538928017623583
2019-03-06,10:30,10343.85,10340.0,4,-0.038670321012013176,-0.03431990989816169,10300.0,-0.03722018397405158
2019-03-06,11:00,10341.24,10340.0,6,-0.1202130567015347,-0.057439920164314984,10350.0,-0.011990825084806644
2019-03-06,11:30,10350.44,10340.0,6,-0.03081994581873304,-0.029370732065503447,10350.0,-0.10086527722493743
2019-03-06,12:00,10355.06,10340.0,4,-0.07397883976531516,-0.07880205426139542,10350.0,-0.1454361442618346
2019-03-06,12:30,10351.64,10340.0,4,-0.06607648643112696,-0.0593142729074736,10350.0,-0.11244595059333173
2019-03-06,13:00,10356.19,10340.0,5,-0.11867298688031935,-0.11867298688031935,10350.0,-0.1563316238887169
2019-03-13,09:30,10355.85,10365.0,5,-0.12022190356175688,-0.1289126435782717,10350.0,0.08835585683453218
2019-03-13,10:00,10354.41,10365.0,5,-0.12661271863873003,-0.12951003485470736,10350.0,0.10227526242441165
2019-03-13,10:30,10346.21,10365.0,7,-0.17697301717246594,-0.17697301717246594,10350.0,0.18161239719667321
2019-03-13,11:00,10349.62,10365.0,5,-0.06551306976079196,-0.07555832967781617,10350.0,0.14860448982667585
2019-03-13,11:30,10363.55,10365.0,4,-0.1185812420131549,-0.11627289876537938,10350.0,0.013991344664732175
2019-03-13,12:00,10360.88,10365.0,3,-0.05607832046877759,-0.05675193612897367,10350.0,0.039764962049559927
2019-03-13,12:30,10362.6,10365.0,3,-0.017370158068452657,-0.017370158068452657,10350.0,0.023160210757922073
2019-03-13,13:00,10362.59,10365.0,4,-0.02489888769388604,-0.02885379041339675,10350.0,0.023256734079035724
2019-03-20,09:30,10534.61,10545.0,6,-0.12397231601360414,-0.12159918592146157,10500.0,0.0986272866295046
2019-03-20,10:00,10518.34,10545.0,5,-0.1315796979371231,-0.1315796979371231,10500.0,0.2534620481939198
2019-03-20,10:30,10512.33,10545.0,5,-0.023115712691668122,-0.02121318489810564,10500.0,0.31077791507687635
2019-03-20,11:00,10533.96,10545.0,5,-0.04328856384493429,-0.0375927001811216,10500.0,0.10480389141407365
2019-03-20,11:30,10528.57,10545.0,5,-0.13458617836989983,-0.1336363817688424,10500.0,0.1560515815538066
2019-03-20,12:00,10531.07,10545.0,3,-0.05431469478369699,-0.05194154060318423,10500.0,0.132275257879777
2019-03-20,12:30,10520.35,10545.0,6,-0.018006642944723428,-0.0014258080767270975,10500.0,0.23430779394222334
2019-03-20,13:00,10532.8,10545.0,5,-0.009494151602618128,-0.004747075801303513,10500.0,0.11582864955188565
2019-03-27,09:30,10523.11,10541.0,6,0.006556996933415604,0.008457575754694524,10550.0,0.17000677556349153
2019-03-27,10:00,10530.3,10541.0,5,-0.01044604617150835,-0.0142446084157144,10500.0,0.10161154003209827
2019-03-27,10:30,10529.91,10541.0,5,0.01320049269175616,0.012250816958547794,10500.0,0.10531903881418891
2019-03-27,11:00,10533.67,10541.0,4,0.06436503137083882,0.06483969974377946,10550.0,0.0695863834731858
2019-03-27,11:30,10541.47,10541.0,3,-0.0035099469049337806,-0.0035099469049337806,10550.0,-0.004458581203559131
2019-03-27,12:00,10543.23,10541.0,3,0.07938743629798406,0.06705724905935462,10550.0,-0.021151013493958537
2019-03-27,12:30,10552.78,10541.0,3,0.02672281616786787,0.024827580978659114,10550.0,-0.11162935264452667
2019-03-27,13:00,10546.48,10541.0,4,0.01569163198571477,0.03432424846963045,10550.0,-0.051960464534128725
2019-04-03,09:30,10702.79,10724.0,6,0.022984661008940144,0.0299921796092395,10700.0,0.198172626016202
2019-04-03,10:00,10692.84,10724.0,7,0.06602548995402469,0.06696069519416259,10700.0,0.29140995282823656
2019-04-03,10:30,10705.3,10724.0,4,0.009481644888731378,0.0018682334918196375,10700.0,0.17467983148533595
2019-04-03,11:00,10702.23,10724.0,6,-0.011025739495407194,-0.01336170125292302,10700.0,0.20341554984335541
2019-04-03,11:30,10704.14,10724.0,5,0.007100056613618122,0.007100056613618122,10700.0,0.18553568992931702
2019-04-03,12:00,10714.4,10724.0,4,-0.03873154830107972,-0.03546628835958687,10700.0,0.08959904427685572
2019-04-03,12:30,10719.75,10724.0,4,-0.06492464121807262,-0.06296788637795148,10700.0,0.03964644697871389
2019-04-03,13:00,10720.65,10724.0,3,0.010726961518181533,0.023785871192516517,10700.0,0.031248105292136508
2019-04-10,09:30,10838.58,10866.0,4,-0.030862223121963517,-0.03303015708699952,10850.0,0.2529851696440044
2019-04-10,10:00,10827.78,10866.0,5,0.014037965307744926,0.012190864609373797,10850.0,0.35298094346207787
2019-04-10,10:30,10829.25,10866.0,4,0.02447076205647214,0.02447076205647214,10850.0,0.3393586813491334
2019-04-10,11:00,10823.71,10866.0,4,0.06827603474225397,0.0673521371137964,10850.0,0.3907163070703268
2019-04-10,11:30,10826.78,10866.0,5,0.07194769522624878,0.07407557925809272,10850.0,0.36224990255642187
2019-04-10,12:00,10829.85,10866.0,3,0.07063809748057981,0.07063809748057981,10850.0,0.333799637114085
2019-04-10,12:30,10833.97,10866.0,5,0.09656270021065616,0.08334894780031021,10850.0,0.2956441636814633
2019-04-10,13:00,10847.94,10866.0,4,0.049871219789199284,0.05217580480718631,10850.0,0.1664832216992318
2019-04-17,09:30,10975.3,11005.0,6,-0.08701396946360629,-0.08564686158920587,10950.0,0.2706076371488786
2019-04-17,10:00,10978.15,11005.0,5,0.049644065712350915,0.05146586628894667,10950.0,0.24457672740854086
2019-04-17,10:30,10978.12,11005.0,4,0.025323097215168566,0.025323097215168566,10950.0,0.2448506665986505
2019-04-17,11:00,10982.35,11005.0,5,0.05899909134117198,0.05964115148395788,10950.0,0.2062400123834962
2019-04-17,11:30,10983.82,11005.0,4,0.04096802399834454,0.03805597688235629,10950.0,0.19282908860487336
2019-04-17,12:00,10987.08,11005.0,6,0.10439534434990572,0.10849106404977604,10950.0,0.16310066004798784
2019-04-17,12:30,10975.5,11005.0,6,0.07334517789622241,0.06924513689581246,10950.0,0.26878046558242996
2019-04-17,13:00,10978.62,11005.0,5,0.09143848029975477,0.09181481825584203,10950.0,0.2402852088878138
2019-04-24,09:30,11054.68,11002.0,6,0.03184171771593025,0.020986586676419172,11050.0,-0.4765402526350826
2019-04-24,10:00,11040.33,11002.0,4,0.05543312564026959,0.06947256105569455,11050.0,-0.3471816512731096
2019-04-24,10:30,11035.21,11002.0,4,-0.01776132941737063,-0.020026805108364076,11050.0,-0.30094579079146255
2019-04-24,11:00,11038.11,11002.0,5,-0.024550859687755278,-0.02092749573977537,11050.0,-0.32713933816568286
2019-04-24,11:30,11026.38,11002.0,5,-0.03961501817124624,0.011971290668388868,11050.0,-0.22110611098111743
2019-04-24,12:00,11021.73,11002.0,6,-0.07181028372044151,-0.06106119456745773,11050.0,-0.17901001022525564
2019-04-24,12:30,11011.8,11002.0,7,-0.0490383043644016,-0.0490383043644016,11050.0,-0.08899544125392511
2019-04-24,13:00,11010.39,11002.0,5,-0.04259612965570314,-0.04168789661401773,11050.0,-0.07620075219859634
2019-05-02,09:30,11037.47,10999.0,5,-0.01513027894979313,-0.010600255312132045,11000.0,-0.34854001868180884
2019-05-02,10:00,11010.91,10999.0,6,-0.012396300202316413,-0.012805481109190442,11000.0,-0.10816544681593321
2019-05-02,10:30,11001.76,10999.0,7,-0.06780733264496464,-0.06780733264496464,11000.0,-0.02508689518767593
2019-05-02,11:00,10998.52,10999.0,4,0.013001749326269074,0.014365569185681437,11000.0,0.004364223550079593
2019-05-02,11:30,10998.37,10999.0,4,0.03664179328390915,0.03664179328390915,11000.0,0.005728121530723662
2019-05-02,12:00,11004.55,10999.0,3,-0.02953323852405987,-0.02953323852405987,11000.0,-0.05043368424878514
2019-05-02,12:30,11001.28,10999.0,5,0.012907588935107128,0.014725559207651173,11000.0,-0.02072486110707983
2019-05-02,13:00,11014.38,10999.0,6,-0.06019403724947803,-0.061555893295839326,11000.0,-0.13963563995430528
2019-05-08,09:30,10919.3,10935.0,6,0.013279239511698737,0.010989715457965232,10900.0,0.1437821105748638
2019-05-08,10:00,10923.35,10935.0,6,0.0,-0.0022886751774864322,10900.0,0.10665226327088995
2019-05-08,10:30,10920.2,10935.0,6,0.10210435706304866,0.09981502170288703,10900.0,0.13552865332135955
2019-05-08,11:00,10936.91,10935.0,6,0.030538790206746658,0.030995957724799794,10900.0,-0.017463799190076124
2019-05-08,11:30,10930.41,10935.0,5,0.06962813452411343,0.05663099554362727,10900.0,0.04199293530617876
2019-05-08,12:00,10919.64,10935.0,4,0.07298514429927572,0.06666410266271683,10900.0,0.14066397793335295
2019-05-08,12:30,10919.42,10935.0,3,0.07216500510098811,0.07216500510098811,10900.0,0.14268157099919243
2019-05-08,13:00,10916.33,10935.0,5,0.07796331601528372,0.06201717976646037,10900.0,0.17102817522005598
2019-05-15,09:30,10569.54,10580.0,6,-0.10681637989922721,-0.09972051763842416,10500.0,0.09896362566392813
2019-05-15,10:00,10592.45,10580.0,7,-0.12036875321573826,-0.12697723378444215,10500.0,-0.11753654725772389
2019-05-15,10:30,10591.83,10580.0,5,-0.08808676121123682,-0.08997500903998867,10550.0,-0.11168985907061835
2019-05-15,11:00,10600.47,10580.0,6,-0.11244784429368382,-0.10820274950071873,10550.0,-0.19310464536005378
2019-05-15,11:30,10597.0,10580.0,3,-0.04435217514391354,-0.04435217514391354,10550.0,-0.16042276115881826
2019-05-15,12:00,10602.05,10580.0,6,-0.026881593654048963,-0.024995166029206928,10550.0,-0.20797864563928403
2019-05-15,12:30,10605.5,10580.0,7,-0.02828720946678187,-0.029230116449019405,10550.0,-0.24044128046768476
2019-05-15,13:00,10604.19,10580.0,5,-0.03829011077725042,-0.042341753589847375,10600.0,-0.2281173762446742
2019-05-22,09:30,10511.45,10474.0,5,-0.0508968791175346,-0.051848222652450815,10500.0,-0.3562781538227422
2019-05-22,10:00,10495.64,10474.0,5,0.0034299956934491505,0.0034299956934491505,10500.0,-0.20618085223959026
2019-05-22,10:30,10501.37,10474.0,4,-0.06684842072987585,-0.07208583261042456,10500.0,-0.26063266031004506
2019-05-22,11:00,10488.2,10474.0,6,0.01906904902653217,0.022882858831829722,10500.0,-0.13539024808832956
2019-05-22,11:30,10482.49,10474.0,3,0.0020033408093089733,0.0020033408093089733,10500.0,-0.08099220700424903
2019-05-22,12:00,10493.61,10474.0,3,0.05910954333112617,0.02372872633917833,10500.0,-0.18687563193220402
2019-05-22,12:30,10481.23,10474.0,4,0.038545349940466433,0.0388313203698365,10500.0,-0.06898045362996319
2019-05-22,13:00,10468.39,10474.0,2,0.10135273905539366,0.09944222559534754,10500.0,0.05358990255426299
2019-05-29,09:30,10284.23,10290.0,6,-0.06689854272026174,-0.07613598684588219,10250.0,0.05610531853139644
2019-05-29,10:00,10282.52,10290.0,5,-0.07021625049113966,-0.06924372624610431,10250.0,0.07274481352819162
2019-05-29,10:30,10304.78,10290.0,5,-0.09975952907291807,-0.09975952907291807,10300.0,-0.14342858362819122
2019-05-29,11:00,10300.89,10290.0,4,-0.058444218779429846,-0.05747338458043094,10300.0,-0.10571902039532288
2019-05-29,11:30,10281.09,10290.0,4,0.0428942845554281,0.04970290115153819,10300.0,0.08666396267322796
2019-05-29,12:00,10289.51,10290.0,4,-0.02162385163781977,-0.0292530936847335,10300.0,0.004762131530067215
2019-05-29,12:30,10281.66,10290.0,3,0.05874537769192667,0.05680016651008479,10300.0,0.08111530628323038
2019-05-29,13:00,10290.48,10290.0,5,-0.016325769060343553,-0.016325769060343553,10300.0,-0.0046645054458061
2019-06-05,09:30,10500.71,10461.0,7,-0.001999864771040638,-0.001999864771040638,10500.0,-0.3781649050397462
2019-06-05,10:00,10484.68,10461.0,6,0.04358740562420138,0.0412029742443254,10500.0,-0.22585334030222892
2019-06-05,10:30,10488.4,10461.0,6,0.028602746311168215,0.027649593836986952,10500.0,-0.261240990046141
2019-06-05,11:00,10495.55,10461.0,5,-0.0671713249901118,-0.0671713249901118,10500.0,-0.3291871316891348
2019-06-05,11:30,10479.74,10461.0,5,-0.05572657336918585,-0.05572657336918585,10500.0,-0.1788212302976988
2019-06-05,12:00,10491.36,10461.0,3,-0.05490231962300696,-0.05490231962300696,10500.0,-0.28938097634625404
2019-06-05,12:30,10475.16,10461.0,4,-0.026348046235091793,-0.02443876752240559,10500.0,-0.13517693285830523
2019-06-05,13:00,10462.58,10461.0,5,-0.03230560722115028,-0.0275266712416955,10500.0,-0.01510143769509753
2019-06-12,09:30,10606.58,10620.0,6,-0.05920852904517382,-0.057322907101065024,10600.0,0.12652523245004765
2019-06-12,10:00,10586.43,10620.0,6,0.028527086090401887,0.029943994339931557,10600.0,0.3171040662433011
2019-06-12,10:30,10567.6,10620.0,6,0.06434762860063614,0.06718649456831649,10600.0,0.49585525568718314
2019-06-12,11:00,10582.34,10620.0,5,-0.041956693888123286,-0.041956693888123286,10600.0,0.3558759215825491
2019-06-12,11:30,10590.55,10620.0,3,0.002360595058803483,-0.0004721190117518148,10600.0,0.27807809792692595
2019-06-12,12:00,10601.28,10620.0,4,-0.0323545835974548,-0.03471278939901623,10600.0,0.17658245042107001
2019-06-12,12:30,10597.5,10620.0,4,-0.01589737966563587,-0.00754895022410107,10600.0,0.2123142250530785
2019-06-12,13:00,10611.47,10620.0,4,0.004994595470764196,0.002167465959024284,10600.0,0.08038471578395434
2019-06-19,09:30,10708.56,10770.0,6,-0.0355790134247691,-0.02390610875785404,10700.0,0.5737466101884969
2019-06-19,10:00,10699.51,10770.0,6,0.014860493611390524,0.013925871371678333,10700.0,0.6588152167716022
2019-06-19,10:30,10701.96,10770.0,5,0.04242213575831322,0.04242213575831322,10700.0,0.6357713914086904
2019-06-19,11:00,10703.2,10770.0,5,0.008127703979687873,0.016817400403601468,10700.0,0.6241124149786836
2019-06-19,11:30,10694.84,10770.0,4,0.09219399261700678,0.09032393191483745,10700.0,0.7027688118756314
2019-06-19,12:00,10702.72,10770.0,5,0.12968665909227628,0.12968665909227628,10700.0,0.6286252466662701
2019-06-19,12:30,10702.38,10770.0,6,0.10156619368777431,0.1089542448237335,10700.0,0.6318220806960761
2019-06-19,13:00,10747.39,10770.0,6,0.2550386652015124,0.25969095752549354,10700.0,0.21037665889114265
2019-06-26,09:30,10664.15,10665.0,6,0.008439491192446802,0.006095188083432568,10700.0,0.007970630570652837
2019-06-26,10:00,10660.43,10665.0,6,-0.005440681098234368,-0.005909705330842119,10700.0,0.04286881486017524
2019-06-26,10:30,10660.17,10665.0,6,0.10581444761199599,0.11472612538072635,10700.0,0.045308845918956564
2019-06-26,11:00,10675.12,10665.0,5,-0.031100352970281353,-0.032037110589855367,10700.0,-0.09479987110215804
2019-06-26,11:30,10655.2,10665.0,5,0.08821983632405495,0.09103536301522386,10700.0,0.09197387191230977
2019-06-26,12:00,10653.36,10665.0,5,0.0069461653412705715,0.0069461653412705715,10700.0,0.10926130347608254
2019-06-26,12:30,10650.77,10665.0,3,0.07069911377297622,0.06882131526639856,10650.0,0.13360536374364962
2019-06-26,13:00,10658.77,10665.0,2,0.05798042363236444,0.05469674268232527,10650.0,0.058449520910941466
2019-07-03,09:30,10794.09,10729.0,7,0.03159136156916098,0.03159136156916098,10800.0,-0.603015168485721
2019-07-03,10:00,10781.93,10729.0,6,0.019245459241035157,0.02290870001937506,10800.0,-0.4909139643829996
2019-07-03,10:30,10756.69,10729.0,6,0.028447412726395616,0.02426396967838418,10800.0,-0.25742119555365317
2019-07-03,11:00,10744.92,10729.0,5,0.020288657337608207,0.025872691467232478,10800.0,-0.14816303890582416
2019-07-03,11:30,10747.73,10729.0,5,0.07043347758084462,0.07043347758084462,10800.0,-0.17426935734335958
2019-07-03,12:00,10745.63,10729.0,3,0.10115740072942359,0.10115740072942359,10800.0,-0.15476058639650736
2019-07-03,12:30,10744.27,10729.0,6,-0.04202678724723463,-0.05556450089211351,10800.0,-0.14212226610090806
2019-07-03,13:00,10736.48,10729.0,3,0.01602014813049113,0.01602014813049113,10750.0,-0.06966901628838729
2019-07-10,09:30,10753.17,10792.0,7,0.04863682058406926,0.045846945598371214,10750.0,0.3611028189826726
2019-07-10,10:00,10748.11,10792.0,6,-0.06382517484469497,-0.06894235358588796,10750.0,0.40835086354715777
2019-07-10,10:30,10749.86,10792.0,5,0.043163352825059675,0.036651640114371276,10750.0,0.3920051051827578
2019-07-10,11:00,10759.97,10792.0,5,0.04033134898140389,0.03745363602316587,10750.0,0.29767740988126956
2019-07-10,11:30,10770.51,10792.0,4,0.04679444148883993,0.04447328863721456,10750.0,0.19952629912602937
2019-07-10,12:00,10767.01,10792.0,4,0.05981121454374794,0.05934795268138782,10750.0,0.23209786189479775
2019-07-10,12:30,10769.33,10792.0,5,0.06657795796023436,0.06657795796023436,10750.0,0.21050520320204935
2019-07-10,13:00,10764.89,10792.0,2,0.108315087288402,0.10599272263813742,10750.0,0.2518372226748333
2019-07-17,09:30,10842.32,10831.0,5,-0.020475322624669,-0.01678607530490872,10850.0,-0.10440569914925701
2019-07-17,10:00,10842.48,10831.0,6,0.07862632229950206,0.08319129940752568,10850.0,-0.10587983560955694
2019-07-17,10:30,10846.77,10831.0,5,-0.011708554712608343,-0.011708554712608343,10850.0,-0.14538890379348635
2019-07-17,11:00,10830.29,10831.0,6,0.02594575029846169,0.03425577708444649,10850.0,0.006555687797815679
2019-07-17,11:30,10819.87,10831.0,5,0.04186741615193057,0.04186741615193057,10850.0,0.10286630061173696
2019-07-17,12:00,10816.82,10831.0,4,0.052139361160219444,0.05805772861156022,10850.0,0.13109213243818196
2019-07-17,12:30,10816.65,10831.0,5,0.041140279106754996,0.037442276490429194,10850.0,0.1326658438610906
2019-07-17,13:00,10842.43,10831.0,7,0.08586509311889756,0.09103125406388912,10850.0,-0.10541917263934275
2019-07-24,09:30,10963.43,10923.0,7,0.001003678023736576,-0.034934322561464004,10950.0,-0.36877145199997186
2019-07-24,10:00,10939.66,10923.0,6,0.0917761612335477,0.08994795085039975,10950.0,-0.15228992491539417
2019-07-24,10:30,10938.23,10923.0,4,0.06395016837121847,0.06189301194068353,10950.0,-0.1392364212491337
2019-07-24,11:00,10949.46,10923.0,5,0.023197491017823424,0.023197491017823424,10950.0,-0.24165575288643826
2019-07-24,11:30,10949.13,10923.0,4,-0.011233769258367499,-0.008493825536814992,10950.0,-0.23864909814751423
2019-07-24,12:00,10946.97,10923.0,2,-0.018494335485319535,-0.005206920271083604,10950.0,-0.21896469982104483
2019-07-24,12:30,10942.44,10923.0,3,-0.031532622554497625,-0.04057595929244373,10950.0,-0.17765690284800018
2019-07-24,13:00,10947.37,10923.0,4,-0.06549518286128042,-0.06640864426799009,10950.0,-0.22261054481579334
2019-07-31,09:30,10806.23,10814.0,4,0.005274735037108513,0.0024985587017800626,10800.0,0.07190296708472488
2019-07-31,10:00,10806.13,10814.0,5,-0.049323855996552535,-0.05210005802261941,10800.0,0.07282903315064537
2019-07-31,10:30,10758.55,10814.0,6,-0.017195625804578007,-0.022772585524988287,10800.0,0.5154040274944149
2019-07-31,11:00,10771.53,10814.0,5,0.06377924027505255,0.06934947960037796,10800.0,0.39428010691144877
2019-07-31,11:30,10800.25,10814.0,5,-0.00787018819009555,-0.006018379204186797,10800.0,0.1273118677808327
2019-07-31,12:00,10811.87,10814.0,3,-0.06261636516162739,-0.06354127454363256,10800.0,0.019700569836667015
2019-07-31,12:30,10823.55,10814.0,3,-0.08361397138646476,-0.08361397138646476,10800.0,-0.08823352781665017
2019-07-31,13:00,10832.63,10814.0,5,-0.13320864831530832,-0.13320864831530832,10800.0,-0.17198039626571404
2019-08-07,09:30,10420.21,10383.0,6,-0.13253091828283048,-0.1315712447253814,10400.0,-0.3570945307244222
2019-08-07,10:00,10425.75,10383.0,5,-0.10886506965925857,-0.11462005131526176,10400.0,-0.41004244298971093
2019-08-07,10:30,10402.95,10383.0,6,-0.13025151519521772,-0.13121278099001987,10400.0,-0.1917725260623282
2019-08-07,11:00,10420.18,10383.0,5,-0.1505759602456469,-0.15527562863597577,10400.0,-0.3568076559138156
2019-08-07,11:30,10409.19,10383.0,5,-0.11038322866619987,-0.11038322866619987,10400.0,-0.25160459171175154
2019-08-07,12:00,10421.45,10383.0,3,-0.08875924175618666,-0.09067836049686528,10400.0,-0.36895057789463337
2019-08-07,12:30,10421.59,10383.0,3,-0.13520009902520114,-0.13520009902520114,10400.0,-0.3702889866133652
2019-08-07,13:00,10405.96,10383.0,5,-0.1024412932588592,-0.10148030551722087,10400.0,-0.2206427854806181
2019-08-14,09:30,10508.03,10444.0,4,-0.09069254655725834,-0.09069254655725834,10450.0,-0.6093435210976827
2019-08-14,10:00,10510.29,10444.0,5,-0.074117840706589,-0.074117840706589,10500.0,-0.6307152324055876
2019-08-14,10:30,10490.72,10444.0,5,-0.13173547668796637,-0.13173547668796637,10500.0,-0.44534598197263353
2019-08-14,11:00,10487.36,10444.0,5,0.003241997986158651,0.003241997986158651,10500.0,-0.4134500961157084
2019-08-14,11:30,10483.07,10444.0,4,-0.02451571915478845,-0.021653962055012688,10500.0,-0.37269616629479474
2019-08-14,12:00,10464.77,10444.0,4,0.047113532685061354,0.04042133749713184,10500.0,-0.19847545622121432
2019-08-14,12:30,10463.54,10444.0,3,-0.02331906792538696,-0.02331906792538696,10500.0,-0.18674368330412472
2019-08-14,13:00,10451.74,10444.0,3,-0.02055970202775592,-0.02055970202775592,10500.0,-0.07405465501437725
2019-08-21,09:30,10525.15,10528.0,4,-0.0023752630603890434,-0.009976104853604006,10500.0,0.027077998888369592
2019-08-21,10:00,10509.35,10528.0,5,0.08611379390732754,0.08040459210130191,10500.0,0.1774610228034934
2019-08-21,10:30,10529.03,10528.0,5,-0.01833027353896899,-0.021179538855919944,10500.0,-0.009782477588160532
2019-08-21,11:00,10530.04,10528.0,5,-0.014624825736664349,-0.017473817763280497,10500.0,-0.019373145781031997
2019-08-21,11:30,10527.69,10528.0,4,0.043223689932025966,0.034956997193935635,10500.0,0.0029446155804357943
2019-08-21,12:00,10534.15,10528.0,5,0.027054864417164204,0.027054864417164204,10500.0,-0.05838154953176078
2019-08-21,12:30,10526.39,10528.0,5,0.05516526316489134,0.09699431619007992,10500.0,0.015294892171024976
2019-08-21,13:00,10535.07,10528.0,6,0.027811870258109828,0.02496423849107643,10500.0,-0.0671091886432662
2019-08-28,09:30,10448.81,10426.0,6,-0.013972883036433847,-0.01540845321140738,10400.0,-0.21830237127481444
2019-08-28,10:00,10433.38,10426.0,6,-0.005079849483097254,-0.013226777899388864,10450.0,-0.07073450789676361
2019-08-28,10:30,10436.96,10426.0,6,-0.09351382011619225,-0.09543008692185495,10450.0,-0.10501142095015181
2019-08-28,11:00,10434.46,10426.0,3,-0.050409891839142684,-0.05232661776458647,10450.0,-0.08107750664624325
2019-08-28,11:30,10428.83,10426.0,3,0.002588976903461493,-0.001246544434985175,10450.0,-0.027136313469489082
2019-08-28,12:00,10426.77,10426.0,4,0.045612260531435744,0.030018884083937714,10450.0,-0.007384837298607394
2019-08-28,12:30,10427.53,10426.0,3,0.003548299549360756,0.0413489148068491,10450.0,-0.014672698136575235
2019-08-28,13:00,10426.0,10426.0,3,-0.01246882793016768,-0.011509687320165884,10450.0,0.0
2019-09-04,09:30,10598.86,10657.0,7,0.029625827683354977,0.029625827683354977,10600.0,0.5485495609905078
2019-09-04,10:00,10621.32,10657.0,5,0.014875740491770983,0.009226725115141221,10600.0,0.3359281143963333
2019-09-04,10:30,10622.21,10657.0,6,0.03422058591494581,0.03662138104971735,10600.0,0.3275212973571584
2019-09-04,11:00,10625.34,10657.0,5,-0.014493653850145005,-0.014493653850145005,10600.0,0.29796693564629884
2019-09-04,11:30,10622.33,10657.0,4,0.008425375553822168,-0.0002824239126453243,10600.0,0.32638790171271026
2019-09-04,12:00,10614.25,10657.0,3,0.03909838189226633,0.03909838189226633,10600.0,0.4027604399745588
2019-09-04,12:30,10613.43,10657.0,6,0.10462901116530254,0.10618621878131229,10600.0,0.41051761777295415
2019-09-04,13:00,10632.75,10657.0,3,0.06667914353508664,0.06724506830311228,10600.0,0.22806893795113137
2019-09-11,09:30,10796.52,10753.0,7,-0.029824424907298752,-0.038160444291313045,10800.0,-0.4030928484363483
2019-09-11,10:00,10767.33,10753.0,4,-0.019782062962686586,-0.018853327612333715,10800.0,-0.13308777570669728
2019-09-11,10:30,10762.37,10753.0,3,0.027224486799837244,0.027224486799837244,10800.0,-0.0870626079571779
2019-09-11,11:00,10762.5,10753.0,3,0.005574912891992412,0.000929152148665402,10800.0,-0.08826945412311327
2019-09-11,11:30,10772.94,10753.0,4,0.0054300737020951395,0.010767719861060066,10800.0,-0.185093391404767
2019-09-11,12:00,10775.73,10753.0,3,-0.013270562644018824,-0.0077024944017733965,10800.0,-0.21093698524369264
2019-09-11,12:30,10773.44,10753.0,4,-0.0913357293492234,-0.0931921466124197,10750.0,-0.18972584429857164
2019-09-11,13:00,10770.42,10753.0,4,-0.06657122006384353,-0.0661069856143115,10750.0,-0.16173928221926426
2019-09-18,09:30,10893.39,10960.0,6,0.05884302315442014,0.060678998915864035,10900.0,0.6114717273502546
2019-09-18,10:00,10914.84,10960.0,6,0.019607016746603367,0.010627732518297961,10900.0,0.41374862114331723
2019-09-18,10:30,10911.05,10960.0,6,0.02062129675879376,0.022454300915142333,10900.0,0.4486277672634653
2019-09-18,11:00,10927.05,10960.0,6,0.04804590442983869,0.04987622459859953,10900.0,0.3015452478024816
2019-09-18,11:30,10930.0,10960.0,5,0.09789569990852343,0.10247026532479442,10900.0,0.2744739249771255
2019-09-18,12:00,10930.77,10960.0,5,0.0743771939213822,0.078951437089958,10900.0,0.26741025563614684
2019-09-18,12:30,10928.96,10960.0,4,0.07136718986235913,0.07448101191698253,10900.0,0.28401604544257
2019-09-18,13:00,10950.09,10960.0,3,0.02383542053079335,0.03205453105865619,10900.0,0.09050153925675986
2019-09-25,09:30,10869.99,10841.0,6,-0.00956762609717332,-0.009107644073269583,10900.0,-0.2666975774586744
2019-09-25,10:00,10843.08,10841.0,7,-0.060683864732158366,-0.060683864732158366,10850.0,-0.01918274143508647
2019-09-25,10:30,10832.74,10841.0,6,0.01532391620218121,0.01717017116631414,10850.0,0.07625033001807946
2019-09-25,11:00,10852.68,10841.0,6,0.04220159188872419,0.036120110424331386,10850.0,-0.10762318616232003
2019-09-25,11:30,10849.77,10841.0,3,0.010231272853311602,-0.0015668534909085707,10850.0,-0.08083120656013909
2019-09-25,12:00,10849.46,10841.0,3,-0.00792666178776047,-0.00792666178776047,10850.0,-0.07797623107508311
2019-09-25,12:30,10844.86,10841.0,4,-0.08806063684868581,-0.08446397648286252,10850.0,-0.03559289838689361
2019-09-25,13:00,10850.43,10841.0,5,-0.15050094788869872,-0.1477360805055672,10850.0,-0.0869089980765736
2019-10-02,09:30,10951.94,10953.0,5,-0.10810870037637477,-0.10810870037637477,10950.0,0.009678650540445588
2019-10-02,10:00,10956.78,10953.0,5,-0.08925980078089424,-0.08469641628289226,10950.0,-0.03449918680489272
2019-10-02,10:30,10960.31,10953.0,5,-0.15519634024949713,-0.157021106154831,10950.0,-0.06669519384031597
2019-10-02,11:00,10954.24,10953.0,3,-0.07887356859078709,-0.07887356859078709,10950.0,-0.011319817714416924
2019-10-02,11:30,10951.19,10953.0,2,-0.045388207474661435,-0.07022067921386155,10950.0,0.01652788418426976
2019-10-02,12:00,10955.94,10953.0,4,-0.1199349394027438,-0.1199349394027438,10950.0,-0.026834758131211167
2019-10-02,12:30,10953.6,10953.0,4,-0.0786479693189901,-0.07577417470056025,10950.0,-0.0054776511831722274
2019-10-02,13:00,10951.83,10953.0,3,-0.06327709615653321,-0.06327709615653321,10950.0,0.01068314610435106
2019-10-09,09:30,10972.5,10911.0,5,-0.04739120528595153,-0.04830257461835297,10950.0,-0.5604921394395057
2019-10-09,10:00,10949.83,10911.0,4,0.07735279908454018,0.07917931145962065,10950.0,-0.3546173776213912
2019-10-09,10:30,10949.27,10911.0,5,0.0559849562120851,0.06420519358822929,10950.0,-0.3495210182962061
2019-10-09,11:00,10945.08,10911.0,5,0.022110391152918574,0.022110391152918574,10950.0,-0.3113727811948408
2019-10-09,11:30,10940.53,10911.0,5,-0.008500502260866405,-0.003930339755020551,10950.0,-0.2699137975948229
2019-10-09,12:00,10937.91,10911.0,3,0.018193603714045103,0.018193603714045103,10950.0,-0.24602506328905704
2019-10-09,12:30,10941.94,10911.0,4,-0.038020999400850686,-0.04149172815790525,10950.0,-0.28276521348133965
2019-10-09,13:00,10940.29,10911.0,3,-0.12879000465252366,-0.12239163678477993,10950.0,-0.2677259926382236
2019-10-16,09:30,11144.22,11146.0,7,0.00071786091804249,-0.001974117524594643,11150.0,0.015972405426323277
2019-10-16,10:00,11132.84,11146.0,5,0.08587206858268193,0.08677031197790175,11150.0,0.1182088308104623
2019-10-16,10:30,11134.01,11146.0,4,0.11083158718198094,0.10768806566547884,11150.0,0.10768806566547884
2019-10-16,11:00,11143.89,11146.0,6,0.15076298239251607,0.172381457462345,11150.0,0.018934142386539676
2019-10-16,11:30,11116.58,11146.0,5,0.19358471760200224,0.19448427483992337,11150.0,0.2646497393982594
2019-10-16,12:00,11127.16,11146.0,3,0.1720115465221994,0.1720115465221994,11150.0,0.16931544077734006
2019-10-16,12:30,11130.17,11146.0,5,0.22757963265609416,0.22757963265609416,11150.0,0.1422260396741537
2019-10-16,13:00,11153.32,11146.0,5,0.08858348904183799,0.08858348904183799,11150.0,-0.06563068216458579
2019-10-23,09:30,11267.3,11217.0,6,-0.09452131389062757,-0.10029022037222335,11250.0,-0.44642460926751504
2019-10-23,10:00,11257.01,11217.0,5,-0.07107257398211164,-0.07115566211631785,11250.0,-0.3554229764386796
2019-10-23,10:30,11248.84,11217.0,6,0.0076452327528953035,0.0076452327528953035,11250.0,-0.28305140796740513
2019-10-23,11:00,11233.42,11217.0,6,-0.03578607405403389,-0.03578607405403389,11250.0,-0.14617097909630505
2019-10-23,11:30,11221.23,11217.0,5,-0.05551976031147321,-0.053737424506927756,11250.0,-0.03769640226606308
2019-10-23,12:00,11222.65,11217.0,6,-0.034750668245447924,-0.03252351271758602,11250.0,-0.050344615576536356
2019-10-23,12:30,11216.15,11217.0,4,-0.12348265670483194,-0.12259108517628237,11250.0,0.00757835799272133
2019-10-23,13:00,11228.72,11217.0,4,-0.14337742051562796,-0.14177929452332538,11250.0,-0.10437520928475719
2019-10-30,09:30,11322.93,11368.0,5,-0.018811385392303315,-0.018811385392303315,11300.0,0.39804184959193467
2019-10-30,10:00,11327.07,11368.0,5,-0.06594821079060065,-0.06594821079060065,11300.0,0.3613467560454664
2019-10-30,10:30,11328.63,11368.0,5,-0.06293788392770505,-0.06823419954574694,11300.0,0.34752657647041385
2019-10-30,11:00,11331.73,11368.0,4,-0.058333941873789374,-0.059390754986221594,11300.0,0.32007469291979174
2019-10-30,11:30,11337.82,11368.0,4,-0.048730901962090734,-0.048686608183945435,11300.0,0.2661887382230388
2019-10-30,12:00,11355.91,11368.0,6,-0.06613119485739394,-0.06525236638895704,11300.0,0.1064643872661808
2019-10-30,12:30,11352.35,11368.0,4,-0.036331928736943464,-0.02422405933573124,11300.0,0.1378569194924406
2019-10-30,13:00,11361.46,11368.0,6,-0.03045539447154577,-0.031334001087879315,11350.0,0.05756302447046391
2019-11-06,09:30,11634.64,11655.0,6,0.01512724072252336,0.011689231467415517,11650.0,0.1749946710856598
2019-11-06,10:00,11653.12,11655.0,6,-0.009611159929712176,-0.005320463532521025,11650.0,0.01613301845342363
2019-11-06,10:30,11623.39,11655.0,7,-0.01109831124997962,-0.00937764283913678,11650.0,0.2719516423349777
2019-11-06,11:00,11616.42,11655.0,5,-0.02685853300758989,-0.02685853300758989,11650.0,0.3321160908438259
2019-11-06,11:30,11620.64,11655.0,5,0.0056795494912442734,0.0056795494912442734,11650.0,0.2956807886656865
2019-11-06,12:00,11632.99,11655.0,5,0.031892058705462745,0.03533055560092091,11650.0,0.18920329167309013
2019-11-06,12:30,11628.45,11655.0,5,0.09278599627997597,0.09158572294674094,11650.0,0.22831933748692634
2019-11-06,13:00,11649.25,11655.0,3,0.024465094319370273,0.024465094319370273,11650.0,0.049359400819803945
2019-11-13,09:30,11506.51,11476.0,6,-0.08525608546813834,-0.08004164598996999,11450.0,-0.26515424746513805
2019-11-13,10:00,11445.32,11476.0,7,-0.0027959026047352786,0.005941293035061079,11500.0,0.268057162228752
2019-11-13,10:30,11455.91,11476.0,6,-0.059534519791887286,-0.03849541415740232,11450.0,0.1753679978282019
2019-11-13,11:00,11464.48,11476.0,7,0.02110867653830617,0.017619639093968686,11450.0,0.10048427839728369
2019-11-13,11:30,11475.51,11476.0,6,-0.04919604296815261,-0.059343767727970675,11450.0,0.0042699627293307785
2019-11-13,12:00,11473.87,11476.0,2,-0.06184477238326269,-0.08602154286218022,11450.0,0.018563919584235755
2019-11-13,12:30,11471.99,11476.0,3,-0.04663508265739802,-0.04959906694479432,11450.0,0.034954702715039865
2019-11-13,13:00,11471.57,11476.0,2,-0.021182373104339236,-0.018916329674145693,11450.0,0.03861720758362441
2019-11-20,09:30,11596.77,11608.0,7,0.05027261901373592,0.04941030993974582,11600.0,0.0968373090093122
2019-11-20,10:00,11612.95,11608.0,6,-0.02497212164007112,-0.02540267546145003,11600.0,-0.042624828316673025
2019-11-20,10:30,11614.88,11608.0,4,0.08915314412621944,0.09057347127134907,11600.0,-0.05923436143979721
2019-11-20,11:00,11603.8,11608.0,5,0.0775607990485927,0.07928437236077723,11600.0,0.036195039556008446
2019-11-20,11:30,11600.77,11608.0,6,0.09766593079597596,0.09680391905020347,11600.0,0.062323449219325866
2019-11-20,12:00,11592.91,11608.0,6,0.03053590513512061,0.03786797275231457,11600.0,0.13016576510989086
2019-11-20,12:30,11604.21,11608.0,6,0.07534086569584986,0.044725147166424506,11600.0,0.032660560262187666
2019-11-20,13:00,11600.65,11608.0,4,0.10732157249808694,0.10990763448599505,11600.0,0.06335851870369336
2019-11-27,09:30,11613.17,11641.0,5,0.006285966708485802,0.006285966708485802,11600.0,0.23964171711943205
2019-11-27,10:00,11609.7,11641.0,5,0.012058881797116783,0.012920230496904495,11600.0,0.2696021430355522
2019-11-27,10:30,11609.09,11641.0,4,0.03368050381209464,0.03195771589330487,11600.0,0.2748708124409305
2019-11-27,11:00,11614.31,11641.0,6,0.0003013483801772576,0.001635912938446893,11600.0,0.22980271750969727
2019-11-27,11:30,11619.97,11641.0,4,0.030981728809076348,0.031239323337328706,11600.0,0.18098153437573483
2019-11-27,12:00,11626.92,11641.0,5,-0.019093620666521538,-0.02081376667251167,11600.0,0.12109827882189617
2019-11-27,12:30,11620.24,11641.0,4,0.03838130709864496,0.03752073967491221,11600.0,0.1786537971677049
2019-11-27,13:00,11621.37,11641.0,3,0.028559680269224508,0.0381194299811316,11600.0,0.16891295948755491
2019-12-04,09:30,11496.74,11474.0,5,-0.07306444457976236,-0.07080267971615317,11500.0,-0.19779520107439108
2019-12-04,10:00,11491.76,11474.0,5,-0.011834566680823944,-0.01009418922776062,11500.0,-0.1545455178319055
2019-12-04,10:30,11488.71,11474.0,5,0.018191772618503244,0.012969254163452959,11500.0,-0.12803874412357086
2019-12-04,11:00,11474.42,11474.0,6,-0.061179562888574734,-0.05769354790918779,11500.0,-0.003660315728382102
2019-12-04,11:30,11463.72,11474.0,3,-0.010642269699534523,-0.0019190978146621518,11500.0,0.08967420697645334
2019-12-04,12:00,11465.11,11474.0,4,0.020496810471137827,0.02607912178775873,11500.0,0.07753959621843443
2019-12-04,12:30,11473.46,11474.0,5,0.02736750727332371,0.02736750727332371,11500.0,0.004706513989694017
2019-12-04,13:00,11473.12,11474.0,3,0.019872536851339717,0.023358946825258187,11500.0,0.007670101942625074
2019-12-11,09:30,11640.08,11680.0,6,-0.14874380827408218,-0.14587528608049904,11600.0,0.34295296939539366
2019-12-11,10:00,11647.05,11680.0,6,-0.0815657183578622,-0.08285359812141291,11600.0,0.2829042547254579
2019-12-11,10:30,11661.36,11680.0,6,-0.08369521222225673,-0.0862678109585957,11650.0,0.15984413481788806
2019-12-11,11:00,11664.21,11680.0,5,-0.02494811050212098,-0.02494811050212098,11650.0,0.13537136248404913
2019-12-11,11:30,11663.63,11680.0,5,0.0024861951869015186,0.0024861951869015186,11650.0,0.1403508170269463
2019-12-11,12:00,11673.15,11680.0,5,-0.020988336481575498,-0.021845003276743657,11650.0,0.058681675468919
2019-12-11,12:30,11683.54,11680.0,6,0.05571941380779766,0.05957098619082668,11650.0,-0.030299036079828312
2019-12-11,13:00,11684.11,11680.0,3,-0.007788355296212135,-0.007788355296212135,11650.0,-0.035175978315848955
2019-12-18,09:30,12082.97,12119.0,6,0.02466281055073516,0.027559449373781852,12050.0,0.2981882765578314
2019-12-18,10:00,12082.79,12119.0,6,0.04270659366772955,0.0406363099913154,12100.0,0.29968244089320084
2019-12-18,10:30,12092.67,12119.0,5,0.023402606703060158,0.023402606703060158,12100.0,0.21773520653420864
2019-12-18,11:00,12074.92,12119.0,5,0.047039649123981064,0.047039649123981064,12100.0,0.36505417841277144
2019-12-18,11:30,12083.55,12119.0,3,0.0782054942463084,0.07986063698168788,12100.0,0.2933740498446191
2019-12-18,12:00,12095.76,12119.0,5,0.1078063718195299,0.1078063718195299,12100.0,0.19213344180109004
2019-12-18,12:30,12108.01,12119.0,6,0.13577788587885165,0.13536493610428746,12100.0,0.09076636045064479
2019-12-18,13:00,12119.62,12119.0,3,0.02706355479791256,0.02706355479791256,12100.0,-0.0051156719435119236
2019-12-25,09:30,11993.55,12016.0,5,0.012089831617823066,0.012089831617823066,12000.0,0.1871839447036283
2019-12-25,10:00,11994.58,12016.0,6,-0.029265634701308718,-0.04902214166730978,12000.0,0.1785806589309491
2019-12-25,10:30,11986.82,12016.0,6,-0.00020858700491843685,-0.0010010995409870382,12000.0,0.2434340383854927
2019-12-25,11:00,11982.27,12016.0,6,0.06091181104713739,0.07285764717368526,12000.0,0.2814992484729384
2019-12-25,11:30,11980.99,12016.0,6,0.036057904810893326,0.04014693276599424,12000.0,0.29221291395786775
2019-12-25,12:00,11980.36,12016.0,4,0.020782489237303192,0.03514017256245339,12000.0,0.2974868868715008
2019-12-25,12:30,11976.03,12016.0,5,0.10078465067304698,0.09994964942472429,12000.0,0.33374999895623425
2019-12-25,13:00,11988.66,12016.0,5,0.11127181853518575,0.11127181853518575,12000.0,0.22804883948663868
2020-01-02,09:30,12036.54,12102.0,5,0.03206901651138239,0.03289982004794911,12050.0,0.5438439950351093
2020-01-02,10:00,12055.76,12102.0,6,0.047612095794868914,0.04844157481569411,12050.0,0.3835510992255875
2020-01-02,10:30,12074.12,12102.0,5,0.07023286169094423,0.07188929710817415,12050.0,0.23090709716317992
2020-01-02,11:00,12092.47,12102.0,4,0.04531745788908248,0.04490397743388552,12050.0,0.07880937475968075
2020-01-02,11:30,12099.51,12102.0,6,0.004049851531839899,0.0032232710250212904,12050.0,0.020579345775151303
2020-01-02,12:00,12101.49,12102.0,4,0.05135713336290593,0.048092893655216074,12050.0,0.004214357075049691
2020-01-02,12:30,12100.63,12102.0,3,0.08983003364289033,0.08983003364289033,12050.0,0.011321724571367042
2020-01-02,13:00,12098.34,12102.0,3,0.06083479221117294,0.058355113180819096,12100.0,0.030252084170223625
2020-01-08,09:30,11811.62,11840.0,6,-0.05316770938071369,-0.056046503358564426,11800.0,0.2402718678724769
2020-01-08,10:00,11806.97,11840.0,6,0.006182788640951564,0.00872366068518371,11800.0,0.2797500120691465
2020-01-08,10:30,11860.68,11840.0,7,-0.03945810864133259,-0.031870010825696404,11800.0,-0.17435762536380794
2020-01-08,11:00,11873.61,11840.0,7,0.07655632954088887,0.08245175645822389,11850.0,-0.2830647124168695
2020-01-08,11:30,11875.12,11840.0,8,-0.0024423350791946685,-0.0035368063649010573,11850.0,-0.29574437984627444
2020-01-08,12:00,11885.52,11840.0,6,-0.043077627230453386,-0.04391898713730358,11850.0,-0.38298702959568276
2020-01-08,12:30,11861.93,11840.0,4,-0.04282608310789415,-0.039875467145733534,11850.0,-0.18487716585749991
2020-01-08,13:00,11858.34,11840.0,4,-0.09773712003535162,-0.09815876421150893,11850.0,-0.15465908381779858
2020-01-15,09:30,12136.18,12063.0,7,0.06773136192772533,0.06443543190690626,12150.0,-0.6029903973078898
2020-01-15,10:00,12129.69,12063.0,8,0.17692125684992677,0.17568462178341182,12150.0,-0.5498079505741771
2020-01-15,10:30,12095.38,12063.0,7,0.07126688041219076,0.070440118458448,12150.0,-0.267705520620265
2020-01-15,11:00,12104.79,12063.0,5,0.06980730704888582,0.0686505094264378,12150.0,-0.34523523332499195
2020-01-15,11:30,12111.16,12063.0,6,0.03831309191790755,0.036660402471766496,12150.0,-0.39764977095505527
2020-01-15,12:00,12106.66,12063.0,4,0.09689856995879209,0.08825410571651204,12150.0,-0.36062795188763763
2020-01-15,12:30,12111.62,12063.0,5,0.08711196984521052,0.07827194050011865,12150.0,-0.40143267374637137
2020-01-15,13:00,12088.91,12063.0,6,-0.006617398008473829,-0.005873151508273278,12150.0,-0.21432866983044363
2020-01-30,09:30,11655.75,11436.0,5,0.09222915728288594,0.087939429037176,11700.0,-1.8853355639920188
2020-01-30,10:00,11628.43,11436.0,5,0.1347559386778885,0.13389597735893322,11700.0,-1.6548235660360011
2020-01-30,10:30,11545.79,11436.0,4,0.10358754143283688,0.1135478819552338,11700.0,-0.9509093790897039
2020-01-30,11:00,11531.2,11436.0,4,0.09409254891077357,0.08845566810045113,11600.0,-0.8255862356042809
2020-01-30,11:30,11539.12,11436.0,4,0.1656131325754373,0.15495115745394195,11600.0,-0.8936556687165087
2020-01-30,12:00,11489.11,11436.0,3,-0.0009574283821867091,-0.001827817820532207,11600.0,-0.46226383070577803
2020-01-30,12:30,11456.57,11436.0,4,-0.010212480698845727,-0.016322511886179836,11600.0,-0.17954763074812252
2020-01-30,13:00,11436.66,11436.0,4,-0.0007435279925971372,-0.006644890079532395,11600.0,-0.0057709156344620816
2020-02-05,09:30,11565.25,11560.0,7,-0.101597457901903,-0.101597457901903,11550.0,-0.04539460884979141
2020-02-05,10:00,11588.73,11560.0,7,0.06273336249960071,0.05410428925343158,11550.0,-0.24791327436224364
2020-02-05,10:30,11607.69,11560.0,7,0.16118624808207915,0.16118624808207915,11550.0,-0.4108483255497064
2020-02-05,11:00,11599.98,11560.0,7,-0.12827608323462414,-0.12482780142724081,11600.0,-0.34465576664787223
2020-02-05,11:30,11608.89,11560.0,5,-0.013696399914209234,-0.007666538316752902,11600.0,-0.4211427621417685
2020-02-05,12:00,11608.71,11560.0,7,0.0033595464095537153,0.006805235034734736,11600.0,-0.4195987323311501
2020-02-05,12:30,11579.25,11560.0,7,-0.08669941210198706,-0.07902066195997204,11600.0,-0.16624565494310906
2020-02-05,13:00,11570.07,11560.0,6,-0.06892549212831334,-0.07061322878773035,11600.0,-0.08703490990115137
2020-02-12,09:30,11732.37,11793.0,7,-0.13697147294197132,-0.1310050739961377,11700.0,0.5167753829788735
2020-02-12,10:00,11744.79,11793.0,7,-0.028863862189121292,-0.03482395172668129,11700.0,0.41047988086631015
2020-02-12,10:30,11759.43,11793.0,7,-0.02576808890074611,-0.030868843132714208,11700.0,0.28547302037598143
2020-02-12,11:00,11758.77,11793.0,5,-0.07288177249831218,-0.07288177249831218,11700.0,0.29110187545124955
2020-02-12,11:30,11765.7,11793.0,5,-0.022098132707792928,-0.022098132707792928,11750.0,0.23203039343175913
2020-02-12,12:00,11770.38,11793.0,5,-0.01920468798328745,-0.03551287214175192,11750.0,0.19217731288201367
2020-02-12,12:30,11775.67,11793.0,6,0.08687403774052527,0.08687403774052527,11750.0,0.1471678469250559
2020-02-12,13:00,11777.82,11793.0,3,0.07709406324769574,0.07539595612771066,11750.0,0.1288863304075072
2020-02-19,09:30,11666.16,11760.0,7,-0.16509288403382394,-0.16423570395056597,11650.0,0.8043777901211691
2020-02-19,10:00,11696.64,11760.0,7,0.012482217115361571,0.012482217115361571,11650.0,0.5416940249507673
2020-02-19,10:30,11767.52,11760.0,7,0.06696398221543998,0.07121296585856918,11700.0,-0.06390471399241315
2020-02-19,11:00,11742.28,11760.0,5,0.06233883027826348,0.06063558354936216,11700.0,0.15090766018184265
2020-02-19,11:30,11762.63,11760.0,7,0.07379684782036211,0.06444471272790686,11700.0,-0.022358945235878558
2020-02-19,12:00,11754.19,11760.0,7,0.14641587382882015,0.15477149719940186,11700.0,0.049429182274574046
2020-02-19,12:30,11777.11,11760.0,5,0.16973603880747756,0.16973603880747756,11750.0,-0.14528182211086538
2020-02-19,13:00,11756.77,11760.0,6,0.07510566252465489,0.07680681003370271,11750.0,0.027473532271193868
2020-02-26,09:30,11441.14,11433.0,7,-0.10610830738894128,-0.10610830738894128,11450.0,-0.0711467563546897
2020-02-26,10:00,11445.15,11433.0,7,-0.06684053944246982,-0.07557786485978824,11450.0,-0.10615850382039715
2020-02-26,10:30,11477.2,11433.0,6,-0.023524901543936494,-0.023524901543936494,11450.0,-0.385111351200651
2020-02-26,11:00,11480.81,11433.0,6,-0.08640682503052166,-0.08980202616365451,11450.0,-0.4164340320935489
2020-02-26,11:30,11472.31,11433.0,6,0.002527825695097796,0.004271153760670998,11450.0,-0.34265113128916225
2020-02-26,12:00,11477.27,11433.0,6,-0.09862972640706791,-0.09558022073193895,11450.0,-0.38571890353716887
2020-02-26,12:30,11457.13,11433.0,5,-0.12245649652223856,-0.11721958291472934,11450.0,-0.21061120891531226
2020-02-26,13:00,11448.52,11433.0,7,-0.11634691645732165,-0.11634691645732165,11450.0,-0.13556337413045405
2020-03-04,09:30,11340.11,11379.0,6,-0.0221338240987079,-0.023015649760016466,11350.0,0.3429419996807681
2020-03-04,10:00,11325.83,11379.0,6,-0.03999706864750152,-0.03823119365202743,11350.0,0.46945786754701846
2020-03-04,10:30,11331.74,11379.0,6,0.019061503352535425,0.018179026345466198,11300.0,0.417058633537315
2020-03-04,11:00,11348.33,11379.0,6,0.028814812399713396,0.027933625476173063,11350.0,0.2702600294492763
2020-03-04,11:30,11377.61,11379.0,5,-0.10555819719607618,-0.097647924300448,11350.0,0.012216977027690312
2020-03-04,12:00,11373.74,11379.0,5,-0.05838009309162562,-0.05925931136108176,11350.0,0.04624688097318863
2020-03-04,12:30,11371.37,11379.0,4,-0.12241269081913475,-0.12021418703287434,11350.0,0.06709833555673672
2020-03-04,13:00,11387.91,11379.0,7,-0.04135965247353823,-0.03784715544818962,11350.0,-0.07824087123976531
2020-03-11,09:30,11031.79,10907.0,6,-0.3334907571663437,-0.3334907571663437,11000.0,-1.131185419591929
2020-03-11,10:00,11030.63,10907.0,6,-0.17433274436727264,-0.1734261778339019,11000.0,-1.1207882052067686
2020-03-11,10:30,11053.96,10907.0,6,-0.15297685173457087,-0.15342917832160685,11000.0,-1.3294783046075676
2020-03-11,11:00,11050.37,10907.0,6,-0.17290914211065544,-0.18433771900850937,11000.0,-1.2974226202380645
2020-03-11,11:30,11033.64,10907.0,6,-0.11954350513520007,-0.1190903455251302,11000.0,-1.147762660373186
2020-03-11,12:00,11017.4,10907.0,6,-0.16201644671156035,-0.16247027429339145,11000.0,-1.0020513006698484
2020-03-11,12:30,11014.48,10907.0,6,-0.16641729795686122,-0.15870018375809813,11000.0,-0.9758063930389804
2020-03-11,13:00,10961.85,10907.0,7,-0.14368012698586785,-0.14003110788781692,11000.0,-0.5003717438206157
2020-03-18,09:30,9372.89,9264.0,6,-0.17059839601232807,-0.1962041590160446,9400.0,-1.1617548056149118
2020-03-18,10:00,9479.23,9264.0,6,-0.27671023912279047,-0.27671023912279047,9400.0,-2.2705430715364017
2020-03-18,10:30,9389.42,9264.0,5,0.006177165362708514,0.022152593024915568,9400.0,-1.3357587582619623
2020-03-18,11:00,9403.71,9264.0,5,0.07220554440747762,0.07220554440747762,9400.0,-1.4856902222633361
2020-03-18,11:30,9426.28,9264.0,5,-0.053891885239987225,-0.08783952948565599,9400.0,-1.7215699088081515
2020-03-18,12:00,9388.08,9264.0,6,-0.22986595768250684,-0.2245400550485277,9400.0,-1.3216759976480752
2020-03-18,12:30,9317.45,9264.0,6,-0.3010480335285004,-0.3171468588508808,9400.0,-0.5736548089874449
2020-03-18,13:00,9263.68,9264.0,5,-0.3074372171750217,-0.3074372171750217,9400.0,0.003454350754772406
2020-03-25,09:30,9668.55,9625.0,5,-0.2435732348697539,-0.23840182860924708,9600.0,-0.4504294852899271
2020-03-25,10:00,9714.26,9625.0,4,-0.25436832038673307,-0.23944181028714429,9600.0,-0.9188553734406968
2020-03-25,10:30,9689.84,9625.0,5,-0.41115229972837897,-0.4214723875729631,9600.0,-0.6691544958430717
2020-03-25,11:00,9676.11,9625.0,5,-0.04557616645531892,-0.04350922013082181,9600.0,-0.5282081332271038
2020-03-25,11:30,9682.36,9625.0,5,-0.21027931206855088,-0.20924650601713557,9600.0,-0.5924175510929164
2020-03-25,12:00,9694.78,9625.0,5,-0.12563461986759838,-0.1266661027893412,9700.0,-0.719768782788266
2020-03-25,12:30,9674.35,9625.0,5,-0.3716011928450058,-0.3716011928450058,9700.0,-0.5101117904562136
2020-03-25,13:00,9629.4,9625.0,4,-0.028039130163864945,-0.033231561675695076,9600.0,-0.04569339730408073
2020-04-01,09:30,9697.94,9684.0,5,-0.21385985064868995,-0.21592214429043688,9700.0,-0.143741866829461
2020-04-01,10:00,9721.31,9684.0,6,-0.11171333904586578,-0.11119900507235991,9700.0,-0.38379601103143424
2020-04-01,10:30,9719.58,9684.0,6,-0.12171307813712007,-0.12428520573933843,9700.0,-0.3660652003481646
2020-04-01,11:00,9724.54,9684.0,6,-0.22972808996621907,-0.23178474251739356,9700.0,-0.4168834721231085
2020-04-01,11:30,9707.06,9684.0,6,-0.28185671047670224,-0.27876617637059287,9700.0,-0.23755905495587148
2020-04-01,12:00,9686.9,9684.0,6,-0.3783460136885852,-0.37060359867449044,9700.0,-0.029937338054486506
2020-04-01,12:30,9680.12,9684.0,6,-0.2796452936533911,-0.27912877113094314,9700.0,0.04008214774195995
2020-04-01,13:00,9685.43,9684.0,6,-0.11697983465886463,-0.11181744124938442,9700.0,-0.014764445151116412
2020-04-08,09:30,10105.87,10131.0,6,-0.26093745516220235,-0.28072793336942903,10000.0,0.24866735867370426
2020-04-08,10:00,10054.42,10131.0,6,-0.27768881745541263,-0.27768881745541263,10000.0,0.7616550730922267
2020-04-08,10:30,10091.38,10131.0,6,-0.21434134875506494,-0.21681871062232405,10050.0,0.392612308722895
2020-04-08,11:00,10097.36,10131.0,6,-0.3556375131717693,-0.3551423342339044,10050.0,0.3331563893928635
2020-04-08,11:30,10094.34,10131.0,6,-0.17623737658925553,-0.1816859745164101,10050.0,0.3631738181991029
2020-04-08,12:00,10105.01,10131.0,6,-0.09411173269496809,-0.09411173269496809,10050.0,0.25719915170792085
2020-04-08,12:30,10119.08,10131.0,5,-0.0867667811698336,-0.09071970969692922,10050.0,0.11779727010756691
2020-04-08,13:00,10143.93,10131.0,6,-0.04169981456891292,-0.03184170237767736,10100.0,-0.12746539063263063
2020-04-15,09:30,10407.07,10451.0,6,-0.1933301111648078,-0.1928496685426273,10400.0,0.4221168878464354
2020-04-15,10:00,10431.63,10451.0,6,-0.037194570743015465,-0.03959112813625154,10400.0,0.18568526682791742
2020-04-15,10:30,10447.84,10451.0,7,0.025459807960315217,0.025459807960315217,10400.0,0.030245486148339218
2020-04-15,11:00,10407.37,10451.0,6,0.006053402540695529,0.006053402540695529,10400.0,0.4192221473820812
2020-04-15,11:30,10413.31,10451.0,6,0.08105011758989811,0.08345089121519766,10400.0,0.36194063174916913
2020-04-15,12:00,10417.46,10451.0,5,0.005183605216640963,0.00038397075678986425,10400.0,0.3219594795660363
2020-04-15,12:30,10432.24,10451.0,6,0.15059086063970994,0.15586297861245324,10400.0,0.17982715121585002
2020-04-15,13:00,10446.92,10451.0,6,0.057720361599389314,0.05915619148992857,10400.0,0.03905457302246784
2020-04-22,09:30,10225.39,10285.0,6,-0.049778052475252244,-0.04782213685736725,10200.0,0.5829606499116569
2020-04-22,10:00,10204.85,10285.0,6,-0.06467512996271574,-0.07692420760716523,10200.0,0.7854108585623409
2020-04-22,10:30,10215.44,10285.0,6,-0.0889829512972562,-0.09730368931735178,10200.0,0.680930043150374
2020-04-22,11:00,10245.69,10285.0,6,0.19334959382919514,0.19334959382919514,10200.0,0.38367352516033293
2020-04-22,11:30,10271.85,10285.0,5,0.10562848951261028,0.10173435165037326,10200.0,0.1280197822203455
2020-04-22,12:00,10288.31,10285.0,5,0.03197804109713598,0.03197804109713598,10200.0,-0.03217243648373502
2020-04-22,12:30,10268.6,10285.0,6,0.060378240461211874,0.05940439787313068,10250.0,0.15971018444578267
2020-04-22,13:00,10263.82,10285.0,4,0.05387857542318297,0.06021150020167898,10250.0,0.20635591816693388
2020-04-29,09:30,10759.43,10764.0,7,-0.13411491129177167,-0.13411491129177167,10700.0,0.04247436899538215
2020-04-29,10:00,10745.37,10764.0,7,-0.13931581695186823,-0.13373201667323809,10700.0,0.1733769986514977
2020-04-29,10:30,10766.23,10764.0,6,0.028515088382841114,0.03873222102817042,10700.0,-0.020712914362774892
2020-04-29,11:00,10769.86,10764.0,5,0.0012999240472932883,-0.001485627482622487,10700.0,-0.054411106551066624
2020-04-29,11:30,10776.42,10764.0,5,-0.05771861156116387,-0.05957451546988457,10700.0,-0.11525163273146122
2020-04-29,12:00,10787.46,10764.0,5,-0.005191212759991792,-0.005191212759991792,10700.0,-0.21747473455289157
2020-04-29,12:30,10776.33,10764.0,6,-0.013733803623316998,0.0006495717929988487,10700.0,-0.11441743153745021
2020-04-29,13:00,10780.73,10764.0,5,0.008997535417365476,0.010852697359076124,10750.0,-0.1551842964251926
2020-05-06,09:30,10780.04,10757.0,6,-0.1163260989755166,-0.1163260989755166,10750.0,-0.21372833495980625
2020-05-06,10:00,10807.08,10757.0,6,0.002961021848646439,0.00481166050403381,10750.0,-0.4633999193121574
2020-05-06,10:30,10803.49,10757.0,7,-0.03258076698088308,-0.02767624165894711,10800.0,-0.43032390459009084
2020-05-06,11:00,10800.48,10757.0,5,-0.04796083137046381,-0.036850214064554354,10800.0,-0.40257470038368437
2020-05-06,11:30,10815.18,10757.0,5,-0.03310162197948108,-0.029403116730375434,10800.0,-0.5379475884821128
2020-05-06,12:00,10787.76,10757.0,6,-0.04968594036203755,-0.05153989336061926,10800.0,-0.2851379711821589
2020-05-06,12:30,10779.86,10757.0,5,-0.019109710144671332,-0.021892677641455194,10800.0,-0.2120621232557851
2020-05-06,13:00,10761.1,10757.0,5,0.014868368475351446,0.016726914534759274,10800.0,-0.038100194218071426
2020-05-13,09:30,10848.24,10924.0,7,0.1314498941763942,0.1314498941763942,10850.0,0.6983621306313248
2020-05-13,10:00,10839.65,10924.0,7,0.07610946847915745,0.07703200749102912,10850.0,0.7781616565110561
2020-05-13,10:30,10900.54,10924.0,6,-0.07339481243760493,-0.07375781383308633,10850.0,0.21521869558756013
2020-05-13,11:00,10890.23,10924.0,6,-0.017722307058709585,-0.022313578317445515,10850.0,0.31009446081489145
2020-05-13,11:30,10894.77,10924.0,6,-0.04570936014607896,-0.05296119147076839,10850.0,0.26829386944378086
2020-05-13,12:00,10897.98,10924.0,6,-0.046614143171486155,-0.05120214938915124,10850.0,0.2387598435673377
2020-05-13,12:30,10910.61,10924.0,7,0.06820206879609714,0.04115260283339417,10900.0,0.1227245772692731
2020-05-13,13:00,10925.09,10924.0,4,-0.0365214382673229,-0.0365214382673229,10900.0,-0.009977034514130345
2020-05-27,09:30,11020.89,11010.0,6,-0.0416481790490586,-0.04437028225487971,11000.0,-0.09881234637129088
2020-05-27,10:00,11018.6,11010.0,6,-0.007260450510954142,-0.009983119452561251,11000.0,-0.07804984299275564
2020-05-27,10:30,10987.01,11010.0,7,-0.010102839626069393,-0.018294331214774306,11000.0,0.2092471018047659
2020-05-27,11:00,11010.69,11010.0,6,0.025974757258628856,0.02642886140651335,11000.0,-0.0062666372407260695
2020-05-27,11:30,11018.39,11010.0,6,-0.012161486387746168,-0.014430420415323386,11000.0,-0.07614542596513507
2020-05-27,12:00,11031.87,11010.0,4,-0.06861937278087593,-0.06861937278087593,11000.0,-0.19824381541843072
2020-05-27,12:30,11015.61,11010.0,5,0.07761614052606003,0.07707244537524804,11000.0,-0.05092772892286712
2020-05-27,13:00,11017.8,11010.0,4,-0.0226905552832668,-0.028136288551239286,11000.0,-0.07079453248379775
2020-06-03,09:30,11239.01,11321.0,6,0.02037546011615099,0.017706185865118407,11250.0,0.7295126528048312
2020-06-03,10:00,11243.44,11321.0,6,0.07079683797840408,0.07168624549069857,11250.0,0.6898244665333619
2020-06-03,10:30,11240.61,11321.0,7,0.08709491744665065,0.09243270605421294,11250.0,0.7151747102692729
2020-06-03,11:00,11260.16,11321.0,6,0.029662100716154605,0.032326361259515934,11250.0,0.5403120381948456
2020-06-03,11:30,11279.13,11321.0,5,0.04495027542019692,0.040517309402421375,11250.0,0.3712165743279927
2020-06-03,12:00,11282.38,11321.0,6,0.04759634048845385,0.04981218501771689,11250.0,0.3423036628796394
2020-06-03,12:30,11286.1,11321.0,4,0.06645342500952722,0.06645342500952722,11250.0,0.3092299377109864
2020-06-03,13:00,11300.66,11321.0,4,0.03398031619392672,0.035750124329037014,11250.0,0.17998948733968234
2020-06-10,09:30,11670.47,11714.0,7,0.043100235037663026,0.043100235037663026,11650.0,0.37299269009731795
2020-06-10,10:00,11717.99,11714.0,7,-0.03335548501519625,-0.027223098842044102,11650.0,-0.03405020826950933
2020-06-10,10:30,11728.08,11714.0,7,-0.03223033949291132,-0.037346266396542926,11700.0,-0.1200537513386668
2020-06-10,11:00,11707.32,11714.0,6,0.08114458910699618,0.0826833126625015,11700.0,0.05705831906874792
2020-06-10,11:30,11692.84,11714.0,7,-0.016591349920125342,-0.015736125697440873,11700.0,0.18096544552050897
2020-06-10,12:00,11694.55,11714.0,5,0.04608921469622107,0.046602904771897435,11700.0,0.16631678858956
2020-06-10,12:30,11694.9,11714.0,4,0.020949302687489624,0.019666692318875967,11700.0,0.16331905360456034
2020-06-10,13:00,11705.76,11714.0,3,0.0866240209947966,0.0866240209947966,11700.0,0.07039269556183836
2020-06-24,09:30,11680.74,11652.0,6,0.01078698781069587,0.01078698781069587,11700.0,-0.24604605530128554
2020-06-24,10:00,11673.89,11652.0,7,0.008651786165536635,0.008651786165536635,11700.0,-0.18751247441940455
2020-06-24,10:30,11676.51,11652.0,6,0.02646338674826554,0.02560696646514149,11700.0,-0.209908611391596
2020-06-24,11:00,11649.02,11652.0,6,0.05391011432720472,0.052193231705333076,11700.0,0.025581551066089503
2020-06-24,11:30,11647.9,11652.0,7,0.03262390645524249,0.0266142394766522,11650.0,0.03519947801748913
2020-06-24,12:00,11641.44,11652.0,7,0.1230115847362434,0.11648043541003794,11650.0,0.09071042757595738
2020-06-24,12:30,11652.62,11652.0,4,0.1383301335439624,0.1379947170679241,11650.0,-0.0053206918272485915
2020-06-24,13:00,11654.56,11652.0,6,-0.02724439405323853,-0.028829917216943723,11650.0,-0.02196565121290739
2020-07-01,09:30,11701.85,11702.0,7,-0.07819276439194889,-0.07733819866090341,11650.0,0.0012818485965793158
2020-07-01,10:00,11705.44,11702.0,5,-0.109692587378174,-0.10798398009814747,11650.0,-0.029388045216582892
2020-07-01,10:30,11707.51,11702.0,7,-0.11539601503650632,-0.11795847280933192,11650.0,-0.04706380776100527
2020-07-01,11:00,11711.36,11702.0,6,-0.012466528225590912,-0.01332040002186563,11650.0,-0.07992240013116048
2020-07-01,11:30,11726.67,11702.0,6,0.0002558318286161043,-0.0005969299042285492,11700.0,-0.21037515338966362
2020-07-01,12:00,11725.47,11702.0,5,-0.021065253674257267,-0.021065253674257267,11700.0,-0.20016255211944278
2020-07-01,12:30,11728.51,11702.0,5,0.019525071812176442,-0.005114086751945024,11700.0,-0.2260304164808713
2020-07-01,13:00,11722.06,11702.0,4,-0.026909762305027396,-0.015867518166590155,11700.0,-0.1711303303344236
2020-07-08,09:30,12150.69,12180.0,7,-0.10238817959743463,-0.1019695177804869,12100.0,0.24122086893829664
2020-07-08,10:00,12153.72,12180.0,7,-0.1902298226386545,-0.18693864923661208,12100.0,0.21623009251487968
2020-07-08,10:30,12142.54,12180.0,6,-0.03244790628649796,-0.03162435536552266,12100.0,0.30850217499798216
2020-07-08,11:00,12170.18,12180.0,7,-0.02202103830839519,-0.026129440977873397,12150.0,0.08068902842850445
2020-07-08,11:30,12165.8,12180.0,6,-0.020549408998993268,-0.021371385358948114,12150.0,0.11672064311432084
2020-07-08,12:00,12169.72,12180.0,5,0.005587638828186137,0.009449660017657457,12150.0,0.08447195169651867
2020-07-08,12:30,12160.13,12180.0,5,-0.046298847134029764,-0.046298847134029764,12150.0,0.1634028583576086
2020-07-08,13:00,12161.78,12180.0,5,0.032232123916076105,0.03058762779790669,12150.0,0.14981359636498937
2020-07-15,09:30,12272.12,12220.0,8,0.05891402626441167,0.06421058464225471,12300.0,-0.42470249639019464
2020-07-15,10:00,12286.41,12220.0,6,0.010906359139895017,0.019452386824125867,12250.0,-0.540515903343608
2020-07-15,10:30,12296.0,12220.0,5,-0.016265452179575757,-0.021145087833440712,12250.0,-0.6180871828236789
2020-07-15,11:00,12289.54,12220.0,5,0.016680159966808716,0.01700651211082871,12300.0,-0.5658470536732962
2020-07-15,11:30,12247.98,12220.0,7,0.01649251550051023,0.01812543782730991,12300.0,-0.22844583351703251
2020-07-15,12:00,12181.61,12220.0,8,0.08447159283542227,0.09678523610590073,12250.0,0.315147176768904
2020-07-15,12:30,12183.93,12220.0,7,0.16800818783428983,0.16800818783428983,12250.0,0.2960456929742783
2020-07-15,13:00,12227.31,12220.0,7,0.020364250190763045,0.01709288469826653,12250.0,-0.059784204375279426
2020-09-16,09:30,12949.71,12969.0,2,-0.0016216579367345219,-0.004710530197193918,12850.0,0.14896086476068326
2020-09-16,10:00,12999.71,12969.0,1,-0.0642315103635882,-0.0642315103635882,12850.0,-0.23623603911163693
2020-09-16,10:30,12985.42,12969.0,2,-0.0028493495012160697,-0.004774585650679786,12850.0,-0.1264495102969332
2020-09-16,11:00,12985.33,12969.0,2,0.006434054415022095,-0.010781422069572333,12850.0,-0.1257572968881071
2020-09-16,11:30,13007.11,12969.0,1,0.01838050098015298,0.01838050098015298,12850.0,-0.29299360119197093
2020-09-16,12:00,12996.35,12969.0,1,0.054245999838409276,0.054245999838409276,12850.0,-0.2104437015008065
2020-09-16,12:30,13001.7,12969.0,1,0.11683258329224788,0.11683258329224788,12850.0,-0.2515055723482318
2020-09-16,13:00,12984.64,12969.0,2,0.09164462399711137,0.08925470396934365,12850.0,-0.1204500086255722
2020-09-30,09:30,12515.05,12529.0,7,-0.05473410014341651,-0.06831774543448743,12500.0,0.11146579518259703
2020-09-30,10:00,12540.16,12529.0,7,-0.07623507196079515,-0.07703250995202415,12500.0,-0.08899407982034813
2020-09-30,10:30,12555.87,12529.0,6,-0.050022176342329194,-0.06267984615960787,12500.0,-0.2140034900011023
2020-09-30,11:00,12534.38,12529.0,7,-0.05329342177274876,-0.05090000462726341,12500.0,-0.04292194747566036
2020-09-30,11:30,12511.6,12529.0,6,-0.06306153120259061,-0.060743629911441666,12500.0,0.1390709421656755
2020-09-30,12:00,12521.08,12529.0,5,-0.1122047637111323,-0.11245036370663986,12500.0,0.06325332958498908
2020-09-30,12:30,12516.75,12529.0,6,-0.05472666626720746,-0.0571234545708732,12500.0,0.09786885573330739
2020-09-30,13:00,12523.19,12529.0,7,-0.0007186667294822868,0.004870963388703409,12500.0,0.04639392998109226
2020-10-07,09:30,12675.7,12759.0,8,0.0152657318964744,0.014200399189001622,12650.0,0.6571629180242455
2020-10-07,10:00,12684.25,12759.0,6,0.05400398131540918,0.05636911918323051,12650.0,0.5893135187338583
2020-10-07,10:30,12708.81,12759.0,6,-0.04256889512078699,-0.037847760726605895,12700.0,0.3949228920725023
2020-10-07,11:00,12707.44,12759.0,7,-0.008971122429080047,-0.027070755399993818,12700.0,0.4057465547742112
2020-10-07,11:30,12725.79,12759.0,7,0.004007609743661433,0.002435998079497459,12700.0,0.2609661168383237
2020-10-07,12:00,12738.15,12759.0,6,-0.028654082421697424,-0.03571947260786468,12700.0,0.16368153931300977
2020-10-07,12:30,12760.9,12759.0,5,-0.04701862721281369,-0.03761490177024429,12700.0,-0.014889231950721005
2020-10-07,13:00,12757.27,12759.0,5,0.011209294778580237,0.010425428010840676,12700.0,0.013560895081776714
2020-10-14,09:30,12930.36,12900.0,8,0.05289875919927134,0.05135201185426652,12950.0,-0.23479624697224644
2020-10-14,10:00,12918.02,12900.0,8,0.05712949817385793,0.05790361061523974,12950.0,-0.1394950619367452
2020-10-14,10:30,12934.07,12900.0,8,0.0917716407661251,0.09223701433500597,12950.0,-0.2634128313825368
2020-10-14,11:00,12920.88,12900.0,7,0.07468086505979521,0.0767749565045106,12950.0,-0.16159890038448532
2020-10-14,11:30,12923.93,12900.0,5,0.1032965927599383,0.09726143673016718,12950.0,-0.18516039625717795
2020-10-14,12:00,12924.92,12900.0,6,0.061587292309717157,0.06251441003573,12950.0,-0.1928058355486928
2020-10-14,12:30,12919.06,12900.0,7,0.03127162502536418,0.03281972527413579,12950.0,-0.1475339537087006
2020-10-14,13:00,12912.4,12900.0,7,-0.012391189864013885,-0.010067841764505037,12950.0,-0.09603172144604377
2020-10-21,09:30,12937.81,12860.0,8,-0.060752167484295905,-0.060365703314546604,12900.0,-0.6014155409609478
2020-10-21,10:00,12933.6,12860.0,8,0.01546359868869196,0.016236778623124337,12900.0,-0.5690604317436732
2020-10-21,10:30,12926.66,12860.0,7,0.021970099004686716,0.015781338721687632,12900.0,-0.5156784505819689
2020-10-21,11:00,12903.52,12860.0,7,-0.06159567668081456,-0.03890411298622665,12900.0,-0.33727231019132775
2020-10-21,11:30,12891.43,12860.0,5,0.01078454876750623,0.004421542063215433,12900.0,-0.24380538078397906
2020-10-21,12:00,12893.87,12860.0,6,0.03862255977840068,0.03590853638200109,12900.0,-0.2626829648507467
2020-10-21,12:30,12895.55,12860.0,5,-0.004265037163975194,-0.004265037163975194,12900.0,-0.27567649305380026
2020-10-21,13:00,12895.41,12860.0,4,0.04257328770470581,0.04024687854051745,12900.0,-0.2745938283466698
2020-10-28,09:30,12867.2,12771.0,7,-0.08797754241107736,-0.08704302412335663,12850.0,-0.7476374036309408
2020-10-28,10:00,12845.73,12771.0,7,-0.03292923017998994,-0.03292923017998994,12850.0,-0.5817497331798149
2020-10-28,10:30,12826.49,12771.0,8,-0.1035299130528411,-0.09737660108104507,12850.0,-0.4326203037619769
2020-10-28,11:00,12831.95,12771.0,8,-0.04153733188042019,-0.043251415412315364,12850.0,-0.4749862647532188
2020-10-28,11:30,12817.2,12771.0,4,-0.05354714599367094,-0.03588927378834761,12850.0,-0.3604531410916656
2020-10-28,12:00,12805.02,12771.0,7,-0.02905110651917342,-0.031393937690060714,12850.0,-0.26567705478007797
2020-10-28,12:30,12806.22,12771.0,5,-0.06574929994955792,-0.06574929994955792,12800.0,-0.2750226062022909
2020-10-28,13:00,12804.41,12771.0,6,-0.10410785202240591,-0.09926267590618654,12800.0,-0.26092572793279256
2020-11-04,09:30,12741.63,12865.0,7,-0.18545507913821924,-0.18545507913821924,12800.0,0.9682434664952666
2020-11-04,10:00,12795.27,12865.0,7,-0.07635634105416234,-0.07244864703910281,12800.0,0.5449670073394364
2020-11-04,10:30,12768.19,12865.0,8,-0.10212880604064667,-0.10721958241536322,12800.0,0.7582124012878833
2020-11-04,11:00,12760.67,12865.0,7,0.030014098005826106,0.030014098005826106,12800.0,0.8175902989419725
2020-11-04,11:30,12832.53,12865.0,7,0.034833349308360795,0.054315088295142644,12800.0,0.25302882596027754
2020-11-04,12:00,12874.76,12865.0,7,-0.05250583311844359,-0.05638940065678666,12800.0,-0.07580723834852421
2020-11-04,12:30,12846.12,12865.0,6,-0.007585803212900588,-0.026301496072667074,12800.0,0.14697044710776375
2020-11-04,13:00,12850.61,12865.0,6,0.02793641702611982,0.031049109730973967,12800.0,0.11197912005733723
2020-11-11,09:30,13136.95,13249.0,7,-0.05671027141003204,-0.06432238837782434,13100.0,0.8529377062407972
2020-11-11,10:00,13152.72,13249.0,8,-0.04310895388938141,-0.04653029943615383,13100.0,0.7320158872081262
2020-11-11,10:30,13206.85,13249.0,7,-0.11017010112177594,-0.11244164959850478,13150.0,0.31915256098160594
2020-11-11,11:00,13190.06,13249.0,8,-0.03078075459853613,-0.03684592791843855,13150.0,0.4468516443443038
2020-11-11,11:30,13212.98,13249.0,7,0.057670563339984326,0.057670563339984326,13150.0,0.27261072067013004
2020-11-11,12:00,13210.51,13249.0,7,0.014306790578100248,0.016577709717502387,13150.0,0.2913589255827409
2020-11-11,12:30,13219.17,13249.0,7,0.10764669793943415,0.10764669793943415,13150.0,0.22565713278519528
2020-11-11,13:00,13224.58,13249.0,6,0.047033629801473964,0.05761997734521351,13200.0,0.1846561478701103
2020-11-18,09:30,13681.84,13756.0,7,0.030405267127808777,0.0340597463499126,13600.0,0.542032358220812
2020-11-18,10:00,13665.28,13756.0,7,0.03454008992131996,0.02722227426001922,13650.0,0.6638722367928063
2020-11-18,10:30,13678.71,13756.0,7,0.038673237461717136,0.037942174371718984,13650.0,0.5650386622715109
2020-11-18,11:00,13673.63,13756.0,7,0.15116688106961984,0.14531620352460362,13650.0,0.6024003867297845
2020-11-18,11:30,13716.6,13756.0,6,0.11336628610588706,0.11227272064504579,13700.0,0.2872431943776066
2020-11-18,12:00,13727.61,13756.0,7,0.20972332401634208,0.2126371597095167,13700.0,0.20680948832316748
2020-11-18,12:30,13738.35,13756.0,7,0.11100314084295793,0.11100314084295793,13700.0,0.12847248759857433
2020-11-18,13:00,13725.9,13756.0,8,0.07201706088675319,0.07722626567292501,13700.0,0.21929345252407195
2020-11-25,09:30,13869.92,13753.0,7,0.1080035068695473,0.10511956810133061,13900.0,-0.8429753019483899
2020-11-25,10:00,13855.71,13753.0,7,0.052613687786484675,0.052613687786484675,13850.0,-0.741282835740642
2020-11-25,10:30,13863.41,13753.0,6,0.08450014251688565,0.09442121382834401,13850.0,-0.7964130037270811
2020-11-25,11:00,13805.85,13753.0,8,-0.011951455361319807,-0.006156810337654139,13850.0,-0.3828087368760391
2020-11-25,11:30,13775.78,13753.0,6,0.0081302111386794,0.01103385797391887,13850.0,-0.1653626872670788
2020-11-25,12:00,13760.67,13753.0,7,-0.05210502104912029,-0.05210502104912029,13800.0,-0.05573856505534103
2020-11-25,12:30,13759.14,13753.0,8,-0.05807048987073182,-0.06933572883188743,13800.0,-0.04462488207838122
2020-11-25,13:00,13755.04,13753.0,6,-0.05990531470647653,-0.06354034593866187,13800.0,-0.01483092742733394
2020-12-02,09:30,13934.43,13981.0,8,-0.16778583695206684,-0.16814466038438391,13900.0,0.33420814486131434
2020-12-02,10:00,13909.22,13981.0,8,-0.010209055576076986,-0.008771160424514424,13900.0,0.5160605698953713
2020-12-02,10:30,13937.23,13981.0,7,-0.07914054657919278,-0.08057555195687405,13900.0,0.3140509269058622
2020-12-02,11:00,13965.13,13981.0,7,-0.03387007496528094,-0.03387007496528094,13900.0,0.11364018809707499
2020-12-02,11:30,13974.14,13981.0,6,0.025117824782072695,0.02976927381577177,13900.0,0.04909067749427898
2020-12-02,12:00,13964.86,13981.0,6,-0.07955683050170914,-0.08134703820876776,13950.0,0.11557580956773617
2020-12-02,12:30,13976.61,13981.0,7,-0.015096650761525776,-0.015096650761525776,13950.0,0.03140961935690356
2020-12-02,13:00,13988.92,13981.0,6,-0.011580593784227267,-0.010865742316068516,13950.0,-0.05661623627842838
2020-12-09,09:30,14388.45,14398.0,8,0.0013554006966565169,0.00034750094692892475,14350.0,0.06637268086555626
2020-12-09,10:00,14362.39,14398.0,7,0.036275299584542786,0.03209772189727289,14350.0,0.24793923574002452
2020-12-09,10:30,14368.28,14398.0,8,0.1205433078976692,0.1233272180107825,14350.0,0.2068445214040926
2020-12-09,11:00,14408.45,14398.0,9,0.10445259552553932,0.10653470706425416,14350.0,-0.07252688526524498
2020-12-09,11:30,14404.12,14398.0,7,0.04637562030862519,0.047764111934633924,14400.0,-0.04248784375582293
2020-12-09,12:00,14391.22,14398.0,7,0.14647819990243338,0.14647819990243338,14400.0,0.04711205860239431
2020-12-09,12:30,14394.11,14398.0,6,0.11393151195656648,0.17639159350595346,14400.0,0.027024942841191724
2020-12-09,13:00,14413.89,14398.0,5,0.026432836659640024,0.023657735697990567,14400.0,-0.11024088570121826
2020-12-16,09:30,14235.55,14323.0,8,0.021074001355758654,0.020722767999825642,14200.0,0.6143071395204203
2020-12-16,10:00,14274.09,14323.0,8,0.03334713456338845,0.03299684953645965,14200.0,0.3426488133394079
2020-12-16,10:30,14272.18,14323.0,7,0.04778527176647618,0.04778527176647618,14200.0,0.35607734767919563
2020-12-16,11:00,14292.1,14323.0,9,0.05947341538332651,0.06087278986293132,14250.0,0.216203357099376
2020-12-16,11:30,14280.28,14323.0,6,0.11323307386128523,0.12058587086527517,14250.0,0.2991537981047898
2020-12-16,12:00,14306.05,14323.0,8,0.038656427529248916,0.038095770670465434,14250.0,0.11848134180993952
2020-12-16,12:30,14295.97,14323.0,7,-0.008883622447430906,-0.008883622447430906,14250.0,0.1890742635861864
2020-12-16,13:00,14280.32,14323.0,7,0.05545488409088861,0.053780307444095676,14300.0,0.29887285438980893
2020-12-30,09:30,14484.45,14652.0,8,0.0690395562137347,0.07283673180549233,14500.0,1.1567577643610827
2020-12-30,10:00,14549.99,14652.0,8,-0.02845362780318217,-0.026048127868127935,14500.0,0.7011001382131621
2020-12-30,10:30,14548.21,14652.0,8,0.019040463668829055,0.017802877467398837,14500.0,0.7134211012901348
2020-12-30,11:00,14563.53,14652.0,8,0.0647501652082938,0.07257855753377562,14550.0,0.6074763467373678
2020-12-30,11:30,14562.36,14652.0,9,0.0806188007987707,0.0806188007987707,14550.0,0.6155595658945412
2020-12-30,12:00,14582.84,14652.0,9,0.07104240326301081,0.0703566657797916,14550.0,0.4742560434044307
2020-12-30,12:30,14589.4,14652.0,5,0.06100319409982902,0.07265548960204704,14550.0,0.4290786461403462
2020-12-30,13:00,14602.13,14652.0,6,0.10525861637994405,0.11210693234480207,14550.0,0.34152551716770674
2021-01-13,09:30,15629.24,15760.0,9,0.047731047702903595,0.03685399929875821,15600.0,0.836636970191762
2021-01-13,10:00,15666.94,15760.0,9,-0.0379142321346726,-0.05067996686015652,15600.0,0.5939896367765485
2021-01-13,10:30,15713.35,15760.0,8,0.07414077838270305,0.08177759675689344,15600.0,0.2968813142964377
2021-01-13,11:00,15703.53,15760.0,8,0.08736889094362876,0.07495130075847456,15600.0,0.3596006757716319
2021-01-13,11:30,15735.81,15760.0,9,0.07111168729159179,0.07111168729159179,15700.0,0.1537258012139331
2021-01-13,12:00,15736.49,15760.0,7,0.06869384468837225,0.06488105034858638,15700.0,0.14939799154702893
2021-01-13,12:30,15731.76,15760.0,9,0.119453957460669,0.11594379776960206,15700.0,0.1795094763713756
2021-01-13,13:00,15736.48,15760.0,6,0.14852271435938924,0.13421044604637888,15700.0,0.14946163309710325
2021-01-20,09:30,15887.19,15766.0,10,-0.15163159753235345,-0.15226103546316372,15900.0,-0.762815828349761
2021-01-20,10:00,15915.03,15766.0,9,-0.0661638715101387,-0.0598805028956928,15900.0,-0.9364104246112004
2021-01-20,10:30,15940.5,15766.0,8,-0.12076158213355503,-0.12232991436905705,15900.0,-1.0946959003795387
2021-01-20,11:00,15852.16,15766.0,9,0.008453106705963442,0.017915539585766638,15900.0,-0.5435221446162486
2021-01-20,11:30,15834.23,15766.0,10,0.08064806435172933,0.08064806435172933,15900.0,-0.43090191313376325
2021-01-20,12:00,15864.13,15766.0,9,0.03384994954025444,0.03384994954025444,15900.0,-0.6185652790288487
2021-01-20,12:30,15873.03,15766.0,9,-0.04113896338632239,-0.05373895217233304,15900.0,-0.6742883998833271
2021-01-20,13:00,15810.0,15766.0,9,0.0012650221378862625,-0.011385199240987465,15900.0,-0.2783048703352331
2021-01-27,09:30,15815.36,15749.0,9,-0.04653703741173132,-0.04653703741173132,15800.0,-0.4195920927503427
2021-01-27,10:00,15789.6,15749.0,9,0.06269949840400635,0.06269949840400635,15800.0,-0.25713127628312904
2021-01-27,10:30,15727.62,15749.0,10,0.09461062767284201,0.09461062767284201,15800.0,0.13593919486865058
2021-01-27,11:00,15662.59,15749.0,9,-0.010151577740336037,-0.013982361793296594,15800.0,0.5516967500266645
2021-01-27,11:30,15694.72,15749.0,9,0.07505708926314192,0.08142865881008987,15700.0,0.345848795008763
2021-01-27,12:00,15669.92,15749.0,8,-0.0036375425018109198,-0.002680294475021494,15700.0,0.5046611597251394
2021-01-27,12:30,15678.72,15749.0,10,0.012532894680195028,0.03367621846681601,15700.0,0.4482508776226579
2021-01-27,13:00,15738.76,15749.0,7,-0.022619316896621555,-0.027066935387543012,15700.0,0.06506230478131592
2021-02-03,09:30,15763.9,15767.0,10,0.09737438070529514,0.09578847873941143,15800.0,0.01966518437697129
2021-02-03,10:00,15824.63,15767.0,10,-0.07981229260968226,-0.07665266107327318,15800.0,-0.36417913088646614
2021-02-03,10:30,15820.22,15767.0,9,-0.007711650027619754,-0.0013906254148099428,15800.0,-0.3364049298935079
2021-02-03,11:00,15825.58,15767.0,8,-0.1306745155627842,-0.13004262718965265,15800.0,-0.37016020897812085
2021-02-03,11:30,15828.92,15767.0,9,-0.0689876504524678,-0.0689876504524678,15800.0,-0.3911827212469299
2021-02-03,12:00,15834.37,15767.0,10,0.007452143659636423,0.013451750843263,15800.0,-0.4254668799579697
2021-02-03,12:30,15801.52,15767.0,9,0.042274414107001945,0.04417296563874462,15800.0,-0.2184599962535283
2021-02-03,13:00,15768.47,15767.0,6,-0.045153397888308966,-0.04420213248336191,15800.0,-0.009322400968514444
2021-02-17,09:30,16275.14,16326.0,8,-0.1455594237591784,-0.13603569615990851,16200.0,0.31250115206382656
2021-02-17,10:00,16285.86,16326.0,8,-0.02830676427281187,-0.032911986226091816,16300.0,0.2464714789393918
2021-02-17,10:30,16310.73,16326.0,7,0.10588122052170856,0.10588122052170856,16300.0,0.09361935364020635
2021-02-17,11:00,16346.31,16326.0,6,0.21344266687712832,0.21221914915354745,16300.0,-0.12424822482871578
2021-02-17,11:30,16380.57,16326.0,7,0.1442562743543263,0.1326571663867515,16300.0,-0.33313859041534943
2021-02-17,12:00,16397.67,16326.0,6,0.13544068325280767,0.1398369402482169,16300.0,-0.4370742916524062
2021-02-17,12:30,16360.82,16326.0,5,0.07689101157521971,0.07322371372584513,16400.0,-0.21282551852535025
2021-02-17,13:00,16356.07,16326.0,6,0.017608141809133393,0.013634082025815175,16400.0,-0.18384611951404173
2021-03-03,09:30,15915.46,16183.0,10,0.08193291302922567,0.08507451245518549,16000.0,1.6810070208463923
2021-03-03,10:00,15992.33,16183.0,9,0.057339987356441746,0.06984598241781548,16000.0,1.1922590391769017
2021-03-03,10:30,15994.29,16183.0,6,-0.03307430339203332,-0.039326534657058154,16000.0,1.1798585620243163
2021-03-03,11:00,16072.78,16183.0,7,0.060474914731600826,0.0517645360665675,16000.0,0.685755668901078
2021-03-03,11:30,16098.95,16183.0,9,0.06863801676506576,0.07609191903819035,16000.0,0.5220837383804522
2021-03-03,12:00,16104.73,16183.0,7,0.06718418774813717,0.06718418774813717,16000.0,0.48600628511001887
2021-03-03,12:30,16139.96,16183.0,8,0.14461002381667143,0.14708834470471555,16100.0,0.2666673275522502
2021-03-03,13:00,16132.38,16183.0,8,0.09186493251461814,0.08814570447759351,16100.0,0.31377887205732424
2021-03-10,09:30,15920.88,15877.0,10,-0.027699246186851934,-0.027511042103189887,16000.0,-0.2756129058192669
2021-03-10,10:00,15923.56,15877.0,10,-0.19662688494280767,-0.2076168896904984,16000.0,-0.29239692631546355
2021-03-10,10:30,15876.57,15877.0,9,-0.10436763104373359,-0.10436763104373359,16000.0,0.0027083935635996426
2021-03-10,11:00,15924.93,15877.0,9,-0.09940389062934596,-0.10003183687463668,15900.0,-0.3009746353673126
2021-03-10,11:30,15918.94,15877.0,10,0.02895921462107154,0.02236329805878068,15900.0,-0.263459752973505
2021-03-10,12:00,15931.3,15877.0,7,-0.1456252785397183,-0.14939144953644012,15900.0,-0.3408384752028981
2021-03-10,12:30,15886.79,15877.0,8,-0.18499646561703775,-0.1862553731748262,15900.0,-0.06162352495375778
2021-03-10,13:00,15881.22,15877.0,7,-0.11031898053170952,-0.10780028234605998,15900.0,-0.026572265858659794
2021-03-17,09:30,16293.17,16177.0,9,-0.059350022125836954,-0.059350022125836954,16300.0,-0.7129981458488421
2021-03-17,10:00,16322.36,16177.0,9,-0.023035884516697802,-0.02364854101980507,16300.0,-0.89055749291157
2021-03-17,10:30,16317.76,16177.0,8,-0.03192840193751989,-0.02610652442491812,16300.0,-0.8626183986037317
2021-03-17,11:00,16310.45,16177.0,7,-0.07265280847554845,-0.07020039299958647,16300.0,-0.8181871131697771
2021-03-17,11:30,16289.96,16177.0,8,-0.03044820245107771,-0.027378827203994316,16300.0,-0.693433255821374
2021-03-17,12:00,16270.41,16177.0,8,-0.054915895188578645,-0.05476198817362388,16300.0,-0.5741096874633089
2021-03-17,12:30,16249.7,16177.0,9,-0.13107934300325974,-0.12738696714401643,16300.0,-0.4473928749453848
2021-03-17,13:00,16170.68,16177.0,8,0.05021527015935945,0.05021433854357493,16200.0,0.039083081230972816
2021-03-24,09:30,16086.04,16029.0,9,0.018401048362415295,0.021509333558777932,16100.0,-0.35459317520036837
2021-03-24,10:00,16076.86,16029.0,10,-0.07314861235341308,-0.07999074446130017,16100.0,-0.29769494789405604
2021-03-24,10:30,16063.91,16029.0,8,-0.07445260836247414,-0.07476386508640243,16100.0,-0.21731944464330466
2021-03-24,11:00,16046.93,16029.0,8,-0.04125476857768651,-0.03994687875280567,16100.0,-0.11173476795873771
2021-03-24,11:30,16031.84,16029.0,8,0.03998293396142438,0.04403736564235761,16100.0,-0.01771474765217551
2021-03-24,12:00,16045.86,16029.0,6,0.0018073197697088261,0.0002492854854763138,16100.0,-0.10507383212866594
2021-03-24,12:30,16052.67,16029.0,7,-0.10758334906281197,-0.1131898930209152,16050.0,-0.14745210609823367
2021-03-24,13:00,16033.28,16029.0,8,-0.05510379479750638,-0.06910625898132183,16050.0,-0.026694475490984804
2021-03-31,09:30,16526.51,16444.0,9,0.03987532757974144,0.0332193548426174,16550.0,-0.49925846412822716
2021-03-31,10:00,16517.81,16444.0,9,0.04473958714865667,0.040501737215770106,16550.0,-0.44685100506666187
2021-03-31,10:30,16482.05,16444.0,9,-0.002123522256025634,-0.002123522256025634,16550.0,-0.23085720526269116
2021-03-31,11:00,16457.23,16444.0,9,0.07376728427017643,0.0745568968775423,16500.0,-0.08039019932272184
2021-03-31,11:30,16470.06,16444.0,10,0.07138081267390461,0.062173422561895286,16500.0,-0.15822650312142805
2021-03-31,12:00,16444.93,16444.0,6,0.05971445302594969,0.06366703902054294,16500.0,-0.005655238423030173
2021-03-31,12:30,16460.78,16444.0,7,-0.022122360966425614,-0.062451475567981696,16500.0,-0.10193927626758192
2021-03-31,13:00,16448.45,16444.0,7,-0.06231590210628024,-0.06231590210628024,16500.0,-0.027054220914435323
2021-04-07,09:30,16803.46,16793.0,7,-0.12176063739253173,-0.12176063739253173,16800.0,-0.06224908441475607
2021-04-07,10:00,16743.04,16793.0,7,-0.07191047742823864,-0.07191047742823864,16750.0,0.2983926455410568
2021-04-07,10:30,16760.24,16793.0,7,-0.174460508918739,-0.17744375975523585,16750.0,0.1954625948076938
2021-04-07,11:00,16721.9,16793.0,9,-0.07953641631635033,-0.07774236181294913,16750.0,0.42519091730006675
2021-04-07,11:30,16739.15,16793.0,7,-0.022402571217772227,-0.02479217881434792,16750.0,0.32170092268721806
2021-04-07,12:00,16771.88,16793.0,7,-0.10601077517846669,-0.10958819166366762,16750.0,0.1259250602794637
2021-04-07,12:30,16769.23,16793.0,5,-0.029399083917391877,-0.02582110210187505,16750.0,0.14174771292421173
2021-04-07,13:00,16781.1,16793.0,4,-0.018473163261040204,-0.01787725476876112,16750.0,0.07091311058273764
2021-04-14,09:30,16830.07,16816.0,10,0.041473386622870034,0.04533552148031639,16900.0,-0.08360036529854176
2021-04-14,10:00,16842.89,16816.0,8,0.0249957103561238,0.024401988019873144,16900.0,-0.15965193621759743
2021-04-14,10:30,16741.86,16816.0,9,0.09043200695739717,0.09043200695739717,16850.0,0.44284207370028916
2021-04-14,11:00,16680.2,16816.0,9,0.25660395457869356,0.2553926211915858,16800.0,0.8141389191976156
2021-04-14,11:30,16646.08,16816.0,8,0.14219564005458762,0.14730194736536362,16800.0,1.0207808685287922
2021-04-14,12:00,16746.42,16816.0,10,-0.03146941256697566,-0.03893369448513262,16800.0,0.4154917886927567
2021-04-14,12:30,16722.03,16816.0,8,0.15171602969257236,0.1535100702486636,16800.0,0.5619533035163826
2021-04-14,13:00,16823.41,16816.0,10,0.018961673049633365,0.01836726323616311,16800.0,-0.04404576717799147
2021-04-21,09:30,17245.75,17232.0,10,-0.10872243886175248,-0.11742023397068868,17250.0,-0.079729788498617
2021-04-21,10:00,17191.05,17232.0,10,-0.1622937516905565,-0.17189176926365457,17250.0,0.23820534522325243
2021-04-21,10:30,17201.29,17232.0,10,-0.1304553321291646,-0.12958330450798528,17200.0,0.17853312164377577
2021-04-21,11:00,17234.79,17232.0,10,-0.014157410679216387,-0.013287078055501667,17200.0,-0.016188186801235904
2021-04-21,11:30,17247.16,17232.0,9,-0.1105109478893973,-0.11398978150605199,17200.0,-0.08789852938106968
2021-04-21,12:00,17253.87,17232.0,9,-0.05430665699925896,-0.05430665699925896,17200.0,-0.1267541716727827
2021-04-21,12:30,17266.82,17232.0,9,-0.08061704471349351,-0.08582935363894428,17200.0,-0.20165844087098872
2021-04-21,13:00,17243.52,17232.0,8,-0.026212745425530093,-0.02853245741010202,17200.0,-0.06680770515532508
2021-04-28,09:30,17590.38,17544.0,9,-0.06469445230860016,-0.05900952679818161,17550.0,-0.26366684517333816
2021-04-28,10:00,17596.12,17544.0,9,-0.046146536850166786,-0.046146536850166786,17550.0,-0.2962016626392616
2021-04-28,10:30,17532.03,17544.0,10,0.08852369063936383,0.08823849833705655,17600.0,0.0682750371748142
2021-04-28,11:00,17530.78,17544.0,7,0.044607256494000325,0.03491002682141087,17600.0,0.07541022133641384
2021-04-28,11:30,17558.65,17544.0,7,0.03274739231091672,0.030469312845804453,17550.0,-0.08343466040955372
2021-04-28,12:00,17547.33,17544.0,7,0.03801148094895179,0.03801148094895179,17550.0,-0.01897724611095164
2021-04-28,12:30,17550.12,17544.0,7,0.006382610122823706,0.005014210729048507,17550.0,-0.03487155643379092
2021-04-28,13:00,17515.27,17544.0,8,0.051269549370347445,0.05726431850607838,17550.0,0.16402830216148967
2021-05-12,09:30,16506.78,15901.0,10,-0.03501591467263143,-0.03501591467263143,16500.0,-3.6698859498945247
2021-05-12,10:00,16334.59,15901.0,9,0.1555594600170629,0.1555594600170629,16500.0,-2.654428424588562
2021-05-12,10:30,16172.12,15901.0,8,0.11056064387352516,0.13220282807695494,16400.0,-1.6764654232098275
2021-05-12,11:00,15783.15,15901.0,4,0.3063393555785776,0.3221790327025964,16000.0,0.7466823796263844
2021-05-12,11:30,15457.55,15901.0,4,0.19052178385320362,-0.016496792829390206,15600.0,2.8688246196842293
2021-05-12,12:00,15742.09,15901.0,4,0.16935489506157975,0.1550620025676297,15900.0,1.0094593538723329
2021-05-12,12:30,15535.52,15901.0,4,-0.18840695387087325,-0.1996714625580598,15700.0,2.352544362853637
2021-05-12,13:00,15869.34,15901.0,5,-0.15337751916588704,-0.220172987660483,16000.0,0.19950420118290957
2021-05-19,09:30,16128.63,16137.0,9,-0.2519122826923237,-0.25501236000825545,16200.0,0.051895294268633485
2021-05-19,10:00,16079.48,16137.0,10,-0.09406756055588272,-0.10249087657063782,16100.0,0.35772301094314507
2021-05-19,10:30,16088.93,16137.0,10,-0.10988922196814577,-0.10522763166972426,16100.0,0.29877686086023925
2021-05-19,11:00,16106.07,16137.0,9,-0.27362354689877133,-0.27362354689877133,16100.0,0.19203939881051735
2021-05-19,11:30,16153.58,16137.0,8,-0.19240317007127583,-0.2016890373527147,16100.0,-0.10263978635076665
2021-05-19,12:00,16240.99,16137.0,10,-0.07690417887086798,-0.05843239851757165,16100.0,-0.6402934796462478
2021-05-19,12:30,16190.14,16137.0,10,-0.011056111929852452,-0.007041322681577977,16200.0,-0.32822446254324733
2021-05-19,13:00,16176.23,16137.0,10,-0.08697790065299027,-0.07807752486209685,16200.0,-0.2425163341520209
2021-05-26,09:30,16630.99,16636.0,9,-0.13522947220822035,-0.13222303663222856,16600.0,0.03012448447146099
2021-05-26,10:00,16607.04,16636.0,9,-0.10260708711486988,-0.11163940112145498,16600.0,0.1743838757539029
2021-05-26,10:30,16550.57,16636.0,9,-0.0608438259226074,-0.05782278193440238,16600.0,0.5161755758260833
2021-05-26,11:00,16598.65,16636.0,10,0.04126841640734735,0.04126841640734735,16600.0,0.22501829968097908
2021-05-26,11:30,16633.86,16636.0,7,-0.08993703205388837,-0.0923417655312786,16600.0,0.012865324103961129
2021-05-26,12:00,16603.43,16636.0,9,-0.14593370165080222,-0.14111542012704703,16600.0,0.1961642865359714
2021-05-26,12:30,16609.88,16636.0,9,0.0037327181171553647,0.0037327181171553647,16600.0,0.1572558019684589
2021-05-26,13:00,16606.58,16636.0,8,0.02119641732373223,0.006142143656284738,16600.0,0.17715869251826444
2021-06-02,09:30,17207.54,17178.0,10,-0.25448146568307073,-0.2559343171656181,17200.0,-0.17166893117784854
2021-06-02,10:00,17214.3,17178.0,8,-0.19983385905903983,-0.19925294667805238,17200.0,-0.21087119429775703
2021-06-02,10:30,17204.42,17178.0,9,-0.13031534919514254,-0.12450288937376763,17200.0,-0.15356518848061995
2021-06-02,11:00,17218.78,17178.0,9,-0.15656704681795697,-0.1497202473113579,17200.0,-0.2368344331015293
2021-06-02,11:30,17128.36,17178.0,9,-0.08091843001899468,-0.08091843001899468,17200.0,0.2898117508039366
2021-06-02,12:00,17120.06,17178.0,10,-0.0029789615223430044,-0.0026869064711387836,17200.0,0.33843339334089784
2021-06-02,12:30,17137.85,17178.0,9,0.000875255647603268,-0.005543285768039308,17200.0,0.23427676167080413
2021-06-02,13:00,17136.1,17178.0,9,0.12196474110213185,0.12196474110213185,17150.0,0.24451304555879183
2021-06-09,09:30,17001.85,16947.0,10,0.08881386437359362,0.10381223219826374,17100.0,-0.32261195105237617
2021-06-09,10:00,17039.51,16947.0,9,0.00874438290774382,0.00874438290774382,17100.0,-0.5429146730158263
2021-06-09,10:30,16968.42,16947.0,10,0.060583130309144195,0.050564519265794416,17100.0,-0.12623449914604956
2021-06-09,11:00,17024.2,16947.0,8,0.017034574311869388,0.019384170768677045,17000.0,-0.45347211616405536
2021-06-09,11:30,16991.37,16947.0,9,0.0172440480078917,0.01842111613130637,17000.0,-0.2611325631776573
2021-06-09,12:00,16970.87,16947.0,9,0.013729408097540308,0.0066584683048098725,17000.0,-0.14065277737675963
2021-06-09,12:30,16948.89,16947.0,9,0.03893874227860472,0.03604955840765811,17000.0,-0.011151172731660441
2021-06-09,13:00,16937.55,16947.0,9,0.06878208477614223,0.06642046813145619,17000.0,0.055793193230435634
2021-06-16,09:30,17361.99,17346.0,9,-0.06617904975179112,-0.06617904975179112,17400.0,-0.09209773764413676
2021-06-16,10:00,17376.01,17346.0,9,-0.04434600003105915,-0.008690142328404704,17400.0,-0.1727093849508532
2021-06-16,10:30,17372.99,17346.0,9,0.02595983765603105,0.02020377609148749,17400.0,-0.15535610162672464
2021-06-16,11:00,17357.71,17346.0,8,0.05323282852405242,0.05928201358358365,17400.0,-0.06746281623554173
2021-06-16,11:30,17369.83,17346.0,8,0.04127846962231896,0.04127846962231896,17400.0,-0.13719190112972957
2021-06-16,12:00,17355.89,17346.0,8,0.069198410453164,0.06977458372920964,17400.0,-0.05698353700097636
2021-06-16,12:30,17359.94,17346.0,9,0.1253460553435115,0.1299543662017344,17400.0,-0.0802998167044322
2021-06-16,13:00,17295.68,17346.0,11,0.12037688023829318,0.12731502895519942,17350.0,0.29093970286222515
2021-06-23,09:30,17152.2,17347.0,10,0.12330779725049368,0.12418232063524659,17200.0,1.1357143690022165
2021-06-23,10:00,17236.57,17347.0,10,0.1423136969826433,0.15043596260742031,17200.0,0.6406727092455267
2021-06-23,10:30,17262.85,17347.0,9,0.11672464280232386,0.10513907031575176,17300.0,0.48746296237296427
2021-06-23,11:00,17272.06,17347.0,9,0.06218134953213106,0.06044444032731189,17300.0,0.43387991936107984
2021-06-23,11:30,17271.36,17347.0,9,0.1050293665351143,0.1050293665351143,17300.0,0.4379504567098236
2021-06-23,12:00,17285.27,17347.0,8,0.028810657860711686,0.03025697602641042,17300.0,0.3571248814742134
2021-06-23,12:30,17249.44,17347.0,9,0.16454908970562343,0.1626719476110594,17300.0,0.5655835783654473
2021-06-23,13:00,17275.32,17347.0,10,0.12897011459120922,0.11970834693655341,17300.0,0.4149271909290375
2021-06-30,09:30,17725.08,17776.0,9,-0.023018231793603405,-0.023018231793603405,17700.0,0.287276559541616
2021-06-30,10:00,17728.68,17776.0,10,-0.04924224476948735,-0.05178050480916241,17700.0,0.26691214461538326
2021-06-30,10:30,17772.28,17776.0,9,-0.00157548721941847,-0.00157548721941847,17700.0,0.020931473058038996
2021-06-30,11:00,17766.82,17776.0,8,0.042663796897812745,0.040412409198720134,17700.0,0.05166934769418319
2021-06-30,11:30,17752.12,17776.0,10,-0.03109487768220842,-0.037291320698595865,17750.0,0.13451914475568483
2021-06-30,12:00,17788.76,17776.0,8,-0.023947706304416894,-0.03069353906623995,17750.0,-0.07173068836725527
2021-06-30,12:30,17776.07,17776.0,9,0.00011253670102462365,-0.011644868635196648,17750.0,-0.00039378782824561753
2021-06-30,13:00,17778.9,17776.0,8,0.10157316465272404,0.0989937510194494,17750.0,-0.016311470338448153
2021-07-07,09:30,17920.35,17799.0,9,-0.1347690092664,-0.13308891846419701,17900.0,-0.6771631134436462
2021-07-07,10:00,17917.56,17799.0,9,-0.13428167674617297,-0.12870055967442173,17900.0,-0.6616972400259935
2021-07-07,10:30,17920.31,17799.0,10,-0.00842619352008911,-0.0045200110935672555,17900.0,-0.6769414145179509
2021-07-07,11:00,17901.35,17799.0,7,-0.08742357419969649,-0.08016155206170827,17900.0,-0.5717445890952244
2021-07-07,11:30,17874.45,17799.0,9,-0.057344421786409416,-0.058463337333458654,17900.0,-0.42211089012529346
2021-07-07,12:00,17883.4,17799.0,8,-0.011183555699711967,-0.010624377914725258,17900.0,-0.47194605052731653
2021-07-07,12:30,17840.42,17799.0,10,0.06672702498524696,0.06659036054084133,17900.0,-0.23216942202032298
2021-07-07,13:00,17822.28,17799.0,9,-0.01615954860992863,-0.01672064404778517,17900.0,-0.13062301793036468
2021-07-14,09:30,17825.85,17796.0,9,0.18035605595245752,0.18316097128610043,17900.0,-0.16745344541774232
2021-07-14,10:00,17787.77,17796.0,11,0.04458119258343718,0.043456824548560036,17900.0,0.0462677446357862
2021-07-14,10:30,17772.27,17796.0,10,0.008046242826609262,0.012547637414916935,17850.0,0.1335226169757675
2021-07-14,11:00,17829.78,17796.0,10,0.015255376117928598,0.018059673198433934,17850.0,-0.18945831075873887
2021-07-14,11:30,17875.41,17796.0,7,-0.08620781285576529,-0.08620781285576529,17850.0,-0.44424155865515624
2021-07-14,12:00,17855.01,17796.0,8,0.008905063620812115,0.008344996726417087,17850.0,-0.33049547437945526
2021-07-14,12:30,17864.01,17796.0,8,-0.12180915707054596,-0.11761077160166167,17850.0,-0.3807095943183958
2021-07-14,13:00,17823.11,17796.0,9,-0.08253329525542696,-0.09375468142203136,17850.0,-0.15210588948842974
2021-07-21,09:30,17610.29,17431.0,10,-0.03003925545803643,-0.02833570599917179,17700.0,-1.0180979416011926
2021-07-21,10:00,17542.52,17431.0,9,0.15379774399573165,0.15379774399573165,17600.0,-0.6357125430097921
2021-07-21,10:30,17547.73,17431.0,11,-0.07824373864880885,-0.07824373864880885,17600.0,-0.6652142470849443
2021-07-21,11:00,17481.07,17431.0,9,0.03392240863975271,0.025913745554473344,17600.0,-0.28642411477100005
2021-07-21,11:30,17450.2,17431.0,9,0.12607305360397003,0.12607305360397003,17600.0,-0.1100273922362005
2021-07-21,12:00,17464.25,17431.0,8,0.08385723820358848,0.08388565211789878,17550.0,-0.1903889374006873
2021-07-21,12:30,17394.07,17431.0,10,0.09330766174908689,0.09215784459875032,17500.0,0.2123137368080119
2021-07-21,13:00,17361.51,17431.0,8,0.1928979679763021,0.19865783563757233,17500.0,0.40025320378240803
2021-07-28,09:30,16923.72,17074.0,7,0.1848293401214285,0.18187490693535313,17150.0,0.887984438409517
2021-07-28,10:00,16951.94,17074.0,9,-0.04093926712811502,-0.05155752085010956,17200.0,0.720035582948042
2021-07-28,10:30,16984.61,17074.0,9,-0.16844661137347394,-0.17433429439945858,17200.0,0.5262999856929351
2021-07-28,11:00,17056.15,17074.0,9,-0.0544090694290178,-0.047783350873442654,17000.0,0.10465433289457149
2021-07-28,11:30,17101.47,17074.0,10,-0.01736692810618834,-0.01736692810618834,17000.0,-0.16062946635582165
2021-07-28,12:00,17055.76,17074.0,11,-0.08302180612297372,-0.07481343546108521,17000.0,0.10694334348044787
2021-07-28,12:30,17003.85,17074.0,10,-0.17643063188629848,-0.1755484787268724,17000.0,0.4125536275608299
2021-07-28,13:00,17044.73,17074.0,10,0.048173005044949146,0.03443879721181098,17000.0,0.171724632775061
2021-08-04,09:30,17592.02,17601.0,10,-0.09324390428691043,-0.09106401652567708,17600.0,0.051045871935118114
2021-08-04,10:00,17587.05,17601.0,7,-0.015636505269500667,-0.011656303928164746,17600.0,0.07931972673074217
2021-08-04,10:30,17611.69,17601.0,9,-0.01754516460373834,-0.015273945884797246,17600.0,-0.060698320263408156
2021-08-04,11:00,17614.06,17601.0,10,-0.056553912179918564,-0.08266123767036726,17600.0,-0.074145313459828
2021-08-04,11:30,17596.45,17601.0,9,-0.02415259896172417,-0.028130674084836382,17600.0,0.025857488300196074
2021-08-04,12:00,17592.18,17601.0,9,0.06252060338065579,0.06434677225903851,17600.0,0.050135912661186666
2021-08-04,12:30,17611.86,17601.0,8,-0.03611202905315358,-0.03895102504789527,17600.0,-0.061662993005850986
2021-08-04,13:00,17598.69,17601.0,8,0.05716334568085513,0.05290166483984393,17600.0,0.0131259769903469
2021-08-11,09:30,17276.94,17170.0,8,-0.04451019682882862,-0.04885124333359192,17300.0,-0.6189753509591278
2021-08-11,10:00,17270.74,17170.0,8,0.03277219157949984,0.030456135637479953,17300.0,-0.5832986889965475
2021-08-11,10:30,17313.66,17170.0,8,-0.08019875065110593,-0.08178513381918995,17300.0,-0.8297494579424525
2021-08-11,11:00,17270.8,17170.0,8,0.012796136195203367,0.01563332329712619,17300.0,-0.5836440697593592
2021-08-11,11:30,17204.26,17170.0,10,0.0182512935749779,0.0182512935749779,17300.0,-0.1991367254389198
2021-08-11,12:00,17195.14,17170.0,7,0.05443398541682409,0.06024958214938536,17300.0,-0.14620410185668398
2021-08-11,12:30,17155.25,17170.0,9,0.05916556156280173,0.052753530260418735,17250.0,0.08597951064543974
2021-08-11,13:00,17133.93,17170.0,8,0.08620322366206246,0.09087232176154814,17200.0,0.21051796056128502
2021-08-18,09:30,16503.79,16785.0,10,-0.26836260034817094,-0.2774514217643409,16500.0,1.703911646961087
2021-08-18,10:00,16473.11,16785.0,10,-0.14635973413642533,-0.14028923500177815,16500.0,1.893327975106085
2021-08-18,10:30,16568.12,16785.0,9,-0.11178093833217329,-0.11842019492857014,16500.0,1.3090199732981311
2021-08-18,11:00,16611.33,16785.0,10,-0.02757154303720255,-0.029076539927874734,16500.0,1.045491240015095
2021-08-18,11:30,16689.19,16785.0,9,-0.03409392546911416,-0.03768906699485042,16500.0,0.5740841826356036
2021-08-18,12:00,16691.33,16785.0,9,-0.1349802562168656,-0.1307864621932553,16600.0,0.561189551701391
2021-08-18,12:30,16767.43,16785.0,9,-0.03596257744925557,-0.03596257744925557,16600.0,0.10478648188780859
2021-08-18,13:00,16760.6,16785.0,10,-0.032218417001766975,-0.04176461463193393,16600.0,0.14557951385989476
2021-08-25,09:30,16903.49,17010.0,10,-0.09755381876761504,-0.09755381876761504,16900.0,0.6301065637924319
2021-08-25,10:00,16926.66,17010.0,10,-0.12500989563209997,-0.12796381566121395,16900.0,0.49235939045269017
2021-08-25,10:30,16938.83,17010.0,10,-0.20532705033348142,-0.20857402784018042,16900.0,0.42015888936837165
2021-08-25,11:00,16958.04,17010.0,7,-0.12289156058129524,-0.12112248821208871,16900.0,0.3064033343475936
2021-08-25,11:30,16989.01,17010.0,8,-0.04744243484464117,-0.04126196876685917,16950.0,0.1235504599738313
2021-08-25,12:00,16975.56,17010.0,9,0.005537372552066877,0.005537372552066877,16950.0,0.20287990499281428
2021-08-25,12:30,16986.91,17010.0,8,-0.07570535194453276,-0.07541100765237063,16950.0,0.13592819412124868
2021-08-25,13:00,16995.82,17010.0,8,-0.03542047397535608,-0.03777399384082836,16950.0,0.08343227923102159
2021-09-01,09:30,17464.68,17484.0,9,0.01328395367106161,0.030461479969856597,17500.0,0.1106232693642184
2021-09-01,10:00,17438.02,17484.0,9,0.14038291044511375,0.14611750646003063,17500.0,0.2636767247657712
2021-09-01,10:30,17433.72,17484.0,8,0.16708998423744514,0.1708183910261285,17500.0,0.2884066051307421
2021-09-01,11:00,17452.11,17484.0,10,0.16840370591292286,0.16267373973690713,17500.0,0.18272862135293444
2021-09-01,11:30,17456.01,17484.0,8,0.14745637748834195,0.14602420598981425,17500.0,0.16034592097506906
2021-09-01,12:00,17464.44,17484.0,8,0.12230566797447606,0.12058789173887696,17500.0,0.11199901056089256
2021-09-01,12:30,17495.78,17484.0,7,0.04412492612504426,0.04412492612504426,17500.0,-0.0673305219887288
2021-09-01,13:00,17493.13,17484.0,7,0.08957802291527095,0.08671975798497655,17500.0,-0.05219191762709796
2021-09-08,09:30,17420.26,17192.0,9,-0.139263133845291,-0.14500357629563254,17400.0,-1.3103133937151235
2021-09-08,10:00,17395.91,17192.0,8,-0.04460818663697408,-0.05121893594528526,17400.0,-1.1721720795290325
2021-09-08,10:30,17342.41,17192.0,10,0.078362811166377,0.078362811166377,17400.0,-0.8672958371991002
2021-09-08,11:00,17350.71,17192.0,10,-0.058097339529289416,-0.05942119947828228,17400.0,-0.9147176109795985
2021-09-08,11:30,17304.67,17192.0,9,-0.009650574093578168,-0.009650574093578168,17400.0,-0.6510959180383025
2021-09-08,12:00,17253.68,17192.0,9,0.07604174877475778,0.06850712427726169,17300.0,-0.35748895308131967
2021-09-08,12:30,17284.19,17192.0,9,-0.0271346241854431,-0.0271346241854431,17300.0,-0.533377612720054
2021-09-08,13:00,17218.87,17192.0,9,-0.08461647018648266,-0.09100481042018105,17300.0,-0.15604972916340998
2021-09-15,09:30,17352.77,17382.0,9,-0.19172731500504137,-0.18596454629433712,17400.0,0.16844572941381308
2021-09-15,10:00,17355.43,17382.0,10,-0.2415958578957711,-0.2415958578957711,17400.0,0.1530932970257748
2021-09-15,10:30,17359.54,17382.0,10,-0.07799745845800121,-0.06935667650179722,17400.0,0.12938130849089458
2021-09-15,11:00,17363.39,17382.0,9,-0.025283081241622707,-0.031042325260211,17400.0,0.10717953118601908
2021-09-15,11:30,17374.34,17382.0,9,0.10452195594192748,0.10452195594192748,17400.0,0.04408800564510429
2021-09-15,12:00,17374.34,17382.0,9,-0.04920990759472721,-0.036490594750648864,17400.0,0.04408800564510429
2021-09-15,12:30,17368.39,17382.0,10,-0.0963819905011265,-0.10530624888087647,17400.0,0.07836074616012212
2021-09-15,13:00,17403.12,17382.0,9,-0.021950087110811367,-0.030569231264276908,17400.0,-0.12135754968074508
2021-09-22,09:30,16983.05,16916.0,9,-0.07095309735294375,-0.07095309735294375,17000.0,-0.3948054089224162
2021-09-22,10:00,16918.77,16916.0,9,-0.04001472920313054,-0.0518359195142426,17000.0,-0.016372348580895313
2021-09-22,10:30,16912.48,16916.0,8,-0.10631202520268723,-0.11104225991692696,17000.0,0.020813032742683646
2021-09-22,11:00,16897.01,16916.0,8,-0.11487239458340404,-0.12138242209714933,17000.0,0.11238674771454349
2021-09-22,11:30,16933.38,16916.0,8,-0.07990135460257397,-0.07960607982576695,17000.0,-0.1026375124163148
2021-09-22,12:00,16924.48,16916.0,8,-0.07926094569748465,-0.0772845015031387,17000.0,-0.05010493675433603
2021-09-22,12:30,16910.41,16916.0,8,0.004080326851918503,0.006445733722593161,16900.0,0.033056561017730246
2021-09-22,13:00,16956.08,16916.0,8,-0.1544962014189577,-0.15852720676006182,16900.0,-0.23637538865115548
2021-09-29,09:30,16884.24,16823.0,9,-0.09618437075048503,-0.09026168782250155,17000.0,-0.36270510250980825
2021-09-29,10:00,16898.08,16823.0,10,-0.058172289396202226,-0.06261066346000543,16900.0,-0.4443108329467149
2021-09-29,10:30,16939.84,16823.0,9,-0.08760413321495797,-0.08760413321495797,16900.0,-0.689734967980804
2021-09-29,11:00,16916.52,16823.0,10,-0.1239616658745446,-0.12425723493957319,16900.0,-0.5528323792363898
2021-09-29,11:30,16887.1,16823.0,9,-0.04559693493848549,-0.045004766952283504,16900.0,-0.37957967916337765
2021-09-29,12:00,16846.57,16823.0,8,-0.05472924162009951,-0.057400408510444034,16900.0,-0.1399097857902265
2021-09-29,12:30,16871.54,16823.0,7,-0.020982079881270987,-0.020982079881270987,16900.0,-0.2877034343041651
2021-09-29,13:00,16849.8,16823.0,7,-0.08724139158922117,-0.09198922242400487,16900.0,-0.15905233296537036
2021-10-06,09:30,16428.89,16364.0,10,-0.1515014100161305,-0.1515014100161305,16500.0,-0.3949749496161892
2021-10-06,10:00,16418.3,16364.0,9,-0.23936704774549789,-0.24545781231917196,16400.0,-0.3307285163506535
2021-10-06,10:30,16456.99,16364.0,10,-0.2624416737204205,-0.2642646073188426,16400.0,-0.5650486510595298
2021-10-06,11:00,16398.48,16364.0,9,-0.2102633902654416,-0.2102633902654416,16400.0,-0.2102633902654416
2021-10-06,11:30,16369.01,16364.0,8,-0.09780677023228934,-0.10758133815057525,16400.0,-0.030606615794115388
2021-10-06,12:00,16389.28,16364.0,9,-0.07370671560921194,-0.07187625081760407,16400.0,-0.15424716644049097
2021-10-06,12:30,16385.02,16364.0,9,-0.09777223341809194,-0.0904484706152342,16400.0,-0.1282879117633029
2021-10-06,13:00,16351.9,16364.0,8,-0.09096298915488576,-0.08255921330242444,16400.0,0.0739975171081042
2021-10-13,09:30,16444.9,16370.0,8,0.11918588741797187,0.1222263437296478,16500.0,-0.45546035549015595
2021-10-13,10:00,16428.26,16370.0,8,0.07237528502714863,0.06537515232898361,16500.0,-0.3546328095610729
2021-10-13,10:30,16385.54,16370.0,9,0.03332206323378717,0.030270592241699035,16500.0,-0.09483971843466943
2021-10-13,11:00,16368.37,16370.0,8,0.13199499092362288,0.1380173282313546,16500.0,0.009958230416340363
2021-10-13,11:30,16375.15,16370.0,7,0.13954070649735417,0.13954070649735417,16500.0,-0.03145009358692663
2021-10-13,12:00,16341.98,16370.0,8,0.03775552289257966,0.03683764146082957,16400.0,0.17146025145056143
2021-10-13,12:30,16358.52,16370.0,8,0.08851656506823069,0.0824035426187697,16400.0,0.07017749771984771
2021-10-13,13:00,16357.52,16370.0,9,0.06712508986692622,0.06712508986692622,16400.0,0.07629518411103042
2021-10-20,09:30,16937.9,16882.0,9,0.08029330672632007,0.08029330672632007,17000.0,-0.33002910632369264
2021-10-20,10:00,16912.33,16882.0,9,-0.0013599545420572845,-0.0060902312100208356,17000.0,-0.17933661417440794
2021-10-20,10:30,16928.24,16882.0,8,0.013941201211697951,0.011578285752089634,17000.0,-0.2731530271310012
2021-10-20,11:00,16926.34,16882.0,8,0.030780428610088784,0.027531055148366512,16950.0,-0.2619585805318847
2021-10-20,11:30,16904.44,16882.0,9,0.10861051889325957,0.10979364001411085,16950.0,-0.1327461897584259
2021-10-20,12:00,16898.78,16882.0,10,0.139655299948227,0.13503933420044856,16950.0,-0.09929710902206734
2021-10-20,12:30,16896.37,16882.0,9,0.08362743003378359,0.08895401793405089,16950.0,-0.08504785347385191
2021-10-20,13:00,16883.02,16882.0,8,0.013800848426404055,0.014689315063298736,16900.0,-0.006041573130877165
2021-10-27,09:30,17018.32,17059.0,9,-0.09237104485049219,-0.09002063658457571,17000.0,0.2390365206436318
2021-10-27,10:00,17014.99,17059.0,8,-0.10690573429665284,-0.10279171483498217,17000.0,0.2586542807254011
2021-10-27,10:30,17010.34,17059.0,7,-0.10311375316425231,-0.10487738634266108,17000.0,0.28606130153776554
2021-10-27,11:00,16983.95,17059.0,8,-0.029145163522037443,-0.023257251699404513,17000.0,0.4418877822885747
2021-10-27,11:30,16988.77,17059.0,7,-0.0798762947523568,-0.08223079128154565,17000.0,0.41339072811039657
2021-10-27,12:00,17011.94,17059.0,9,-0.09546236349292636,-0.09369889618702221,17000.0,0.2766292380528057
2021-10-27,12:30,17005.74,17059.0,9,-0.021404537526759082,-0.024932757998186172,17000.0,0.313188370514883
2021-10-27,13:00,17040.98,17059.0,7,0.0014084126837010658,0.0018778262752539021,17000.0,0.10574509212497585
2021-11-03,09:30,17123.05,17113.0,8,-0.16965435480243984,-0.16381427374211333,17100.0,-0.058692814656258196
2021-11-03,10:00,17137.5,17113.0,7,-0.1663019693654233,-0.1663019693654233,17100.0,-0.1429613420860676
2021-11-03,10:30,17099.64,17113.0,7,-0.12947641002968302,-0.13532448636345284,17100.0,0.07813029981917907
2021-11-03,11:00,17090.48,17113.0,9,-0.1490888494647291,-0.1426525176589588,17100.0,0.13176926569646863
2021-11-03,11:30,17106.03,17113.0,9,-0.04694251091573731,-0.04694251091573731,17100.0,0.04074586563920235
2021-11-03,12:00,17121.52,17113.0,9,-0.09082546033322147,-0.09648676052126381,17100.0,-0.04976193702428411
2021-11-03,12:30,17120.16,17113.0,6,-0.07745254717245742,-0.07978897393482454,17100.0,-0.04182203904636861
2021-11-03,13:00,17114.95,17113.0,6,-0.024247806742055955,-0.02191066874281944,17100.0,-0.011393547746274546
2021-11-10,09:30,17557.76,17554.0,8,-0.004328570387102104,-0.004328570387102104,17600.0,-0.021415032441485238
2021-11-10,10:00,17544.85,17554.0,10,0.059790262498726765,0.06355141252276653,17600.0,0.05215205601645234
2021-11-10,10:30,17543.18,17554.0,10,0.02433994292937447,0.021774843557431645,17550.0,0.06167638934331254
2021-11-10,11:00,17526.24,17554.0,8,-0.04901222395677918,-0.05386209477904469,17550.0,0.1583910753247597
2021-11-10,11:30,17521.86,17554.0,6,-0.005478870393899049,-0.010044595722158434,17550.0,0.18342801506232576
2021-11-10,12:00,17524.77,17554.0,7,0.049244583523777585,0.050956446218686224,17550.0,0.16679248857474072
2021-11-10,12:30,17548.1,17554.0,7,0.02108298147547316,0.019375316985903446,17550.0,0.03362187359317037
2021-11-10,13:00,17538.72,17554.0,5,0.06374467463987621,0.06374467463987621,17550.0,0.08712152312140287
2021-11-17,09:30,17712.52,17723.0,8,-0.019308376222021417,-0.011404362563882664,17700.0,0.05916718795517806
2021-11-17,10:00,17713.38,17723.0,9,0.020436528770906293,0.020436528770906293,17700.0,0.054309228391180575
2021-11-17,10:30,17728.58,17723.0,8,-0.0670104430247842,-0.0709588698023289,17700.0,-0.031474602026793086
2021-11-17,11:00,17738.98,17723.0,6,-0.05682401130166492,-0.05851520211421768,17700.0,-0.09008409728180622
2021-11-17,11:30,17735.19,17723.0,8,-0.0036086447339989114,-0.008401376021338613,17700.0,-0.06873340516790893
2021-11-17,12:00,17740.39,17723.0,7,-0.0276037676326224,0.03049538369788163,17700.0,-0.09802490249650742
2021-11-17,12:30,17741.8,17723.0,7,0.018036501369644853,0.018036501369644853,17700.0,-0.10596444554666906
2021-11-17,13:00,17728.05,17723.0,7,0.03412670880327262,0.03187039747745146,17750.0,-0.028485930488686417
2021-11-24,09:30,17687.73,17650.0,9,-0.08893170576438347,-0.08893170576438347,17650.0,-0.21331171382646952
2021-11-24,10:00,17689.99,17650.0,8,-0.03753535191371449,-0.03668741474699422,17650.0,-0.22606004864899054
2021-11-24,10:30,17658.45,17650.0,9,0.034827518836588744,0.031429712120822906,17650.0,-0.047852444580365194
2021-11-24,11:00,17622.15,17650.0,7,0.08143160738047772,0.08426894561672782,17650.0,0.15803973975931918
2021-11-24,11:30,17618.58,17650.0,8,0.10965696440914385,0.11022454704066043,17650.0,0.1783344628227601
2021-11-24,12:00,17621.93,17650.0,6,0.0483488471467175,0.05487480656203303,17650.0,0.1592901572075256
2021-11-24,12:30,17609.49,17650.0,9,0.028450568415094857,0.028450568415094857,17650.0,0.2300464124741719
2021-11-24,13:00,17603.53,17650.0,8,0.07083806486540833,0.07140613274723151,17650.0,0.2639811446908835
2021-12-01,09:30,17406.92,17615.0,10,-0.13089268216974204,-0.12592693020935242,17400.0,1.1953866623159115
2021-12-01,10:00,17443.53,17615.0,10,-0.0345686910848797,-0.04030147567607445,17400.0,0.9830005738517444
2021-12-01,10:30,17475.56,17615.0,10,0.019970747718511817,0.019684633854355482,17400.0,0.7979143443757941
2021-12-01,11:00,17507.72,17615.0,8,0.007596648792640437,0.009595766895986735,17450.0,0.6127582575001123
2021-12-01,11:30,17490.71,17615.0,7,0.01766652125614332,0.01709478917666374,17450.0,0.7106058015940997
2021-12-01,12:00,17494.87,17615.0,9,0.0607606686988893,0.061332264829627725,17450.0,0.686658431871745
2021-12-01,12:30,17533.66,17615.0,8,0.018478743171701506,0.013345758957350462,17500.0,0.4639077066624919
2021-12-01,13:00,17580.28,17615.0,9,0.03481173223636169,0.02969235984866536,17500.0,0.19749401033430924
2021-12-08,09:30,17964.32,17881.0,9,0.07114101730540945,0.07336765321481753,18000.0,-0.46380825992856645
2021-12-08,10:00,17919.21,17881.0,9,0.005524797131140069,0.005524797131140069,18000.0,-0.21323484684870886
2021-12-08,10:30,17923.52,17881.0,9,0.1070102301333753,0.1086840084983276,17950.0,-0.2372301869275728
2021-12-08,11:00,17926.61,17881.0,9,0.06901503769045636,0.07459426466625008,17950.0,-0.254426241213479
2021-12-08,11:30,17902.66,17881.0,9,0.08400986222159013,0.09685711508793382,17950.0,-0.12098760742816905
2021-12-08,12:00,17867.59,17881.0,10,0.0526651887579721,0.058821587018731414,17950.0,0.07505209152436354
2021-12-08,12:30,17871.97,17881.0,7,0.06652526085566546,0.07010978644210741,17900.0,0.05052604721247356
2021-12-08,13:00,17875.24,17881.0,8,0.10746708855375875,0.10886567117420753,17900.0,0.03222334357468881
2021-12-15,09:30,17569.02,17629.0,10,-0.10427445583190975,-0.10256690469929719,17600.0,0.3413963897815453
2021-12-15,10:00,17648.2,17629.0,8,-0.11275937489375609,-0.1087929647216157,17600.0,-0.1087929647216157
2021-12-15,10:30,17634.79,17629.0,9,-0.06969178538559495,-0.06969178538559495,17600.0,-0.032832826475392984
2021-12-15,11:00,17632.7,17629.0,9,-0.006805537438969722,-0.005671281199137734,17600.0,-0.020983740436808507
2021-12-15,11:30,17653.82,17629.0,9,-0.08961233319474404,-0.0935774806812395,17600.0,-0.14059280087822534
2021-12-15,12:00,17665.77,17629.0,8,-0.10596764250865309,-0.11021314100659874,17600.0,-0.20814263969246571
2021-12-15,12:30,17648.08,17629.0,8,-0.01008608301867886,-0.014619154038297832,17600.0,-0.10811374381803907
2021-12-15,13:00,17630.52,17629.0,10,0.006125741044504807,0.001588155085596732,17600.0,-0.008621413321896476
2021-12-22,09:30,17838.49,17816.0,8,-0.019564436227514914,-0.025170291880094453,17850.0,-0.12607569362654836
2021-12-22,10:00,17839.23,17816.0,6,-0.05506307608793004,-0.03772584354817532,17800.0,-0.1302186249070192
2021-12-22,10:30,17827.82,17816.0,8,-0.03348698831376895,-0.03264560669784533,17850.0,-0.06630087133480123
2021-12-22,11:00,17823.37,17816.0,6,-0.0441555104337632,-0.0441555104337632,17800.0,-0.041350204815360225
2021-12-22,11:30,17838.19,17816.0,9,0.04210068398196043,0.03649473405094028,17800.0,-0.12439602896929802
2021-12-22,12:00,17842.93,17816.0,8,-0.020624415384690176,-0.01698151592814945,17800.0,-0.1509281267146112
2021-12-22,12:30,17831.51,17816.0,9,-0.057258190697251354,-0.058379800701113815,17850.0,-0.08698085579964543
2021-12-22,13:00,17817.82,17816.0,6,0.0004489887090564082,0.0010102245953769184,17800.0,-0.010214493131033286
2021-12-29,09:30,18235.89,18271.0,9,0.008280374580027505,0.0088287437575163,18200.0,0.19253241821486355
2021-12-29,10:00,18206.22,18271.0,9,-0.014939949094328053,-0.012193634922574859,18200.0,0.35581246409193135
2021-12-29,10:30,18212.38,18271.0,9,0.028715799784428953,0.030858130568311992,18200.0,0.3218689704475697
2021-12-29,11:00,18230.57,18271.0,9,0.011683671986117972,0.011683671986117972,18200.0,0.22177035605579487
2021-12-29,11:30,18235.82,18271.0,6,-0.051790715487060046,-0.04836634711243848,18200.0,0.19291701716730447
2021-12-29,12:00,18237.33,18271.0,5,0.009157042176677344,0.01518862684393163,18200.0,0.184621323406442
2021-12-29,12:30,18241.54,18271.0,7,0.06392004183857214,0.06337184250890804,18200.0,0.1614995225183824
2021-12-29,13:00,18265.53,18271.0,6,-0.00019161290736313674,-0.0023541610892241494,18250.0,0.029947118972195597
2022-01-05,09:30,18572.64,18466.0,9,-0.16335857476373894,-0.1649738540132173,18550.0,-0.5741779305472927
2022-01-05,10:00,18527.67,18466.0,8,-0.05273194092942357,-0.05489087402786863,18550.0,-0.33285351045219125
2022-01-05,10:30,18543.13,18466.0,9,-0.051932980030888753,-0.05462939643955389,18550.0,-0.41594919520060447
2022-01-05,11:00,18498.53,18466.0,7,0.06795134532311398,0.06903251231313856,18550.0,-0.1758518109276741
2022-01-05,11:30,18464.82,18466.0,9,0.031302769266083885,0.03184433966862965,18500.0,0.006390530749822432
2022-01-05,12:00,18495.2,18466.0,7,0.038929019421263256,0.03406289199359147,18500.0,-0.15787880098621088
2022-01-05,12:30,18484.85,18466.0,8,0.01336476668741815,0.015418031523117826,18500.0,-0.10197540147741657
2022-01-05,13:00,18471.12,18466.0,8,0.01505052211236979,0.013967750737386986,18500.0,-0.02771894719972856
2022-01-12,09:30,18370.46,18317.0,10,-0.00876407014304137,-0.00794754186884683,18350.0,-0.29101067692370863
2022-01-12,10:00,18301.12,18317.0,9,0.07857442604606302,0.07857442604606302,18350.0,0.08677064573097137
2022-01-12,10:30,18299.55,18317.0,8,0.05300676792600045,0.05546584478854921,18350.0,0.09535753611427111
2022-01-12,11:00,18289.49,18317.0,6,0.09054380411918084,0.09191070937459855,18350.0,0.15041425430670774
2022-01-12,11:30,18266.63,18317.0,8,0.09933321689961083,0.10604035884012042,18300.0,0.27574872869269296
2022-01-12,12:00,18293.0,18317.0,5,0.0535724047449726,0.054665719127533485,18300.0,0.1311977259060848
2022-01-12,12:30,18290.39,18317.0,6,0.09409312759323107,0.0951865979894384,18300.0,0.14548623621475354
2022-01-12,13:00,18302.97,18317.0,6,-0.008577842830981286,-0.015680515238802872,18300.0,0.07665422606275563
2022-01-19,09:30,18324.49,18217.0,10,0.019973270743134375,0.024611871872015634,18300.0,-0.5865920415793369
2022-01-19,10:00,18306.69,18217.0,9,0.018627070213139696,0.018080821819799198,18300.0,-0.48993018399283716
2022-01-19,10:30,18313.59,18217.0,9,-0.027793567509160066,-0.027793567509160066,18300.0,-0.5274225315735515
2022-01-19,11:00,18288.73,18217.0,8,0.006670774843309246,0.006944167254907541,18300.0,-0.3922087536969432
2022-01-19,11:30,18232.84,18217.0,8,0.07053207289702268,0.07108053380602275,18300.0,-0.08687620798515372
2022-01-19,12:00,18224.24,18217.0,9,0.0837346303604436,0.08099103172476418,18300.0,-0.03972730824440829
2022-01-19,12:30,18218.04,18217.0,7,0.1446917451054075,0.1446917451054075,18300.0,-0.005708627272749123
2022-01-19,13:00,18232.53,18217.0,7,0.005868631506422695,0.005320161272193147,18300.0,-0.08517742737842449
2022-01-26,09:30,17659.22,17712.0,9,0.1742998841398391,0.1742998841398391,17700.0,0.2988806980149583
2022-01-26,10:00,17722.84,17712.0,9,0.048863500432205775,0.046042282162450654,17700.0,-0.06116401208835498
2022-01-26,10:30,17745.81,17712.0,8,0.029528097055020464,0.026428773890851964,17700.0,-0.19052384760122054
2022-01-26,11:00,17757.49,17712.0,10,-0.0644235193149656,-0.06470509064063767,17700.0,-0.25617359210114987
2022-01-26,11:30,17733.75,17712.0,9,-0.0014097413124636304,0.0014097413124636304,17700.0,-0.12264749418481324
2022-01-26,12:00,17749.56,17712.0,5,0.030648647065056878,0.032338829807598835,17700.0,-0.2116108793682847
2022-01-26,12:30,17721.21,17712.0,7,-0.022063956129403373,-0.02714261610803348,17700.0,-0.051971620448032496
2022-01-26,13:00,17716.07,17712.0,8,-0.0012418104015254894,-0.01055538841289172,17700.0,-0.022973492428057796
2022-02-07,09:30,17862.39,17882.0,9,-0.07216279568411643,-0.06936361819442904,17800.0,0.10978374114549716
2022-02-07,10:00,17762.36,17882.0,9,-0.008219628472783125,-0.007656640221231914,17800.0,0.6735591441677791
2022-02-07,10:30,17756.29,17882.0,9,-0.0185286453420197,-0.0072650311523481115,17800.0,0.7079744698920809
2022-02-07,11:00,17732.24,17882.0,9,0.025715871204079477,0.025715871204079477,17800.0,0.8445633490185012
2022-02-07,11:30,17770.49,17882.0,9,0.07359014623999904,0.013561809494277988,17800.0,0.6275009861855141
2022-02-07,12:00,17790.25,17882.0,8,0.010117901659623119,0.01264737707451502,17800.0,0.5157319318165765
2022-02-07,12:30,17846.44,17882.0,7,-0.013672194566527462,-0.017594545466770306,17800.0,0.19925542573198118
2022-02-07,13:00,17869.07,17882.0,8,0.026783414353026558,0.00688340243784058,17800.0,0.07235966952952033
2022-02-09,09:30,18078.7,18146.0,8,0.004701665495854268,0.0044250969372772175,18100.0,0.3722612798486624
2022-02-09,10:00,18079.64,18146.0,8,-0.03562017827787867,-0.03672639499459063,18100.0,0.36704270660257166
2022-02-09,10:30,18044.27,18146.0,8,0.07913869610685076,0.08218675513056439,18100.0,0.5637800808788507
2022-02-09,11:00,18085.64,18146.0,7,-0.03737664600997892,-0.0322908119369858,18100.0,0.33374544666375794
2022-02-09,11:30,18073.13,18146.0,7,0.06125115018815741,0.06125115018815741,18100.0,0.40319524066942947
2022-02-09,12:00,18084.28,18146.0,7,0.034394512803381794,0.034394512803381794,18100.0,0.34129088910368477
2022-02-09,12:30,18097.11,18146.0,7,0.06128050279852193,0.057965056299025264,18100.0,0.2701536322650355
2022-02-09,13:00,18101.55,18146.0,6,0.002485974957944226,-0.0013810971988603704,18100.0,0.24555908195706966
2022-02-16,09:30,18178.24,18206.0,10,0.009956959529622278,0.009681905398983837,18200.0,0.15271005333847842
2022-02-16,10:00,18163.95,18206.0,11,-0.0024774346989553386,-0.0024774346989553386,18200.0,0.2315025090908085
2022-02-16,10:30,18206.78,18206.0,10,0.14456153147345274,0.1385198261307119,18200.0,-0.004284118333930387
2022-02-16,11:00,18203.04,18206.0,8,0.1350321692808909,0.12887957176384024,18200.0,0.016261020137298132
2022-02-16,11:30,18202.06,18206.0,6,0.15267502689255696,0.13496714810625754,18200.0,0.02164590161772839
2022-02-16,12:00,18204.36,18206.0,8,0.07822301910092033,0.07767370014655217,18200.0,0.009008830851509053
2022-02-16,12:30,18174.48,18206.0,10,0.02885870048779937,0.026520703756038877,18200.0,0.17342999634653022
2022-02-16,13:00,18148.73,18206.0,8,0.10838223941840308,0.10617822844904978,18200.0,0.3155592705385013
2022-02-23,09:30,18037.63,18077.0,10,-0.08415739761821195,-0.08665218213258497,18000.0,0.2182659251797503
2022-02-23,10:00,18019.25,18077.0,10,-0.043287040248618514,-0.043009559221385274,18000.0,0.3204905864561569
2022-02-23,10:30,18031.59,18077.0,9,-0.17131046125160587,-0.17241962577898562,18000.0,0.25183580593834964
2022-02-23,11:00,18002.22,18077.0,11,-0.07010246514042029,-0.06510308173103274,18000.0,0.4153932126148785
2022-02-23,11:30,18016.5,18077.0,6,-0.05800238670108371,-0.058279910082426056,18000.0,0.3358032914273057
2022-02-23,12:00,18012.63,18077.0,8,0.02170766524426382,0.01870909467411863,18000.0,0.35736036325622056
2022-02-23,12:30,18020.73,18077.0,7,-0.06231712033862857,-0.06231712033862857,18000.0,0.31225150146525493
2022-02-23,13:00,18031.63,18077.0,9,0.023126029094422407,0.029781001495710058,18000.0,0.251613414871521
2022-03-02,09:30,17805.49,17897.0,10,0.12642168230134754,0.12922980496463676,17800.0,0.5139426098355049
2022-03-02,10:00,17851.64,17897.0,8,-0.04279718838157143,-0.04279718838157143,17800.0,0.2540943017000252
2022-03-02,10:30,17838.12,17897.0,8,-0.02169511136823621,-0.025899590315570098,17800.0,0.33007962722528816
2022-03-02,11:00,17833.7,17897.0,8,0.02467238991348264,0.01850429243510643,17800.0,0.35494597307343945
2022-03-02,11:30,17832.38,17897.0,9,-0.004934843245829601,-0.004934843245829601,17800.0,0.36237451198324333
2022-03-02,12:00,17826.29,17897.0,8,0.07186015710504146,0.07242112632521724,17800.0,0.3966613355891768
2022-03-02,12:30,17833.7,17897.0,7,0.05775582184290862,0.05775582184290862,17800.0,0.35494597307343945
2022-03-02,13:00,17854.58,17897.0,10,0.09448556056763646,0.11492849453751397,17850.0,0.23758609835682343
2022-03-09,09:30,16983.22,17026.0,10,-0.15056037665414634,-0.15144360139008883,17000.0,0.2518956946915729
2022-03-09,10:00,17046.67,17026.0,10,-0.17111846477932957,-0.19165033405350584,17000.0,-0.12125535368490148
2022-03-09,10:30,17063.96,17026.0,9,-0.13865480228505422,-0.13748274140351624,17000.0,-0.22245715531447052
2022-03-09,11:00,17011.43,17026.0,9,-0.08188612009689678,-0.08188612009689678,17000.0,0.08564829646890981
2022-03-09,11:30,16986.29,17026.0,8,-0.05174761528268235,-0.04880406492531186,17000.0,0.23377676938283187
2022-03-09,12:00,17006.02,17026.0,8,-0.09949417912010206,-0.0971420708666737,17000.0,0.11748780725884256
2022-03-09,12:30,17046.38,17026.0,10,0.020277513064914654,0.003637135861089824,17000.0,-0.11955617556338449
2022-03-09,13:00,17046.12,17026.0,8,-0.023966471099029496,-0.042942323531691695,17000.0,-0.11803272533572606
2022-03-16,09:30,16970.63,16937.0,10,-0.13334802538268464,-0.13334802538268464,17000.0,-0.19816589012900954
2022-03-16,10:00,16964.52,16937.0,10,0.03672370335263686,0.03525003949418348,17000.0,-0.16222091753849144
2022-03-16,10:30,16952.66,16937.0,11,0.009437189604932783,0.016752533230768307,17000.0,-0.09237488394151505
2022-03-16,11:00,16905.78,16937.0,10,-0.08683420699903133,-0.08979177535730631,17000.0,0.1846705682908567
2022-03-16,11:30,16874.75,16937.0,9,0.04000059260136357,0.03229677476703774,17000.0,0.36889435399043435
2022-03-16,12:00,16867.23,16937.0,8,0.07511606825780781,0.07570893383206379,16900.0,0.413642311156015
2022-03-16,12:30,16828.45,16937.0,9,-0.0383279505836831,-0.056154904343541645,16900.0,0.6450386102106798
2022-03-16,13:00,16856.24,16937.0,9,0.007717011260899298,0.013407497757489395,16900.0,0.47911040659125437
2022-03-23,09:30,17673.01,17706.0,8,0.016352619050197248,0.019747626465460577,17700.0,0.18666882438249655
2022-03-23,10:00,17697.51,17706.0,9,0.05418841407633934,0.05362336283467606,17700.0,0.047972850417954405
2022-03-23,10:30,17700.05,17706.0,9,0.03361572424938064,0.03361572424938064,17700.0,0.03361572424938064
2022-03-23,11:00,17718.71,17706.0,8,0.05553451690331057,0.05525232931742341,17700.0,-0.07173208433345346
2022-03-23,11:30,17703.76,17706.0,10,0.025365928581544406,0.023949714636906094,17700.0,0.012652679430824598
2022-03-23,12:00,17681.93,17706.0,6,0.07646224139559177,0.0739172703432267,17700.0,0.13612767384556523
2022-03-23,12:30,17651.57,17706.0,6,0.03104539709499754,0.04095952937896996,17700.0,0.30835784012412937
2022-03-23,13:00,17665.08,17706.0,6,0.06011860687864523,0.060684695455659465,17700.0,0.23164344571322548
2022-03-30,09:30,17724.99,17759.0,10,0.06719326781001733,0.06493656695998329,17700.0,0.19187598977488118
2022-03-30,10:00,17716.77,17759.0,9,0.056894122746831144,0.07185282644635027,17700.0,0.23836173297953067
2022-03-30,10:30,17710.5,17759.0,8,0.03512068196274143,0.04234775980349603,17700.0,0.27384884672934096
2022-03-30,11:00,17667.67,17759.0,10,0.07474245226313236,0.07261851732571767,17700.0,0.5169329062632677
2022-03-30,11:30,17687.81,17759.0,6,0.09690289527080065,0.10001238140842084,17700.0,0.4024805784322627
2022-03-30,12:00,17689.55,17759.0,5,0.06755400787470389,0.061900952822435684,17700.0,0.39260467338062544
2022-03-30,12:30,17748.74,17759.0,8,0.002873443410622567,0.0014648927191274197,17700.0,0.05780692037855584
2022-03-30,13:00,17748.07,17759.0,9,0.05313253779144489,0.04918844696915059,17700.0,0.06158416098200892
2022-04-06,09:30,17449.24,17513.0,11,-0.14178267936025835,-0.14178267936025835,17400.0,0.365402733872644
2022-04-06,10:00,17442.59,17513.0,9,-0.16104259745829408,-0.16104259745829408,17400.0,0.4036671159501015
2022-04-06,10:30,17454.65,17513.0,10,-0.03666644704993782,-0.0380987301378255,17400.0,0.3342948727129924
2022-04-06,11:00,17466.89,17513.0,10,0.008931183513505303,0.01265250997743994,17400.0,0.2639851742353816
2022-04-06,11:30,17464.06,17513.0,6,-0.013770197007234586,0.004809878115397126,17400.0,0.2802326606756944
2022-04-06,12:00,17457.91,17513.0,6,-0.015495069500814918,-0.01666866194177663,17450.0,0.3155589643892176
2022-04-06,12:30,17473.36,17513.0,6,0.041148353836917284,0.035139206197309925,17450.0,0.22685963088953098
2022-04-06,13:00,17499.07,17513.0,7,0.024744172118862373,0.024744172118862373,17450.0,0.07960423039623521
2022-04-13,09:30,17196.42,17311.0,10,-0.10071863794904878,-0.09955560517828088,17100.0,0.6663014743766515
2022-04-13,10:00,17186.92,17311.0,10,0.003956497150170435,0.00628384841496743,17100.0,0.7219443623406763
2022-04-13,10:30,17242.88,17311.0,10,-0.0949957315715344,-0.0949957315715344,17200.0,0.39506161383713323
2022-04-13,11:00,17267.71,17311.0,8,-0.049572294183769516,-0.04464981170055893,17200.0,0.25069913729152127
2022-04-13,11:30,17304.4,17311.0,9,-0.056108000099386324,-0.06183398442015653,17200.0,0.03814058852082969
2022-04-13,12:00,17289.43,17311.0,7,-0.041817457255677315,-0.03719035271839699,17200.0,0.12475830608642546
2022-04-13,12:30,17272.7,17311.0,6,0.041105328061041835,-0.008910727242639194,17200.0,0.22173719221660892
2022-04-13,13:00,17274.65,17311.0,8,0.09291071020249841,0.09233182727288458,17200.0,0.21042394491348482
2022-04-20,09:30,17069.23,17125.0,8,-0.1038711177949958,-0.1038711177949958,17100.0,0.32672827069528676
2022-04-20,10:00,17024.01,17125.0,9,-0.05292525086626476,-0.05586227921622333,17100.0,0.5932209861249094
2022-04-20,10:30,16998.6,17125.0,9,0.03882672690693756,0.03647359194287603,17100.0,0.7435906486416677
2022-04-20,11:00,17038.82,17125.0,9,0.09672031279162052,0.09672031279162052,17000.0,0.5057861988095436
2022-04-20,11:30,17044.48,17125.0,7,0.07052136527485597,0.07052136527485597,17000.0,0.47241100931210145
2022-04-20,12:00,17069.32,17125.0,9,0.14107181774085653,0.14107181774085653,17050.0,0.3261992862047203
2022-04-20,12:30,17067.85,17125.0,10,0.16200048629442243,0.16141458941814069,17050.0,0.33484006480020145
2022-04-20,13:00,17067.26,17125.0,8,0.10138949129168129,0.10628536742278705,17100.0,0.3383085509917949
2022-04-27,09:30,16309.11,16304.0,9,0.04531209857556728,0.03918055614315907,16300.0,-0.03133218182966857
2022-04-27,10:00,16308.3,16304.0,9,0.0695301990378594,0.07174260959144085,16300.0,-0.02636694198658862
2022-04-27,10:30,16244.08,16304.0,7,-0.0035705315413414596,-0.0004924871091493976,16300.0,0.3688728447532874
2022-04-27,11:00,16318.58,16304.0,10,0.17507650788242124,0.16190134190596783,16300.0,-0.08934600927286152
2022-04-27,11:30,16335.52,16304.0,9,0.16883453970244489,0.16148858438542746,16300.0,-0.19295375965993067
2022-04-27,12:00,16365.27,16304.0,8,0.024930844404036367,0.022792169026231157,16300.0,-0.374390401136071
2022-04-27,12:30,16351.92,16304.0,8,0.0026598555116996714,0.005381631025591638,16300.0,-0.2930542713026951
2022-04-27,13:00,16320.71,16304.0,7,-0.009864766912703882,-0.015379232888756977,16300.0,-0.10238525162201695
2022-05-04,09:30,16577.58,16541.0,10,0.03209153567649281,0.03269476003131544,16600.0,-0.22065946899367805
2022-05-04,10:00,16578.0,16541.0,8,0.03197008083002384,0.03317649897454089,16600.0,-0.22318735673784174
2022-05-04,10:30,16581.33,16541.0,8,-0.012544228961136605,-0.014051948788196267,16600.0,-0.24322536250108717
2022-05-04,11:00,16532.41,16541.0,8,0.06949984908430906,0.06889497659445798,16600.0,0.05195854687851664
2022-05-04,11:30,16536.06,16541.0,7,0.09034800309142277,0.09397643695050473,16600.0,0.02987410543986435
2022-05-04,12:00,16538.14,16541.0,5,0.07389320436488322,0.07171302214155073,16550.0,0.0172933594708935
2022-05-04,12:30,16534.03,16541.0,6,0.11110418935976751,0.11775713483042072,16550.0,0.04215548175490191
2022-05-04,13:00,16528.38,16541.0,5,0.07393344054285045,0.07937862028823961,16550.0,0.07635352042969501
2022-05-11,09:30,15993.44,16028.0,8,-0.03870336838103783,-0.03714022749327084,16000.0,0.21608859632449295
2022-05-11,10:00,15969.13,16028.0,7,0.06180674839519895,0.055544666490914274,16000.0,0.36864876170461525
2022-05-11,10:30,16004.76,16028.0,8,0.11334128096891494,0.11396609508671496,16000.0,0.145206800976716
2022-05-11,11:00,16019.85,16028.0,8,0.01697873982651199,0.022784233310546576,16000.0,0.050874383967380865
2022-05-11,11:30,16047.05,16028.0,8,0.06200516605856521,0.056396658575885716,16000.0,-0.118713408383464
2022-05-11,12:00,16072.16,16028.0,5,0.012070561766441834,0.012070561766441834,16000.0,-0.27476082866273455
2022-05-11,12:30,16050.28,16028.0,6,0.026759700184397772,0.023488759974155116,16000.0,-0.1388137777035725
2022-05-11,13:00,16020.63,16028.0,8,0.10124445792705217,0.11029528801302924,16000.0,0.04600318464380582
2022-05-18,09:30,16218.05,16302.0,9,-0.10697956906039474,-0.10512977824090886,16200.0,0.5176331309867832
2022-05-18,10:00,16197.97,16302.0,9,-0.022039798814299516,-0.018335630946342274,16200.0,0.6422409721712041
2022-05-18,10:30,16229.01,16302.0,8,-0.03244246724533606,-0.03703244991530852,16200.0,0.44975016960369096
2022-05-18,11:00,16213.24,16302.0,7,-0.023067567000800704,-0.023067567000800704,16200.0,0.5474538093558134
2022-05-18,11:30,16237.59,16302.0,9,6.158549390455903e-05,0.0012932953720401485,16200.0,0.3966721662512773
2022-05-18,12:00,16259.96,16302.0,9,0.01254615632511058,0.01131614099911804,16200.0,0.2585492215233076
2022-05-18,12:30,16271.88,16302.0,7,0.027777982630161624,0.03207988259501526,16200.0,0.1851046099160092
2022-05-18,13:00,16280.92,16302.0,8,0.05054996892067676,0.05761345181967137,16200.0,0.12947671261820393
2022-05-25,09:30,16015.12,16155.0,6,0.11164449595131298,0.11164449595131298,16000.0,0.8734246137400037
2022-05-25,10:00,16029.15,16155.0,8,0.17433857224768978,0.17000277619212412,16000.0,0.7851320874781242
2022-05-25,10:30,16073.65,16155.0,9,0.059414009885760954,0.05194837513571304,16050.0,0.5061078224298798
2022-05-25,11:00,16055.92,16155.0,6,0.10731244301167564,0.10949232432648781,16050.0,0.6170932590595868
2022-05-25,11:30,16048.12,16155.0,7,0.15939561767983612,0.14880247655175705,16050.0,0.6659970139804461
2022-05-25,12:00,16115.5,16155.0,8,0.07384195339890098,0.07011882969811811,16050.0,0.24510564363500187
2022-05-25,12:30,16129.55,16155.0,8,0.08047717990929959,0.0734676416886959,16100.0,0.1577849351035887
2022-05-25,13:00,16129.21,16155.0,8,0.1292065761435368,0.14067644974553595,16100.0,0.15989623794345764
2022-06-01,09:30,16744.37,16717.0,8,-0.17271476920301398,-0.1724161613724462,16700.0,-0.16345792645527935
2022-06-01,10:00,16770.75,16717.0,9,-0.09987627267713517,-0.09987627267713517,16700.0,-0.32049848694900573
2022-06-01,10:30,16796.57,16717.0,9,-0.0272079359059596,-0.024231137666796965,16700.0,-0.4737276717806105
2022-06-01,11:00,16729.34,16717.0,9,-0.09707553959416027,-0.0976727115355458,16700.0,-0.07376262303234737
2022-06-01,11:30,16749.77,16717.0,9,-0.14609155827215448,-0.15086774325856478,16700.0,-0.19564447750626268
2022-06-01,12:00,16722.48,16717.0,8,-0.1499777544957337,-0.15236974420062,16700.0,-0.03277025895680463
2022-06-01,12:30,16702.19,16717.0,9,-0.0035324708915429603,-0.0011375753718456671,16700.0,0.08867100661651417
2022-06-01,13:00,16708.19,16717.0,8,0.053626395199002364,0.05093310526156358,16700.0,0.05272863188652277
2022-06-08,09:30,16666.99,16659.0,9,-0.04193918637979133,-0.04493912818092083,16600.0,-0.04793906998205033
2022-06-08,10:00,16665.47,16659.0,8,0.047583416489294095,0.0451832441569211,16650.0,-0.03882278747614487
2022-06-08,10:30,16679.87,16659.0,8,0.04394518662316216,0.045743761791916526,16650.0,-0.1251208792394598
2022-06-08,11:00,16682.58,16659.0,8,-0.04363833411860085,-0.04843375545030559,16650.0,-0.141345043752239
2022-06-08,11:30,16656.16,16659.0,7,0.04286702337152892,0.044067780328727046,16650.0,0.01705074879203572
2022-06-08,12:00,16661.93,16659.0,7,0.03823086521188568,0.04243205919121085,16650.0,-0.01758499765633914
2022-06-08,12:30,16661.78,16659.0,7,0.019325666285352483,0.019325666285352483,16650.0,-0.01668489201033241
2022-06-08,13:00,16648.61,16659.0,6,0.05489947809456108,0.06661216762240407,16650.0,0.0624076124072781
2022-06-15,09:30,16092.11,16061.0,9,-0.03486180494665092,-0.03486180494665092,16000.0,-0.193324554704144
2022-06-15,10:00,16068.32,16061.0,9,-0.08787477471197125,-0.10156631184840004,16000.0,-0.04555547810847216
2022-06-15,10:30,16045.37,16061.0,9,-0.05902014101264452,-0.05839690826699995,16050.0,0.0974112781443992
2022-06-15,11:00,16028.08,16061.0,8,0.031943938388123705,0.02757660306162979,16050.0,0.20538954135491672
2022-06-15,11:30,16018.66,16061.0,7,0.0270934023195446,0.0302147620337756,16050.0,0.2643167406012781
2022-06-15,12:00,16008.9,16061.0,9,0.024986101481050405,0.019364228647811288,16000.0,0.3254439717906843
2022-06-15,12:30,15988.32,16061.0,9,0.1260308415920619,0.12308985559459362,16000.0,0.45458184474667096
2022-06-15,13:00,16050.18,16061.0,8,0.06897118910815792,0.06367529834556684,16000.0,0.06741357417798799
2022-06-22,09:30,15578.61,15388.0,10,0.06348448289030806,0.060274953927197394,15700.0,-1.2235366313169238
2022-06-22,10:00,15558.75,15388.0,9,0.02088856752631152,0.027315819072870617,15600.0,-1.0974532015746719
2022-06-22,10:30,15523.68,15388.0,9,0.018809972893030213,0.018165795739144563,15600.0,-0.8740195623718083
2022-06-22,11:00,15412.03,15388.0,7,0.11335301060275693,0.10881110405311922,15600.0,-0.1559171634106682
2022-06-22,11:30,15433.03,15388.0,8,0.12648196757214514,0.12486206532351662,15600.0,-0.2917767930212034
2022-06-22,12:00,15389.08,15388.0,8,0.10832356450157787,0.12034507585898524,15600.0,-0.007017963387023762
2022-06-22,12:30,15360.52,15388.0,7,0.05520646436447674,0.07278399429186955,15500.0,0.17890019348303365
2022-06-22,13:00,15389.23,15388.0,6,0.08720384320722863,0.07648205920633977,15400.0,-0.007992602618844824
2022-06-29,09:30,15318.29,15261.0,9,0.0013709101994940909,0.0013709101994940909,15300.0,-0.37399735871301854
2022-06-29,10:00,15313.87,15261.0,9,-0.12322162849757179,-0.12648664250121122,15300.0,-0.3452425807454307
2022-06-29,10:30,15316.26,15261.0,7,-0.045312861148072425,-0.05392961467094448,15300.0,-0.3607930395540415
2022-06-29,11:00,15290.72,15261.0,8,-0.011641031646036915,-0.027598438791631708,15300.0,-0.19436625613443725
2022-06-29,11:30,15263.14,15261.0,9,-0.002227588818548565,-0.004193108364325404,15300.0,-0.014020706093242907
2022-06-29,12:00,15288.66,15261.0,7,-0.04683209646888509,-0.04683209646888509,15300.0,-0.180918406191255
2022-06-29,12:30,15261.48,15261.0,5,-0.015594817802722094,-0.020181528921181524,15300.0,-0.003145173338359175
2022-06-29,13:00,15226.1,15261.0,9,-0.05648196189438348,-0.057138728893157964,15300.0,0.22921168257137303
2022-07-06,09:30,14220.21,14015.0,7,-0.03452832271816364,-0.043670241156767986,14300.0,-1.443086986760389
2022-07-06,10:00,14178.5,14015.0,8,0.04231759353952036,0.03526466128291883,14300.0,-1.1531544239517633
2022-07-06,10:30,14136.54,14015.0,7,0.15180518005113441,0.15180518005113441,14200.0,-0.8597577625076624
2022-07-06,11:00,14103.89,14015.0,9,0.06459210898552836,0.07522747270434227,14200.0,-0.6302516539763103
2022-07-06,11:30,14057.59,14015.0,8,0.06338213022288874,0.067650287140264,14200.0,-0.3029680051843897
2022-07-06,12:00,14101.17,14015.0,8,0.09382200200409585,0.08602123086238755,14200.0,-0.611084044799115
2022-07-06,12:30,14084.4,14015.0,8,-0.024635367274283837,-0.02414018346539315,14100.0,-0.492743744852453
2022-07-06,13:00,14030.75,14015.0,7,0.016748926465082192,0.018174367015300064,14100.0,-0.1122534433298239
2022-07-13,09:30,14304.68,14384.0,9,-0.10611911626124959,-0.10961447582190642,14300.0,0.5545038407010816
2022-07-13,10:00,14333.08,14384.0,7,-0.02497718564328233,-0.018000318145161565,14300.0,0.355262093004427
2022-07-13,10:30,14304.85,14384.0,8,-0.07794559187968009,-0.07584840106676927,14300.0,0.553308842805067
2022-07-13,11:00,14323.33,14384.0,8,0.05319991929250145,0.06053061683282124,14300.0,0.42357468549563126
2022-07-13,11:30,14368.19,14384.0,8,0.07349568734822398,0.06966778696551046,14300.0,0.11003473645601058
2022-07-13,12:00,14354.57,14384.0,8,0.07949081050868667,0.08171613639418318,14300.0,0.2050218153521799
2022-07-13,12:30,14338.89,14384.0,7,0.1060751564451623,0.1025881361806924,14300.0,0.31459896826044886
2022-07-13,13:00,14331.88,14384.0,7,0.1557367212117411,0.1578299567118968,14350.0,0.3636647808940685
2022-07-20,09:30,14874.47,14713.0,8,-0.010554997925976695,-0.013244169372084169,14900.0,-1.0855512835079129
2022-07-20,10:00,14875.97,14713.0,8,-0.03139291084883755,-0.033409586063959384,14900.0,-1.0955251993651438
2022-07-20,10:30,14859.72,14713.0,7,0.05235630281055226,0.0624507056660617,14900.0,-0.9873671913064319
2022-07-20,11:00,14865.64,14713.0,7,0.12148821039659197,0.12350628698125643,14900.0,-1.0267973662755114
2022-07-20,11:30,14843.77,14713.0,8,0.15725315809679286,0.14167559858444534,14900.0,-0.8809756551064862
2022-07-20,12:00,14857.84,14713.0,6,0.06804488404774656,0.07241967876892019,14900.0,-0.974838872945194
2022-07-20,12:30,14790.93,14713.0,9,0.09377368427812005,0.09377368427812005,14900.0,-0.5268769441813315
2022-07-20,13:00,14786.27,14713.0,8,0.10435356584181932,0.10502986892568789,14850.0,-0.4955272695547963
2022-07-27,09:30,14776.08,14887.0,8,0.04446375493364352,0.04006475330398107,14800.0,0.750672708864597
2022-07-27,10:00,14759.42,14887.0,7,0.06897290001910417,0.07168303361513306,14800.0,0.8643971104555614
2022-07-27,10:30,14744.01,14887.0,8,0.037061989843711896,0.02638359577888938,14800.0,0.9698175733738656
2022-07-27,11:00,14760.83,14887.0,9,0.029605381269215414,0.028250443911348455,14800.0,0.8547622322051085
2022-07-27,11:30,14797.5,14887.0,8,0.028045277918564704,0.03041054232133522,14800.0,0.604831897279956
2022-07-27,12:00,14821.49,14887.0,7,0.01612815064098161,0.0034409495941467583,14800.0,0.4419933488468475
2022-07-27,12:30,14826.92,14887.0,5,-0.033930478271348985,-0.03318288626363852,14800.0,0.4052089038047102
2022-07-27,13:00,14879.74,14887.0,7,-0.08300595828194535,-0.09502854216538736,14800.0,0.048791175114626384
2022-08-03,09:30,14694.47,14707.0,8,0.04443848604271938,0.03763320487231159,14800.0,0.08527017306509954
2022-08-03,10:00,14726.7,14707.0,8,0.03429145701344671,0.029198666367880044,14700.0,-0.13377063429010905
2022-08-03,10:30,14735.73,14707.0,8,0.01540473393581987,0.012011620734098116,14700.0,-0.19496828457089554
2022-08-03,11:00,14733.15,14707.0,7,0.007805526991844225,-0.01119923437961079,14700.0,-0.1774908963799282
2022-08-03,11:30,14736.42,14707.0,9,0.05211577845909421,0.04465127894019982,14700.0,-0.19964143258675016
2022-08-03,12:00,14711.71,14707.0,7,0.041395595753312975,0.02916044429914777,14700.0,-0.032015312971767074
2022-08-03,12:30,14710.02,14707.0,8,0.10353486942913381,0.10183534760659363,14700.0,-0.020530223616288534
2022-08-03,13:00,14684.78,14707.0,9,-0.01988556267289443,-0.031188754615318892,14700.0,0.15131312828655652
2022-08-10,09:30,14966.9,14945.0,8,-0.16803746934902497,-0.16970782192704537,14900.0,-0.14632288583473763
2022-08-10,10:00,14963.66,14945.0,8,-0.08781371649773662,-0.08326839823946663,14900.0,-0.12470211164915534
2022-08-10,10:30,14961.37,14945.0,6,-0.04959438874916344,-0.04992858274343037,14900.0,-0.10941511372287716
2022-08-10,11:00,14940.49,14945.0,9,-0.005287644514995193,6.693220904185893e-05,14950.0,0.03018642628187518
2022-08-10,11:30,14950.87,14945.0,7,-0.03926192923890959,-0.03591764225092664,14950.0,-0.03926192923890959
2022-08-10,12:00,14974.16,14945.0,8,-0.014090940660438367,-0.014424849206895463,14950.0,-0.1947354642931498
2022-08-10,12:30,14947.56,14945.0,9,-0.07131598735846678,-0.07064698184854334,14950.0,-0.01712654105419098
2022-08-10,13:00,14959.47,14945.0,7,-0.000467931016268075,0.006885270668011145,14950.0,-0.09672802579235862
2022-08-17,09:30,15451.02,15452.0,8,-0.05779433734225403,-0.06161405525331176,15400.0,0.006342623334898434
2022-08-17,10:00,15460.22,15452.0,7,-0.08615660061758179,-0.08550977929162595,15400.0,-0.05316871299373416
2022-08-17,10:30,15401.53,15452.0,9,0.03356809355954393,0.02902309056307395,15400.0,0.32769471604443545
2022-08-17,11:00,15423.95,15452.0,7,0.003954852441867551,0.00032417117534766504,15400.0,0.18186002936990686
2022-08-17,11:30,15436.45,15452.0,6,0.010494584192599632,0.010041168792040978,15400.0,0.1007355965911838
2022-08-17,12:00,15417.82,15452.0,5,0.0744592945046696,0.07899949538909823,15400.0,0.22169152318551877
2022-08-17,12:30,15424.68,15452.0,5,0.07338888067693894,0.07338888067693894,15400.0,0.17711874735812927
2022-08-17,13:00,15425.92,15452.0,4,0.10521252541177972,0.09386798323860468,15400.0,0.16906609135791673
2022-08-24,09:30,15164.23,15097.0,7,-0.1525299998746954,-0.1525299998746954,15100.0,-0.4433459529432082
2022-08-24,10:00,15128.16,15097.0,7,-0.010650254250021973,-0.09029518460936803,15100.0,-0.20597349578533874
2022-08-24,10:30,15127.39,15097.0,5,-0.06603915149936412,-0.06868336176960588,15100.0,-0.200893875281849
2022-08-24,11:00,15084.57,15097.0,9,-0.019688993454891612,-0.02035192252745066,15100.0,0.08240208371865787
2022-08-24,11:30,15086.8,15097.0,6,0.006761360279883277,-0.0031150645182886905,15100.0,0.06760877058091808
2022-08-24,12:00,15083.01,15097.0,6,0.06468004935584748,0.003248688424917212,15100.0,0.09275336951974911
2022-08-24,12:30,15056.76,15097.0,6,0.03978279523615402,0.040779025500836674,15100.0,0.267255372337738
2022-08-24,13:00,15110.94,15097.0,5,-0.007544203074072442,-0.010191291871985975,15100.0,-0.09225104460741651
2022-08-31,09:30,14922.57,15078.0,9,-0.02727412235291604,-0.02057286378954748,14900.0,1.0415766185047248
2022-08-31,10:00,14946.22,15078.0,8,-0.010504328184640643,-0.011507926418852232,14900.0,0.8816945020212463
2022-08-31,10:30,14932.49,15078.0,9,0.005424413476928791,0.003415371448434179,14900.0,0.9744523518850468
2022-08-31,11:00,14985.34,15078.0,9,0.08848648078723098,0.08514988648906652,14950.0,0.6183376553351438
2022-08-31,11:30,15041.73,15078.0,8,0.03337382069749095,0.029717326397959987,14950.0,0.24112917862506578
2022-08-31,12:00,15043.14,15078.0,8,0.010702552791508335,0.009705420543859589,15000.0,0.23173353435519406
2022-08-31,12:30,15060.53,15078.0,7,-0.06394197282566516,-0.06394197282566516,15000.0,0.11599857375537148
2022-08-31,13:00,15076.97,15078.0,7,-0.0051071269625002635,-0.004443863720626773,15000.0,0.0068316113914113075
2022-09-07,09:30,14427.24,14416.0,7,-0.0009703865742838325,-0.012060518851841895,14500.0,-0.0779081792498082
2022-09-07,10:00,14457.4,14416.0,8,-0.05118486034833003,-0.05118486034833003,14500.0,-0.2863585430298632
2022-09-07,10:30,14490.35,14416.0,9,-0.06107512931019521,-0.06107512931019521,14500.0,-0.5131000976511979
2022-09-07,11:00,14449.59,14416.0,7,-0.10893683463055748,-0.11066057929671747,14500.0,-0.23246334325056628
2022-09-07,11:30,14446.5,14416.0,8,-0.1270203855605112,-0.12805869933893987,14500.0,-0.21112380161284472
2022-09-07,12:00,14439.01,14416.0,7,-0.06240040002742919,-0.07969197769732705,14500.0,-0.15935995611887632
2022-09-07,12:30,14425.09,14416.0,7,-0.06024225845384645,-0.04776400008595916,14450.0,-0.06301520475782141
2022-09-07,13:00,14447.0,14416.0,8,-0.1439374662431936,-0.1418979718972757,14450.0,-0.2145774209178386
2022-09-14,09:30,14641.84,14667.0,9,-0.2147271108002835,-0.21404413652929,14600.0,0.17183632658190895
2022-09-14,10:00,14669.25,14667.0,8,-0.2270054706273339,-0.2334816026722586,14600.0,-0.015338207474824284
2022-09-14,10:30,14670.48,14667.0,7,-0.1873149344806646,-0.16800030545509603,14600.0,-0.02372110523990445
2022-09-14,11:00,14651.88,14667.0,9,-0.1991089584014505,-0.203932874143109,14600.0,0.1031949483615735
2022-09-14,11:30,14653.65,14667.0,7,-0.12658962101591564,-0.1211302303521622,14600.0,0.09110358170147936
2022-09-14,12:00,14642.99,14667.0,8,-0.12695494567708243,-0.12285742187899684,14600.0,0.1639692439863838
2022-09-14,12:30,14671.78,14667.0,6,-0.1341295686180355,-0.1354982149405215,14600.0,-0.03257955067483831
2022-09-14,13:00,14680.77,14667.0,7,-0.08630337509545338,-0.09447733327340169,14650.0,-0.09379617009189767
2022-09-21,09:30,14468.42,14402.0,8,0.01506729829519049,0.01783194018420975,14500.0,-0.45906878567252285
2022-09-21,10:00,14476.23,14402.0,7,0.06956231007657632,0.0674899473136259,14500.0,-0.5127716263143123
2022-09-21,10:30,14485.13,14402.0,7,0.02671705397190305,0.02671705397190305,14500.0,-0.573898888032065
2022-09-21,11:00,14476.37,14402.0,7,0.04641948292010145,0.04234486960472683,14500.0,-0.5137337606043513
2022-09-21,11:30,14460.83,14402.0,8,0.11631420879714138,0.11873454013358042,14500.0,-0.406823121494404
2022-09-21,12:00,14458.19,14402.0,8,0.13013164924611242,0.13355751999386545,14500.0,-0.38863785854246213
2022-09-21,12:30,14430.3,14402.0,7,0.10193482130915754,0.10464092915600798,14500.0,-0.19611511888179
2022-09-21,13:00,14420.44,14402.0,7,0.05625073261203983,0.048264824096899694,14500.0,-0.12787404545215875
2022-09-28,09:30,13720.64,13502.0,7,0.08643911654266923,0.08643911654266923,13800.0,-1.5935116729248744
2022-09-28,10:00,13636.25,13502.0,8,0.04290035750297294,0.03996699972499407,13800.0,-0.984508204235035
2022-09-28,10:30,13556.54,13502.0,8,0.09006722954381097,0.0801089363509977,13700.0,-0.4023150449893653
2022-09-28,11:00,13510.97,13502.0,7,0.17267450079454516,0.17267450079454516,13700.0,-0.06639049601915303
2022-09-28,11:30,13552.53,13502.0,7,0.15030403917202229,0.15473125682068378,13700.0,-0.37284551297802615
2022-09-28,12:00,13553.65,13502.0,6,0.07341195914015719,0.05584066011479205,13700.0,-0.3810781597576973
2022-09-28,12:30,13524.05,13502.0,7,0.11571977329276617,0.12237458453645544,13600.0,-0.16304287546998752
2022-09-28,13:00,13524.47,13502.0,7,-0.02196019511300218,-0.027135998674998607,13600.0,-0.16614329433981556
2022-10-05,09:30,13880.55,13823.0,7,-0.25971593344643606,-0.25971593344643606,13800.0,-0.41460893120228715
2022-10-05,10:00,13867.09,13823.0,8,-0.25773251633904315,-0.24583384113032736,13800.0,-0.31794702421344967
2022-10-05,10:30,13893.19,13823.0,8,-0.16511686660875546,-0.1705151948544592,13800.0,-0.5052115460884132
2022-10-05,11:00,13866.95,13823.0,8,-0.22391369407116501,-0.21598116384641264,13850.0,-0.31694063943406015
2022-10-05,11:30,13865.34,13823.0,7,-0.1640060755812689,-0.16472729842903489,13850.0,-0.3053657537427923
2022-10-05,12:00,13816.86,13823.0,8,-0.09633158329750979,-0.0901796790298337,13850.0,0.044438461415974295
2022-10-05,12:30,13785.19,13823.0,7,-0.10946530298094892,-0.11526863249619046,13800.0,0.2742798612133779
2022-10-05,13:00,13790.55,13823.0,8,0.0020300304108600287,0.010514446486920015,13800.0,0.23530606103454588
2022-10-12,09:30,13031.94,13090.0,7,0.004297134578568063,0.0004604072762814937,13100.0,0.4455207743436551
2022-10-12,10:00,13040.97,13090.0,8,0.1309718525539183,0.13825658674162522,13100.0,0.3759689654987408
2022-10-12,10:30,13026.22,13090.0,7,0.024412300728848813,0.024412300728848813,13100.0,0.48962784291990413
2022-10-12,11:00,13114.96,13090.0,8,0.16042748128854978,0.15661504114385938,13100.0,-0.1903170120229003
2022-10-12,11:30,13111.05,13090.0,7,0.06063587584519414,0.06063587584519414,13100.0,-0.16055159579133615
2022-10-12,12:00,13095.73,13090.0,8,0.02687899032738361,0.032606047925543,13100.0,-0.04375472004997105
2022-10-12,12:30,13103.75,13090.0,8,0.06641853450118917,0.07822188304873468,13100.0,-0.10493179433368471
2022-10-12,13:00,13102.37,13090.0,7,0.010150835306887984,0.008624393907363803,13100.0,-0.09441040056112904
2022-10-19,09:30,13091.07,12999.0,8,0.08158233055052255,0.08349202929935906,13100.0,-0.7033038552234472
2022-10-19,10:00,13128.2,12999.0,8,-0.035419935710911954,-0.04722658094789001,13100.0,-0.984141009430084
2022-10-19,10:30,13118.42,12999.0,8,-0.03369308194126619,-0.03369308194126619,13100.0,-0.9103230419516994
2022-10-19,11:00,13092.08,12999.0,8,0.03185131774324779,0.03376086916671017,13100.0,-0.7109641859811444
2022-10-19,11:30,13054.69,12999.0,8,-0.026733687280211527,-0.030563728437826843,13100.0,-0.42658998413597216
2022-10-19,12:00,13056.53,12999.0,8,-0.13579411987718615,-0.13579411987718615,13100.0,-0.44062243184062044
2022-10-19,12:30,13031.19,12999.0,7,-0.1518664066750719,-0.15800552367051246,13100.0,-0.24702272010461712
2022-10-19,13:00,13004.84,12999.0,7,-0.09411880499875513,-0.1407280505360431,13100.0,-0.04490635794058839
2022-10-26,09:30,12660.97,12741.0,8,0.20006366020929311,0.197694173511187,12700.0,0.6321000681622335
2022-10-26,10:00,12658.67,12741.0,7,0.24354849285115332,0.24354849285115332,12700.0,0.6503842820770211
2022-10-26,10:30,12701.13,12741.0,7,0.16431608841103174,0.16037943080655648,12700.0,0.3139090773813136
2022-10-26,11:00,12785.22,12741.0,8,0.15470989157793102,0.1476705132958278,12700.0,-0.34586811959433916
2022-10-26,11:30,12764.63,12741.0,7,0.13607914996360826,0.13607914996360826,12750.0,-0.1851209161565892
2022-10-26,12:00,12749.31,12741.0,7,0.09953479835380641,0.0956130174887937,12750.0,-0.0651799979763612
2022-10-26,12:30,12744.74,12741.0,6,0.028325411110774468,0.029502367251121875,12750.0,-0.02934543976573778
2022-10-26,13:00,12733.64,12741.0,7,0.05622901228556909,0.05779965508685425,12750.0,0.05779965508685425
2022-11-02,09:30,13050.78,13087.0,7,-0.005976654268946557,-0.013639031536816226,13000.0,0.27753130464232
2022-11-02,10:00,13065.12,13087.0,7,-0.016226410473085817,-0.016226410473085817,13050.0,0.16746880242966
2022-11-02,10:30,13088.21,13087.0,8,-0.07227879137024495,-0.07418890742125761,13050.0,-0.009244961686882824
2022-11-02,11:00,13080.62,13087.0,6,-0.021940856014479593,-0.023852080405983855,13100.0,0.04877444647117812
2022-11-02,11:30,13071.75,13087.0,7,-0.009562606383994865,-0.0034425382982483654,13100.0,0.1166637978847529
2022-11-02,12:00,13071.92,13087.0,7,-0.0047429910831842115,-0.002447995397769631,13100.0,0.11536178311983836
2022-11-02,12:30,13060.37,13087.0,6,-0.01692143213556374,-0.01738082458613288,13100.0,0.20389927697299637
2022-11-02,13:00,13077.94,13087.0,6,-0.03709325979106004,-0.0523018151176724,13050.0,0.06927696563832075
2022-11-09,09:30,13483.19,13615.0,8,-0.07705891558304478,-0.06815894458210847,13450.0,0.9775876480269119
2022-11-09,10:00,13528.28,13615.0,8,-0.13253717397925247,-0.13882030827274683,13500.0,0.6410275363904372
2022-11-09,10:30,13582.21,13615.0,7,-0.1267098653311871,-0.12597360812415248,13500.0,0.241418738187682
2022-11-09,11:00,13557.03,13615.0,7,-0.05871479509568234,-0.05923126230450437,13500.0,0.42760103060921484
2022-11-09,11:30,13600.65,13615.0,7,-0.08198137589011667,-0.07609930407738164,13500.0,0.10550966314111232
2022-11-09,12:00,13596.01,13615.0,7,-0.10966452657801273,-0.10598697706165616,13500.0,0.1396733306315623
2022-11-09,12:30,13593.17,13615.0,7,-0.03288416167824826,-0.03214849810604381,13550.0,0.1605953578157182
2022-11-09,13:00,13599.17,13615.0,4,0.046179288883074765,0.04581161938559397,13550.0,0.116404162901107
2022-11-16,09:30,14518.56,14499.0,8,-0.05551514750773978,-0.06584675064192913,14600.0,-0.13472410486989883
2022-11-16,10:00,14576.48,14499.0,7,0.0015092807042593748,0.0035673907555322515,14600.0,-0.5315412225722516
2022-11-16,10:30,14620.56,14499.0,8,0.11244439337481094,0.11244439337481094,14600.0,-0.8314319013772331
2022-11-16,11:00,14573.52,14499.0,8,-0.000789073259671591,0.0032936449121390154,14600.0,-0.5113383726100484
2022-11-16,11:30,14531.14,14499.0,8,0.08161782213922386,0.08161782213922386,14600.0,-0.22118016893374337
2022-11-16,12:00,14570.54,14499.0,8,0.1446443174081713,0.14385190940073844,14600.0,-0.4909907251206991
2022-11-16,12:30,14530.79,14499.0,8,0.12910516221071866,0.13977216655116642,14600.0,-0.21877681805325677
2022-11-16,13:00,14499.87,14499.0,7,0.12365628105630577,0.12365628105630577,14600.0,-0.0060000537935867015
2022-11-23,09:30,14611.06,14621.0,9,-0.05174162586424336,-0.05174162586424336,14600.0,0.06803065622891236
2022-11-23,10:00,14613.05,14621.0,8,0.009238317804982632,0.0030794392683386462,14600.0,0.0544034270737459
2022-11-23,10:30,14611.8,14621.0,9,0.035587675714143785,0.035587675714143785,14600.0,0.0629628108788749
2022-11-23,11:00,14639.71,14621.0,9,0.042965331963551456,0.042965331963551456,14600.0,-0.1278030780664352
2022-11-23,11:30,14617.34,14621.0,6,0.058560586262623726,0.061981181254577855,14600.0,0.02503875534125566
2022-11-23,12:00,14628.64,14621.0,6,0.009638626693941887,0.00998042196678206,14600.0,-0.05222631768913022
2022-11-23,12:30,14618.21,14621.0,3,0.06697126392356534,0.06697126392356534,14600.0,0.01908578410079187
2022-11-23,13:00,14624.67,14621.0,6,0.049095124881448626,0.04328302792473426,14600.0,-0.025094583330764753
2022-11-30,09:30,14716.89,14831.0,8,0.0005775572911370652,-0.0026500164097109646,14700.0,0.775367621827705
2022-11-30,10:00,14758.07,14831.0,8,-0.06925024749170894,-0.07162183130992039,14700.0,0.49417030817715535
2022-11-30,10:30,14737.25,14831.0,8,-0.08617618619484735,-0.09330098899048567,14700.0,0.6361431067533063
2022-11-30,11:00,14778.08,14831.0,7,-0.04452540519471748,-0.03775862628975224,14750.0,0.35809793965115855
2022-11-30,11:30,14827.94,14831.0,7,-0.06501240226222116,-0.060965987183658754,14750.0,0.02063671690066826
2022-11-30,12:00,14811.27,14831.0,7,0.007629325506863793,0.011680294802540736,14750.0,0.13320937367289343
2022-11-30,12:30,14825.21,14831.0,7,0.06198900386571449,0.06131447716424265,14750.0,0.03905509601551671
2022-11-30,13:00,14832.46,14831.0,8,0.05083445362401573,0.052857044617016236,14800.0,-0.009843276165921733
2022-12-07,09:30,14764.65,14669.0,9,0.020657448703498282,0.01591639490268193,14700.0,-0.6478311372094758
2022-12-07,10:00,14812.46,14669.0,9,-0.04361193211660508,-0.02943467864215954,14700.0,-0.9685089444967265
2022-12-07,10:30,14714.98,14669.0,9,0.12993561663012798,0.11906234327196952,14750.0,-0.31247069313039555
2022-12-07,11:00,14666.5,14669.0,8,0.0889782838441322,0.08863737087920764,14700.0,0.01704564824600574
2022-12-07,11:30,14669.76,14669.0,6,0.040832297188220235,0.03912811116200121,14700.0,-0.005180725519715601
2022-12-07,12:00,14708.01,14669.0,8,0.062143009149440154,0.054324140383377184,14700.0,-0.2652296265776233
2022-12-07,12:30,14695.37,14669.0,8,-0.047429904793150346,-0.04334698615958699,14700.0,-0.17944427394479545
2022-12-07,13:00,14679.04,14669.0,5,0.011308641437035583,0.009264911056838798,14700.0,-0.06839684339030594
2022-12-14,09:30,14706.93,14725.0,9,-0.0029237917090751964,-0.0029237917090751964,14700.0,0.12286724693733042
2022-12-14,10:00,14690.66,14725.0,9,0.011844260230642334,0.009121441786819062,14700.0,0.23375396340259424
2022-12-14,10:30,14678.47,14725.0,6,0.018939303619525116,0.020642478405452636,14700.0,0.3169948911569076
2022-12-14,11:00,14678.03,14725.0,7,0.03931045242446807,0.04067303309776005,14700.0,0.3200020711226159
2022-12-14,11:30,14715.13,14725.0,9,0.03900951179662826,0.03649305170936312,14700.0,0.0670738212982247
2022-12-14,12:00,14720.31,14725.0,9,0.09231891668268766,0.08892475769872732,14700.0,0.031860742063183345
2022-12-14,12:30,14710.13,14725.0,6,0.0303872229545199,0.0303872229545199,14700.0,0.10108680208809062
2022-12-14,13:00,14717.92,14725.0,6,0.05150184265168001,0.050142954982757004,14700.0,0.048104623479394704
2022-12-21,09:30,14272.28,14219.0,8,-0.05275961514208394,-0.05801455688930757,14250.0,-0.37331106172244777
2022-12-21,10:00,14258.22,14219.0,9,-0.1376048342640157,-0.1312926859032837,14250.0,-0.2750693985644759
2022-12-21,10:30,14252.72,14219.0,8,-0.11731094135014053,-0.10678663441082703,14250.0,-0.23658641999562136
2022-12-21,11:00,14275.49,14219.0,7,-0.11341116837321197,-0.11901517916372839,14250.0,-0.3957132119457918
2022-12-21,11:30,14274.52,14219.0,7,-0.09494812889121462,-0.11923343131677866,14250.0,-0.38894477712736464
2022-12-21,12:00,14263.86,14219.0,7,-0.13222227363420824,-0.13222227363420824,14250.0,-0.3145011238192219
2022-12-21,12:30,14216.69,14219.0,8,-0.16782763181696914,-0.16030454346265266,14250.0,0.016248507915683774
2022-12-21,13:00,14228.94,14219.0,8,-0.08742745418843789,-0.08602186810823254,14200.0,-0.0698576281859431
2022-12-28,09:30,14227.01,14130.0,8,-0.09144577813610111,-0.09144577813610111,14200.0,-0.6818720166781422
2022-12-28,10:00,14207.37,14130.0,8,-0.10170999994537078,-0.10466398777536634,14200.0,-0.5445765120497326
2022-12-28,10:30,14181.29,14130.0,7,-0.026725354322498784,-0.026725354322498784,14200.0,-0.36167372643814977
2022-12-28,11:00,14145.41,14130.0,9,-0.14782180226660113,-0.14570097296578988,14200.0,-0.10893993175171701
2022-12-28,11:30,14151.94,14130.0,6,-0.12500052996267663,-0.12323398770769378,14200.0,-0.1550317482974073
2022-12-28,12:00,14176.46,14130.0,7,-0.1335296188163082,-0.12880507545606212,14200.0,-0.3277263858537216
2022-12-28,12:30,14148.58,14130.0,7,-0.0860863775728804,-0.08467280815459555,14200.0,-0.13132059895762938
2022-12-28,13:00,14161.7,14130.0,7,-0.15887923060085019,-0.14730431687800527,14200.0,-0.22384318266874814
